operation,data_type,thread,iteration,vec_length,buffer_size,latency,correct
MATVEC,uint32_t,1,16,16,8,0.219,True
MATVEC,uint32_t,1,16,16,16,0.197,True
MATVEC,uint32_t,1,16,32,8,0.352667,True
MATVEC,uint32_t,1,16,32,16,0.326667,True
MATVEC,uint32_t,1,16,32,32,0.311667,True
MATVEC,uint32_t,1,16,64,8,0.644,True
MATVEC,uint32_t,1,16,64,16,0.580333,True
MATVEC,uint32_t,1,16,64,32,0.553,True
MATVEC,uint32_t,1,16,64,64,0.536667,True
MATVEC,uint32_t,1,16,128,8,1.214333,True
MATVEC,uint32_t,1,16,128,16,1.095667,True
MATVEC,uint32_t,1,16,128,32,1.065334,True
MATVEC,uint32_t,1,16,128,64,1.034555,True
MATVEC,uint32_t,1,16,128,128,1.013,True
MATVEC,uint32_t,1,16,256,8,2.369667,True
MATVEC,uint32_t,1,16,256,16,2.143333,True
MATVEC,uint32_t,1,16,256,32,2.048,True
MATVEC,uint32_t,1,16,256,64,1.974333,True
MATVEC,uint32_t,1,16,256,128,1.964889,True
MATVEC,uint32_t,1,16,256,256,1.929333,True
MATVEC,uint32_t,1,16,512,8,4.669667,True
MATVEC,uint32_t,1,16,512,16,4.216333,True
MATVEC,uint32_t,1,16,512,32,4.017333,True
MATVEC,uint32_t,1,16,512,64,3.886667,True
MATVEC,uint32_t,1,16,512,128,3.829333,True
MATVEC,uint32_t,1,16,512,256,3.806,True
MATVEC,uint32_t,1,16,1024,8,9.252,True
MATVEC,uint32_t,1,16,1024,16,8.379444,True
MATVEC,uint32_t,1,16,1024,32,7.980556,True
MATVEC,uint32_t,1,16,1024,64,7.709667,True
MATVEC,uint32_t,1,16,1024,128,7.605222,True
MATVEC,uint32_t,1,16,1024,256,7.538,True
MATVEC,uint32_t,1,16,2048,8,18.442667,True
MATVEC,uint32_t,1,16,2048,16,16.652667,True
MATVEC,uint32_t,1,16,2048,32,16.034333,True
MATVEC,uint32_t,1,16,2048,64,15.345333,True
MATVEC,uint32_t,1,16,2048,128,15.128700,True
MATVEC,uint32_t,1,16,2048,256,15.007333,True
MATVEC,uint32_t,1,16,4096,8,36.860333,True
MATVEC,uint32_t,1,16,4096,16,33.262667,True
MATVEC,uint32_t,1,16,4096,32,31.652333,True
MATVEC,uint32_t,1,16,4096,64,30.627,True
MATVEC,uint32_t,1,16,4096,128,30.141667,True
MATVEC,uint32_t,1,16,4096,256,29.945,True
MATVEC,uint32_t,1,16,8192,8,73.647333,True
MATVEC,uint32_t,1,16,8192,16,68.476667,True
MATVEC,uint32_t,1,16,8192,32,63.221,True
MATVEC,uint32_t,1,16,8192,64,61.196,True
MATVEC,uint32_t,1,16,8192,128,60.218,True
MATVEC,uint32_t,1,16,8192,256,59.829,True
MATVEC,uint32_t,1,32,16,8,0.364333,True
MATVEC,uint32_t,1,32,16,16,0.337333,True
MATVEC,uint32_t,1,32,32,8,0.665444,True
MATVEC,uint32_t,1,32,32,16,0.594333,True
MATVEC,uint32_t,1,32,32,32,0.569333,True
MATVEC,uint32_t,1,32,64,8,1.229667,True
MATVEC,uint32_t,1,32,64,16,1.117333,True
MATVEC,uint32_t,1,32,64,32,1.064778,True
MATVEC,uint32_t,1,32,64,64,1.077667,True
MATVEC,uint32_t,1,32,128,8,2.38,True
MATVEC,uint32_t,1,32,128,16,2.152,True
MATVEC,uint32_t,1,32,128,32,2.049667,True
MATVEC,uint32_t,1,32,128,64,2.004,True
MATVEC,uint32_t,1,32,128,128,1.956333,True
MATVEC,uint32_t,1,32,256,8,4.683667,True
MATVEC,uint32_t,1,32,256,16,4.224667,True
MATVEC,uint32_t,1,32,256,32,4.041667,True
MATVEC,uint32_t,1,32,256,64,3.895667,True
MATVEC,uint32_t,1,32,256,128,3.838667,True
MATVEC,uint32_t,1,32,256,256,3.812,True
MATVEC,uint32_t,1,32,512,8,9.296,True
MATVEC,uint32_t,1,32,512,16,8.374,True
MATVEC,uint32_t,1,32,512,32,7.978,True
MATVEC,uint32_t,1,32,512,64,7.722,True
MATVEC,uint32_t,1,32,512,128,7.601333,True
MATVEC,uint32_t,1,32,512,256,7.556333,True
MATVEC,uint32_t,1,32,1024,8,18.496,True
MATVEC,uint32_t,1,32,1024,16,16.687667,True
MATVEC,uint32_t,1,32,1024,32,15.897333,True
MATVEC,uint32_t,1,32,1024,64,15.380333,True
MATVEC,uint32_t,1,32,1024,128,15.140555,True
MATVEC,uint32_t,1,32,1024,256,15.038555,True
MATVEC,uint32_t,1,32,2048,8,36.939333,True
MATVEC,uint32_t,1,32,2048,16,33.292333,True
MATVEC,uint32_t,1,32,2048,32,31.683667,True
MATVEC,uint32_t,1,32,2048,64,30.644,True
MATVEC,uint32_t,1,32,2048,128,30.193333,True
MATVEC,uint32_t,1,32,2048,256,29.969,True
MATVEC,uint32_t,1,32,4096,8,73.793333,True
MATVEC,uint32_t,1,32,4096,16,66.496667,True
MATVEC,uint32_t,1,32,4096,32,63.250333,True
MATVEC,uint32_t,1,32,4096,64,61.196333,True
MATVEC,uint32_t,1,32,4096,128,60.245333,True
MATVEC,uint32_t,1,32,4096,256,59.857333,True
MATVEC,uint32_t,1,32,8192,8,147.431667,True
MATVEC,uint32_t,1,32,8192,16,132.921333,True
MATVEC,uint32_t,1,32,8192,32,126.541667,True
MATVEC,uint32_t,1,32,8192,64,122.351667,True
MATVEC,uint32_t,1,32,8192,128,120.462333,True
MATVEC,uint32_t,1,32,8192,256,119.638667,True
MATVEC,uint32_t,1,64,16,8,0.669,True
MATVEC,uint32_t,1,64,16,16,0.613667,True
MATVEC,uint32_t,1,64,32,8,1.241667,True
MATVEC,uint32_t,1,64,32,16,1.123,True
MATVEC,uint32_t,1,64,32,32,1.073,True
MATVEC,uint32_t,1,64,64,8,2.396667,True
MATVEC,uint32_t,1,64,64,16,2.170333,True
MATVEC,uint32_t,1,64,64,32,2.050667,True
MATVEC,uint32_t,1,64,64,64,1.994333,True
MATVEC,uint32_t,1,64,128,8,4.691,True
MATVEC,uint32_t,1,64,128,16,4.238333,True
MATVEC,uint32_t,1,64,128,32,4.041333,True
MATVEC,uint32_t,1,64,128,64,3.913667,True
MATVEC,uint32_t,1,64,128,128,3.897333,True
MATVEC,uint32_t,1,64,256,8,9.299,True
MATVEC,uint32_t,1,64,256,16,8.394333,True
MATVEC,uint32_t,1,64,256,32,8.030667,True
MATVEC,uint32_t,1,64,256,64,7.729667,True
MATVEC,uint32_t,1,64,256,128,7.619333,True
MATVEC,uint32_t,1,64,256,256,7.561,True
MATVEC,uint32_t,1,64,512,8,18.497667,True
MATVEC,uint32_t,1,64,512,16,16.694667,True
MATVEC,uint32_t,1,64,512,32,15.890333,True
MATVEC,uint32_t,1,64,512,64,15.372333,True
MATVEC,uint32_t,1,64,512,128,15.139333,True
MATVEC,uint32_t,1,64,512,256,15.049333,True
MATVEC,uint32_t,1,64,1024,8,36.927667,True
MATVEC,uint32_t,1,64,1024,16,33.300667,True
MATVEC,uint32_t,1,64,1024,32,31.739,True
MATVEC,uint32_t,1,64,1024,64,30.654667,True
MATVEC,uint32_t,1,64,1024,128,30.192333,True
MATVEC,uint32_t,1,64,1024,256,29.984,True
MATVEC,uint32_t,1,64,2048,8,73.755,True
MATVEC,uint32_t,1,64,2048,16,66.509667,True
MATVEC,uint32_t,1,64,2048,32,63.319,True
MATVEC,uint32_t,1,64,2048,64,61.216667,True
MATVEC,uint32_t,1,64,2048,128,60.287,True
MATVEC,uint32_t,1,64,2048,256,59.884333,True
MATVEC,uint32_t,1,64,4096,8,147.419333,True
MATVEC,uint32_t,1,64,4096,16,132.921,True
MATVEC,uint32_t,1,64,4096,32,126.534,True
MATVEC,uint32_t,1,64,4096,64,122.366667,True
MATVEC,uint32_t,1,64,4096,128,120.454667,True
MATVEC,uint32_t,1,64,4096,256,119.646333,True
MATVEC,uint32_t,1,64,8192,8,294.809,True
MATVEC,uint32_t,1,64,8192,16,265.713,True
MATVEC,uint32_t,1,64,8192,32,252.955667,True
MATVEC,uint32_t,1,64,8192,64,244.582667,True
MATVEC,uint32_t,1,64,8192,128,240.85,True
MATVEC,uint32_t,1,64,8192,256,239.253333,True
MATVEC,uint32_t,1,128,16,8,1.353333,True
MATVEC,uint32_t,1,128,16,16,1.176333,True
MATVEC,uint32_t,1,128,32,8,2.445333,True
MATVEC,uint32_t,1,128,32,16,2.215667,True
MATVEC,uint32_t,1,128,32,32,2.113333,True
MATVEC,uint32_t,1,128,64,8,4.752333,True
MATVEC,uint32_t,1,128,64,16,4.293333,True
MATVEC,uint32_t,1,128,64,32,4.066,True
MATVEC,uint32_t,1,128,64,64,3.959,True
MATVEC,uint32_t,1,128,128,8,9.352667,True
MATVEC,uint32_t,1,128,128,16,8.441667,True
MATVEC,uint32_t,1,128,128,32,8.048,True
MATVEC,uint32_t,1,128,128,64,7.795,True
MATVEC,uint32_t,1,128,128,128,7.666,True
MATVEC,uint32_t,1,128,256,8,18.552333,True
MATVEC,uint32_t,1,128,256,16,16.734667,True
MATVEC,uint32_t,1,128,256,32,16.005333,True
MATVEC,uint32_t,1,128,256,64,15.419,True
MATVEC,uint32_t,1,128,256,128,15.195,True
MATVEC,uint32_t,1,128,256,256,15.191,True
MATVEC,uint32_t,1,128,512,8,36.977667,True
MATVEC,uint32_t,1,128,512,16,33.348333,True
MATVEC,uint32_t,1,128,512,32,31.767333,True
MATVEC,uint32_t,1,128,512,64,30.712333,True
MATVEC,uint32_t,1,128,512,128,30.237667,True
MATVEC,uint32_t,1,128,512,256,30.052333,True
MATVEC,uint32_t,1,128,1024,8,73.817,True
MATVEC,uint32_t,1,128,1024,16,66.543,True
MATVEC,uint32_t,1,128,1024,32,63.379,True
MATVEC,uint32_t,1,128,1024,64,61.265,True
MATVEC,uint32_t,1,128,1024,128,60.332667,True
MATVEC,uint32_t,1,128,1024,256,59.927,True
MATVEC,uint32_t,1,128,2048,8,147.476,True
MATVEC,uint32_t,1,128,2048,16,132.954,True
MATVEC,uint32_t,1,128,2048,32,126.572333,True
MATVEC,uint32_t,1,128,2048,64,122.416667,True
MATVEC,uint32_t,1,128,2048,128,120.545333,True
MATVEC,uint32_t,1,128,2048,256,119.712667,True
MATVEC,uint32_t,1,128,4096,8,294.703,True
MATVEC,uint32_t,1,128,4096,16,265.797667,True
MATVEC,uint32_t,1,128,4096,32,252.959333,True
MATVEC,uint32_t,1,128,4096,64,244.692,True
MATVEC,uint32_t,1,128,4096,128,240.915333,True
MATVEC,uint32_t,1,128,4096,256,239.336,True
MATVEC,uint32_t,1,128,8192,8,589.770333,True
MATVEC,uint32_t,1,128,8192,16,531.410667,True
MATVEC,uint32_t,1,128,8192,32,505.794333,True
MATVEC,uint32_t,1,128,8192,64,489.217,True
MATVEC,uint32_t,1,128,8192,128,481.685333,True
MATVEC,uint32_t,1,128,8192,256,478.489667,True
MATVEC,uint32_t,1,256,16,8,2.544,True
MATVEC,uint32_t,1,256,16,16,2.324,True
MATVEC,uint32_t,1,256,32,8,4.855,True
MATVEC,uint32_t,1,256,32,16,4.401,True
MATVEC,uint32_t,1,256,32,32,4.177333,True
MATVEC,uint32_t,1,256,64,8,9.466667,True
MATVEC,uint32_t,1,256,64,16,8.545,True
MATVEC,uint32_t,1,256,64,32,8.110333,True
MATVEC,uint32_t,1,256,64,64,7.885,True
MATVEC,uint32_t,1,256,128,8,18.671333,True
MATVEC,uint32_t,1,256,128,16,16.847,True
MATVEC,uint32_t,1,256,128,32,16.088333,True
MATVEC,uint32_t,1,256,128,64,15.551667,True
MATVEC,uint32_t,1,256,128,128,15.301333,True
MATVEC,uint32_t,1,256,256,8,37.081667,True
MATVEC,uint32_t,1,256,256,16,33.454,True
MATVEC,uint32_t,1,256,256,32,31.982333,True
MATVEC,uint32_t,1,256,256,64,30.809,True
MATVEC,uint32_t,1,256,256,128,30.349,True
MATVEC,uint32_t,1,256,256,256,30.125667,True
MATVEC,uint32_t,1,256,512,8,73.957667,True
MATVEC,uint32_t,1,256,512,16,66.659667,True
MATVEC,uint32_t,1,256,512,32,63.465333,True
MATVEC,uint32_t,1,256,512,64,61.397,True
MATVEC,uint32_t,1,256,512,128,60.44,True
MATVEC,uint32_t,1,256,512,256,60.075667,True
MATVEC,uint32_t,1,256,1024,8,147.637667,True
MATVEC,uint32_t,1,256,1024,16,133.070667,True
MATVEC,uint32_t,1,256,1024,32,126.655333,True
MATVEC,uint32_t,1,256,1024,64,122.518,True
MATVEC,uint32_t,1,256,1024,128,120.654,True
MATVEC,uint32_t,1,256,1024,256,119.843,True
MATVEC,uint32_t,1,256,2048,8,294.830333,True
MATVEC,uint32_t,1,256,2048,16,265.874333,True
MATVEC,uint32_t,1,256,2048,32,253.122333,True
MATVEC,uint32_t,1,256,2048,64,244.764667,True
MATVEC,uint32_t,1,256,2048,128,241.002333,True
MATVEC,uint32_t,1,256,2048,256,239.418667,True
MATVEC,uint32_t,1,256,4096,8,589.723333,True
MATVEC,uint32_t,1,256,4096,16,531.500667,True
MATVEC,uint32_t,1,256,4096,32,505.902,True
MATVEC,uint32_t,1,256,4096,64,489.312,True
MATVEC,uint32_t,1,256,4096,128,481.768,True
MATVEC,uint32_t,1,256,4096,256,478.590667,True
MATVEC,uint32_t,1,256,8192,8,1179.486667,True
MATVEC,uint32_t,1,256,8192,16,1062.710333,True
MATVEC,uint32_t,1,256,8192,32,1011.466667,True
MATVEC,uint32_t,1,256,8192,64,978.485667,True
MATVEC,uint32_t,1,256,8192,128,963.340333,True
MATVEC,uint32_t,1,256,8192,256,956.998667,True
MATVEC,uint32_t,1,512,16,8,5.064,True
MATVEC,uint32_t,1,512,16,16,4.625667,True
MATVEC,uint32_t,1,512,32,8,9.702333,True
MATVEC,uint32_t,1,512,32,16,8.775333,True
MATVEC,uint32_t,1,512,32,32,8.332333,True
MATVEC,uint32_t,1,512,64,8,18.914667,True
MATVEC,uint32_t,1,512,64,16,17.079667,True
MATVEC,uint32_t,1,512,64,32,16.188333,True
MATVEC,uint32_t,1,512,64,64,15.758,True
MATVEC,uint32_t,1,512,128,8,37.337,True
MATVEC,uint32_t,1,512,128,16,33.699,True
MATVEC,uint32_t,1,512,128,32,32.090333,True
MATVEC,uint32_t,1,512,128,64,31.284333,True
MATVEC,uint32_t,1,512,128,128,30.586333,True
MATVEC,uint32_t,1,512,256,8,74.137333,True
MATVEC,uint32_t,1,512,256,16,66.877,True
MATVEC,uint32_t,1,512,256,32,64.034,True
MATVEC,uint32_t,1,512,256,64,61.609,True
MATVEC,uint32_t,1,512,256,128,60.692,True
MATVEC,uint32_t,1,512,256,256,60.236667,True
MATVEC,uint32_t,1,512,512,8,147.850667,True
MATVEC,uint32_t,1,512,512,16,133.354333,True
MATVEC,uint32_t,1,512,512,32,127.021333,True
MATVEC,uint32_t,1,512,512,64,122.796333,True
MATVEC,uint32_t,1,512,512,128,120.885667,True
MATVEC,uint32_t,1,512,512,256,120.17,True
MATVEC,uint32_t,1,512,1024,8,295.275,True
MATVEC,uint32_t,1,512,1024,16,266.180667,True
MATVEC,uint32_t,1,512,1024,32,253.407667,True
MATVEC,uint32_t,1,512,1024,64,245.026,True
MATVEC,uint32_t,1,512,1024,128,241.264667,True
MATVEC,uint32_t,1,512,1024,256,239.690667,True
MATVEC,uint32_t,1,512,2048,8,590.076333,True
MATVEC,uint32_t,1,512,2048,16,531.634333,True
MATVEC,uint32_t,1,512,2048,32,506.221667,True
MATVEC,uint32_t,1,512,2048,64,489.596667,True
MATVEC,uint32_t,1,512,2048,128,481.979,True
MATVEC,uint32_t,1,512,2048,256,478.806667,True
MATVEC,uint32_t,1,512,4096,8,1179.483667,True
MATVEC,uint32_t,1,512,4096,16,1062.864,True
MATVEC,uint32_t,1,512,4096,32,1012.299667,True
MATVEC,uint32_t,1,512,4096,64,978.551667,True
MATVEC,uint32_t,1,512,4096,128,963.410667,True
MATVEC,uint32_t,1,512,4096,256,957.246,True
MATVEC,uint32_t,1,512,8192,8,2358.183,True
MATVEC,uint32_t,1,512,8192,16,2125.280667,True
MATVEC,uint32_t,1,512,8192,32,2023.115,True
MATVEC,uint32_t,1,512,8192,64,1956.749,True
MATVEC,uint32_t,1,512,8192,128,1926.531333,True
MATVEC,uint32_t,1,512,8192,256,1913.557,True
MATVEC,uint32_t,1,1024,16,8,10.051667,True
MATVEC,uint32_t,1,1024,16,16,9.176333,True
MATVEC,uint32_t,1,1024,32,8,19.316667,True
MATVEC,uint32_t,1,1024,32,16,17.465333,True
MATVEC,uint32_t,1,1024,32,32,16.602333,True
MATVEC,uint32_t,1,1024,64,8,37.770667,True
MATVEC,uint32_t,1,1024,64,16,34.089,True
MATVEC,uint32_t,1,1024,64,32,32.300667,True
MATVEC,uint32_t,1,1024,64,64,31.436667,True
MATVEC,uint32_t,1,1024,128,8,74.581667,True
MATVEC,uint32_t,1,1024,128,16,67.305667,True
MATVEC,uint32_t,1,1024,128,32,64.112333,True
MATVEC,uint32_t,1,1024,128,64,62.106333,True
MATVEC,uint32_t,1,1024,128,128,61.087,True
MATVEC,uint32_t,1,1024,256,8,148.234667,True
MATVEC,uint32_t,1,1024,256,16,133.733667,True
MATVEC,uint32_t,1,1024,256,32,127.908667,True
MATVEC,uint32_t,1,1024,256,64,123.151333,True
MATVEC,uint32_t,1,1024,256,128,121.304667,True
MATVEC,uint32_t,1,1024,256,256,120.391667,True
MATVEC,uint32_t,1,1024,512,8,295.498667,True
MATVEC,uint32_t,1,1024,512,16,266.504,True
MATVEC,uint32_t,1,1024,512,32,253.897,True
MATVEC,uint32_t,1,1024,512,64,245.448333,True
MATVEC,uint32_t,1,1024,512,128,241.691333,True
MATVEC,uint32_t,1,1024,512,256,240.188333,True
MATVEC,uint32_t,1,1024,1024,8,590.348667,True
MATVEC,uint32_t,1,1024,1024,16,532.211333,True
MATVEC,uint32_t,1,1024,1024,32,506.922333,True
MATVEC,uint32_t,1,1024,1024,64,489.974333,True
MATVEC,uint32_t,1,1024,1024,128,482.460333,True
MATVEC,uint32_t,1,1024,1024,256,479.211333,True
MATVEC,uint32_t,1,1024,2048,8,1179.714333,True
MATVEC,uint32_t,1,1024,2048,16,1063.495,True
MATVEC,uint32_t,1,1024,2048,32,1012.761667,True
MATVEC,uint32_t,1,1024,2048,64,979.081333,True
MATVEC,uint32_t,1,1024,2048,128,964.01,True
MATVEC,uint32_t,1,1024,2048,256,957.594,True
MATVEC,uint32_t,1,1024,4096,8,2358.15,True
MATVEC,uint32_t,1,1024,4096,16,2126.188667,True
MATVEC,uint32_t,1,1024,4096,32,2021.647667,True
MATVEC,uint32_t,1,1024,4096,64,1958.431333,True
MATVEC,uint32_t,1,1024,4096,128,1925.324333,True
MATVEC,uint32_t,1,1024,4096,256,1913.382333,True
MATVEC,uint32_t,1,1024,8192,8,4710.534,True
MATVEC,uint32_t,1,1024,8192,16,4247.768667,True
MATVEC,uint32_t,1,1024,8192,32,4052.625,True
MATVEC,uint32_t,1,1024,8192,64,3922.231667,True
MATVEC,uint32_t,1,1024,8192,128,3849.058667,True
MATVEC,uint32_t,1,1024,8192,256,3827.321,True
MATVEC,uint32_t,1,2048,16,8,20.068333,True
MATVEC,uint32_t,1,2048,16,16,18.344333,True
MATVEC,uint32_t,1,2048,32,8,38.632333,True
MATVEC,uint32_t,1,2048,32,16,34.926,True
MATVEC,uint32_t,1,2048,32,32,33.167667,True
MATVEC,uint32_t,1,2048,64,8,75.496,True
MATVEC,uint32_t,1,2048,64,16,68.122,True
MATVEC,uint32_t,1,2048,64,32,64.547333,True
MATVEC,uint32_t,1,2048,64,64,62.83,True
MATVEC,uint32_t,1,2048,128,8,149.139667,True
MATVEC,uint32_t,1,2048,128,16,134.566667,True
MATVEC,uint32_t,1,2048,128,32,128.178667,True
MATVEC,uint32_t,1,2048,128,64,124.154667,True
MATVEC,uint32_t,1,2048,128,128,122.141333,True
MATVEC,uint32_t,1,2048,256,8,296.368,True
MATVEC,uint32_t,1,2048,256,16,267.397667,True
MATVEC,uint32_t,1,2048,256,32,255.751667,True
MATVEC,uint32_t,1,2048,256,64,246.254667,True
MATVEC,uint32_t,1,2048,256,128,242.570667,True
MATVEC,uint32_t,1,2048,256,256,240.752667,True
MATVEC,uint32_t,1,2048,512,8,591.141,True
MATVEC,uint32_t,1,2048,512,16,532.954667,True
MATVEC,uint32_t,1,2048,512,32,508.229333,True
MATVEC,uint32_t,1,2048,512,64,490.954667,True
MATVEC,uint32_t,1,2048,512,128,483.346667,True
MATVEC,uint32_t,1,2048,512,256,480.449,True
MATVEC,uint32_t,1,2048,1024,8,1180.917667,True
MATVEC,uint32_t,1,2048,1024,16,1064.099333,True
MATVEC,uint32_t,1,2048,1024,32,1013.932,True
MATVEC,uint32_t,1,2048,1024,64,979.804333,True
MATVEC,uint32_t,1,2048,1024,128,964.851667,True
MATVEC,uint32_t,1,2048,1024,256,958.481,True
MATVEC,uint32_t,1,2048,2048,8,2359.340667,True
MATVEC,uint32_t,1,2048,2048,16,2126.766667,True
MATVEC,uint32_t,1,2048,2048,32,2025.716333,True
MATVEC,uint32_t,1,2048,2048,64,1957.984667,True
MATVEC,uint32_t,1,2048,2048,128,1927.813667,True
MATVEC,uint32_t,1,2048,2048,256,1915.036667,True
MATVEC,uint32_t,1,2048,4096,8,4716.748333,True
MATVEC,uint32_t,1,2048,4096,16,4252.157667,True
MATVEC,uint32_t,1,2048,4096,32,4047.721333,True
MATVEC,uint32_t,1,2048,4096,64,3911.986333,True
MATVEC,uint32_t,1,2048,4096,128,3850.579667,True
MATVEC,uint32_t,1,2048,4096,256,3827.236,True
MATVEC,uint32_t,1,2048,8192,8,NA,False
MATVEC,uint32_t,1,2048,8192,16,NA,False
MATVEC,uint32_t,1,2048,8192,32,NA,False
MATVEC,uint32_t,1,2048,8192,64,NA,False
MATVEC,uint32_t,1,2048,8192,128,NA,False
MATVEC,uint32_t,1,2048,8192,256,NA,False
MATVEC,uint32_t,1,4096,16,8,40.095333,True
MATVEC,uint32_t,1,4096,16,16,36.613667,True
MATVEC,uint32_t,1,4096,32,8,77.219333,True
MATVEC,uint32_t,1,4096,32,16,69.790333,True
MATVEC,uint32_t,1,4096,32,32,66.227667,True
MATVEC,uint32_t,1,4096,64,8,150.872,True
MATVEC,uint32_t,1,4096,64,16,136.193333,True
MATVEC,uint32_t,1,4096,64,32,129.055667,True
MATVEC,uint32_t,1,4096,64,64,125.602333,True
MATVEC,uint32_t,1,4096,128,8,298.221333,True
MATVEC,uint32_t,1,4096,128,16,269.112,True
MATVEC,uint32_t,1,4096,128,32,256.287667,True
MATVEC,uint32_t,1,4096,128,64,248.267,True
MATVEC,uint32_t,1,4096,128,128,244.192667,True
MATVEC,uint32_t,1,4096,256,8,592.74,True
MATVEC,uint32_t,1,4096,256,16,534.679333,True
MATVEC,uint32_t,1,4096,256,32,508.893,True
MATVEC,uint32_t,1,4096,256,64,491.712,True
MATVEC,uint32_t,1,4096,256,128,484.530333,True
MATVEC,uint32_t,1,4096,256,256,480.608333,True
MATVEC,uint32_t,1,4096,512,8,1177.890333,True
MATVEC,uint32_t,1,4096,512,16,1066.025667,True
MATVEC,uint32_t,1,4096,512,32,1015.957667,True
MATVEC,uint32_t,1,4096,512,64,981.860667,True
MATVEC,uint32_t,1,4096,512,128,966.506,True
MATVEC,uint32_t,1,4096,512,256,978.521667,True
MATVEC,uint32_t,1,4096,1024,8,2363.119,True
MATVEC,uint32_t,1,4096,1024,16,2128.772,True
MATVEC,uint32_t,1,4096,1024,32,2026.452667,True
MATVEC,uint32_t,1,4096,1024,64,1959.708333,True
MATVEC,uint32_t,1,4096,1024,128,1929.674,True
MATVEC,uint32_t,1,4096,1024,256,1916.429333,True
MATVEC,uint32_t,1,4096,2048,8,4718.191333,True
MATVEC,uint32_t,1,4096,2048,16,4253.851667,True
MATVEC,uint32_t,1,4096,2048,32,4049.106333,True
MATVEC,uint32_t,1,4096,2048,64,3915.156,True
MATVEC,uint32_t,1,4096,2048,128,3854.028333,True
MATVEC,uint32_t,1,4096,2048,256,3828.555333,True
MATVEC,uint32_t,1,4096,4096,8,NA,False
MATVEC,uint32_t,1,4096,4096,16,NA,False
MATVEC,uint32_t,1,4096,4096,32,NA,False
MATVEC,uint32_t,1,4096,4096,64,NA,False
MATVEC,uint32_t,1,4096,4096,128,NA,False
MATVEC,uint32_t,1,4096,4096,256,NA,False
MATVEC,uint32_t,1,4096,8192,8,NA,False
MATVEC,uint32_t,1,4096,8192,16,NA,False
MATVEC,uint32_t,1,4096,8192,32,NA,False
MATVEC,uint32_t,1,4096,8192,64,NA,False
MATVEC,uint32_t,1,4096,8192,128,NA,False
MATVEC,uint32_t,1,4096,8192,256,NA,False
MATVEC,uint32_t,1,8192,16,8,80.189333,True
MATVEC,uint32_t,1,8192,16,16,73.204,True
MATVEC,uint32_t,1,8192,32,8,154.314667,True
MATVEC,uint32_t,1,8192,32,16,139.524333,True
MATVEC,uint32_t,1,8192,32,32,132.453667,True
MATVEC,uint32_t,1,8192,64,8,302.744333,True
MATVEC,uint32_t,1,8192,64,16,272.348333,True
MATVEC,uint32_t,1,8192,64,32,258.036333,True
MATVEC,uint32_t,1,8192,64,64,251.079333,True
MATVEC,uint32_t,1,8192,128,8,596.006,True
MATVEC,uint32_t,1,8192,128,16,539.235,True
MATVEC,uint32_t,1,8192,128,32,512.525,True
MATVEC,uint32_t,1,8192,128,64,496.354667,True
MATVEC,uint32_t,1,8192,128,128,488.197,True
MATVEC,uint32_t,1,8192,256,8,1184.816,True
MATVEC,uint32_t,1,8192,256,16,1068.934333,True
MATVEC,uint32_t,1,8192,256,32,1021.185667,True
MATVEC,uint32_t,1,8192,256,64,984.421667,True
MATVEC,uint32_t,1,8192,256,128,969.807333,True
MATVEC,uint32_t,1,8192,256,256,962.350333,True
MATVEC,uint32_t,1,8192,512,8,2363.036667,True
MATVEC,uint32_t,1,8192,512,16,2130.861333,True
MATVEC,uint32_t,1,8192,512,32,2029.453667,True
MATVEC,uint32_t,1,8192,512,64,1962.679667,True
MATVEC,uint32_t,1,8192,512,128,1932.545,True
MATVEC,uint32_t,1,8192,512,256,1920.127,True
MATVEC,uint32_t,1,8192,1024,8,4719.044,True
MATVEC,uint32_t,1,8192,1024,16,4255.605,True
MATVEC,uint32_t,1,8192,1024,32,4050.894,True
MATVEC,uint32_t,1,8192,1024,64,3917.754667,True
MATVEC,uint32_t,1,8192,1024,128,3858.602333,True
MATVEC,uint32_t,1,8192,1024,256,3832.408,True
MATVEC,uint32_t,1,8192,2048,8,NA,False
MATVEC,uint32_t,1,8192,2048,16,NA,False
MATVEC,uint32_t,1,8192,2048,32,NA,False
MATVEC,uint32_t,1,8192,2048,64,NA,False
MATVEC,uint32_t,1,8192,2048,128,NA,False
MATVEC,uint32_t,1,8192,2048,256,NA,False
MATVEC,uint32_t,1,8192,4096,8,NA,False
MATVEC,uint32_t,1,8192,4096,16,NA,False
MATVEC,uint32_t,1,8192,4096,32,NA,False
MATVEC,uint32_t,1,8192,4096,64,NA,False
MATVEC,uint32_t,1,8192,4096,128,NA,False
MATVEC,uint32_t,1,8192,4096,256,NA,False
MATVEC,uint32_t,1,8192,8192,8,NA,False
MATVEC,uint32_t,1,8192,8192,16,NA,False
MATVEC,uint32_t,1,8192,8192,32,NA,False
MATVEC,uint32_t,1,8192,8192,64,NA,False
MATVEC,uint32_t,1,8192,8192,128,NA,False
MATVEC,uint32_t,1,8192,8192,256,NA,False
MATVEC,uint32_t,2,16,16,8,0.225333,True
MATVEC,uint32_t,2,16,16,16,0.204333,True
MATVEC,uint32_t,2,16,32,8,0.364,True
MATVEC,uint32_t,2,16,32,16,0.337,True
MATVEC,uint32_t,2,16,32,32,0.328333,True
MATVEC,uint32_t,2,16,64,8,0.652,True
MATVEC,uint32_t,2,16,64,16,0.582556,True
MATVEC,uint32_t,2,16,64,32,0.564333,True
MATVEC,uint32_t,2,16,64,64,0.553333,True
MATVEC,uint32_t,2,16,128,8,1.224,True
MATVEC,uint32_t,2,16,128,16,1.111667,True
MATVEC,uint32_t,2,16,128,32,1.069,True
MATVEC,uint32_t,2,16,128,64,1.039667,True
MATVEC,uint32_t,2,16,128,128,1.019,True
MATVEC,uint32_t,2,16,256,8,2.370667,True
MATVEC,uint32_t,2,16,256,16,2.155,True
MATVEC,uint32_t,2,16,256,32,2.067,True
MATVEC,uint32_t,2,16,256,64,1.993,True
MATVEC,uint32_t,2,16,256,128,1.990667,True
MATVEC,uint32_t,2,16,256,256,1.943,True
MATVEC,uint32_t,2,16,512,8,4.682333,True
MATVEC,uint32_t,2,16,512,16,4.221,True
MATVEC,uint32_t,2,16,512,32,4.026667,True
MATVEC,uint32_t,2,16,512,64,3.903,True
MATVEC,uint32_t,2,16,512,128,3.885333,True
MATVEC,uint32_t,2,16,512,256,3.807,True
MATVEC,uint32_t,2,16,1024,8,9.276333,True
MATVEC,uint32_t,2,16,1024,16,8.386,True
MATVEC,uint32_t,2,16,1024,32,8.247333,True
MATVEC,uint32_t,2,16,1024,64,7.714000,True
MATVEC,uint32_t,2,16,1024,128,7.621333,True
MATVEC,uint32_t,2,16,1024,256,7.554667,True
MATVEC,uint32_t,2,16,2048,8,18.494,True
MATVEC,uint32_t,2,16,2048,16,16.699,True
MATVEC,uint32_t,2,16,2048,32,17.115667,True
MATVEC,uint32_t,2,16,2048,64,15.374,True
MATVEC,uint32_t,2,16,2048,128,15.133333,True
MATVEC,uint32_t,2,16,2048,256,15.033,True
MATVEC,uint32_t,2,16,4096,8,36.922667,True
MATVEC,uint32_t,2,16,4096,16,33.319333,True
MATVEC,uint32_t,2,16,4096,32,32.787,True
MATVEC,uint32_t,2,16,4096,64,30.660667,True
MATVEC,uint32_t,2,16,4096,128,30.554333,True
MATVEC,uint32_t,2,16,4096,256,29.997,True
MATVEC,uint32_t,2,16,8192,8,73.797667,True
MATVEC,uint32_t,2,16,8192,16,66.515667,True
MATVEC,uint32_t,2,16,8192,32,63.659667,True
MATVEC,uint32_t,2,16,8192,64,61.237,True
MATVEC,uint32_t,2,16,8192,128,60.275667,True
MATVEC,uint32_t,2,16,8192,256,59.891667,True
MATVEC,uint32_t,2,32,16,8,0.374333,True
MATVEC,uint32_t,2,32,16,16,0.344333,True
MATVEC,uint32_t,2,32,32,8,0.663,True
MATVEC,uint32_t,2,32,32,16,0.606111,True
MATVEC,uint32_t,2,32,32,32,0.572,True
MATVEC,uint32_t,2,32,64,8,1.237111,True
MATVEC,uint32_t,2,32,64,16,1.124111,True
MATVEC,uint32_t,2,32,64,32,1.076,True
MATVEC,uint32_t,2,32,64,64,1.03,True
MATVEC,uint32_t,2,32,128,8,2.394,True
MATVEC,uint32_t,2,32,128,16,2.180333,True
MATVEC,uint32_t,2,32,128,32,2.064445,True
MATVEC,uint32_t,2,32,128,64,2.017667,True
MATVEC,uint32_t,2,32,128,128,1.972667,True
MATVEC,uint32_t,2,32,256,8,4.723333,True
MATVEC,uint32_t,2,32,256,16,4.428,True
MATVEC,uint32_t,2,32,256,32,4.059333,True
MATVEC,uint32_t,2,32,256,64,3.901,True
MATVEC,uint32_t,2,32,256,128,3.868,True
MATVEC,uint32_t,2,32,256,256,3.835,True
MATVEC,uint32_t,2,32,512,8,9.307,True
MATVEC,uint32_t,2,32,512,16,8.4,True
MATVEC,uint32_t,2,32,512,32,8.029556,True
MATVEC,uint32_t,2,32,512,64,7.72,True
MATVEC,uint32_t,2,32,512,128,7.611111,True
MATVEC,uint32_t,2,32,512,256,7.560889,True
MATVEC,uint32_t,2,32,1024,8,18.512667,True
MATVEC,uint32_t,2,32,1024,16,16.688333,True
MATVEC,uint32_t,2,32,1024,32,15.968667,True
MATVEC,uint32_t,2,32,1024,64,15.370667,True
MATVEC,uint32_t,2,32,1024,128,15.163667,True
MATVEC,uint32_t,2,32,1024,256,15.352667,True
MATVEC,uint32_t,2,32,2048,8,36.945,True
MATVEC,uint32_t,2,32,2048,16,33.323333,True
MATVEC,uint32_t,2,32,2048,32,33.014667,True
MATVEC,uint32_t,2,32,2048,64,30.656,True
MATVEC,uint32_t,2,32,2048,128,30.191333,True
MATVEC,uint32_t,2,32,2048,256,30.005333,True
MATVEC,uint32_t,2,32,4096,8,73.767,True
MATVEC,uint32_t,2,32,4096,16,66.520667,True
MATVEC,uint32_t,2,32,4096,32,63.619667,True
MATVEC,uint32_t,2,32,4096,64,61.238333,True
MATVEC,uint32_t,2,32,4096,128,60.306667,True
MATVEC,uint32_t,2,32,4096,256,59.91,True
MATVEC,uint32_t,2,32,8192,8,147.489667,True
MATVEC,uint32_t,2,32,8192,16,132.930333,True
MATVEC,uint32_t,2,32,8192,32,127.020333,True
MATVEC,uint32_t,2,32,8192,64,122.362,True
MATVEC,uint32_t,2,32,8192,128,120.477,True
MATVEC,uint32_t,2,32,8192,256,119.673333,True
MATVEC,uint32_t,2,64,16,8,0.681444,True
MATVEC,uint32_t,2,64,16,16,0.701333,True
MATVEC,uint32_t,2,64,32,8,1.257333,True
MATVEC,uint32_t,2,64,32,16,1.161,True
MATVEC,uint32_t,2,64,32,32,1.095,True
MATVEC,uint32_t,2,64,64,8,2.423333,True
MATVEC,uint32_t,2,64,64,16,2.188667,True
MATVEC,uint32_t,2,64,64,32,2.077333,True
MATVEC,uint32_t,2,64,64,64,2.040333,True
MATVEC,uint32_t,2,64,128,8,4.717333,True
MATVEC,uint32_t,2,64,128,16,4.284667,True
MATVEC,uint32_t,2,64,128,32,4.075333,True
MATVEC,uint32_t,2,64,128,64,3.945667,True
MATVEC,uint32_t,2,64,128,128,3.885667,True
MATVEC,uint32_t,2,64,256,8,9.322333,True
MATVEC,uint32_t,2,64,256,16,8.414222,True
MATVEC,uint32_t,2,64,256,32,8.085,True
MATVEC,uint32_t,2,64,256,64,7.756333,True
MATVEC,uint32_t,2,64,256,128,7.639333,True
MATVEC,uint32_t,2,64,256,256,8.177,True
MATVEC,uint32_t,2,64,512,8,18.551333,True
MATVEC,uint32_t,2,64,512,16,16.725,True
MATVEC,uint32_t,2,64,512,32,15.932667,True
MATVEC,uint32_t,2,64,512,64,15.418,True
MATVEC,uint32_t,2,64,512,128,15.193,True
MATVEC,uint32_t,2,64,512,256,15.116,True
MATVEC,uint32_t,2,64,1024,8,36.99,True
MATVEC,uint32_t,2,64,1024,16,33.350333,True
MATVEC,uint32_t,2,64,1024,32,31.847333,True
MATVEC,uint32_t,2,64,1024,64,30.721333,True
MATVEC,uint32_t,2,64,1024,128,30.251667,True
MATVEC,uint32_t,2,64,1024,256,30.033,True
MATVEC,uint32_t,2,64,2048,8,73.846667,True
MATVEC,uint32_t,2,64,2048,16,66.560667,True
MATVEC,uint32_t,2,64,2048,32,63.645667,True
MATVEC,uint32_t,2,64,2048,64,61.279667,True
MATVEC,uint32_t,2,64,2048,128,60.334667,True
MATVEC,uint32_t,2,64,2048,256,59.929,True
MATVEC,uint32_t,2,64,4096,8,147.525,True
MATVEC,uint32_t,2,64,4096,16,132.970667,True
MATVEC,uint32_t,2,64,4096,32,127.248333,True
MATVEC,uint32_t,2,64,4096,64,122.387333,True
MATVEC,uint32_t,2,64,4096,128,120.534333,True
MATVEC,uint32_t,2,64,4096,256,119.723667,True
MATVEC,uint32_t,2,64,8192,8,294.843667,True
MATVEC,uint32_t,2,64,8192,16,265.753667,True
MATVEC,uint32_t,2,64,8192,32,253.493,True
MATVEC,uint32_t,2,64,8192,64,244.628,True
MATVEC,uint32_t,2,64,8192,128,240.823333,True
MATVEC,uint32_t,2,64,8192,256,239.250667,True
MATVEC,uint32_t,2,128,16,8,1.320333,True
MATVEC,uint32_t,2,128,16,16,1.220667,True
MATVEC,uint32_t,2,128,32,8,2.503,True
MATVEC,uint32_t,2,128,32,16,2.254667,True
MATVEC,uint32_t,2,128,32,32,2.145,True
MATVEC,uint32_t,2,128,64,8,4.809,True
MATVEC,uint32_t,2,128,64,16,4.335667,True
MATVEC,uint32_t,2,128,64,32,4.109333,True
MATVEC,uint32_t,2,128,64,64,4.006667,True
MATVEC,uint32_t,2,128,128,8,9.398,True
MATVEC,uint32_t,2,128,128,16,9.041,True
MATVEC,uint32_t,2,128,128,32,8.111667,True
MATVEC,uint32_t,2,128,128,64,7.853667,True
MATVEC,uint32_t,2,128,128,128,7.724667,True
MATVEC,uint32_t,2,128,256,8,18.612333,True
MATVEC,uint32_t,2,128,256,16,16.803333,True
MATVEC,uint32_t,2,128,256,32,16.100667,True
MATVEC,uint32_t,2,128,256,64,15.470333,True
MATVEC,uint32_t,2,128,256,128,15.269667,True
MATVEC,uint32_t,2,128,256,256,15.144667,True
MATVEC,uint32_t,2,128,512,8,37.082333,True
MATVEC,uint32_t,2,128,512,16,33.404667,True
MATVEC,uint32_t,2,128,512,32,31.859333,True
MATVEC,uint32_t,2,128,512,64,30.772667,True
MATVEC,uint32_t,2,128,512,128,30.383667,True
MATVEC,uint32_t,2,128,512,256,30.132333,True
MATVEC,uint32_t,2,128,1024,8,73.884333,True
MATVEC,uint32_t,2,128,1024,16,66.612,True
MATVEC,uint32_t,2,128,1024,32,63.635333,True
MATVEC,uint32_t,2,128,1024,64,61.335333,True
MATVEC,uint32_t,2,128,1024,128,60.418,True
MATVEC,uint32_t,2,128,1024,256,60.002,True
MATVEC,uint32_t,2,128,2048,8,147.592667,True
MATVEC,uint32_t,2,128,2048,16,133.026,True
MATVEC,uint32_t,2,128,2048,32,126.921667,True
MATVEC,uint32_t,2,128,2048,64,125.861,True
MATVEC,uint32_t,2,128,2048,128,120.577667,True
MATVEC,uint32_t,2,128,2048,256,119.778,True
MATVEC,uint32_t,2,128,4096,8,294.881667,True
MATVEC,uint32_t,2,128,4096,16,265.84,True
MATVEC,uint32_t,2,128,4096,32,253.471,True
MATVEC,uint32_t,2,128,4096,64,244.678333,True
MATVEC,uint32_t,2,128,4096,128,240.895667,True
MATVEC,uint32_t,2,128,4096,256,239.330667,True
MATVEC,uint32_t,2,128,8192,8,589.56,True
MATVEC,uint32_t,2,128,8192,16,531.411,True
MATVEC,uint32_t,2,128,8192,32,507.656333,True
MATVEC,uint32_t,2,128,8192,64,489.100333,True
MATVEC,uint32_t,2,128,8192,128,481.572667,True
MATVEC,uint32_t,2,128,8192,256,478.421667,True
MATVEC,uint32_t,2,256,16,8,2.64,True
MATVEC,uint32_t,2,256,16,16,2.347667,True
MATVEC,uint32_t,2,256,32,8,4.899667,True
MATVEC,uint32_t,2,256,32,16,4.433333,True
MATVEC,uint32_t,2,256,32,32,4.214,True
MATVEC,uint32_t,2,256,64,8,9.503333,True
MATVEC,uint32_t,2,256,64,16,8.586667,True
MATVEC,uint32_t,2,256,64,32,8.131667,True
MATVEC,uint32_t,2,256,64,64,7.933667,True
MATVEC,uint32_t,2,256,128,8,18.727,True
MATVEC,uint32_t,2,256,128,16,16.905,True
MATVEC,uint32_t,2,256,128,32,16.113333,True
MATVEC,uint32_t,2,256,128,64,15.926333,True
MATVEC,uint32_t,2,256,128,128,15.321444,True
MATVEC,uint32_t,2,256,256,8,37.163,True
MATVEC,uint32_t,2,256,256,16,34.985667,True
MATVEC,uint32_t,2,256,256,32,32.112,True
MATVEC,uint32_t,2,256,256,64,30.914667,True
MATVEC,uint32_t,2,256,256,128,30.394667,True
MATVEC,uint32_t,2,256,256,256,30.162333,True
MATVEC,uint32_t,2,256,512,8,74.002,True
MATVEC,uint32_t,2,256,512,16,67.079333,True
MATVEC,uint32_t,2,256,512,32,63.598,True
MATVEC,uint32_t,2,256,512,64,61.414333,True
MATVEC,uint32_t,2,256,512,128,60.488333,True
MATVEC,uint32_t,2,256,512,256,60.110333,True
MATVEC,uint32_t,2,256,1024,8,147.651667,True
MATVEC,uint32_t,2,256,1024,16,133.122333,True
MATVEC,uint32_t,2,256,1024,32,127.206,True
MATVEC,uint32_t,2,256,1024,64,122.550333,True
MATVEC,uint32_t,2,256,1024,128,120.691667,True
MATVEC,uint32_t,2,256,1024,256,119.876667,True
MATVEC,uint32_t,2,256,2048,8,295.036333,True
MATVEC,uint32_t,2,256,2048,16,265.907333,True
MATVEC,uint32_t,2,256,2048,32,254.054,True
MATVEC,uint32_t,2,256,2048,64,244.772667,True
MATVEC,uint32_t,2,256,2048,128,241.028333,True
MATVEC,uint32_t,2,256,2048,256,239.393,True
MATVEC,uint32_t,2,256,4096,8,589.621333,True
MATVEC,uint32_t,2,256,4096,16,531.561,True
MATVEC,uint32_t,2,256,4096,32,508.744333,True
MATVEC,uint32_t,2,256,4096,64,489.252667,True
MATVEC,uint32_t,2,256,4096,128,481.623333,True
MATVEC,uint32_t,2,256,4096,256,478.495,True
MATVEC,uint32_t,2,256,8192,8,1179.065,True
MATVEC,uint32_t,2,256,8192,16,1062.676667,True
MATVEC,uint32_t,2,256,8192,32,1014.257,True
MATVEC,uint32_t,2,256,8192,64,978.071,True
MATVEC,uint32_t,2,256,8192,128,962.982333,True
MATVEC,uint32_t,2,256,8192,256,956.676333,True
MATVEC,uint32_t,2,512,16,8,5.099,True
MATVEC,uint32_t,2,512,16,16,4.671667,True
MATVEC,uint32_t,2,512,32,8,9.727,True
MATVEC,uint32_t,2,512,32,16,8.794333,True
MATVEC,uint32_t,2,512,32,32,8.357,True
MATVEC,uint32_t,2,512,64,8,18.94,True
MATVEC,uint32_t,2,512,64,16,17.106,True
MATVEC,uint32_t,2,512,64,32,16.227667,True
MATVEC,uint32_t,2,512,64,64,15.797667,True
MATVEC,uint32_t,2,512,128,8,37.377667,True
MATVEC,uint32_t,2,512,128,16,33.741667,True
MATVEC,uint32_t,2,512,128,32,32.133,True
MATVEC,uint32_t,2,512,128,64,31.137333,True
MATVEC,uint32_t,2,512,128,128,30.62,True
MATVEC,uint32_t,2,512,256,8,74.209667,True
MATVEC,uint32_t,2,512,256,16,66.945,True
MATVEC,uint32_t,2,512,256,32,64.127,True
MATVEC,uint32_t,2,512,256,64,61.629333,True
MATVEC,uint32_t,2,512,256,128,60.721667,True
MATVEC,uint32_t,2,512,256,256,60.243,True
MATVEC,uint32_t,2,512,512,8,147.881333,True
MATVEC,uint32_t,2,512,512,16,133.342667,True
MATVEC,uint32_t,2,512,512,32,127.076333,True
MATVEC,uint32_t,2,512,512,64,122.760667,True
MATVEC,uint32_t,2,512,512,128,120.890333,True
MATVEC,uint32_t,2,512,512,256,120.118,True
MATVEC,uint32_t,2,512,1024,8,295.205333,True
MATVEC,uint32_t,2,512,1024,16,266.127333,True
MATVEC,uint32_t,2,512,1024,32,254.048333,True
MATVEC,uint32_t,2,512,1024,64,244.962,True
MATVEC,uint32_t,2,512,1024,128,241.278,True
MATVEC,uint32_t,2,512,1024,256,239.646333,True
MATVEC,uint32_t,2,512,2048,8,589.898667,True
MATVEC,uint32_t,2,512,2048,16,531.738333,True
MATVEC,uint32_t,2,512,2048,32,507.634333,True
MATVEC,uint32_t,2,512,2048,64,489.436,True
MATVEC,uint32_t,2,512,2048,128,481.909333,True
MATVEC,uint32_t,2,512,2048,256,478.697333,True
MATVEC,uint32_t,2,512,4096,8,1179.345333,True
MATVEC,uint32_t,2,512,4096,16,1062.888333,True
MATVEC,uint32_t,2,512,4096,32,1013.923333,True
MATVEC,uint32_t,2,512,4096,64,978.315333,True
MATVEC,uint32_t,2,512,4096,128,963.256333,True
MATVEC,uint32_t,2,512,4096,256,956.889333,True
MATVEC,uint32_t,2,512,8192,8,2357.956333,True
MATVEC,uint32_t,2,512,8192,16,2125.254667,True
MATVEC,uint32_t,2,512,8192,32,2032.264667,True
MATVEC,uint32_t,2,512,8192,64,1958.347333,True
MATVEC,uint32_t,2,512,8192,128,1925.830333,True
MATVEC,uint32_t,2,512,8192,256,1913.187667,True
MATVEC,uint32_t,2,1024,16,8,10.073,True
MATVEC,uint32_t,2,1024,16,16,9.498333,True
MATVEC,uint32_t,2,1024,32,8,19.369667,True
MATVEC,uint32_t,2,1024,32,16,17.501,True
MATVEC,uint32_t,2,1024,32,32,16.607667,True
MATVEC,uint32_t,2,1024,64,8,37.798333,True
MATVEC,uint32_t,2,1024,64,16,34.118,True
MATVEC,uint32_t,2,1024,64,32,32.321,True
MATVEC,uint32_t,2,1024,64,64,31.476333,True
MATVEC,uint32_t,2,1024,128,8,74.616,True
MATVEC,uint32_t,2,1024,128,16,67.327,True
MATVEC,uint32_t,2,1024,128,32,64.140333,True
MATVEC,uint32_t,2,1024,128,64,62.155,True
MATVEC,uint32_t,2,1024,128,128,61.110333,True
MATVEC,uint32_t,2,1024,256,8,148.301667,True
MATVEC,uint32_t,2,1024,256,16,133.748667,True
MATVEC,uint32_t,2,1024,256,32,128.121,True
MATVEC,uint32_t,2,1024,256,64,123.158333,True
MATVEC,uint32_t,2,1024,256,128,121.321,True
MATVEC,uint32_t,2,1024,256,256,120.415667,True
MATVEC,uint32_t,2,1024,512,8,295.713,True
MATVEC,uint32_t,2,1024,512,16,266.545333,True
MATVEC,uint32_t,2,1024,512,32,253.963333,True
MATVEC,uint32_t,2,1024,512,64,245.455333,True
MATVEC,uint32_t,2,1024,512,128,241.672667,True
MATVEC,uint32_t,2,1024,512,256,240.143333,True
MATVEC,uint32_t,2,1024,1024,8,590.449,True
MATVEC,uint32_t,2,1024,1024,16,532.227,True
MATVEC,uint32_t,2,1024,1024,32,507.324333,True
MATVEC,uint32_t,2,1024,1024,64,489.852,True
MATVEC,uint32_t,2,1024,1024,128,482.427333,True
MATVEC,uint32_t,2,1024,1024,256,479.123333,True
MATVEC,uint32_t,2,1024,2048,8,1179.785333,True
MATVEC,uint32_t,2,1024,2048,16,1063.405,True
MATVEC,uint32_t,2,1024,2048,32,1013.798333,True
MATVEC,uint32_t,2,1024,2048,64,978.835333,True
MATVEC,uint32_t,2,1024,2048,128,963.747333,True
MATVEC,uint32_t,2,1024,2048,256,957.349333,True
MATVEC,uint32_t,2,1024,4096,8,2358.728333,True
MATVEC,uint32_t,2,1024,4096,16,2125.969333,True
MATVEC,uint32_t,2,1024,4096,32,2027.024,True
MATVEC,uint32_t,2,1024,4096,64,1956.656333,True
MATVEC,uint32_t,2,1024,4096,128,1926.166667,True
MATVEC,uint32_t,2,1024,4096,256,1913.720333,True
MATVEC,uint32_t,2,1024,8192,8,NA,False
MATVEC,uint32_t,2,1024,8192,16,NA,False
MATVEC,uint32_t,2,1024,8192,32,NA,False
MATVEC,uint32_t,2,1024,8192,64,NA,False
MATVEC,uint32_t,2,1024,8192,128,NA,False
MATVEC,uint32_t,2,1024,8192,256,NA,False
MATVEC,uint32_t,2,2048,16,8,21.323,True
MATVEC,uint32_t,2,2048,16,16,18.351333,True
MATVEC,uint32_t,2,2048,32,8,38.678,True
MATVEC,uint32_t,2,2048,32,16,34.957667,True
MATVEC,uint32_t,2,2048,32,32,33.202,True
MATVEC,uint32_t,2,2048,64,8,75.515667,True
MATVEC,uint32_t,2,2048,64,16,68.16,True
MATVEC,uint32_t,2,2048,64,32,64.564667,True
MATVEC,uint32_t,2,2048,64,64,62.839,True
MATVEC,uint32_t,2,2048,128,8,149.164,True
MATVEC,uint32_t,2,2048,128,16,134.6,True
MATVEC,uint32_t,2,2048,128,32,128.204333,True
MATVEC,uint32_t,2,2048,128,64,124.180667,True
MATVEC,uint32_t,2,2048,128,128,122.146,True
MATVEC,uint32_t,2,2048,256,8,296.512333,True
MATVEC,uint32_t,2,2048,256,16,267.422,True
MATVEC,uint32_t,2,2048,256,32,256.249333,True
MATVEC,uint32_t,2,2048,256,64,246.188,True
MATVEC,uint32_t,2,2048,256,128,242.546333,True
MATVEC,uint32_t,2,2048,256,256,240.703,True
MATVEC,uint32_t,2,2048,512,8,591.178333,True
MATVEC,uint32_t,2,2048,512,16,532.939333,True
MATVEC,uint32_t,2,2048,512,32,508.280667,True
MATVEC,uint32_t,2,2048,512,64,490.720333,True
MATVEC,uint32_t,2,2048,512,128,483.191,True
MATVEC,uint32_t,2,2048,512,256,480.155,True
MATVEC,uint32_t,2,2048,1024,8,1180.883667,True
MATVEC,uint32_t,2,2048,1024,16,1064.151,True
MATVEC,uint32_t,2,2048,1024,32,1015.433667,True
MATVEC,uint32_t,2,2048,1024,64,979.576333,True
MATVEC,uint32_t,2,2048,1024,128,964.703333,True
MATVEC,uint32_t,2,2048,1024,256,960.379333,True
MATVEC,uint32_t,2,2048,2048,8,2359.367333,True
MATVEC,uint32_t,2,2048,2048,16,2127.387333,True
MATVEC,uint32_t,2,2048,2048,32,2030.39,True
MATVEC,uint32_t,2,2048,2048,64,1957.854,True
MATVEC,uint32_t,2,2048,2048,128,1928.232,True
MATVEC,uint32_t,2,2048,2048,256,1915.149667,True
MATVEC,uint32_t,2,2048,4096,8,NA,False
MATVEC,uint32_t,2,2048,4096,16,NA,False
MATVEC,uint32_t,2,2048,4096,32,NA,False
MATVEC,uint32_t,2,2048,4096,64,NA,False
MATVEC,uint32_t,2,2048,4096,128,NA,False
MATVEC,uint32_t,2,2048,4096,256,NA,False
MATVEC,uint32_t,2,2048,8192,8,NA,False
MATVEC,uint32_t,2,2048,8192,16,NA,False
MATVEC,uint32_t,2,2048,8192,32,NA,False
MATVEC,uint32_t,2,2048,8192,64,NA,False
MATVEC,uint32_t,2,2048,8192,128,NA,False
MATVEC,uint32_t,2,2048,8192,256,NA,False
MATVEC,uint32_t,2,4096,16,8,40.094667,True
MATVEC,uint32_t,2,4096,16,16,36.648667,True
MATVEC,uint32_t,2,4096,32,8,77.274,True
MATVEC,uint32_t,2,4096,32,16,69.808333,True
MATVEC,uint32_t,2,4096,32,32,66.240333,True
MATVEC,uint32_t,2,4096,64,8,151.105,True
MATVEC,uint32_t,2,4096,64,16,136.186667,True
MATVEC,uint32_t,2,4096,64,32,129.067333,True
MATVEC,uint32_t,2,4096,64,64,125.618333,True
MATVEC,uint32_t,2,4096,128,8,298.206667,True
MATVEC,uint32_t,2,4096,128,16,269.032333,True
MATVEC,uint32_t,2,4096,128,32,256.354333,True
MATVEC,uint32_t,2,4096,128,64,248.242,True
MATVEC,uint32_t,2,4096,128,128,244.173667,True
MATVEC,uint32_t,2,4096,256,8,593.222333,True
MATVEC,uint32_t,2,4096,256,16,534.702667,True
MATVEC,uint32_t,2,4096,256,32,512.397333,True
MATVEC,uint32_t,2,4096,256,64,492.301,True
MATVEC,uint32_t,2,4096,256,128,484.971333,True
MATVEC,uint32_t,2,4096,256,256,481.332667,True
MATVEC,uint32_t,2,4096,512,8,1182.571333,True
MATVEC,uint32_t,2,4096,512,16,1065.864,True
MATVEC,uint32_t,2,4096,512,32,1017.185333,True
MATVEC,uint32_t,2,4096,512,64,981.534667,True
MATVEC,uint32_t,2,4096,512,128,966.318333,True
MATVEC,uint32_t,2,4096,512,256,960.339,True
MATVEC,uint32_t,2,4096,1024,8,2361.464,True
MATVEC,uint32_t,2,4096,1024,16,2128.600667,True
MATVEC,uint32_t,2,4096,1024,32,2029.098,True
MATVEC,uint32_t,2,4096,1024,64,1959.111667,True
MATVEC,uint32_t,2,4096,1024,128,1929.507,True
MATVEC,uint32_t,2,4096,1024,256,1916.331,True
MATVEC,uint32_t,2,4096,2048,8,NA,False
MATVEC,uint32_t,2,4096,2048,16,NA,False
MATVEC,uint32_t,2,4096,2048,32,NA,False
MATVEC,uint32_t,2,4096,2048,64,NA,False
MATVEC,uint32_t,2,4096,2048,128,NA,False
MATVEC,uint32_t,2,4096,2048,256,NA,False
MATVEC,uint32_t,2,4096,4096,8,NA,False
MATVEC,uint32_t,2,4096,4096,16,NA,False
MATVEC,uint32_t,2,4096,4096,32,NA,False
MATVEC,uint32_t,2,4096,4096,64,NA,False
MATVEC,uint32_t,2,4096,4096,128,NA,False
MATVEC,uint32_t,2,4096,4096,256,NA,False
MATVEC,uint32_t,2,4096,8192,8,NA,False
MATVEC,uint32_t,2,4096,8192,16,NA,False
MATVEC,uint32_t,2,4096,8192,32,NA,False
MATVEC,uint32_t,2,4096,8192,64,NA,False
MATVEC,uint32_t,2,4096,8192,128,NA,False
MATVEC,uint32_t,2,4096,8192,256,NA,False
MATVEC,uint32_t,2,8192,16,8,80.156,True
MATVEC,uint32_t,2,8192,16,16,73.220333,True
MATVEC,uint32_t,2,8192,32,8,154.441,True
MATVEC,uint32_t,2,8192,32,16,139.524,True
MATVEC,uint32_t,2,8192,32,32,132.445333,True
MATVEC,uint32_t,2,8192,64,8,302.209333,True
MATVEC,uint32_t,2,8192,64,16,272.32,True
MATVEC,uint32_t,2,8192,64,32,257.996333,True
MATVEC,uint32_t,2,8192,64,64,251.077667,True
MATVEC,uint32_t,2,8192,128,8,596.494333,True
MATVEC,uint32_t,2,8192,128,16,538.047333,True
MATVEC,uint32_t,2,8192,128,32,512.496333,True
MATVEC,uint32_t,2,8192,128,64,496.397333,True
MATVEC,uint32_t,2,8192,128,128,488.278,True
MATVEC,uint32_t,2,8192,256,8,1186.158,True
MATVEC,uint32_t,2,8192,256,16,1069.274,True
MATVEC,uint32_t,2,8192,256,32,1024.599667,True
MATVEC,uint32_t,2,8192,256,64,984.483667,True
MATVEC,uint32_t,2,8192,256,128,969.883667,True
MATVEC,uint32_t,2,8192,256,256,962.524667,True
MATVEC,uint32_t,2,8192,512,8,2365.172333,True
MATVEC,uint32_t,2,8192,512,16,2131.689667,True
MATVEC,uint32_t,2,8192,512,32,2035.806,True
MATVEC,uint32_t,2,8192,512,64,1962.914667,True
MATVEC,uint32_t,2,8192,512,128,1932.561667,True
MATVEC,uint32_t,2,8192,512,256,1920.832333,True
MATVEC,uint32_t,2,8192,1024,8,NA,False
MATVEC,uint32_t,2,8192,1024,16,NA,False
MATVEC,uint32_t,2,8192,1024,32,NA,False
MATVEC,uint32_t,2,8192,1024,64,NA,False
MATVEC,uint32_t,2,8192,1024,128,NA,False
MATVEC,uint32_t,2,8192,1024,256,NA,False
MATVEC,uint32_t,2,8192,2048,8,NA,False
MATVEC,uint32_t,2,8192,2048,16,NA,False
MATVEC,uint32_t,2,8192,2048,32,NA,False
MATVEC,uint32_t,2,8192,2048,64,NA,False
MATVEC,uint32_t,2,8192,2048,128,NA,False
MATVEC,uint32_t,2,8192,2048,256,NA,False
MATVEC,uint32_t,2,8192,4096,8,NA,False
MATVEC,uint32_t,2,8192,4096,16,NA,False
MATVEC,uint32_t,2,8192,4096,32,NA,False
MATVEC,uint32_t,2,8192,4096,64,NA,False
MATVEC,uint32_t,2,8192,4096,128,NA,False
MATVEC,uint32_t,2,8192,4096,256,NA,False
MATVEC,uint32_t,2,8192,8192,8,NA,False
MATVEC,uint32_t,2,8192,8192,16,NA,False
MATVEC,uint32_t,2,8192,8192,32,NA,False
MATVEC,uint32_t,2,8192,8192,64,NA,False
MATVEC,uint32_t,2,8192,8192,128,NA,False
MATVEC,uint32_t,2,8192,8192,256,NA,False
MATVEC,uint32_t,4,16,16,8,0.212333,True
MATVEC,uint32_t,4,16,16,16,0.198222,True
MATVEC,uint32_t,4,16,32,8,0.358667,True
MATVEC,uint32_t,4,16,32,16,0.335333,True
MATVEC,uint32_t,4,16,32,32,0.322,True
MATVEC,uint32_t,4,16,64,8,0.66,True
MATVEC,uint32_t,4,16,64,16,0.594,True
MATVEC,uint32_t,4,16,64,32,0.572,True
MATVEC,uint32_t,4,16,64,64,0.559222,True
MATVEC,uint32_t,4,16,128,8,1.227,True
MATVEC,uint32_t,4,16,128,16,1.121667,True
MATVEC,uint32_t,4,16,128,32,1.066667,True
MATVEC,uint32_t,4,16,128,64,1.034667,True
MATVEC,uint32_t,4,16,128,128,1.015667,True
MATVEC,uint32_t,4,16,256,8,2.383,True
MATVEC,uint32_t,4,16,256,16,2.161,True
MATVEC,uint32_t,4,16,256,32,2.058667,True
MATVEC,uint32_t,4,16,256,64,1.991556,True
MATVEC,uint32_t,4,16,256,128,1.963333,True
MATVEC,uint32_t,4,16,256,256,1.966333,True
MATVEC,uint32_t,4,16,512,8,4.924667,True
MATVEC,uint32_t,4,16,512,16,4.235,True
MATVEC,uint32_t,4,16,512,32,4.077,True
MATVEC,uint32_t,4,16,512,64,3.903,True
MATVEC,uint32_t,4,16,512,128,3.995,True
MATVEC,uint32_t,4,16,512,256,3.832,True
MATVEC,uint32_t,4,16,1024,8,10.225,True
MATVEC,uint32_t,4,16,1024,16,8.402,True
MATVEC,uint32_t,4,16,1024,32,8.063667,True
MATVEC,uint32_t,4,16,1024,64,7.722000,True
MATVEC,uint32_t,4,16,1024,128,7.622667,True
MATVEC,uint32_t,4,16,1024,256,8.205667,True
MATVEC,uint32_t,4,16,2048,8,18.548333,True
MATVEC,uint32_t,4,16,2048,16,18.642,True
MATVEC,uint32_t,4,16,2048,32,17.165667,True
MATVEC,uint32_t,4,16,2048,64,15.369333,True
MATVEC,uint32_t,4,16,2048,128,15.146333,True
MATVEC,uint32_t,4,16,2048,256,15.130667,True
MATVEC,uint32_t,4,16,4096,8,36.987,True
MATVEC,uint32_t,4,16,4096,16,33.322667,True
MATVEC,uint32_t,4,16,4096,32,32.124333,True
MATVEC,uint32_t,4,16,4096,64,30.672667,True
MATVEC,uint32_t,4,16,4096,128,30.196,True
MATVEC,uint32_t,4,16,4096,256,29.989,True
MATVEC,uint32_t,4,16,8192,8,73.878333,True
MATVEC,uint32_t,4,16,8192,16,66.553667,True
MATVEC,uint32_t,4,16,8192,32,64.145667,True
MATVEC,uint32_t,4,16,8192,64,61.234,True
MATVEC,uint32_t,4,16,8192,128,60.300333,True
MATVEC,uint32_t,4,16,8192,256,59.919,True
MATVEC,uint32_t,4,32,16,8,0.374333,True
MATVEC,uint32_t,4,32,16,16,0.345667,True
MATVEC,uint32_t,4,32,32,8,0.669667,True
MATVEC,uint32_t,4,32,32,16,0.603333,True
MATVEC,uint32_t,4,32,32,32,0.580667,True
MATVEC,uint32_t,4,32,64,8,1.245667,True
MATVEC,uint32_t,4,32,64,16,1.126667,True
MATVEC,uint32_t,4,32,64,32,1.072667,True
MATVEC,uint32_t,4,32,64,64,1.047333,True
MATVEC,uint32_t,4,32,128,8,2.400333,True
MATVEC,uint32_t,4,32,128,16,2.165334,True
MATVEC,uint32_t,4,32,128,32,2.071667,True
MATVEC,uint32_t,4,32,128,64,2.004333,True
MATVEC,uint32_t,4,32,128,128,1.978667,True
MATVEC,uint32_t,4,32,256,8,4.712333,True
MATVEC,uint32_t,4,32,256,16,4.250667,True
MATVEC,uint32_t,4,32,256,32,4.063,True
MATVEC,uint32_t,4,32,256,64,3.918333,True
MATVEC,uint32_t,4,32,256,128,3.875333,True
MATVEC,uint32_t,4,32,256,256,3.852333,True
MATVEC,uint32_t,4,32,512,8,9.320667,True
MATVEC,uint32_t,4,32,512,16,8.405,True
MATVEC,uint32_t,4,32,512,32,8.331,True
MATVEC,uint32_t,4,32,512,64,7.742,True
MATVEC,uint32_t,4,32,512,128,7.631889,True
MATVEC,uint32_t,4,32,512,256,7.608333,True
MATVEC,uint32_t,4,32,1024,8,18.549667,True
MATVEC,uint32_t,4,32,1024,16,16.716667,True
MATVEC,uint32_t,4,32,1024,32,16.081,True
MATVEC,uint32_t,4,32,1024,64,17.036667,True
MATVEC,uint32_t,4,32,1024,128,15.165667,True
MATVEC,uint32_t,4,32,1024,256,15.058,True
MATVEC,uint32_t,4,32,2048,8,36.991,True
MATVEC,uint32_t,4,32,2048,16,33.698,True
MATVEC,uint32_t,4,32,2048,32,32.126333,True
MATVEC,uint32_t,4,32,2048,64,30.694667,True
MATVEC,uint32_t,4,32,2048,128,31.292667,True
MATVEC,uint32_t,4,32,2048,256,30.852333,True
MATVEC,uint32_t,4,32,4096,8,73.790667,True
MATVEC,uint32_t,4,32,4096,16,66.554667,True
MATVEC,uint32_t,4,32,4096,32,64.120667,True
MATVEC,uint32_t,4,32,4096,64,61.260333,True
MATVEC,uint32_t,4,32,4096,128,60.288667,True
MATVEC,uint32_t,4,32,4096,256,59.913,True
MATVEC,uint32_t,4,32,8192,8,147.670667,True
MATVEC,uint32_t,4,32,8192,16,133.004333,True
MATVEC,uint32_t,4,32,8192,32,128.188333,True
MATVEC,uint32_t,4,32,8192,64,122.380333,True
MATVEC,uint32_t,4,32,8192,128,120.481333,True
MATVEC,uint32_t,4,32,8192,256,119.681667,True
MATVEC,uint32_t,4,64,16,8,0.692667,True
MATVEC,uint32_t,4,64,16,16,0.644667,True
MATVEC,uint32_t,4,64,32,8,1.262333,True
MATVEC,uint32_t,4,64,32,16,1.167667,True
MATVEC,uint32_t,4,64,32,32,1.096667,True
MATVEC,uint32_t,4,64,64,8,2.425,True
MATVEC,uint32_t,4,64,64,16,2.204667,True
MATVEC,uint32_t,4,64,64,32,2.138667,True
MATVEC,uint32_t,4,64,64,64,2.024667,True
MATVEC,uint32_t,4,64,128,8,4.729667,True
MATVEC,uint32_t,4,64,128,16,4.284333,True
MATVEC,uint32_t,4,64,128,32,4.082,True
MATVEC,uint32_t,4,64,128,64,3.953667,True
MATVEC,uint32_t,4,64,128,128,3.906,True
MATVEC,uint32_t,4,64,256,8,9.335333,True
MATVEC,uint32_t,4,64,256,16,8.426445,True
MATVEC,uint32_t,4,64,256,32,8.099889,True
MATVEC,uint32_t,4,64,256,64,7.758778,True
MATVEC,uint32_t,4,64,256,128,7.663333,True
MATVEC,uint32_t,4,64,256,256,7.609667,True
MATVEC,uint32_t,4,64,512,8,18.573778,True
MATVEC,uint32_t,4,64,512,16,16.741667,True
MATVEC,uint32_t,4,64,512,32,17.383333,True
MATVEC,uint32_t,4,64,512,64,15.406889,True
MATVEC,uint32_t,4,64,512,128,15.186333,True
MATVEC,uint32_t,4,64,512,256,15.091333,True
MATVEC,uint32_t,4,64,1024,8,37.035,True
MATVEC,uint32_t,4,64,1024,16,33.374,True
MATVEC,uint32_t,4,64,1024,32,32.081667,True
MATVEC,uint32_t,4,64,1024,64,30.701333,True
MATVEC,uint32_t,4,64,1024,128,30.252667,True
MATVEC,uint32_t,4,64,1024,256,30.05,True
MATVEC,uint32_t,4,64,2048,8,73.887667,True
MATVEC,uint32_t,4,64,2048,16,66.586,True
MATVEC,uint32_t,4,64,2048,32,64.090333,True
MATVEC,uint32_t,4,64,2048,64,61.284333,True
MATVEC,uint32_t,4,64,2048,128,60.346,True
MATVEC,uint32_t,4,64,2048,256,59.935,True
MATVEC,uint32_t,4,64,4096,8,147.708667,True
MATVEC,uint32_t,4,64,4096,16,133.047333,True
MATVEC,uint32_t,4,64,4096,32,128.208667,True
MATVEC,uint32_t,4,64,4096,64,122.404333,True
MATVEC,uint32_t,4,64,4096,128,120.528667,True
MATVEC,uint32_t,4,64,4096,256,119.737667,True
MATVEC,uint32_t,4,64,8192,8,295.251333,True
MATVEC,uint32_t,4,64,8192,16,265.901,True
MATVEC,uint32_t,4,64,8192,32,256.226333,True
MATVEC,uint32_t,4,64,8192,64,244.640667,True
MATVEC,uint32_t,4,64,8192,128,240.861,True
MATVEC,uint32_t,4,64,8192,256,239.283,True
MATVEC,uint32_t,4,128,16,8,1.322667,True
MATVEC,uint32_t,4,128,16,16,1.208,True
MATVEC,uint32_t,4,128,32,8,2.476,True
MATVEC,uint32_t,4,128,32,16,2.257667,True
MATVEC,uint32_t,4,128,32,32,2.134667,True
MATVEC,uint32_t,4,128,64,8,4.806333,True
MATVEC,uint32_t,4,128,64,16,4.354667,True
MATVEC,uint32_t,4,128,64,32,4.279333,True
MATVEC,uint32_t,4,128,64,64,3.999,True
MATVEC,uint32_t,4,128,128,8,9.418,True
MATVEC,uint32_t,4,128,128,16,8.479667,True
MATVEC,uint32_t,4,128,128,32,8.079333,True
MATVEC,uint32_t,4,128,128,64,7.814333,True
MATVEC,uint32_t,4,128,128,128,7.699667,True
MATVEC,uint32_t,4,128,256,8,18.676667,True
MATVEC,uint32_t,4,128,256,16,16.781667,True
MATVEC,uint32_t,4,128,256,32,16.069333,True
MATVEC,uint32_t,4,128,256,64,15.446,True
MATVEC,uint32_t,4,128,256,128,15.214667,True
MATVEC,uint32_t,4,128,256,256,15.106333,True
MATVEC,uint32_t,4,128,512,8,37.063333,True
MATVEC,uint32_t,4,128,512,16,33.406333,True
MATVEC,uint32_t,4,128,512,32,32.014,True
MATVEC,uint32_t,4,128,512,64,30.768,True
MATVEC,uint32_t,4,128,512,128,30.286,True
MATVEC,uint32_t,4,128,512,256,30.127,True
MATVEC,uint32_t,4,128,1024,8,73.962,True
MATVEC,uint32_t,4,128,1024,16,67.468333,True
MATVEC,uint32_t,4,128,1024,32,64.048333,True
MATVEC,uint32_t,4,128,1024,64,61.282333,True
MATVEC,uint32_t,4,128,1024,128,60.362,True
MATVEC,uint32_t,4,128,1024,256,59.963333,True
MATVEC,uint32_t,4,128,2048,8,147.715,True
MATVEC,uint32_t,4,128,2048,16,133.116,True
MATVEC,uint32_t,4,128,2048,32,128.09,True
MATVEC,uint32_t,4,128,2048,64,122.456,True
MATVEC,uint32_t,4,128,2048,128,120.547667,True
MATVEC,uint32_t,4,128,2048,256,119.762,True
MATVEC,uint32_t,4,128,4096,8,295.321333,True
MATVEC,uint32_t,4,128,4096,16,265.966,True
MATVEC,uint32_t,4,128,4096,32,256.184,True
MATVEC,uint32_t,4,128,4096,64,244.617667,True
MATVEC,uint32_t,4,128,4096,128,240.830667,True
MATVEC,uint32_t,4,128,4096,256,239.295333,True
MATVEC,uint32_t,4,128,8192,8,590.289,True
MATVEC,uint32_t,4,128,8192,16,531.682333,True
MATVEC,uint32_t,4,128,8192,32,512.353667,True
MATVEC,uint32_t,4,128,8192,64,489.119333,True
MATVEC,uint32_t,4,128,8192,128,481.64,True
MATVEC,uint32_t,4,128,8192,256,478.456667,True
MATVEC,uint32_t,4,256,16,8,2.572,True
MATVEC,uint32_t,4,256,16,16,2.347333,True
MATVEC,uint32_t,4,256,32,8,4.885333,True
MATVEC,uint32_t,4,256,32,16,4.418667,True
MATVEC,uint32_t,4,256,32,32,4.194,True
MATVEC,uint32_t,4,256,64,8,9.484667,True
MATVEC,uint32_t,4,256,64,16,8.604333,True
MATVEC,uint32_t,4,256,64,32,8.124,True
MATVEC,uint32_t,4,256,64,64,7.912667,True
MATVEC,uint32_t,4,256,128,8,18.721667,True
MATVEC,uint32_t,4,256,128,16,16.914667,True
MATVEC,uint32_t,4,256,128,32,17.397333,True
MATVEC,uint32_t,4,256,128,64,15.602667,True
MATVEC,uint32_t,4,256,128,128,15.348667,True
MATVEC,uint32_t,4,256,256,8,37.219333,True
MATVEC,uint32_t,4,256,256,16,33.537667,True
MATVEC,uint32_t,4,256,256,32,32.096,True
MATVEC,uint32_t,4,256,256,64,30.832333,True
MATVEC,uint32_t,4,256,256,128,30.382333,True
MATVEC,uint32_t,4,256,256,256,30.149667,True
MATVEC,uint32_t,4,256,512,8,74.018333,True
MATVEC,uint32_t,4,256,512,16,66.717333,True
MATVEC,uint32_t,4,256,512,32,64.101333,True
MATVEC,uint32_t,4,256,512,64,61.433,True
MATVEC,uint32_t,4,256,512,128,60.552333,True
MATVEC,uint32_t,4,256,512,256,60.108667,True
MATVEC,uint32_t,4,256,1024,8,147.873,True
MATVEC,uint32_t,4,256,1024,16,133.154333,True
MATVEC,uint32_t,4,256,1024,32,127.943667,True
MATVEC,uint32_t,4,256,1024,64,122.499667,True
MATVEC,uint32_t,4,256,1024,128,120.68,True
MATVEC,uint32_t,4,256,1024,256,119.884667,True
MATVEC,uint32_t,4,256,2048,8,295.375667,True
MATVEC,uint32_t,4,256,2048,16,266.073333,True
MATVEC,uint32_t,4,256,2048,32,256.075,True
MATVEC,uint32_t,4,256,2048,64,244.781667,True
MATVEC,uint32_t,4,256,2048,128,241.035,True
MATVEC,uint32_t,4,256,2048,256,239.43,True
MATVEC,uint32_t,4,256,4096,8,590.481333,True
MATVEC,uint32_t,4,256,4096,16,532.044667,True
MATVEC,uint32_t,4,256,4096,32,512.225667,True
MATVEC,uint32_t,4,256,4096,64,489.276667,True
MATVEC,uint32_t,4,256,4096,128,481.698333,True
MATVEC,uint32_t,4,256,4096,256,478.556667,True
MATVEC,uint32_t,4,256,8192,8,1180.576667,True
MATVEC,uint32_t,4,256,8192,16,1063.205,True
MATVEC,uint32_t,4,256,8192,32,1024.532333,True
MATVEC,uint32_t,4,256,8192,64,978.182333,True
MATVEC,uint32_t,4,256,8192,128,963.129,True
MATVEC,uint32_t,4,256,8192,256,956.692667,True
MATVEC,uint32_t,4,512,16,8,5.096667,True
MATVEC,uint32_t,4,512,16,16,4.644667,True
MATVEC,uint32_t,4,512,32,8,9.712667,True
MATVEC,uint32_t,4,512,32,16,8.783778,True
MATVEC,uint32_t,4,512,32,32,8.330667,True
MATVEC,uint32_t,4,512,64,8,18.926,True
MATVEC,uint32_t,4,512,64,16,17.077,True
MATVEC,uint32_t,4,512,64,32,16.179333,True
MATVEC,uint32_t,4,512,64,64,15.767667,True
MATVEC,uint32_t,4,512,128,8,37.497333,True
MATVEC,uint32_t,4,512,128,16,33.734,True
MATVEC,uint32_t,4,512,128,32,32.132,True
MATVEC,uint32_t,4,512,128,64,32.988333,True
MATVEC,uint32_t,4,512,128,128,30.605333,True
MATVEC,uint32_t,4,512,256,8,74.301333,True
MATVEC,uint32_t,4,512,256,16,66.949667,True
MATVEC,uint32_t,4,512,256,32,64.152,True
MATVEC,uint32_t,4,512,256,64,61.645333,True
MATVEC,uint32_t,4,512,256,128,60.736667,True
MATVEC,uint32_t,4,512,256,256,60.259333,True
MATVEC,uint32_t,4,512,512,8,148.098,True
MATVEC,uint32_t,4,512,512,16,133.407333,True
MATVEC,uint32_t,4,512,512,32,127.777333,True
MATVEC,uint32_t,4,512,512,64,122.778333,True
MATVEC,uint32_t,4,512,512,128,120.89,True
MATVEC,uint32_t,4,512,512,256,120.154333,True
MATVEC,uint32_t,4,512,1024,8,295.644,True
MATVEC,uint32_t,4,512,1024,16,266.323333,True
MATVEC,uint32_t,4,512,1024,32,255.657,True
MATVEC,uint32_t,4,512,1024,64,244.975,True
MATVEC,uint32_t,4,512,1024,128,241.27,True
MATVEC,uint32_t,4,512,1024,256,239.652333,True
MATVEC,uint32_t,4,512,2048,8,590.668667,True
MATVEC,uint32_t,4,512,2048,16,532.015667,True
MATVEC,uint32_t,4,512,2048,32,511.956,True
MATVEC,uint32_t,4,512,2048,64,489.461,True
MATVEC,uint32_t,4,512,2048,128,481.889667,True
MATVEC,uint32_t,4,512,2048,256,478.748,True
MATVEC,uint32_t,4,512,4096,8,1180.957667,True
MATVEC,uint32_t,4,512,4096,16,1063.518,True
MATVEC,uint32_t,4,512,4096,32,1024.164667,True
MATVEC,uint32_t,4,512,4096,64,978.490667,True
MATVEC,uint32_t,4,512,4096,128,963.359667,True
MATVEC,uint32_t,4,512,4096,256,956.976,True
MATVEC,uint32_t,4,512,8192,8,NA,False
MATVEC,uint32_t,4,512,8192,16,NA,False
MATVEC,uint32_t,4,512,8192,32,NA,False
MATVEC,uint32_t,4,512,8192,64,NA,False
MATVEC,uint32_t,4,512,8192,128,NA,False
MATVEC,uint32_t,4,512,8192,256,NA,False
MATVEC,uint32_t,4,1024,16,8,10.133667,True
MATVEC,uint32_t,4,1024,16,16,9.218333,True
MATVEC,uint32_t,4,1024,32,8,19.403,True
MATVEC,uint32_t,4,1024,32,16,17.535,True
MATVEC,uint32_t,4,1024,32,32,18.107333,True
MATVEC,uint32_t,4,1024,64,8,37.875,True
MATVEC,uint32_t,4,1024,64,16,34.129667,True
MATVEC,uint32_t,4,1024,64,32,32.318,True
MATVEC,uint32_t,4,1024,64,64,31.454667,True
MATVEC,uint32_t,4,1024,128,8,74.763333,True
MATVEC,uint32_t,4,1024,128,16,67.359667,True
MATVEC,uint32_t,4,1024,128,32,64.134667,True
MATVEC,uint32_t,4,1024,128,64,62.131,True
MATVEC,uint32_t,4,1024,128,128,61.121667,True
MATVEC,uint32_t,4,1024,256,8,148.550333,True
MATVEC,uint32_t,4,1024,256,16,133.833,True
MATVEC,uint32_t,4,1024,256,32,128.194333,True
MATVEC,uint32_t,4,1024,256,64,123.165667,True
MATVEC,uint32_t,4,1024,256,128,121.336333,True
MATVEC,uint32_t,4,1024,256,256,120.83,True
MATVEC,uint32_t,4,1024,512,8,296.195,True
MATVEC,uint32_t,4,1024,512,16,266.720667,True
MATVEC,uint32_t,4,1024,512,32,255.616667,True
MATVEC,uint32_t,4,1024,512,64,245.462,True
MATVEC,uint32_t,4,1024,512,128,241.691333,True
MATVEC,uint32_t,4,1024,512,256,240.145333,True
MATVEC,uint32_t,4,1024,1024,8,591.206667,True
MATVEC,uint32_t,4,1024,1024,16,532.541667,True
MATVEC,uint32_t,4,1024,1024,32,511.149667,True
MATVEC,uint32_t,4,1024,1024,64,489.896333,True
MATVEC,uint32_t,4,1024,1024,128,482.458333,True
MATVEC,uint32_t,4,1024,1024,256,479.211667,True
MATVEC,uint32_t,4,1024,2048,8,1182.715333,True
MATVEC,uint32_t,4,1024,2048,16,1063.981667,True
MATVEC,uint32_t,4,1024,2048,32,1022.648667,True
MATVEC,uint32_t,4,1024,2048,64,979.010667,True
MATVEC,uint32_t,4,1024,2048,128,963.746333,True
MATVEC,uint32_t,4,1024,2048,256,957.340333,True
MATVEC,uint32_t,4,1024,4096,8,NA,False
MATVEC,uint32_t,4,1024,4096,16,NA,False
MATVEC,uint32_t,4,1024,4096,32,NA,False
MATVEC,uint32_t,4,1024,4096,64,NA,False
MATVEC,uint32_t,4,1024,4096,128,NA,False
MATVEC,uint32_t,4,1024,4096,256,NA,False
MATVEC,uint32_t,4,1024,8192,8,NA,False
MATVEC,uint32_t,4,1024,8192,16,NA,False
MATVEC,uint32_t,4,1024,8192,32,NA,False
MATVEC,uint32_t,4,1024,8192,64,NA,False
MATVEC,uint32_t,4,1024,8192,128,NA,False
MATVEC,uint32_t,4,1024,8192,256,NA,False
MATVEC,uint32_t,4,2048,16,8,20.229667,True
MATVEC,uint32_t,4,2048,16,16,20.261,True
MATVEC,uint32_t,4,2048,32,8,40.854667,True
MATVEC,uint32_t,4,2048,32,16,34.961,True
MATVEC,uint32_t,4,2048,32,32,33.179667,True
MATVEC,uint32_t,4,2048,64,8,75.752667,True
MATVEC,uint32_t,4,2048,64,16,68.172,True
MATVEC,uint32_t,4,2048,64,32,64.604333,True
MATVEC,uint32_t,4,2048,64,64,62.847333,True
MATVEC,uint32_t,4,2048,128,8,149.469,True
MATVEC,uint32_t,4,2048,128,16,134.694667,True
MATVEC,uint32_t,4,2048,128,32,128.203667,True
MATVEC,uint32_t,4,2048,128,64,124.18,True
MATVEC,uint32_t,4,2048,128,128,122.168667,True
MATVEC,uint32_t,4,2048,256,8,297.240333,True
MATVEC,uint32_t,4,2048,256,16,267.555667,True
MATVEC,uint32_t,4,2048,256,32,256.287667,True
MATVEC,uint32_t,4,2048,256,64,246.183,True
MATVEC,uint32_t,4,2048,256,128,242.576667,True
MATVEC,uint32_t,4,2048,256,256,240.737667,True
MATVEC,uint32_t,4,2048,512,8,592.115,True
MATVEC,uint32_t,4,2048,512,16,533.34,True
MATVEC,uint32_t,4,2048,512,32,511.256,True
MATVEC,uint32_t,4,2048,512,64,490.854333,True
MATVEC,uint32_t,4,2048,512,128,483.257333,True
MATVEC,uint32_t,4,2048,512,256,480.203,True
MATVEC,uint32_t,4,2048,1024,8,1182.391667,True
MATVEC,uint32_t,4,2048,1024,16,1064.974667,True
MATVEC,uint32_t,4,2048,1024,32,1020.942667,True
MATVEC,uint32_t,4,2048,1024,64,979.645,True
MATVEC,uint32_t,4,2048,1024,128,964.851667,True
MATVEC,uint32_t,4,2048,1024,256,958.340333,True
MATVEC,uint32_t,4,2048,2048,8,NA,False
MATVEC,uint32_t,4,2048,2048,16,NA,False
MATVEC,uint32_t,4,2048,2048,32,NA,False
MATVEC,uint32_t,4,2048,2048,64,NA,False
MATVEC,uint32_t,4,2048,2048,128,NA,False
MATVEC,uint32_t,4,2048,2048,256,NA,False
MATVEC,uint32_t,4,2048,4096,8,NA,False
MATVEC,uint32_t,4,2048,4096,16,NA,False
MATVEC,uint32_t,4,2048,4096,32,NA,False
MATVEC,uint32_t,4,2048,4096,64,NA,False
MATVEC,uint32_t,4,2048,4096,128,NA,False
MATVEC,uint32_t,4,2048,4096,256,NA,False
MATVEC,uint32_t,4,2048,8192,8,NA,False
MATVEC,uint32_t,4,2048,8192,16,NA,False
MATVEC,uint32_t,4,2048,8192,32,NA,False
MATVEC,uint32_t,4,2048,8192,64,NA,False
MATVEC,uint32_t,4,2048,8192,128,NA,False
MATVEC,uint32_t,4,2048,8192,256,NA,False
MATVEC,uint32_t,4,4096,16,8,40.277,True
MATVEC,uint32_t,4,4096,16,16,36.707,True
MATVEC,uint32_t,4,4096,32,8,77.444333,True
MATVEC,uint32_t,4,4096,32,16,69.831333,True
MATVEC,uint32_t,4,4096,32,32,66.275,True
MATVEC,uint32_t,4,4096,64,8,151.540333,True
MATVEC,uint32_t,4,4096,64,16,136.611667,True
MATVEC,uint32_t,4,4096,64,32,129.080333,True
MATVEC,uint32_t,4,4096,64,64,125.596667,True
MATVEC,uint32_t,4,4096,128,8,298.703333,True
MATVEC,uint32_t,4,4096,128,16,269.288,True
MATVEC,uint32_t,4,4096,128,32,256.301333,True
MATVEC,uint32_t,4,4096,128,64,248.271667,True
MATVEC,uint32_t,4,4096,128,128,244.182667,True
MATVEC,uint32_t,4,4096,256,8,594.720333,True
MATVEC,uint32_t,4,4096,256,16,535.057333,True
MATVEC,uint32_t,4,4096,256,32,512.477333,True
MATVEC,uint32_t,4,4096,256,64,492.321667,True
MATVEC,uint32_t,4,4096,256,128,485.079667,True
MATVEC,uint32_t,4,4096,256,256,481.311667,True
MATVEC,uint32_t,4,4096,512,8,1184.438667,True
MATVEC,uint32_t,4,4096,512,16,1066.604333,True
MATVEC,uint32_t,4,4096,512,32,1022.4,True
MATVEC,uint32_t,4,4096,512,64,981.553,True
MATVEC,uint32_t,4,4096,512,128,966.359333,True
MATVEC,uint32_t,4,4096,512,256,960.278333,True
MATVEC,uint32_t,4,4096,1024,8,NA,False
MATVEC,uint32_t,4,4096,1024,16,NA,False
MATVEC,uint32_t,4,4096,1024,32,NA,False
MATVEC,uint32_t,4,4096,1024,64,NA,False
MATVEC,uint32_t,4,4096,1024,128,NA,False
MATVEC,uint32_t,4,4096,1024,256,NA,False
MATVEC,uint32_t,4,4096,2048,8,NA,False
MATVEC,uint32_t,4,4096,2048,16,NA,False
MATVEC,uint32_t,4,4096,2048,32,NA,False
MATVEC,uint32_t,4,4096,2048,64,NA,False
MATVEC,uint32_t,4,4096,2048,128,NA,False
MATVEC,uint32_t,4,4096,2048,256,NA,False
MATVEC,uint32_t,4,4096,4096,8,NA,False
MATVEC,uint32_t,4,4096,4096,16,NA,False
MATVEC,uint32_t,4,4096,4096,32,NA,False
MATVEC,uint32_t,4,4096,4096,64,NA,False
MATVEC,uint32_t,4,4096,4096,128,NA,False
MATVEC,uint32_t,4,4096,4096,256,NA,False
MATVEC,uint32_t,4,4096,8192,8,NA,False
MATVEC,uint32_t,4,4096,8192,16,NA,False
MATVEC,uint32_t,4,4096,8192,32,NA,False
MATVEC,uint32_t,4,4096,8192,64,NA,False
MATVEC,uint32_t,4,4096,8192,128,NA,False
MATVEC,uint32_t,4,4096,8192,256,NA,False
MATVEC,uint32_t,4,8192,16,8,81.856,True
MATVEC,uint32_t,4,8192,16,16,73.320333,True
MATVEC,uint32_t,4,8192,32,8,154.716333,True
MATVEC,uint32_t,4,8192,32,16,139.607667,True
MATVEC,uint32_t,4,8192,32,32,132.490333,True
MATVEC,uint32_t,4,8192,64,8,303.274333,True
MATVEC,uint32_t,4,8192,64,16,272.376667,True
MATVEC,uint32_t,4,8192,64,32,258.082333,True
MATVEC,uint32_t,4,8192,64,64,251.086333,True
MATVEC,uint32_t,4,8192,128,8,597.763,True
MATVEC,uint32_t,4,8192,128,16,538.430667,True
MATVEC,uint32_t,4,8192,128,32,512.51,True
MATVEC,uint32_t,4,8192,128,64,496.438,True
MATVEC,uint32_t,4,8192,128,128,488.315,True
MATVEC,uint32_t,4,8192,256,8,1189.628667,True
MATVEC,uint32_t,4,8192,256,16,1069.982667,True
MATVEC,uint32_t,4,8192,256,32,1024.878,True
MATVEC,uint32_t,4,8192,256,64,984.584667,True
MATVEC,uint32_t,4,8192,256,128,970.137333,True
MATVEC,uint32_t,4,8192,256,256,962.883,True
MATVEC,uint32_t,4,8192,512,8,NA,False
MATVEC,uint32_t,4,8192,512,16,NA,False
MATVEC,uint32_t,4,8192,512,32,NA,False
MATVEC,uint32_t,4,8192,512,64,NA,False
MATVEC,uint32_t,4,8192,512,128,NA,False
MATVEC,uint32_t,4,8192,512,256,NA,False
MATVEC,uint32_t,4,8192,1024,8,NA,False
MATVEC,uint32_t,4,8192,1024,16,NA,False
MATVEC,uint32_t,4,8192,1024,32,NA,False
MATVEC,uint32_t,4,8192,1024,64,NA,False
MATVEC,uint32_t,4,8192,1024,128,NA,False
MATVEC,uint32_t,4,8192,1024,256,NA,False
MATVEC,uint32_t,4,8192,2048,8,NA,False
MATVEC,uint32_t,4,8192,2048,16,NA,False
MATVEC,uint32_t,4,8192,2048,32,NA,False
MATVEC,uint32_t,4,8192,2048,64,NA,False
MATVEC,uint32_t,4,8192,2048,128,NA,False
MATVEC,uint32_t,4,8192,2048,256,NA,False
MATVEC,uint32_t,4,8192,4096,8,NA,False
MATVEC,uint32_t,4,8192,4096,16,NA,False
MATVEC,uint32_t,4,8192,4096,32,NA,False
MATVEC,uint32_t,4,8192,4096,64,NA,False
MATVEC,uint32_t,4,8192,4096,128,NA,False
MATVEC,uint32_t,4,8192,4096,256,NA,False
MATVEC,uint32_t,4,8192,8192,8,NA,False
MATVEC,uint32_t,4,8192,8192,16,NA,False
MATVEC,uint32_t,4,8192,8192,32,NA,False
MATVEC,uint32_t,4,8192,8192,64,NA,False
MATVEC,uint32_t,4,8192,8192,128,NA,False
MATVEC,uint32_t,4,8192,8192,256,NA,False
MATVEC,uint32_t,8,16,16,8,0.217,True
MATVEC,uint32_t,8,16,16,16,0.206,True
MATVEC,uint32_t,8,16,32,8,0.374,True
MATVEC,uint32_t,8,16,32,16,0.341,True
MATVEC,uint32_t,8,16,32,32,0.326,True
MATVEC,uint32_t,8,16,64,8,0.660333,True
MATVEC,uint32_t,8,16,64,16,0.605667,True
MATVEC,uint32_t,8,16,64,32,0.571333,True
MATVEC,uint32_t,8,16,64,64,0.567,True
MATVEC,uint32_t,8,16,128,8,1.236333,True
MATVEC,uint32_t,8,16,128,16,1.126,True
MATVEC,uint32_t,8,16,128,32,1.072333,True
MATVEC,uint32_t,8,16,128,64,1.038667,True
MATVEC,uint32_t,8,16,128,128,1.032667,True
MATVEC,uint32_t,8,16,256,8,2.396,True
MATVEC,uint32_t,8,16,256,16,2.178,True
MATVEC,uint32_t,8,16,256,32,2.063333,True
MATVEC,uint32_t,8,16,256,64,2.105,True
MATVEC,uint32_t,8,16,256,128,1.972667,True
MATVEC,uint32_t,8,16,256,256,1.979333,True
MATVEC,uint32_t,8,16,512,8,4.728333,True
MATVEC,uint32_t,8,16,512,16,4.269667,True
MATVEC,uint32_t,8,16,512,32,4.067667,True
MATVEC,uint32_t,8,16,512,64,3.911333,True
MATVEC,uint32_t,8,16,512,128,3.861667,True
MATVEC,uint32_t,8,16,512,256,3.856333,True
MATVEC,uint32_t,8,16,1024,8,9.384667,True
MATVEC,uint32_t,8,16,1024,16,8.415,True
MATVEC,uint32_t,8,16,1024,32,8.083333,True
MATVEC,uint32_t,8,16,1024,64,7.745,True
MATVEC,uint32_t,8,16,1024,128,7.628,True
MATVEC,uint32_t,8,16,1024,256,7.599333,True
MATVEC,uint32_t,8,16,2048,8,18.630333,True
MATVEC,uint32_t,8,16,2048,16,16.734,True
MATVEC,uint32_t,8,16,2048,32,16.096,True
MATVEC,uint32_t,8,16,2048,64,15.377667,True
MATVEC,uint32_t,8,16,2048,128,15.153667,True
MATVEC,uint32_t,8,16,2048,256,15.067333,True
MATVEC,uint32_t,8,16,4096,8,37.218333,True
MATVEC,uint32_t,8,16,4096,16,33.368,True
MATVEC,uint32_t,8,16,4096,32,32.090667,True
MATVEC,uint32_t,8,16,4096,64,30.666,True
MATVEC,uint32_t,8,16,4096,128,30.198,True
MATVEC,uint32_t,8,16,4096,256,30.018667,True
MATVEC,uint32_t,8,16,8192,8,74.274667,True
MATVEC,uint32_t,8,16,8192,16,66.612333,True
MATVEC,uint32_t,8,16,8192,32,64.128667,True
MATVEC,uint32_t,8,16,8192,64,61.257333,True
MATVEC,uint32_t,8,16,8192,128,60.307333,True
MATVEC,uint32_t,8,16,8192,256,59.929667,True
MATVEC,uint32_t,8,32,16,8,0.379889,True
MATVEC,uint32_t,8,32,16,16,0.353,True
MATVEC,uint32_t,8,32,32,8,0.671333,True
MATVEC,uint32_t,8,32,32,16,0.611333,True
MATVEC,uint32_t,8,32,32,32,0.585333,True
MATVEC,uint32_t,8,32,64,8,1.253,True
MATVEC,uint32_t,8,32,64,16,1.141333,True
MATVEC,uint32_t,8,32,64,32,1.079333,True
MATVEC,uint32_t,8,32,64,64,1.069333,True
MATVEC,uint32_t,8,32,128,8,2.415333,True
MATVEC,uint32_t,8,32,128,16,2.182,True
MATVEC,uint32_t,8,32,128,32,2.083667,True
MATVEC,uint32_t,8,32,128,64,2.018333,True
MATVEC,uint32_t,8,32,128,128,1.991,True
MATVEC,uint32_t,8,32,256,8,4.745333,True
MATVEC,uint32_t,8,32,256,16,4.261667,True
MATVEC,uint32_t,8,32,256,32,4.069667,True
MATVEC,uint32_t,8,32,256,64,3.919333,True
MATVEC,uint32_t,8,32,256,128,3.873333,True
MATVEC,uint32_t,8,32,256,256,3.866667,True
MATVEC,uint32_t,8,32,512,8,9.379667,True
MATVEC,uint32_t,8,32,512,16,8.434333,True
MATVEC,uint32_t,8,32,512,32,8.068667,True
MATVEC,uint32_t,8,32,512,64,7.747667,True
MATVEC,uint32_t,8,32,512,128,7.64,True
MATVEC,uint32_t,8,32,512,256,7.608,True
MATVEC,uint32_t,8,32,1024,8,18.649667,True
MATVEC,uint32_t,8,32,1024,16,16.75,True
MATVEC,uint32_t,8,32,1024,32,16.074,True
MATVEC,uint32_t,8,32,1024,64,15.393,True
MATVEC,uint32_t,8,32,1024,128,15.162,True
MATVEC,uint32_t,8,32,1024,256,15.084,True
MATVEC,uint32_t,8,32,2048,8,37.214,True
MATVEC,uint32_t,8,32,2048,16,33.391667,True
MATVEC,uint32_t,8,32,2048,32,32.088,True
MATVEC,uint32_t,8,32,2048,64,30.691667,True
MATVEC,uint32_t,8,32,2048,128,30.217333,True
MATVEC,uint32_t,8,32,2048,256,30.029,True
MATVEC,uint32_t,8,32,4096,8,74.290667,True
MATVEC,uint32_t,8,32,4096,16,66.637,True
MATVEC,uint32_t,8,32,4096,32,64.123333,True
MATVEC,uint32_t,8,32,4096,64,61.277667,True
MATVEC,uint32_t,8,32,4096,128,60.313667,True
MATVEC,uint32_t,8,32,4096,256,59.914667,True
MATVEC,uint32_t,8,32,8192,8,148.617,True
MATVEC,uint32_t,8,32,8192,16,133.162333,True
MATVEC,uint32_t,8,32,8192,32,128.188,True
MATVEC,uint32_t,8,32,8192,64,122.462,True
MATVEC,uint32_t,8,32,8192,128,120.553667,True
MATVEC,uint32_t,8,32,8192,256,119.747333,True
MATVEC,uint32_t,8,64,16,8,0.704667,True
MATVEC,uint32_t,8,64,16,16,0.638,True
MATVEC,uint32_t,8,64,32,8,1.279333,True
MATVEC,uint32_t,8,64,32,16,1.161667,True
MATVEC,uint32_t,8,64,32,32,1.105333,True
MATVEC,uint32_t,8,64,64,8,2.454333,True
MATVEC,uint32_t,8,64,64,16,2.223,True
MATVEC,uint32_t,8,64,64,32,2.090333,True
MATVEC,uint32_t,8,64,64,64,2.120667,True
MATVEC,uint32_t,8,64,128,8,4.783667,True
MATVEC,uint32_t,8,64,128,16,4.311667,True
MATVEC,uint32_t,8,64,128,32,4.091333,True
MATVEC,uint32_t,8,64,128,64,3.952,True
MATVEC,uint32_t,8,64,128,128,3.9,True
MATVEC,uint32_t,8,64,256,8,9.435,True
MATVEC,uint32_t,8,64,256,16,8.473333,True
MATVEC,uint32_t,8,64,256,32,8.081667,True
MATVEC,uint32_t,8,64,256,64,7.776667,True
MATVEC,uint32_t,8,64,256,128,7.665,True
MATVEC,uint32_t,8,64,256,256,7.626,True
MATVEC,uint32_t,8,64,512,8,18.707667,True
MATVEC,uint32_t,8,64,512,16,16.786667,True
MATVEC,uint32_t,8,64,512,32,16.077667,True
MATVEC,uint32_t,8,64,512,64,15.420333,True
MATVEC,uint32_t,8,64,512,128,15.186,True
MATVEC,uint32_t,8,64,512,256,15.106,True
MATVEC,uint32_t,8,64,1024,8,37.224667,True
MATVEC,uint32_t,8,64,1024,16,33.409667,True
MATVEC,uint32_t,8,64,1024,32,32.083,True
MATVEC,uint32_t,8,64,1024,64,30.726,True
MATVEC,uint32_t,8,64,1024,128,30.235333,True
MATVEC,uint32_t,8,64,1024,256,30.067333,True
MATVEC,uint32_t,8,64,2048,8,74.335,True
MATVEC,uint32_t,8,64,2048,16,66.675,True
MATVEC,uint32_t,8,64,2048,32,64.107667,True
MATVEC,uint32_t,8,64,2048,64,61.293,True
MATVEC,uint32_t,8,64,2048,128,60.355,True
MATVEC,uint32_t,8,64,2048,256,59.967667,True
MATVEC,uint32_t,8,64,4096,8,148.461667,True
MATVEC,uint32_t,8,64,4096,16,133.216333,True
MATVEC,uint32_t,8,64,4096,32,128.155,True
MATVEC,uint32_t,8,64,4096,64,122.467667,True
MATVEC,uint32_t,8,64,4096,128,120.574,True
MATVEC,uint32_t,8,64,4096,256,119.767,True
MATVEC,uint32_t,8,64,8192,8,296.765333,True
MATVEC,uint32_t,8,64,8192,16,266.248,True
MATVEC,uint32_t,8,64,8192,32,256.251667,True
MATVEC,uint32_t,8,64,8192,64,244.842667,True
MATVEC,uint32_t,8,64,8192,128,240.995,True
MATVEC,uint32_t,8,64,8192,256,239.399333,True
MATVEC,uint32_t,8,128,16,8,1.337333,True
MATVEC,uint32_t,8,128,16,16,1.217667,True
MATVEC,uint32_t,8,128,32,8,2.497667,True
MATVEC,uint32_t,8,128,32,16,2.261,True
MATVEC,uint32_t,8,128,32,32,2.135333,True
MATVEC,uint32_t,8,128,64,8,4.835,True
MATVEC,uint32_t,8,128,64,16,4.357,True
MATVEC,uint32_t,8,128,64,32,4.103667,True
MATVEC,uint32_t,8,128,64,64,3.996333,True
MATVEC,uint32_t,8,128,128,8,9.51,True
MATVEC,uint32_t,8,128,128,16,8.51,True
MATVEC,uint32_t,8,128,128,32,8.116333,True
MATVEC,uint32_t,8,128,128,64,7.838667,True
MATVEC,uint32_t,8,128,128,128,7.716333,True
MATVEC,uint32_t,8,128,256,8,18.805333,True
MATVEC,uint32_t,8,128,256,16,16.864667,True
MATVEC,uint32_t,8,128,256,32,16.086667,True
MATVEC,uint32_t,8,128,256,64,15.466,True
MATVEC,uint32_t,8,128,256,128,15.248,True
MATVEC,uint32_t,8,128,256,256,15.146333,True
MATVEC,uint32_t,8,128,512,8,37.359333,True
MATVEC,uint32_t,8,128,512,16,33.474667,True
MATVEC,uint32_t,8,128,512,32,32.068333,True
MATVEC,uint32_t,8,128,512,64,30.768333,True
MATVEC,uint32_t,8,128,512,128,30.309333,True
MATVEC,uint32_t,8,128,512,256,30.114,True
MATVEC,uint32_t,8,128,1024,8,74.461,True
MATVEC,uint32_t,8,128,1024,16,66.764667,True
MATVEC,uint32_t,8,128,1024,32,64.109,True
MATVEC,uint32_t,8,128,1024,64,61.366,True
MATVEC,uint32_t,8,128,1024,128,60.408,True
MATVEC,uint32_t,8,128,1024,256,60.015,True
MATVEC,uint32_t,8,128,2048,8,148.607,True
MATVEC,uint32_t,8,128,2048,16,133.312333,True
MATVEC,uint32_t,8,128,2048,32,128.154,True
MATVEC,uint32_t,8,128,2048,64,122.535667,True
MATVEC,uint32_t,8,128,2048,128,120.605333,True
MATVEC,uint32_t,8,128,2048,256,119.837667,True
MATVEC,uint32_t,8,128,4096,8,297.05,True
MATVEC,uint32_t,8,128,4096,16,266.395333,True
MATVEC,uint32_t,8,128,4096,32,256.252333,True
MATVEC,uint32_t,8,128,4096,64,244.860333,True
MATVEC,uint32_t,8,128,4096,128,241.005667,True
MATVEC,uint32_t,8,128,4096,256,239.427333,True
MATVEC,uint32_t,8,128,8192,8,594.356667,True
MATVEC,uint32_t,8,128,8192,16,532.424,True
MATVEC,uint32_t,8,128,8192,32,512.444667,True
MATVEC,uint32_t,8,128,8192,64,489.464333,True
MATVEC,uint32_t,8,128,8192,128,481.857333,True
MATVEC,uint32_t,8,128,8192,256,478.717333,True
MATVEC,uint32_t,8,256,16,8,2.63,True
MATVEC,uint32_t,8,256,16,16,2.371,True
MATVEC,uint32_t,8,256,32,8,4.947,True
MATVEC,uint32_t,8,256,32,16,4.459,True
MATVEC,uint32_t,8,256,32,32,4.23,True
MATVEC,uint32_t,8,256,64,8,9.622,True
MATVEC,uint32_t,8,256,64,16,8.653333,True
MATVEC,uint32_t,8,256,64,32,8.149667,True
MATVEC,uint32_t,8,256,64,64,7.971,True
MATVEC,uint32_t,8,256,128,8,18.921667,True
MATVEC,uint32_t,8,256,128,16,16.934333,True
MATVEC,uint32_t,8,256,128,32,16.146,True
MATVEC,uint32_t,8,256,128,64,15.596333,True
MATVEC,uint32_t,8,256,128,128,15.349333,True
MATVEC,uint32_t,8,256,256,8,37.501333,True
MATVEC,uint32_t,8,256,256,16,33.672333,True
MATVEC,uint32_t,8,256,256,32,32.102667,True
MATVEC,uint32_t,8,256,256,64,30.875,True
MATVEC,uint32_t,8,256,256,128,30.413333,True
MATVEC,uint32_t,8,256,256,256,30.181333,True
MATVEC,uint32_t,8,256,512,8,74.617333,True
MATVEC,uint32_t,8,256,512,16,66.923333,True
MATVEC,uint32_t,8,256,512,32,64.094667,True
MATVEC,uint32_t,8,256,512,64,61.467333,True
MATVEC,uint32_t,8,256,512,128,60.523,True
MATVEC,uint32_t,8,256,512,256,60.153333,True
MATVEC,uint32_t,8,256,1024,8,148.855667,True
MATVEC,uint32_t,8,256,1024,16,133.520333,True
MATVEC,uint32_t,8,256,1024,32,128.125333,True
MATVEC,uint32_t,8,256,1024,64,122.624667,True
MATVEC,uint32_t,8,256,1024,128,120.723333,True
MATVEC,uint32_t,8,256,1024,256,119.936333,True
MATVEC,uint32_t,8,256,2048,8,297.269,True
MATVEC,uint32_t,8,256,2048,16,266.508667,True
MATVEC,uint32_t,8,256,2048,32,256.224,True
MATVEC,uint32_t,8,256,2048,64,244.947333,True
MATVEC,uint32_t,8,256,2048,128,241.204,True
MATVEC,uint32_t,8,256,2048,256,239.515333,True
MATVEC,uint32_t,8,256,4096,8,593.893333,True
MATVEC,uint32_t,8,256,4096,16,532.612333,True
MATVEC,uint32_t,8,256,4096,32,512.363333,True
MATVEC,uint32_t,8,256,4096,64,489.548333,True
MATVEC,uint32_t,8,256,4096,128,481.962667,True
MATVEC,uint32_t,8,256,4096,256,478.741,True
MATVEC,uint32_t,8,256,8192,8,NA,False
MATVEC,uint32_t,8,256,8192,16,NA,False
MATVEC,uint32_t,8,256,8192,32,NA,False
MATVEC,uint32_t,8,256,8192,64,NA,False
MATVEC,uint32_t,8,256,8192,128,NA,False
MATVEC,uint32_t,8,256,8192,256,NA,False
MATVEC,uint32_t,8,512,16,8,5.170333,True
MATVEC,uint32_t,8,512,16,16,4.670333,True
MATVEC,uint32_t,8,512,32,8,9.84,True
MATVEC,uint32_t,8,512,32,16,8.854333,True
MATVEC,uint32_t,8,512,32,32,8.437333,True
MATVEC,uint32_t,8,512,64,8,19.182667,True
MATVEC,uint32_t,8,512,64,16,17.245,True
MATVEC,uint32_t,8,512,64,32,16.210333,True
MATVEC,uint32_t,8,512,64,64,15.828,True
MATVEC,uint32_t,8,512,128,8,37.806,True
MATVEC,uint32_t,8,512,128,16,33.812,True
MATVEC,uint32_t,8,512,128,32,32.196,True
MATVEC,uint32_t,8,512,128,64,31.108667,True
MATVEC,uint32_t,8,512,128,128,30.616667,True
MATVEC,uint32_t,8,512,256,8,74.994,True
MATVEC,uint32_t,8,512,256,16,67.231333,True
MATVEC,uint32_t,8,512,256,32,64.129333,True
MATVEC,uint32_t,8,512,256,64,61.657,True
MATVEC,uint32_t,8,512,256,128,60.732667,True
MATVEC,uint32_t,8,512,256,256,60.293333,True
MATVEC,uint32_t,8,512,512,8,149.213,True
MATVEC,uint32_t,8,512,512,16,133.837667,True
MATVEC,uint32_t,8,512,512,32,128.119333,True
MATVEC,uint32_t,8,512,512,64,122.854,True
MATVEC,uint32_t,8,512,512,128,120.955333,True
MATVEC,uint32_t,8,512,512,256,120.213,True
MATVEC,uint32_t,8,512,1024,8,297.984333,True
MATVEC,uint32_t,8,512,1024,16,266.921,True
MATVEC,uint32_t,8,512,1024,32,256.161,True
MATVEC,uint32_t,8,512,1024,64,245.089,True
MATVEC,uint32_t,8,512,1024,128,241.317,True
MATVEC,uint32_t,8,512,1024,256,239.773667,True
MATVEC,uint32_t,8,512,2048,8,594.657,True
MATVEC,uint32_t,8,512,2048,16,532.846333,True
MATVEC,uint32_t,8,512,2048,32,512.416667,True
MATVEC,uint32_t,8,512,2048,64,489.737333,True
MATVEC,uint32_t,8,512,2048,128,482.194333,True
MATVEC,uint32_t,8,512,2048,256,478.890333,True
MATVEC,uint32_t,8,512,4096,8,NA,False
MATVEC,uint32_t,8,512,4096,16,NA,False
MATVEC,uint32_t,8,512,4096,32,NA,False
MATVEC,uint32_t,8,512,4096,64,NA,False
MATVEC,uint32_t,8,512,4096,128,NA,False
MATVEC,uint32_t,8,512,4096,256,NA,False
MATVEC,uint32_t,8,512,8192,8,NA,False
MATVEC,uint32_t,8,512,8192,16,NA,False
MATVEC,uint32_t,8,512,8192,32,NA,False
MATVEC,uint32_t,8,512,8192,64,NA,False
MATVEC,uint32_t,8,512,8192,128,NA,False
MATVEC,uint32_t,8,512,8192,256,NA,False
MATVEC,uint32_t,8,1024,16,8,10.27,True
MATVEC,uint32_t,8,1024,16,16,9.273667,True
MATVEC,uint32_t,8,1024,32,8,19.575,True
MATVEC,uint32_t,8,1024,32,16,17.637667,True
MATVEC,uint32_t,8,1024,32,32,16.645,True
MATVEC,uint32_t,8,1024,64,8,38.297333,True
MATVEC,uint32_t,8,1024,64,16,34.42,True
MATVEC,uint32_t,8,1024,64,32,32.368333,True
MATVEC,uint32_t,8,1024,64,64,31.494,True
MATVEC,uint32_t,8,1024,128,8,75.546,True
MATVEC,uint32_t,8,1024,128,16,67.525,True
MATVEC,uint32_t,8,1024,128,32,64.350667,True
MATVEC,uint32_t,8,1024,128,64,62.138,True
MATVEC,uint32_t,8,1024,128,128,61.142,True
MATVEC,uint32_t,8,1024,256,8,150.215667,True
MATVEC,uint32_t,8,1024,256,16,134.396333,True
MATVEC,uint32_t,8,1024,256,32,128.190333,True
MATVEC,uint32_t,8,1024,256,64,123.222667,True
MATVEC,uint32_t,8,1024,256,128,121.390667,True
MATVEC,uint32_t,8,1024,256,256,120.479667,True
MATVEC,uint32_t,8,1024,512,8,299.001,True
MATVEC,uint32_t,8,1024,512,16,267.498333,True
MATVEC,uint32_t,8,1024,512,32,256.106,True
MATVEC,uint32_t,8,1024,512,64,245.626333,True
MATVEC,uint32_t,8,1024,512,128,241.793333,True
MATVEC,uint32_t,8,1024,512,256,240.315667,True
MATVEC,uint32_t,8,1024,1024,8,595.789,True
MATVEC,uint32_t,8,1024,1024,16,533.598333,True
MATVEC,uint32_t,8,1024,1024,32,512.182333,True
MATVEC,uint32_t,8,1024,1024,64,490.234333,True
MATVEC,uint32_t,8,1024,1024,128,482.529,True
MATVEC,uint32_t,8,1024,1024,256,479.454,True
MATVEC,uint32_t,8,1024,2048,8,NA,False
MATVEC,uint32_t,8,1024,2048,16,NA,False
MATVEC,uint32_t,8,1024,2048,32,NA,False
MATVEC,uint32_t,8,1024,2048,64,NA,False
MATVEC,uint32_t,8,1024,2048,128,NA,False
MATVEC,uint32_t,8,1024,2048,256,NA,False
MATVEC,uint32_t,8,1024,4096,8,NA,False
MATVEC,uint32_t,8,1024,4096,16,NA,False
MATVEC,uint32_t,8,1024,4096,32,NA,False
MATVEC,uint32_t,8,1024,4096,64,NA,False
MATVEC,uint32_t,8,1024,4096,128,NA,False
MATVEC,uint32_t,8,1024,4096,256,NA,False
MATVEC,uint32_t,8,1024,8192,8,NA,False
MATVEC,uint32_t,8,1024,8192,16,NA,False
MATVEC,uint32_t,8,1024,8192,32,NA,False
MATVEC,uint32_t,8,1024,8192,64,NA,False
MATVEC,uint32_t,8,1024,8192,128,NA,False
MATVEC,uint32_t,8,1024,8192,256,NA,False
MATVEC,uint32_t,8,2048,16,8,20.471667,True
MATVEC,uint32_t,8,2048,16,16,18.499,True
MATVEC,uint32_t,8,2048,32,8,39.210333,True
MATVEC,uint32_t,8,2048,32,16,35.250667,True
MATVEC,uint32_t,8,2048,32,32,33.222667,True
MATVEC,uint32_t,8,2048,64,8,76.507333,True
MATVEC,uint32_t,8,2048,64,16,68.753333,True
MATVEC,uint32_t,8,2048,64,32,64.659333,True
MATVEC,uint32_t,8,2048,64,64,62.92,True
MATVEC,uint32_t,8,2048,128,8,151.169333,True
MATVEC,uint32_t,8,2048,128,16,135.044667,True
MATVEC,uint32_t,8,2048,128,32,128.561667,True
MATVEC,uint32_t,8,2048,128,64,124.184667,True
MATVEC,uint32_t,8,2048,128,128,122.207333,True
MATVEC,uint32_t,8,2048,256,8,300.474333,True
MATVEC,uint32_t,8,2048,256,16,268.747,True
MATVEC,uint32_t,8,2048,256,32,256.292667,True
MATVEC,uint32_t,8,2048,256,64,246.342,True
MATVEC,uint32_t,8,2048,256,128,242.723,True
MATVEC,uint32_t,8,2048,256,256,240.786,True
MATVEC,uint32_t,8,2048,512,8,598.328333,True
MATVEC,uint32_t,8,2048,512,16,534.850333,True
MATVEC,uint32_t,8,2048,512,32,512.160667,True
MATVEC,uint32_t,8,2048,512,64,491.167333,True
MATVEC,uint32_t,8,2048,512,128,483.528333,True
MATVEC,uint32_t,8,2048,512,256,480.517333,True
MATVEC,uint32_t,8,2048,1024,8,NA,False
MATVEC,uint32_t,8,2048,1024,16,NA,False
MATVEC,uint32_t,8,2048,1024,32,NA,False
MATVEC,uint32_t,8,2048,1024,64,NA,False
MATVEC,uint32_t,8,2048,1024,128,NA,False
MATVEC,uint32_t,8,2048,1024,256,NA,False
MATVEC,uint32_t,8,2048,2048,8,NA,False
MATVEC,uint32_t,8,2048,2048,16,NA,False
MATVEC,uint32_t,8,2048,2048,32,NA,False
MATVEC,uint32_t,8,2048,2048,64,NA,False
MATVEC,uint32_t,8,2048,2048,128,NA,False
MATVEC,uint32_t,8,2048,2048,256,NA,False
MATVEC,uint32_t,8,2048,4096,8,NA,False
MATVEC,uint32_t,8,2048,4096,16,NA,False
MATVEC,uint32_t,8,2048,4096,32,NA,False
MATVEC,uint32_t,8,2048,4096,64,NA,False
MATVEC,uint32_t,8,2048,4096,128,NA,False
MATVEC,uint32_t,8,2048,4096,256,NA,False
MATVEC,uint32_t,8,2048,8192,8,NA,False
MATVEC,uint32_t,8,2048,8192,16,NA,False
MATVEC,uint32_t,8,2048,8192,32,NA,False
MATVEC,uint32_t,8,2048,8192,64,NA,False
MATVEC,uint32_t,8,2048,8192,128,NA,False
MATVEC,uint32_t,8,2048,8192,256,NA,False
MATVEC,uint32_t,8,4096,16,8,40.874667,True
MATVEC,uint32_t,8,4096,16,16,36.938,True
MATVEC,uint32_t,8,4096,32,8,78.291,True
MATVEC,uint32_t,8,4096,32,16,70.449333,True
MATVEC,uint32_t,8,4096,32,32,66.343333,True
MATVEC,uint32_t,8,4096,64,8,153.059667,True
MATVEC,uint32_t,8,4096,64,16,137.451,True
MATVEC,uint32_t,8,4096,64,32,129.222667,True
MATVEC,uint32_t,8,4096,64,64,125.726,True
MATVEC,uint32_t,8,4096,128,8,302.471333,True
MATVEC,uint32_t,8,4096,128,16,269.978,True
MATVEC,uint32_t,8,4096,128,32,257.17,True
MATVEC,uint32_t,8,4096,128,64,248.270667,True
MATVEC,uint32_t,8,4096,128,128,244.343,True
MATVEC,uint32_t,8,4096,256,8,600.788333,True
MATVEC,uint32_t,8,4096,256,16,537.352,True
MATVEC,uint32_t,8,4096,256,32,512.486333,True
MATVEC,uint32_t,8,4096,256,64,492.611667,True
MATVEC,uint32_t,8,4096,256,128,485.345,True
MATVEC,uint32_t,8,4096,256,256,481.462,True
MATVEC,uint32_t,8,4096,512,8,NA,False
MATVEC,uint32_t,8,4096,512,16,NA,False
MATVEC,uint32_t,8,4096,512,32,NA,False
MATVEC,uint32_t,8,4096,512,64,NA,False
MATVEC,uint32_t,8,4096,512,128,NA,False
MATVEC,uint32_t,8,4096,512,256,NA,False
MATVEC,uint32_t,8,4096,1024,8,NA,False
MATVEC,uint32_t,8,4096,1024,16,NA,False
MATVEC,uint32_t,8,4096,1024,32,NA,False
MATVEC,uint32_t,8,4096,1024,64,NA,False
MATVEC,uint32_t,8,4096,1024,128,NA,False
MATVEC,uint32_t,8,4096,1024,256,NA,False
MATVEC,uint32_t,8,4096,2048,8,NA,False
MATVEC,uint32_t,8,4096,2048,16,NA,False
MATVEC,uint32_t,8,4096,2048,32,NA,False
MATVEC,uint32_t,8,4096,2048,64,NA,False
MATVEC,uint32_t,8,4096,2048,128,NA,False
MATVEC,uint32_t,8,4096,2048,256,NA,False
MATVEC,uint32_t,8,4096,4096,8,NA,False
MATVEC,uint32_t,8,4096,4096,16,NA,False
MATVEC,uint32_t,8,4096,4096,32,NA,False
MATVEC,uint32_t,8,4096,4096,64,NA,False
MATVEC,uint32_t,8,4096,4096,128,NA,False
MATVEC,uint32_t,8,4096,4096,256,NA,False
MATVEC,uint32_t,8,4096,8192,8,NA,False
MATVEC,uint32_t,8,4096,8192,16,NA,False
MATVEC,uint32_t,8,4096,8192,32,NA,False
MATVEC,uint32_t,8,4096,8192,64,NA,False
MATVEC,uint32_t,8,4096,8192,128,NA,False
MATVEC,uint32_t,8,4096,8192,256,NA,False
MATVEC,uint32_t,8,8192,16,8,81.662667,True
MATVEC,uint32_t,8,8192,16,16,73.751667,True
MATVEC,uint32_t,8,8192,32,8,156.540667,True
MATVEC,uint32_t,8,8192,32,16,140.814,True
MATVEC,uint32_t,8,8192,32,32,132.620333,True
MATVEC,uint32_t,8,8192,64,8,306.095,True
MATVEC,uint32_t,8,8192,64,16,274.719333,True
MATVEC,uint32_t,8,8192,64,32,258.398333,True
MATVEC,uint32_t,8,8192,64,64,251.351667,True
MATVEC,uint32_t,8,8192,128,8,604.855,True
MATVEC,uint32_t,8,8192,128,16,539.601333,True
MATVEC,uint32_t,8,8192,128,32,514.310667,True
MATVEC,uint32_t,8,8192,128,64,496.481667,True
MATVEC,uint32_t,8,8192,128,128,488.581667,True
MATVEC,uint32_t,8,8192,256,8,NA,False
MATVEC,uint32_t,8,8192,256,16,NA,False
MATVEC,uint32_t,8,8192,256,32,NA,False
MATVEC,uint32_t,8,8192,256,64,NA,False
MATVEC,uint32_t,8,8192,256,128,NA,False
MATVEC,uint32_t,8,8192,256,256,NA,False
MATVEC,uint32_t,8,8192,512,8,NA,False
MATVEC,uint32_t,8,8192,512,16,NA,False
MATVEC,uint32_t,8,8192,512,32,NA,False
MATVEC,uint32_t,8,8192,512,64,NA,False
MATVEC,uint32_t,8,8192,512,128,NA,False
MATVEC,uint32_t,8,8192,512,256,NA,False
MATVEC,uint32_t,8,8192,1024,8,NA,False
MATVEC,uint32_t,8,8192,1024,16,NA,False
MATVEC,uint32_t,8,8192,1024,32,NA,False
MATVEC,uint32_t,8,8192,1024,64,NA,False
MATVEC,uint32_t,8,8192,1024,128,NA,False
MATVEC,uint32_t,8,8192,1024,256,NA,False
MATVEC,uint32_t,8,8192,2048,8,NA,False
MATVEC,uint32_t,8,8192,2048,16,NA,False
MATVEC,uint32_t,8,8192,2048,32,NA,False
MATVEC,uint32_t,8,8192,2048,64,NA,False
MATVEC,uint32_t,8,8192,2048,128,NA,False
MATVEC,uint32_t,8,8192,2048,256,NA,False
MATVEC,uint32_t,8,8192,4096,8,NA,False
MATVEC,uint32_t,8,8192,4096,16,NA,False
MATVEC,uint32_t,8,8192,4096,32,NA,False
MATVEC,uint32_t,8,8192,4096,64,NA,False
MATVEC,uint32_t,8,8192,4096,128,NA,False
MATVEC,uint32_t,8,8192,4096,256,NA,False
MATVEC,uint32_t,8,8192,8192,8,NA,False
MATVEC,uint32_t,8,8192,8192,16,NA,False
MATVEC,uint32_t,8,8192,8192,32,NA,False
MATVEC,uint32_t,8,8192,8192,64,NA,False
MATVEC,uint32_t,8,8192,8192,128,NA,False
MATVEC,uint32_t,8,8192,8192,256,NA,False
MATVEC,uint32_t,16,16,16,8,0.293,True
MATVEC,uint32_t,16,16,16,16,0.276667,True
MATVEC,uint32_t,16,16,32,8,0.496333,True
MATVEC,uint32_t,16,16,32,16,0.459445,True
MATVEC,uint32_t,16,16,32,32,0.446667,True
MATVEC,uint32_t,16,16,64,8,0.885333,True
MATVEC,uint32_t,16,16,64,16,0.824333,True
MATVEC,uint32_t,16,16,64,32,0.789333,True
MATVEC,uint32_t,16,16,64,64,0.781667,True
MATVEC,uint32_t,16,16,128,8,1.671667,True
MATVEC,uint32_t,16,16,128,16,1.546333,True
MATVEC,uint32_t,16,16,128,32,1.488333,True
MATVEC,uint32_t,16,16,128,64,1.46,True
MATVEC,uint32_t,16,16,128,128,1.451333,True
MATVEC,uint32_t,16,16,256,8,3.236,True
MATVEC,uint32_t,16,16,256,16,2.982,True
MATVEC,uint32_t,16,16,256,32,2.861667,True
MATVEC,uint32_t,16,16,256,64,2.798667,True
MATVEC,uint32_t,16,16,256,128,2.779,True
MATVEC,uint32_t,16,16,256,256,NA,False
MATVEC,uint32_t,16,16,512,8,6.367,True
MATVEC,uint32_t,16,16,512,16,5.864667,True
MATVEC,uint32_t,16,16,512,32,5.619667,True
MATVEC,uint32_t,16,16,512,64,5.489667,True
MATVEC,uint32_t,16,16,512,128,5.446,True
MATVEC,uint32_t,16,16,512,256,NA,False
MATVEC,uint32_t,16,16,1024,8,12.63,True
MATVEC,uint32_t,16,16,1024,16,11.600667,True
MATVEC,uint32_t,16,16,1024,32,11.118333,True
MATVEC,uint32_t,16,16,1024,64,10.875667,True
MATVEC,uint32_t,16,16,1024,128,10.756667,True
MATVEC,uint32_t,16,16,1024,256,NA,False
MATVEC,uint32_t,16,16,2048,8,25.150333,True
MATVEC,uint32_t,16,16,2048,16,23.113333,True
MATVEC,uint32_t,16,16,2048,32,22.123,True
MATVEC,uint32_t,16,16,2048,64,21.625333,True
MATVEC,uint32_t,16,16,2048,128,21.390333,True
MATVEC,uint32_t,16,16,2048,256,NA,False
MATVEC,uint32_t,16,16,4096,8,50.19,True
MATVEC,uint32_t,16,16,4096,16,46.129333,True
MATVEC,uint32_t,16,16,4096,32,44.141,True
MATVEC,uint32_t,16,16,4096,64,43.140667,True
MATVEC,uint32_t,16,16,4096,128,42.656,True
MATVEC,uint32_t,16,16,4096,256,NA,False
MATVEC,uint32_t,16,16,8192,8,100.26,True
MATVEC,uint32_t,16,16,8192,16,92.152333,True
MATVEC,uint32_t,16,16,8192,32,88.155333,True
MATVEC,uint32_t,16,16,8192,64,86.181,True
MATVEC,uint32_t,16,16,8192,128,85.176333,True
MATVEC,uint32_t,16,16,8192,256,NA,False
MATVEC,uint32_t,16,32,16,8,0.517,True
MATVEC,uint32_t,16,32,16,16,0.476,True
MATVEC,uint32_t,16,32,32,8,0.902333,True
MATVEC,uint32_t,16,32,32,16,0.837333,True
MATVEC,uint32_t,16,32,32,32,0.817667,True
MATVEC,uint32_t,16,32,64,8,1.685,True
MATVEC,uint32_t,16,32,64,16,1.561333,True
MATVEC,uint32_t,16,32,64,32,1.499333,True
MATVEC,uint32_t,16,32,64,64,1.477,True
MATVEC,uint32_t,16,32,128,8,3.249667,True
MATVEC,uint32_t,16,32,128,16,3.0,True
MATVEC,uint32_t,16,32,128,32,2.872333,True
MATVEC,uint32_t,16,32,128,64,2.829667,True
MATVEC,uint32_t,16,32,128,128,2.798333,True
MATVEC,uint32_t,16,32,256,8,6.392333,True
MATVEC,uint32_t,16,32,256,16,5.882,True
MATVEC,uint32_t,16,32,256,32,5.63,True
MATVEC,uint32_t,16,32,256,64,5.512,True
MATVEC,uint32_t,16,32,256,128,5.467667,True
MATVEC,uint32_t,16,32,256,256,NA,False
MATVEC,uint32_t,16,32,512,8,12.638,True
MATVEC,uint32_t,16,32,512,16,11.63,True
MATVEC,uint32_t,16,32,512,32,11.139333,True
MATVEC,uint32_t,16,32,512,64,10.887667,True
MATVEC,uint32_t,16,32,512,128,10.770667,True
MATVEC,uint32_t,16,32,512,256,NA,False
MATVEC,uint32_t,16,32,1024,8,25.170333,True
MATVEC,uint32_t,16,32,1024,16,23.132667,True
MATVEC,uint32_t,16,32,1024,32,22.129667,True
MATVEC,uint32_t,16,32,1024,64,21.646,True
MATVEC,uint32_t,16,32,1024,128,21.409333,True
MATVEC,uint32_t,16,32,1024,256,NA,False
MATVEC,uint32_t,16,32,2048,8,50.198,True
MATVEC,uint32_t,16,32,2048,16,46.139333,True
MATVEC,uint32_t,16,32,2048,32,44.152,True
MATVEC,uint32_t,16,32,2048,64,43.166,True
MATVEC,uint32_t,16,32,2048,128,42.675333,True
MATVEC,uint32_t,16,32,2048,256,NA,False
MATVEC,uint32_t,16,32,4096,8,100.288,True
MATVEC,uint32_t,16,32,4096,16,92.167333,True
MATVEC,uint32_t,16,32,4096,32,88.200667,True
MATVEC,uint32_t,16,32,4096,64,86.209333,True
MATVEC,uint32_t,16,32,4096,128,85.227667,True
MATVEC,uint32_t,16,32,4096,256,NA,False
MATVEC,uint32_t,16,32,8192,8,200.396,True
MATVEC,uint32_t,16,32,8192,16,184.225,True
MATVEC,uint32_t,16,32,8192,32,176.202667,True
MATVEC,uint32_t,16,32,8192,64,172.239667,True
MATVEC,uint32_t,16,32,8192,128,170.251,True
MATVEC,uint32_t,16,32,8192,256,NA,False
MATVEC,uint32_t,16,64,16,8,0.938333,True
MATVEC,uint32_t,16,64,16,16,0.874667,True
MATVEC,uint32_t,16,64,32,8,1.732333,True
MATVEC,uint32_t,16,64,32,16,1.599,True
MATVEC,uint32_t,16,64,32,32,1.534667,True
MATVEC,uint32_t,16,64,64,8,3.293,True
MATVEC,uint32_t,16,64,64,16,3.047,True
MATVEC,uint32_t,16,64,64,32,2.911,True
MATVEC,uint32_t,16,64,64,64,2.856333,True
MATVEC,uint32_t,16,64,128,8,6.420333,True
MATVEC,uint32_t,16,64,128,16,5.921333,True
MATVEC,uint32_t,16,64,128,32,5.671667,True
MATVEC,uint32_t,16,64,128,64,5.55,True
MATVEC,uint32_t,16,64,128,128,5.493,True
MATVEC,uint32_t,16,64,256,8,12.671667,True
MATVEC,uint32_t,16,64,256,16,11.665667,True
MATVEC,uint32_t,16,64,256,32,11.170667,True
MATVEC,uint32_t,16,64,256,64,10.928333,True
MATVEC,uint32_t,16,64,256,128,10.809,True
MATVEC,uint32_t,16,64,256,256,NA,False
MATVEC,uint32_t,16,64,512,8,25.195667,True
MATVEC,uint32_t,16,64,512,16,23.174333,True
MATVEC,uint32_t,16,64,512,32,22.169667,True
MATVEC,uint32_t,16,64,512,64,21.687667,True
MATVEC,uint32_t,16,64,512,128,21.434667,True
MATVEC,uint32_t,16,64,512,256,NA,False
MATVEC,uint32_t,16,64,1024,8,50.234,True
MATVEC,uint32_t,16,64,1024,16,46.175333,True
MATVEC,uint32_t,16,64,1024,32,44.194333,True
MATVEC,uint32_t,16,64,1024,64,43.201,True
MATVEC,uint32_t,16,64,1024,128,42.714333,True
MATVEC,uint32_t,16,64,1024,256,NA,False
MATVEC,uint32_t,16,64,2048,8,100.308667,True
MATVEC,uint32_t,16,64,2048,16,92.206,True
MATVEC,uint32_t,16,64,2048,32,88.25,True
MATVEC,uint32_t,16,64,2048,64,86.24,True
MATVEC,uint32_t,16,64,2048,128,85.257667,True
MATVEC,uint32_t,16,64,2048,256,NA,False
MATVEC,uint32_t,16,64,4096,8,200.478333,True
MATVEC,uint32_t,16,64,4096,16,184.258333,True
MATVEC,uint32_t,16,64,4096,32,176.290333,True
MATVEC,uint32_t,16,64,4096,64,172.301667,True
MATVEC,uint32_t,16,64,4096,128,170.315667,True
MATVEC,uint32_t,16,64,4096,256,NA,False
MATVEC,uint32_t,16,64,8192,8,400.771,True
MATVEC,uint32_t,16,64,8192,16,368.316,True
MATVEC,uint32_t,16,64,8192,32,352.306667,True
MATVEC,uint32_t,16,64,8192,64,344.401667,True
MATVEC,uint32_t,16,64,8192,128,340.446,True
MATVEC,uint32_t,16,64,8192,256,NA,False
MATVEC,uint32_t,16,128,16,8,1.808,True
MATVEC,uint32_t,16,128,16,16,1.671667,True
MATVEC,uint32_t,16,128,32,8,3.381333,True
MATVEC,uint32_t,16,128,32,16,3.112,True
MATVEC,uint32_t,16,128,32,32,2.984667,True
MATVEC,uint32_t,16,128,64,8,6.502,True
MATVEC,uint32_t,16,128,64,16,6.004667,True
MATVEC,uint32_t,16,128,64,32,5.742333,True
MATVEC,uint32_t,16,128,64,64,5.63,True
MATVEC,uint32_t,16,128,128,8,12.752667,True
MATVEC,uint32_t,16,128,128,16,11.747667,True
MATVEC,uint32_t,16,128,128,32,11.245333,True
MATVEC,uint32_t,16,128,128,64,10.994333,True
MATVEC,uint32_t,16,128,128,128,10.889667,True
MATVEC,uint32_t,16,128,256,8,25.282333,True
MATVEC,uint32_t,16,128,256,16,23.252333,True
MATVEC,uint32_t,16,128,256,32,22.250333,True
MATVEC,uint32_t,16,128,256,64,21.763333,True
MATVEC,uint32_t,16,128,256,128,21.517333,True
MATVEC,uint32_t,16,128,256,256,NA,False
MATVEC,uint32_t,16,128,512,8,50.318333,True
MATVEC,uint32_t,16,128,512,16,46.262667,True
MATVEC,uint32_t,16,128,512,32,44.262667,True
MATVEC,uint32_t,16,128,512,64,43.272667,True
MATVEC,uint32_t,16,128,512,128,42.787333,True
MATVEC,uint32_t,16,128,512,256,NA,False
MATVEC,uint32_t,16,128,1024,8,100.405333,True
MATVEC,uint32_t,16,128,1024,16,92.28,True
MATVEC,uint32_t,16,128,1024,32,88.317667,True
MATVEC,uint32_t,16,128,1024,64,86.321,True
MATVEC,uint32_t,16,128,1024,128,85.319667,True
MATVEC,uint32_t,16,128,1024,256,NA,False
MATVEC,uint32_t,16,128,2048,8,200.526,True
MATVEC,uint32_t,16,128,2048,16,184.329667,True
MATVEC,uint32_t,16,128,2048,32,176.370333,True
MATVEC,uint32_t,16,128,2048,64,172.373333,True
MATVEC,uint32_t,16,128,2048,128,170.376667,True
MATVEC,uint32_t,16,128,2048,256,NA,False
MATVEC,uint32_t,16,128,4096,8,400.895,True
MATVEC,uint32_t,16,128,4096,16,368.360333,True
MATVEC,uint32_t,16,128,4096,32,352.432667,True
MATVEC,uint32_t,16,128,4096,64,344.473333,True
MATVEC,uint32_t,16,128,4096,128,340.497667,True
MATVEC,uint32_t,16,128,4096,256,NA,False
MATVEC,uint32_t,16,128,8192,8,NA,False
MATVEC,uint32_t,16,128,8192,16,NA,False
MATVEC,uint32_t,16,128,8192,32,NA,False
MATVEC,uint32_t,16,128,8192,64,NA,False
MATVEC,uint32_t,16,128,8192,128,NA,False
MATVEC,uint32_t,16,128,8192,256,NA,False
MATVEC,uint32_t,16,256,16,8,3.521333,True
MATVEC,uint32_t,16,256,16,16,3.255333,True
MATVEC,uint32_t,16,256,32,8,6.665,True
MATVEC,uint32_t,16,256,32,16,6.145333,True
MATVEC,uint32_t,16,256,32,32,5.89,True
MATVEC,uint32_t,16,256,64,8,12.918,True
MATVEC,uint32_t,16,256,64,16,11.900333,True
MATVEC,uint32_t,16,256,64,32,11.398667,True
MATVEC,uint32_t,16,256,64,64,11.149,True
MATVEC,uint32_t,16,256,128,8,25.423,True
MATVEC,uint32_t,16,256,128,16,23.411,True
MATVEC,uint32_t,16,256,128,32,22.398667,True
MATVEC,uint32_t,16,256,128,64,21.904667,True
MATVEC,uint32_t,16,256,128,128,21.660333,True
MATVEC,uint32_t,16,256,256,8,50.480667,True
MATVEC,uint32_t,16,256,256,16,46.410333,True
MATVEC,uint32_t,16,256,256,32,44.419667,True
MATVEC,uint32_t,16,256,256,64,43.422,True
MATVEC,uint32_t,16,256,256,128,42.927333,True
MATVEC,uint32_t,16,256,256,256,NA,False
MATVEC,uint32_t,16,256,512,8,100.535333,True
MATVEC,uint32_t,16,256,512,16,92.445667,True
MATVEC,uint32_t,16,256,512,32,88.459,True
MATVEC,uint32_t,16,256,512,64,86.454333,True
MATVEC,uint32_t,16,256,512,128,85.471667,True
MATVEC,uint32_t,16,256,512,256,NA,False
MATVEC,uint32_t,16,256,1024,8,200.683333,True
MATVEC,uint32_t,16,256,1024,16,184.482667,True
MATVEC,uint32_t,16,256,1024,32,176.493,True
MATVEC,uint32_t,16,256,1024,64,172.491,True
MATVEC,uint32_t,16,256,1024,128,170.526333,True
MATVEC,uint32_t,16,256,1024,256,NA,False
MATVEC,uint32_t,16,256,2048,8,401.03,True
MATVEC,uint32_t,16,256,2048,16,368.506667,True
MATVEC,uint32_t,16,256,2048,32,352.610333,True
MATVEC,uint32_t,16,256,2048,64,344.579667,True
MATVEC,uint32_t,16,256,2048,128,340.642667,True
MATVEC,uint32_t,16,256,2048,256,NA,False
MATVEC,uint32_t,16,256,4096,8,NA,False
MATVEC,uint32_t,16,256,4096,16,NA,False
MATVEC,uint32_t,16,256,4096,32,NA,False
MATVEC,uint32_t,16,256,4096,64,NA,False
MATVEC,uint32_t,16,256,4096,128,NA,False
MATVEC,uint32_t,16,256,4096,256,NA,False
MATVEC,uint32_t,16,256,8192,8,NA,False
MATVEC,uint32_t,16,256,8192,16,NA,False
MATVEC,uint32_t,16,256,8192,32,NA,False
MATVEC,uint32_t,16,256,8192,64,NA,False
MATVEC,uint32_t,16,256,8192,128,NA,False
MATVEC,uint32_t,16,256,8192,256,NA,False
MATVEC,uint32_t,16,512,16,8,6.963667,True
MATVEC,uint32_t,16,512,16,16,6.439,True
MATVEC,uint32_t,16,512,32,8,13.228333,True
MATVEC,uint32_t,16,512,32,16,12.198,True
MATVEC,uint32_t,16,512,32,32,11.684,True
MATVEC,uint32_t,16,512,64,8,25.751667,True
MATVEC,uint32_t,16,512,64,16,23.696333,True
MATVEC,uint32_t,16,512,64,32,22.697,True
MATVEC,uint32_t,16,512,64,64,22.198333,True
MATVEC,uint32_t,16,512,128,8,50.795667,True
MATVEC,uint32_t,16,512,128,16,46.723333,True
MATVEC,uint32_t,16,512,128,32,44.735,True
MATVEC,uint32_t,16,512,128,64,43.705667,True
MATVEC,uint32_t,16,512,128,128,43.222,True
MATVEC,uint32_t,16,512,256,8,100.886667,True
MATVEC,uint32_t,16,512,256,16,92.747333,True
MATVEC,uint32_t,16,512,256,32,88.771333,True
MATVEC,uint32_t,16,512,256,64,86.767333,True
MATVEC,uint32_t,16,512,256,128,85.76,True
MATVEC,uint32_t,16,512,256,256,NA,False
MATVEC,uint32_t,16,512,512,8,200.995,True
MATVEC,uint32_t,16,512,512,16,184.797,True
MATVEC,uint32_t,16,512,512,32,176.819667,True
MATVEC,uint32_t,16,512,512,64,172.785333,True
MATVEC,uint32_t,16,512,512,128,170.805333,True
MATVEC,uint32_t,16,512,512,256,NA,False
MATVEC,uint32_t,16,512,1024,8,401.340333,True
MATVEC,uint32_t,16,512,1024,16,368.839667,True
MATVEC,uint32_t,16,512,1024,32,352.930667,True
MATVEC,uint32_t,16,512,1024,64,344.853333,True
MATVEC,uint32_t,16,512,1024,128,340.967667,True
MATVEC,uint32_t,16,512,1024,256,NA,False
MATVEC,uint32_t,16,512,2048,8,NA,False
MATVEC,uint32_t,16,512,2048,16,NA,False
MATVEC,uint32_t,16,512,2048,32,NA,False
MATVEC,uint32_t,16,512,2048,64,NA,False
MATVEC,uint32_t,16,512,2048,128,NA,False
MATVEC,uint32_t,16,512,2048,256,NA,False
MATVEC,uint32_t,16,512,4096,8,NA,False
MATVEC,uint32_t,16,512,4096,16,NA,False
MATVEC,uint32_t,16,512,4096,32,NA,False
MATVEC,uint32_t,16,512,4096,64,NA,False
MATVEC,uint32_t,16,512,4096,128,NA,False
MATVEC,uint32_t,16,512,4096,256,NA,False
MATVEC,uint32_t,16,512,8192,8,NA,False
MATVEC,uint32_t,16,512,8192,16,NA,False
MATVEC,uint32_t,16,512,8192,32,NA,False
MATVEC,uint32_t,16,512,8192,64,NA,False
MATVEC,uint32_t,16,512,8192,128,NA,False
MATVEC,uint32_t,16,512,8192,256,NA,False
MATVEC,uint32_t,16,1024,16,8,13.826,True
MATVEC,uint32_t,16,1024,16,16,12.781,True
MATVEC,uint32_t,16,1024,32,8,26.370667,True
MATVEC,uint32_t,16,1024,32,16,24.298,True
MATVEC,uint32_t,16,1024,32,32,23.285333,True
MATVEC,uint32_t,16,1024,64,8,51.419,True
MATVEC,uint32_t,16,1024,64,16,47.306667,True
MATVEC,uint32_t,16,1024,64,32,45.31,True
MATVEC,uint32_t,16,1024,64,64,44.315667,True
MATVEC,uint32_t,16,1024,128,8,101.525667,True
MATVEC,uint32_t,16,1024,128,16,93.317333,True
MATVEC,uint32_t,16,1024,128,32,89.361333,True
MATVEC,uint32_t,16,1024,128,64,87.354333,True
MATVEC,uint32_t,16,1024,128,128,86.357,True
MATVEC,uint32_t,16,1024,256,8,201.654667,True
MATVEC,uint32_t,16,1024,256,16,185.381667,True
MATVEC,uint32_t,16,1024,256,32,177.409667,True
MATVEC,uint32_t,16,1024,256,64,173.389333,True
MATVEC,uint32_t,16,1024,256,128,171.414667,True
MATVEC,uint32_t,16,1024,256,256,NA,False
MATVEC,uint32_t,16,1024,512,8,401.909,True
MATVEC,uint32_t,16,1024,512,16,369.404333,True
MATVEC,uint32_t,16,1024,512,32,353.499667,True
MATVEC,uint32_t,16,1024,512,64,345.514333,True
MATVEC,uint32_t,16,1024,512,128,341.482333,True
MATVEC,uint32_t,16,1024,512,256,NA,False
MATVEC,uint32_t,16,1024,1024,8,NA,False
MATVEC,uint32_t,16,1024,1024,16,NA,False
MATVEC,uint32_t,16,1024,1024,32,NA,False
MATVEC,uint32_t,16,1024,1024,64,NA,False
MATVEC,uint32_t,16,1024,1024,128,NA,False
MATVEC,uint32_t,16,1024,1024,256,NA,False
MATVEC,uint32_t,16,1024,2048,8,NA,False
MATVEC,uint32_t,16,1024,2048,16,NA,False
MATVEC,uint32_t,16,1024,2048,32,NA,False
MATVEC,uint32_t,16,1024,2048,64,NA,False
MATVEC,uint32_t,16,1024,2048,128,NA,False
MATVEC,uint32_t,16,1024,2048,256,NA,False
MATVEC,uint32_t,16,1024,4096,8,NA,False
MATVEC,uint32_t,16,1024,4096,16,NA,False
MATVEC,uint32_t,16,1024,4096,32,NA,False
MATVEC,uint32_t,16,1024,4096,64,NA,False
MATVEC,uint32_t,16,1024,4096,128,NA,False
MATVEC,uint32_t,16,1024,4096,256,NA,False
MATVEC,uint32_t,16,1024,8192,8,NA,False
MATVEC,uint32_t,16,1024,8192,16,NA,False
MATVEC,uint32_t,16,1024,8192,32,NA,False
MATVEC,uint32_t,16,1024,8192,64,NA,False
MATVEC,uint32_t,16,1024,8192,128,NA,False
MATVEC,uint32_t,16,1024,8192,256,NA,False
MATVEC,uint32_t,16,2048,16,8,27.569333,True
MATVEC,uint32_t,16,2048,16,16,25.476333,True
MATVEC,uint32_t,16,2048,32,8,52.639,True
MATVEC,uint32_t,16,2048,32,16,48.504333,True
MATVEC,uint32_t,16,2048,32,32,46.481333,True
MATVEC,uint32_t,16,2048,64,8,102.747333,True
MATVEC,uint32_t,16,2048,64,16,94.536,True
MATVEC,uint32_t,16,2048,64,32,90.542,True
MATVEC,uint32_t,16,2048,64,64,88.507667,True
MATVEC,uint32_t,16,2048,128,8,202.857333,True
MATVEC,uint32_t,16,2048,128,16,186.587667,True
MATVEC,uint32_t,16,2048,128,32,178.588,True
MATVEC,uint32_t,16,2048,128,64,174.548667,True
MATVEC,uint32_t,16,2048,128,128,172.553333,True
MATVEC,uint32_t,16,2048,256,8,403.161667,True
MATVEC,uint32_t,16,2048,256,16,370.651,True
MATVEC,uint32_t,16,2048,256,32,354.736,True
MATVEC,uint32_t,16,2048,256,64,346.688,True
MATVEC,uint32_t,16,2048,256,128,342.721333,True
MATVEC,uint32_t,16,2048,256,256,NA,False
MATVEC,uint32_t,16,2048,512,8,NA,False
MATVEC,uint32_t,16,2048,512,16,NA,False
MATVEC,uint32_t,16,2048,512,32,NA,False
MATVEC,uint32_t,16,2048,512,64,NA,False
MATVEC,uint32_t,16,2048,512,128,NA,False
MATVEC,uint32_t,16,2048,512,256,NA,False
MATVEC,uint32_t,16,2048,1024,8,NA,False
MATVEC,uint32_t,16,2048,1024,16,NA,False
MATVEC,uint32_t,16,2048,1024,32,NA,False
MATVEC,uint32_t,16,2048,1024,64,NA,False
MATVEC,uint32_t,16,2048,1024,128,NA,False
MATVEC,uint32_t,16,2048,1024,256,NA,False
MATVEC,uint32_t,16,2048,2048,8,NA,False
MATVEC,uint32_t,16,2048,2048,16,NA,False
MATVEC,uint32_t,16,2048,2048,32,NA,False
MATVEC,uint32_t,16,2048,2048,64,NA,False
MATVEC,uint32_t,16,2048,2048,128,NA,False
MATVEC,uint32_t,16,2048,2048,256,NA,False
MATVEC,uint32_t,16,2048,4096,8,NA,False
MATVEC,uint32_t,16,2048,4096,16,NA,False
MATVEC,uint32_t,16,2048,4096,32,NA,False
MATVEC,uint32_t,16,2048,4096,64,NA,False
MATVEC,uint32_t,16,2048,4096,128,NA,False
MATVEC,uint32_t,16,2048,4096,256,NA,False
MATVEC,uint32_t,16,2048,8192,8,NA,False
MATVEC,uint32_t,16,2048,8192,16,NA,False
MATVEC,uint32_t,16,2048,8192,32,NA,False
MATVEC,uint32_t,16,2048,8192,64,NA,False
MATVEC,uint32_t,16,2048,8192,128,NA,False
MATVEC,uint32_t,16,2048,8192,256,NA,False
MATVEC,uint32_t,16,4096,16,8,55.055,True
MATVEC,uint32_t,16,4096,16,16,50.894333,True
MATVEC,uint32_t,16,4096,32,8,105.219,True
MATVEC,uint32_t,16,4096,32,16,96.912,True
MATVEC,uint32_t,16,4096,32,32,92.892,True
MATVEC,uint32_t,16,4096,64,8,205.415333,True
MATVEC,uint32_t,16,4096,64,16,188.926333,True
MATVEC,uint32_t,16,4096,64,32,180.938667,True
MATVEC,uint32_t,16,4096,64,64,176.900333,True
MATVEC,uint32_t,16,4096,128,8,405.656333,True
MATVEC,uint32_t,16,4096,128,16,372.965,True
MATVEC,uint32_t,16,4096,128,32,357.068667,True
MATVEC,uint32_t,16,4096,128,64,348.977333,True
MATVEC,uint32_t,16,4096,128,128,345.049667,True
MATVEC,uint32_t,16,4096,256,8,NA,False
MATVEC,uint32_t,16,4096,256,16,NA,False
MATVEC,uint32_t,16,4096,256,32,NA,False
MATVEC,uint32_t,16,4096,256,64,NA,False
MATVEC,uint32_t,16,4096,256,128,NA,False
MATVEC,uint32_t,16,4096,256,256,NA,False
MATVEC,uint32_t,16,4096,512,8,NA,False
MATVEC,uint32_t,16,4096,512,16,NA,False
MATVEC,uint32_t,16,4096,512,32,NA,False
MATVEC,uint32_t,16,4096,512,64,NA,False
MATVEC,uint32_t,16,4096,512,128,NA,False
MATVEC,uint32_t,16,4096,512,256,NA,False
MATVEC,uint32_t,16,4096,1024,8,NA,False
MATVEC,uint32_t,16,4096,1024,16,NA,False
MATVEC,uint32_t,16,4096,1024,32,NA,False
MATVEC,uint32_t,16,4096,1024,64,NA,False
MATVEC,uint32_t,16,4096,1024,128,NA,False
MATVEC,uint32_t,16,4096,1024,256,NA,False
MATVEC,uint32_t,16,4096,2048,8,NA,False
MATVEC,uint32_t,16,4096,2048,16,NA,False
MATVEC,uint32_t,16,4096,2048,32,NA,False
MATVEC,uint32_t,16,4096,2048,64,NA,False
MATVEC,uint32_t,16,4096,2048,128,NA,False
MATVEC,uint32_t,16,4096,2048,256,NA,False
MATVEC,uint32_t,16,4096,4096,8,NA,False
MATVEC,uint32_t,16,4096,4096,16,NA,False
MATVEC,uint32_t,16,4096,4096,32,NA,False
MATVEC,uint32_t,16,4096,4096,64,NA,False
MATVEC,uint32_t,16,4096,4096,128,NA,False
MATVEC,uint32_t,16,4096,4096,256,NA,False
MATVEC,uint32_t,16,4096,8192,8,NA,False
MATVEC,uint32_t,16,4096,8192,16,NA,False
MATVEC,uint32_t,16,4096,8192,32,NA,False
MATVEC,uint32_t,16,4096,8192,64,NA,False
MATVEC,uint32_t,16,4096,8192,128,NA,False
MATVEC,uint32_t,16,4096,8192,256,NA,False
MATVEC,uint32_t,16,8192,16,8,110.03,True
MATVEC,uint32_t,16,8192,16,16,101.703667,True
MATVEC,uint32_t,16,8192,32,8,210.281,True
MATVEC,uint32_t,16,8192,32,16,193.687667,True
MATVEC,uint32_t,16,8192,32,32,185.688667,True
MATVEC,uint32_t,16,8192,64,8,410.662333,True
MATVEC,uint32_t,16,8192,64,16,377.801333,True
MATVEC,uint32_t,16,8192,64,32,361.793333,True
MATVEC,uint32_t,16,8192,64,64,353.713,True
MATVEC,uint32_t,16,8192,128,8,NA,False
MATVEC,uint32_t,16,8192,128,16,NA,False
MATVEC,uint32_t,16,8192,128,32,NA,False
MATVEC,uint32_t,16,8192,128,64,NA,False
MATVEC,uint32_t,16,8192,128,128,NA,False
MATVEC,uint32_t,16,8192,256,8,NA,False
MATVEC,uint32_t,16,8192,256,16,NA,False
MATVEC,uint32_t,16,8192,256,32,NA,False
MATVEC,uint32_t,16,8192,256,64,NA,False
MATVEC,uint32_t,16,8192,256,128,NA,False
MATVEC,uint32_t,16,8192,256,256,NA,False
MATVEC,uint32_t,16,8192,512,8,NA,False
MATVEC,uint32_t,16,8192,512,16,NA,False
MATVEC,uint32_t,16,8192,512,32,NA,False
MATVEC,uint32_t,16,8192,512,64,NA,False
MATVEC,uint32_t,16,8192,512,128,NA,False
MATVEC,uint32_t,16,8192,512,256,NA,False
MATVEC,uint32_t,16,8192,1024,8,NA,False
MATVEC,uint32_t,16,8192,1024,16,NA,False
MATVEC,uint32_t,16,8192,1024,32,NA,False
MATVEC,uint32_t,16,8192,1024,64,NA,False
MATVEC,uint32_t,16,8192,1024,128,NA,False
MATVEC,uint32_t,16,8192,1024,256,NA,False
MATVEC,uint32_t,16,8192,2048,8,NA,False
MATVEC,uint32_t,16,8192,2048,16,NA,False
MATVEC,uint32_t,16,8192,2048,32,NA,False
MATVEC,uint32_t,16,8192,2048,64,NA,False
MATVEC,uint32_t,16,8192,2048,128,NA,False
MATVEC,uint32_t,16,8192,2048,256,NA,False
MATVEC,uint32_t,16,8192,4096,8,NA,False
MATVEC,uint32_t,16,8192,4096,16,NA,False
MATVEC,uint32_t,16,8192,4096,32,NA,False
MATVEC,uint32_t,16,8192,4096,64,NA,False
MATVEC,uint32_t,16,8192,4096,128,NA,False
MATVEC,uint32_t,16,8192,4096,256,NA,False
MATVEC,uint32_t,16,8192,8192,8,NA,False
MATVEC,uint32_t,16,8192,8192,16,NA,False
MATVEC,uint32_t,16,8192,8192,32,NA,False
MATVEC,uint32_t,16,8192,8192,64,NA,False
MATVEC,uint32_t,16,8192,8192,128,NA,False
MATVEC,uint32_t,16,8192,8192,256,NA,False
