operation,data_type,thread,iteration,vec_length,n_length,buffer_size,latency,correct
MATMUL,uint32_t,1,16,16,16,16,2.466,True
MATMUL,uint32_t,1,16,16,16,8,2.678667,True
MATMUL,uint32_t,1,16,16,16,4,3.125667,True
MATMUL,uint32_t,1,16,16,32,4,6.22,True
MATMUL,uint32_t,1,16,16,32,16,4.879667,True
MATMUL,uint32_t,1,16,16,32,8,5.283333,True
MATMUL,uint32_t,1,16,16,64,8,10.474667,True
MATMUL,uint32_t,1,16,16,64,4,12.354333,True
MATMUL,uint32_t,1,16,16,64,16,9.705333,True
MATMUL,uint32_t,1,16,16,128,16,19.351667,True
MATMUL,uint32_t,1,16,16,128,4,24.645333,True
MATMUL,uint32_t,1,16,16,128,8,20.905667,True
MATMUL,uint32_t,1,16,16,256,16,38.633333,True
MATMUL,uint32_t,1,16,16,256,4,49.240667,True
MATMUL,uint32_t,1,16,16,256,8,41.725333,True
MATMUL,uint32_t,1,16,32,16,4,6.065667,True
MATMUL,uint32_t,1,16,32,16,8,5.202,True
MATMUL,uint32_t,1,16,32,16,16,4.829333,True
MATMUL,uint32_t,1,16,32,32,8,10.410667,True
MATMUL,uint32_t,1,16,32,32,4,12.111,True
MATMUL,uint32_t,1,16,16,512,4,98.460333,True
MATMUL,uint32_t,1,16,32,32,16,9.604333,True
MATMUL,uint32_t,1,16,32,32,32,9.270667,True
MATMUL,uint32_t,1,16,16,512,16,77.210667,True
MATMUL,uint32_t,1,16,16,512,8,83.412333,True
MATMUL,uint32_t,1,16,32,64,4,24.151667,True
MATMUL,uint32_t,1,16,32,64,16,19.156,True
MATMUL,uint32_t,1,16,32,64,8,20.617667,True
MATMUL,uint32_t,1,16,32,64,32,18.502,True
MATMUL,uint32_t,1,16,32,128,8,41.144,True
MATMUL,uint32_t,1,16,32,128,4,48.256333,True
MATMUL,uint32_t,1,16,32,128,32,36.934667,True
MATMUL,uint32_t,1,16,32,128,16,38.246,True
MATMUL,uint32_t,1,16,32,256,8,82.313,True
MATMUL,uint32_t,1,16,32,256,16,76.417333,True
MATMUL,uint32_t,1,16,32,256,4,96.366667,True
MATMUL,uint32_t,1,16,32,256,32,73.803333,True
MATMUL,uint32_t,1,16,64,16,4,12.009,True
MATMUL,uint32_t,1,16,64,16,16,9.543,True
MATMUL,uint32_t,1,16,64,16,8,10.271,True
MATMUL,uint32_t,1,16,64,32,4,23.988,True
MATMUL,uint32_t,1,16,32,512,32,147.611,True
MATMUL,uint32_t,1,16,32,512,16,152.734,True
MATMUL,uint32_t,1,16,64,32,16,19.047333,True
MATMUL,uint32_t,1,16,64,32,8,20.487,True
MATMUL,uint32_t,1,16,64,32,32,18.424333,True
MATMUL,uint32_t,1,16,32,512,8,164.469333,True
MATMUL,uint32_t,1,16,32,512,4,192.671,True
MATMUL,uint32_t,1,16,64,64,4,47.887333,True
MATMUL,uint32_t,1,16,64,64,8,40.899333,True
MATMUL,uint32_t,1,16,64,64,64,36.209333,True
MATMUL,uint32_t,1,16,64,64,16,38.020667,True
MATMUL,uint32_t,1,16,64,64,32,36.792667,True
MATMUL,uint32_t,1,16,64,128,8,81.746667,True
MATMUL,uint32_t,1,16,64,128,4,95.661667,True
MATMUL,uint32_t,1,16,64,128,16,75.998667,True
MATMUL,uint32_t,1,16,64,128,32,73.533667,True
MATMUL,uint32_t,1,16,64,128,64,72.381667,True
MATMUL,uint32_t,1,16,64,256,16,151.894667,True
MATMUL,uint32_t,1,16,64,256,8,163.410667,True
MATMUL,uint32_t,1,16,64,256,4,191.430667,True
MATMUL,uint32_t,1,16,64,256,32,146.926667,True
MATMUL,uint32_t,1,16,64,256,64,144.703,True
MATMUL,uint32_t,1,16,128,16,4,23.837,True
MATMUL,uint32_t,1,16,128,16,8,20.412667,True
MATMUL,uint32_t,1,16,128,16,16,18.997,True
MATMUL,uint32_t,1,16,128,32,4,47.574667,True
MATMUL,uint32_t,1,16,128,32,8,40.748,True
MATMUL,uint32_t,1,16,128,32,16,37.948667,True
MATMUL,uint32_t,1,16,64,512,8,326.656667,True
MATMUL,uint32_t,1,16,64,512,16,303.755,True
MATMUL,uint32_t,1,16,64,512,4,382.701667,True
MATMUL,uint32_t,1,16,128,32,32,36.728667,True
MATMUL,uint32_t,1,16,64,512,32,293.873667,True
MATMUL,uint32_t,1,16,64,512,64,289.320333,True
MATMUL,uint32_t,1,16,128,64,8,81.467333,True
MATMUL,uint32_t,1,16,128,64,4,95.174,True
MATMUL,uint32_t,1,16,128,64,16,75.799,True
MATMUL,uint32_t,1,16,128,64,32,73.363667,True
MATMUL,uint32_t,1,16,128,64,64,72.252,True
MATMUL,uint32_t,1,16,128,128,16,151.512,True
MATMUL,uint32_t,1,16,128,128,4,190.243,True
MATMUL,uint32_t,1,16,128,128,8,162.824,True
MATMUL,uint32_t,1,16,128,128,32,146.661,True
MATMUL,uint32_t,1,16,128,128,64,144.448333,True
MATMUL,uint32_t,1,16,128,128,128,143.267667,True
MATMUL,uint32_t,1,16,128,256,8,325.598667,True
MATMUL,uint32_t,1,16,128,256,4,380.997333,True
MATMUL,uint32_t,1,16,128,256,64,288.786,True
MATMUL,uint32_t,1,16,128,256,128,286.370333,True
MATMUL,uint32_t,1,16,128,256,32,293.246,True
MATMUL,uint32_t,1,16,128,256,16,303.031333,True
MATMUL,uint32_t,1,16,256,16,4,47.507333,True
MATMUL,uint32_t,1,16,256,16,8,40.685,True
MATMUL,uint32_t,1,16,256,16,16,37.883,True
MATMUL,uint32_t,1,16,256,32,4,94.908333,True
MATMUL,uint32_t,1,16,256,32,8,81.293333,True
MATMUL,uint32_t,1,16,256,32,16,75.718333,True
MATMUL,uint32_t,1,16,128,512,8,651.189333,True
MATMUL,uint32_t,1,16,256,32,32,73.309667,True
MATMUL,uint32_t,1,16,128,512,4,760.746,True
MATMUL,uint32_t,1,16,128,512,16,605.819667,True
MATMUL,uint32_t,1,16,128,512,32,586.602,True
MATMUL,uint32_t,1,16,256,64,8,162.547667,True
MATMUL,uint32_t,1,16,128,512,128,572.66,True
MATMUL,uint32_t,1,16,128,512,64,577.531667,True
MATMUL,uint32_t,1,16,256,64,4,190.212333,True
MATMUL,uint32_t,1,16,256,64,16,151.354,True
MATMUL,uint32_t,1,16,256,64,32,146.569667,True
MATMUL,uint32_t,1,16,256,64,64,144.325333,True
MATMUL,uint32_t,1,16,256,128,32,292.89,True
MATMUL,uint32_t,1,16,256,128,16,302.586,True
MATMUL,uint32_t,1,16,256,128,64,288.524333,True
MATMUL,uint32_t,1,16,256,128,8,325.045,True
MATMUL,uint32_t,1,16,256,128,4,379.464,True
MATMUL,uint32_t,1,16,256,128,128,286.159667,True
MATMUL,uint32_t,1,16,256,256,8,649.925667,True
MATMUL,uint32_t,1,16,256,256,4,759.346333,True
MATMUL,uint32_t,1,16,256,256,32,585.876333,True
MATMUL,uint32_t,1,16,256,256,64,577.032,True
MATMUL,uint32_t,1,16,256,256,128,572.181,True
MATMUL,uint32_t,1,16,256,256,256,570.010333,True
MATMUL,uint32_t,1,16,256,256,16,605.221,True
MATMUL,uint32_t,1,16,512,16,4,94.819333,True
MATMUL,uint32_t,1,16,512,16,8,81.234667,True
MATMUL,uint32_t,1,16,512,16,16,75.663667,True
MATMUL,uint32_t,1,16,512,32,4,189.676,True
MATMUL,uint32_t,1,16,512,32,8,162.381333,True
MATMUL,uint32_t,1,16,256,512,4,1518.017,True
MATMUL,uint32_t,1,16,512,32,16,151.213,True
MATMUL,uint32_t,1,16,256,512,16,1210.21,True
MATMUL,uint32_t,1,16,512,32,32,146.445667,True
MATMUL,uint32_t,1,16,256,512,8,1299.644667,True
MATMUL,uint32_t,1,16,256,512,128,1144.240333,True
MATMUL,uint32_t,1,16,256,512,256,1139.834667,True
MATMUL,uint32_t,1,16,256,512,64,1153.985,True
MATMUL,uint32_t,1,16,256,512,32,1171.911333,True
MATMUL,uint32_t,1,16,512,64,8,324.780333,True
MATMUL,uint32_t,1,16,512,64,16,302.372,True
MATMUL,uint32_t,1,16,512,64,32,292.769667,True
MATMUL,uint32_t,1,16,512,64,64,288.430667,True
MATMUL,uint32_t,1,16,512,64,4,379.059333,True
MATMUL,uint32_t,1,16,512,128,16,604.718,True
MATMUL,uint32_t,1,16,512,128,8,649.489667,True
MATMUL,uint32_t,1,16,512,128,4,758.42,True
MATMUL,uint32_t,1,16,512,128,64,576.767,True
MATMUL,uint32_t,1,16,512,128,128,571.896,True
MATMUL,uint32_t,1,16,512,128,32,585.489667,True
MATMUL,uint32_t,1,16,512,256,8,1298.801,True
MATMUL,uint32_t,1,16,512,256,4,1515.217333,True
MATMUL,uint32_t,1,16,512,256,32,1171.253333,True
MATMUL,uint32_t,1,16,512,256,16,1209.501333,True
MATMUL,uint32_t,1,16,512,256,64,1153.47,True
MATMUL,uint32_t,1,16,512,256,128,1143.782333,True
MATMUL,uint32_t,1,16,512,256,256,1139.389667,True
MATMUL,uint32_t,1,32,16,16,4,6.202667,True
MATMUL,uint32_t,1,32,16,16,8,5.274333,True
MATMUL,uint32_t,1,32,16,16,16,4.878667,True
MATMUL,uint32_t,1,32,16,32,4,12.366667,True
MATMUL,uint32_t,1,32,16,32,8,10.492667,True
MATMUL,uint32_t,1,32,16,32,16,9.716333,True
MATMUL,uint32_t,1,32,16,64,4,24.660333,True
MATMUL,uint32_t,1,32,16,64,8,20.917,True
MATMUL,uint32_t,1,32,16,64,16,19.350333,True
MATMUL,uint32_t,1,32,16,128,4,49.268667,True
MATMUL,uint32_t,1,32,16,128,8,41.744333,True
MATMUL,uint32_t,1,32,16,128,16,38.631667,True
MATMUL,uint32_t,1,32,16,256,4,98.453,True
MATMUL,uint32_t,1,32,16,256,8,83.420667,True
MATMUL,uint32_t,1,32,16,256,16,77.188333,True
MATMUL,uint32_t,1,32,16,512,4,196.739667,True
MATMUL,uint32_t,1,32,16,512,8,166.737,True
MATMUL,uint32_t,1,16,512,512,4,3032.264333,True
MATMUL,uint32_t,1,32,32,16,4,12.097667,True
MATMUL,uint32_t,1,32,32,16,8,10.345667,True
MATMUL,uint32_t,1,32,16,512,16,154.345667,True
MATMUL,uint32_t,1,32,32,16,16,9.600333,True
MATMUL,uint32_t,1,16,512,512,64,2306.881667,True
MATMUL,uint32_t,1,32,32,32,8,20.644,True
MATMUL,uint32_t,1,32,32,32,4,24.179333,True
MATMUL,uint32_t,1,16,512,512,32,2341.788333,True
MATMUL,uint32_t,1,16,512,512,8,2597.615667,True
MATMUL,uint32_t,1,16,512,512,128,2287.223667,True
MATMUL,uint32_t,1,16,512,512,16,2418.231333,True
MATMUL,uint32_t,1,32,32,32,16,19.168,True
MATMUL,uint32_t,1,32,32,32,32,18.506,True
MATMUL,uint32_t,1,32,32,64,8,41.180333,True
MATMUL,uint32_t,1,32,32,64,4,48.234,True
MATMUL,uint32_t,1,32,32,64,16,38.245667,True
MATMUL,uint32_t,1,32,32,64,32,36.94,True
MATMUL,uint32_t,1,16,512,512,256,2279.02,True
MATMUL,uint32_t,1,32,32,128,8,82.268333,True
MATMUL,uint32_t,1,32,32,128,16,76.435333,True
MATMUL,uint32_t,1,32,32,128,4,96.422667,True
MATMUL,uint32_t,1,32,32,128,32,73.819,True
MATMUL,uint32_t,1,32,32,256,16,152.711,True
MATMUL,uint32_t,1,32,32,256,8,164.504667,True
MATMUL,uint32_t,1,32,32,256,4,192.720333,True
MATMUL,uint32_t,1,32,32,256,32,147.555333,True
MATMUL,uint32_t,1,32,64,16,4,23.975333,True
MATMUL,uint32_t,1,32,64,16,8,20.482,True
MATMUL,uint32_t,1,32,64,16,16,19.048333,True
MATMUL,uint32_t,1,32,64,32,4,47.895667,True
MATMUL,uint32_t,1,32,64,32,16,38.053333,True
MATMUL,uint32_t,1,32,64,32,8,40.906,True
MATMUL,uint32_t,1,32,64,32,32,36.812,True
MATMUL,uint32_t,1,32,32,512,16,305.374,True
MATMUL,uint32_t,1,32,32,512,32,295.038333,True
MATMUL,uint32_t,1,32,32,512,8,328.968333,True
MATMUL,uint32_t,1,32,64,64,4,95.786667,True
MATMUL,uint32_t,1,32,32,512,4,385.14,True
MATMUL,uint32_t,1,32,64,64,16,76.004333,True
MATMUL,uint32_t,1,32,64,64,8,81.737667,True
MATMUL,uint32_t,1,32,64,64,32,73.52,True
MATMUL,uint32_t,1,32,64,64,64,72.380333,True
MATMUL,uint32_t,1,32,64,128,8,163.398333,True
MATMUL,uint32_t,1,32,64,128,4,191.446,True
MATMUL,uint32_t,1,32,64,128,16,151.951667,True
MATMUL,uint32_t,1,32,64,128,32,146.992,True
MATMUL,uint32_t,1,32,64,128,64,144.687667,True
MATMUL,uint32_t,1,32,64,256,8,326.714,True
MATMUL,uint32_t,1,32,64,256,16,303.775,True
MATMUL,uint32_t,1,32,64,256,4,382.244333,True
MATMUL,uint32_t,1,32,64,256,32,293.926667,True
MATMUL,uint32_t,1,32,64,256,64,289.297,True
MATMUL,uint32_t,1,32,128,16,4,47.626333,True
MATMUL,uint32_t,1,32,128,16,8,40.760667,True
MATMUL,uint32_t,1,32,128,16,16,37.941333,True
MATMUL,uint32_t,1,32,128,32,4,95.185333,True
MATMUL,uint32_t,1,32,128,32,8,81.476333,True
MATMUL,uint32_t,1,32,128,32,16,75.794667,True
MATMUL,uint32_t,1,32,128,32,32,73.369,True
MATMUL,uint32_t,1,32,64,512,16,607.444333,True
MATMUL,uint32_t,1,32,64,512,8,653.348,True
MATMUL,uint32_t,1,32,128,64,8,162.876333,True
MATMUL,uint32_t,1,32,128,64,4,190.369667,True
MATMUL,uint32_t,1,32,64,512,4,764.722333,True
MATMUL,uint32_t,1,32,64,512,32,587.701667,True
MATMUL,uint32_t,1,32,128,64,16,151.554667,True
MATMUL,uint32_t,1,32,64,512,64,578.506333,True
MATMUL,uint32_t,1,32,128,64,32,146.701667,True
MATMUL,uint32_t,1,32,128,64,64,144.443333,True
MATMUL,uint32_t,1,32,128,128,16,303.013,True
MATMUL,uint32_t,1,32,128,128,8,325.706667,True
MATMUL,uint32_t,1,32,128,128,32,293.281667,True
MATMUL,uint32_t,1,32,128,128,128,286.340333,True
MATMUL,uint32_t,1,32,128,128,64,288.791667,True
MATMUL,uint32_t,1,32,128,128,4,380.587,True
MATMUL,uint32_t,1,32,128,256,8,651.196,True
MATMUL,uint32_t,1,32,128,256,4,760.885667,True
MATMUL,uint32_t,1,32,128,256,32,586.425333,True
MATMUL,uint32_t,1,32,128,256,64,577.512333,True
MATMUL,uint32_t,1,32,128,256,128,572.674,True
MATMUL,uint32_t,1,32,128,256,16,606.050667,True
MATMUL,uint32_t,1,32,256,16,8,81.314333,True
MATMUL,uint32_t,1,32,256,16,4,94.969667,True
MATMUL,uint32_t,1,32,256,16,16,75.698667,True
MATMUL,uint32_t,1,32,256,32,4,189.792,True
MATMUL,uint32_t,1,32,256,32,8,162.529333,True
MATMUL,uint32_t,1,32,256,32,16,151.337333,True
MATMUL,uint32_t,1,32,256,32,32,146.499,True
MATMUL,uint32_t,1,32,128,512,8,1302.181667,True
MATMUL,uint32_t,1,32,128,512,4,1524.667667,True
MATMUL,uint32_t,1,32,256,64,4,379.325667,True
MATMUL,uint32_t,1,32,128,512,16,1211.739333,True
MATMUL,uint32_t,1,32,256,64,8,325.104667,True
MATMUL,uint32_t,1,32,128,512,32,1172.703667,True
MATMUL,uint32_t,1,32,256,64,16,302.649333,True
MATMUL,uint32_t,1,32,128,512,128,1145.318333,True
MATMUL,uint32_t,1,32,128,512,64,1155.010333,True
MATMUL,uint32_t,1,32,256,64,32,292.932667,True
MATMUL,uint32_t,1,32,256,64,64,288.530333,True
MATMUL,uint32_t,1,32,256,128,32,585.933,True
MATMUL,uint32_t,1,32,256,128,16,605.098,True
MATMUL,uint32_t,1,32,256,128,8,650.043333,True
MATMUL,uint32_t,1,32,256,128,64,577.029,True
MATMUL,uint32_t,1,32,256,128,128,572.176,True
MATMUL,uint32_t,1,32,256,128,4,759.061,True
MATMUL,uint32_t,1,32,256,256,8,1299.887333,True
MATMUL,uint32_t,1,32,256,256,4,1518.115667,True
MATMUL,uint32_t,1,32,256,256,32,1171.319333,True
MATMUL,uint32_t,1,32,256,256,64,1153.979667,True
MATMUL,uint32_t,1,32,256,256,256,1140.04,True
MATMUL,uint32_t,1,32,256,256,16,1210.039,True
MATMUL,uint32_t,1,32,256,256,128,1144.170333,True
MATMUL,uint32_t,1,32,512,16,4,189.970333,True
MATMUL,uint32_t,1,32,512,16,8,162.44,True
MATMUL,uint32_t,1,32,512,16,16,151.221333,True
MATMUL,uint32_t,1,32,512,32,4,379.595333,True
MATMUL,uint32_t,1,32,512,32,8,324.765,True
MATMUL,uint32_t,1,32,512,32,16,302.352,True
MATMUL,uint32_t,1,32,256,512,4,3035.394667,True
MATMUL,uint32_t,1,32,512,32,32,292.763667,True
MATMUL,uint32_t,1,32,256,512,16,2419.914667,True
MATMUL,uint32_t,1,32,256,512,256,2279.530333,True
MATMUL,uint32_t,1,32,256,512,128,2288.527333,True
MATMUL,uint32_t,1,32,256,512,64,2307.866667,True
MATMUL,uint32_t,1,32,256,512,32,2343.078333,True
MATMUL,uint32_t,1,32,256,512,8,2600.208,True
MATMUL,uint32_t,1,32,512,64,4,757.887333,True
MATMUL,uint32_t,1,32,512,64,8,649.301667,True
MATMUL,uint32_t,1,32,512,64,32,585.687667,True
MATMUL,uint32_t,1,32,512,64,16,604.616333,True
MATMUL,uint32_t,1,32,512,64,64,576.776,True
MATMUL,uint32_t,1,32,512,128,16,1209.432333,True
MATMUL,uint32_t,1,32,512,128,8,1298.807,True
MATMUL,uint32_t,1,32,512,128,4,1515.764333,True
MATMUL,uint32_t,1,32,512,128,32,1171.333667,True
MATMUL,uint32_t,1,32,512,128,64,1153.483667,True
MATMUL,uint32_t,1,32,512,128,128,1143.731,True
MATMUL,uint32_t,1,32,512,256,8,2597.793667,True
MATMUL,uint32_t,1,32,512,256,4,3032.034333,True
MATMUL,uint32_t,1,32,512,256,16,2418.877,True
MATMUL,uint32_t,1,32,512,256,32,2341.329333,True
MATMUL,uint32_t,1,32,512,256,64,2306.892667,True
MATMUL,uint32_t,1,32,512,256,128,2287.238333,True
MATMUL,uint32_t,1,32,512,256,256,2278.397333,True
MATMUL,uint32_t,1,64,16,16,4,12.359333,True
MATMUL,uint32_t,1,64,16,16,8,10.492333,True
MATMUL,uint32_t,1,64,16,16,16,9.724,True
MATMUL,uint32_t,1,64,16,32,4,24.669333,True
MATMUL,uint32_t,1,64,16,32,8,20.926,True
MATMUL,uint32_t,1,64,16,32,16,19.368667,True
MATMUL,uint32_t,1,64,16,64,4,49.278333,True
MATMUL,uint32_t,1,64,16,64,8,41.771667,True
MATMUL,uint32_t,1,64,16,64,16,38.660333,True
MATMUL,uint32_t,1,64,16,128,4,98.487,True
MATMUL,uint32_t,1,64,16,128,8,83.438,True
MATMUL,uint32_t,1,64,16,128,16,77.216,True
MATMUL,uint32_t,1,64,16,256,4,196.795,True
MATMUL,uint32_t,1,64,16,256,8,166.822333,True
MATMUL,uint32_t,1,64,16,256,16,154.342667,True
MATMUL,uint32_t,1,64,16,512,4,393.680333,True
MATMUL,uint32_t,1,64,16,512,8,333.348,True
MATMUL,uint32_t,1,64,16,512,16,308.583333,True
MATMUL,uint32_t,1,64,32,16,4,24.163667,True
MATMUL,uint32_t,1,64,32,16,8,20.660667,True
MATMUL,uint32_t,1,64,32,16,16,19.163667,True
MATMUL,uint32_t,1,64,32,32,4,48.220667,True
MATMUL,uint32_t,1,64,32,32,8,41.202,True
MATMUL,uint32_t,1,64,32,32,16,38.252667,True
MATMUL,uint32_t,1,64,32,32,32,36.960333,True
MATMUL,uint32_t,1,32,512,512,4,6065.879333,True
MATMUL,uint32_t,1,64,32,64,4,96.404333,True
MATMUL,uint32_t,1,64,32,64,8,82.318,True
MATMUL,uint32_t,1,64,32,64,16,76.441333,True
MATMUL,uint32_t,1,64,32,64,32,73.822333,True
MATMUL,uint32_t,1,32,512,512,64,4613.617333,True
MATMUL,uint32_t,1,64,32,128,8,164.481667,True
MATMUL,uint32_t,1,64,32,128,4,192.611,True
MATMUL,uint32_t,1,32,512,512,32,4683.903,True
MATMUL,uint32_t,1,32,512,512,8,5195.469,True
MATMUL,uint32_t,1,32,512,512,128,4574.570333,True
MATMUL,uint32_t,1,32,512,512,256,4556.988333,True
MATMUL,uint32_t,1,32,512,512,16,4836.995333,True
MATMUL,uint32_t,1,64,32,128,32,147.556,True
MATMUL,uint32_t,1,64,32,128,16,152.782,True
MATMUL,uint32_t,1,64,32,256,8,328.888,True
MATMUL,uint32_t,1,64,32,256,16,305.442,True
MATMUL,uint32_t,1,64,32,256,4,384.787333,True
MATMUL,uint32_t,1,64,32,256,32,295.113333,True
MATMUL,uint32_t,1,64,64,16,8,40.929,True
MATMUL,uint32_t,1,64,64,16,4,47.909333,True
MATMUL,uint32_t,1,64,64,16,16,38.063333,True
MATMUL,uint32_t,1,64,64,32,4,95.714667,True
MATMUL,uint32_t,1,64,64,32,16,76.011333,True
MATMUL,uint32_t,1,64,64,32,8,81.777,True
MATMUL,uint32_t,1,64,64,32,32,73.515667,True
MATMUL,uint32_t,1,64,32,512,32,589.962,True
MATMUL,uint32_t,1,64,32,512,16,610.677333,True
MATMUL,uint32_t,1,64,32,512,8,657.504667,True
MATMUL,uint32_t,1,64,64,64,4,191.606667,True
MATMUL,uint32_t,1,64,64,64,32,146.983333,True
MATMUL,uint32_t,1,64,64,64,16,151.970333,True
MATMUL,uint32_t,1,64,64,64,8,163.436667,True
MATMUL,uint32_t,1,64,32,512,4,770.790333,True
MATMUL,uint32_t,1,64,64,64,64,144.689667,True
MATMUL,uint32_t,1,64,64,128,64,289.302333,True
MATMUL,uint32_t,1,64,64,128,32,293.939667,True
MATMUL,uint32_t,1,64,64,128,16,303.817,True
MATMUL,uint32_t,1,64,64,128,8,326.744333,True
MATMUL,uint32_t,1,64,64,128,4,382.234,True
MATMUL,uint32_t,1,64,64,256,8,653.542,True
MATMUL,uint32_t,1,64,64,256,16,607.504667,True
MATMUL,uint32_t,1,64,64,256,4,765.453333,True
MATMUL,uint32_t,1,64,128,16,4,95.157333,True
MATMUL,uint32_t,1,64,64,256,64,578.534333,True
MATMUL,uint32_t,1,64,64,256,32,587.638,True
MATMUL,uint32_t,1,64,128,16,8,81.464667,True
MATMUL,uint32_t,1,64,128,16,16,75.831667,True
MATMUL,uint32_t,1,64,128,32,4,190.196667,True
MATMUL,uint32_t,1,64,128,32,16,151.539667,True
MATMUL,uint32_t,1,64,128,32,8,162.843,True
MATMUL,uint32_t,1,64,128,32,32,146.683,True
MATMUL,uint32_t,1,64,64,512,16,1215.042667,True
MATMUL,uint32_t,1,64,128,64,8,325.618667,True
MATMUL,uint32_t,1,64,64,512,8,1306.625667,True
MATMUL,uint32_t,1,64,128,64,4,380.593667,True
MATMUL,uint32_t,1,64,128,64,16,302.972333,True
MATMUL,uint32_t,1,64,64,512,4,1529.355333,True
MATMUL,uint32_t,1,64,64,512,32,1175.122,True
MATMUL,uint32_t,1,64,128,64,32,293.272,True
MATMUL,uint32_t,1,64,64,512,64,1156.996,True
MATMUL,uint32_t,1,64,128,64,64,288.803667,True
MATMUL,uint32_t,1,64,128,128,16,605.877,True
MATMUL,uint32_t,1,64,128,128,8,651.054667,True
MATMUL,uint32_t,1,64,128,128,4,761.199,True
MATMUL,uint32_t,1,64,128,128,32,586.47,True
MATMUL,uint32_t,1,64,128,128,64,577.529,True
MATMUL,uint32_t,1,64,128,128,128,572.65,True
MATMUL,uint32_t,1,64,128,256,8,1302.387333,True
MATMUL,uint32_t,1,64,128,256,4,1521.649333,True
MATMUL,uint32_t,1,64,128,256,32,1172.874667,True
MATMUL,uint32_t,1,64,128,256,16,1211.84,True
MATMUL,uint32_t,1,64,128,256,64,1154.977,True
MATMUL,uint32_t,1,64,128,256,128,1145.135333,True
MATMUL,uint32_t,1,64,256,16,8,162.586333,True
MATMUL,uint32_t,1,64,256,16,4,190.171667,True
MATMUL,uint32_t,1,64,256,16,16,151.349333,True
MATMUL,uint32_t,1,64,256,32,4,379.607667,True
MATMUL,uint32_t,1,64,256,32,8,325.065,True
MATMUL,uint32_t,1,64,256,32,16,302.588333,True
MATMUL,uint32_t,1,64,256,32,32,293.043667,True
MATMUL,uint32_t,1,64,128,512,8,2604.403667,True
MATMUL,uint32_t,1,64,256,64,4,759.646667,True
MATMUL,uint32_t,1,64,256,64,8,649.996333,True
MATMUL,uint32_t,1,64,128,512,4,3042.296333,True
MATMUL,uint32_t,1,64,128,512,16,2423.169,True
MATMUL,uint32_t,1,64,256,64,16,605.058,True
MATMUL,uint32_t,1,64,128,512,32,2346.074333,True
MATMUL,uint32_t,1,64,128,512,64,2309.871333,True
MATMUL,uint32_t,1,64,128,512,128,2290.410333,True
MATMUL,uint32_t,1,64,256,64,32,585.872,True
MATMUL,uint32_t,1,64,256,64,64,577.027667,True
MATMUL,uint32_t,1,64,256,128,32,1171.927333,True
MATMUL,uint32_t,1,64,256,128,16,1210.096667,True
MATMUL,uint32_t,1,64,256,128,8,1300.182333,True
MATMUL,uint32_t,1,64,256,128,64,1153.984667,True
MATMUL,uint32_t,1,64,256,128,128,1144.497667,True
MATMUL,uint32_t,1,64,256,128,4,1518.508667,True
MATMUL,uint32_t,1,64,256,256,8,2599.843667,True
MATMUL,uint32_t,1,64,256,256,4,3035.414667,True
MATMUL,uint32_t,1,64,256,256,256,2280.023333,True
MATMUL,uint32_t,1,64,256,256,64,2307.875,True
MATMUL,uint32_t,1,64,256,256,128,2288.270667,True
MATMUL,uint32_t,1,64,256,256,32,2343.588667,True
MATMUL,uint32_t,1,64,256,256,16,2420.062333,True
MATMUL,uint32_t,1,64,512,16,4,379.086,True
MATMUL,uint32_t,1,64,512,16,8,324.727667,True
MATMUL,uint32_t,1,64,512,16,16,302.355333,True
MATMUL,uint32_t,1,64,512,32,4,757.730333,True
MATMUL,uint32_t,1,64,512,32,8,649.515,True
MATMUL,uint32_t,1,64,512,32,16,604.652,True
MATMUL,uint32_t,1,64,256,512,4,6070.285,True
MATMUL,uint32_t,1,64,512,32,32,585.480333,True
MATMUL,uint32_t,1,64,256,512,8,5199.999333,True
MATMUL,uint32_t,1,64,256,512,128,4577.597,True
MATMUL,uint32_t,1,64,256,512,256,4558.848333,True
MATMUL,uint32_t,1,64,256,512,16,4840.284,True
MATMUL,uint32_t,1,64,256,512,64,4615.625333,True
MATMUL,uint32_t,1,64,256,512,32,4686.244,True
MATMUL,uint32_t,1,64,512,64,4,1516.140667,True
MATMUL,uint32_t,1,64,512,64,8,1298.621667,True
MATMUL,uint32_t,1,64,512,64,64,1153.459667,True
MATMUL,uint32_t,1,64,512,64,16,1209.563333,True
MATMUL,uint32_t,1,64,512,64,32,1170.762667,True
MATMUL,uint32_t,1,64,512,128,16,2418.385,True
MATMUL,uint32_t,1,64,512,128,8,2597.680333,True
MATMUL,uint32_t,1,64,512,128,4,3030.956333,True
MATMUL,uint32_t,1,64,512,128,32,2341.934,True
MATMUL,uint32_t,1,64,512,128,64,2306.849,True
MATMUL,uint32_t,1,64,512,128,128,2287.528333,True
MATMUL,uint32_t,1,64,512,256,8,5194.364,True
MATMUL,uint32_t,1,64,512,256,4,6074.168,True
MATMUL,uint32_t,1,64,512,256,32,4684.988,True
MATMUL,uint32_t,1,64,512,256,16,4837.476667,True
MATMUL,uint32_t,1,64,512,256,64,4613.650667,True
MATMUL,uint32_t,1,64,512,256,128,4574.699,True
MATMUL,uint32_t,1,64,512,256,256,4556.916667,True
MATMUL,uint32_t,1,128,16,16,4,24.741333,True
MATMUL,uint32_t,1,128,16,16,8,20.980667,True
MATMUL,uint32_t,1,128,16,16,16,19.404333,True
MATMUL,uint32_t,1,128,16,32,4,49.293667,True
MATMUL,uint32_t,1,128,16,32,8,41.811333,True
MATMUL,uint32_t,1,128,16,32,16,38.678667,True
MATMUL,uint32_t,1,128,16,64,4,98.604333,True
MATMUL,uint32_t,1,128,16,64,8,83.502333,True
MATMUL,uint32_t,1,128,16,64,16,77.227,True
MATMUL,uint32_t,1,128,16,128,4,196.756,True
MATMUL,uint32_t,1,128,16,128,8,166.746667,True
MATMUL,uint32_t,1,128,16,128,16,154.356667,True
MATMUL,uint32_t,1,128,16,256,4,393.760333,True
MATMUL,uint32_t,1,128,16,256,8,333.456333,True
MATMUL,uint32_t,1,128,16,256,16,308.591333,True
MATMUL,uint32_t,1,128,16,512,4,787.536667,True
MATMUL,uint32_t,1,128,16,512,8,666.454667,True
MATMUL,uint32_t,1,128,16,512,16,617.042667,True
MATMUL,uint32_t,1,128,32,16,4,48.273333,True
MATMUL,uint32_t,1,128,32,16,8,41.258667,True
MATMUL,uint32_t,1,128,32,16,16,38.287,True
MATMUL,uint32_t,1,128,32,32,4,96.497333,True
MATMUL,uint32_t,1,128,32,32,8,82.329,True
MATMUL,uint32_t,1,128,32,32,16,76.459333,True
MATMUL,uint32_t,1,128,32,32,32,73.876,True
MATMUL,uint32_t,1,128,32,64,4,192.821667,True
MATMUL,uint32_t,1,128,32,64,8,164.514,True
MATMUL,uint32_t,1,128,32,64,16,152.814333,True
MATMUL,uint32_t,1,128,32,64,32,147.609,True
MATMUL,uint32_t,1,128,32,128,4,385.609,True
MATMUL,uint32_t,1,128,32,128,8,329.004333,True
MATMUL,uint32_t,1,64,512,512,4,12127.352667,True
MATMUL,uint32_t,1,128,32,128,16,305.451333,True
MATMUL,uint32_t,1,128,32,128,32,295.034,True
MATMUL,uint32_t,1,64,512,512,64,9227.188,True
MATMUL,uint32_t,1,128,32,256,8,657.402667,True
MATMUL,uint32_t,1,128,32,256,4,771.116333,True
MATMUL,uint32_t,1,64,512,512,32,9369.789,True
MATMUL,uint32_t,1,64,512,512,8,10389.207,True
MATMUL,uint32_t,1,64,512,512,256,9115.785,True
MATMUL,uint32_t,1,64,512,512,128,9148.875333,True
MATMUL,uint32_t,1,64,512,512,16,9673.355667,True
MATMUL,uint32_t,1,128,64,16,4,95.754667,True
MATMUL,uint32_t,1,128,64,16,8,81.797,True
MATMUL,uint32_t,1,128,64,16,16,76.051333,True
MATMUL,uint32_t,1,128,32,256,16,610.796667,True
MATMUL,uint32_t,1,128,32,256,32,590.035333,True
MATMUL,uint32_t,1,128,64,32,4,191.397,True
MATMUL,uint32_t,1,128,64,32,8,163.444667,True
MATMUL,uint32_t,1,128,64,32,16,151.959667,True
MATMUL,uint32_t,1,128,64,32,32,147.016667,True
MATMUL,uint32_t,1,128,64,64,8,326.777,True
MATMUL,uint32_t,1,128,64,64,4,383.256333,True
MATMUL,uint32_t,1,128,64,64,16,303.824,True
MATMUL,uint32_t,1,128,64,64,32,293.882,True
MATMUL,uint32_t,1,128,32,512,16,1221.303667,True
MATMUL,uint32_t,1,128,32,512,32,1180.217667,True
MATMUL,uint32_t,1,128,64,64,64,289.297333,True
MATMUL,uint32_t,1,128,32,512,8,1315.767,True
MATMUL,uint32_t,1,128,32,512,4,1540.268333,True
MATMUL,uint32_t,1,128,64,128,16,607.476,True
MATMUL,uint32_t,1,128,64,128,8,653.322333,True
MATMUL,uint32_t,1,128,64,128,4,765.318667,True
MATMUL,uint32_t,1,128,64,128,64,578.532667,True
MATMUL,uint32_t,1,128,64,128,32,587.744333,True
MATMUL,uint32_t,1,128,64,256,8,1306.779667,True
MATMUL,uint32_t,1,128,64,256,16,1214.706,True
MATMUL,uint32_t,1,128,64,256,4,1530.451333,True
MATMUL,uint32_t,1,128,64,256,32,1175.139333,True
MATMUL,uint32_t,1,128,64,256,64,1156.977,True
MATMUL,uint32_t,1,128,128,16,4,190.355,True
MATMUL,uint32_t,1,128,128,16,16,151.599333,True
MATMUL,uint32_t,1,128,128,16,8,162.918333,True
MATMUL,uint32_t,1,128,128,32,4,380.433,True
MATMUL,uint32_t,1,128,128,32,16,303.049667,True
MATMUL,uint32_t,1,128,128,32,8,325.669333,True
MATMUL,uint32_t,1,128,128,32,32,293.266667,True
MATMUL,uint32_t,1,128,128,64,8,651.341667,True
MATMUL,uint32_t,1,128,64,512,16,2429.617,True
MATMUL,uint32_t,1,128,128,64,4,761.781333,True
MATMUL,uint32_t,1,128,64,512,8,2613.359667,True
MATMUL,uint32_t,1,128,128,64,16,605.897,True
MATMUL,uint32_t,1,128,64,512,4,3060.962,True
MATMUL,uint32_t,1,128,128,64,32,586.472667,True
MATMUL,uint32_t,1,128,128,64,64,577.521,True
MATMUL,uint32_t,1,128,64,512,32,2349.817667,True
MATMUL,uint32_t,1,128,64,512,64,2313.92,True
MATMUL,uint32_t,1,128,128,128,16,1211.559333,True
MATMUL,uint32_t,1,128,128,128,8,1302.476,True
MATMUL,uint32_t,1,128,128,128,4,1521.907333,True
MATMUL,uint32_t,1,128,128,128,32,1172.719333,True
MATMUL,uint32_t,1,128,128,128,64,1154.961333,True
MATMUL,uint32_t,1,128,128,128,128,1145.118333,True
MATMUL,uint32_t,1,128,128,256,8,2604.427333,True
MATMUL,uint32_t,1,128,128,256,4,3043.726667,True
MATMUL,uint32_t,1,128,128,256,16,2423.392,True
MATMUL,uint32_t,1,128,128,256,32,2345.944333,True
MATMUL,uint32_t,1,128,128,256,64,2309.867667,True
MATMUL,uint32_t,1,128,128,256,128,2289.970333,True
MATMUL,uint32_t,1,128,256,16,4,379.805,True
MATMUL,uint32_t,1,128,256,16,8,325.092667,True
MATMUL,uint32_t,1,128,256,16,16,302.654,True
MATMUL,uint32_t,1,128,256,32,4,759.003667,True
MATMUL,uint32_t,1,128,256,32,8,650.011,True
MATMUL,uint32_t,1,128,256,32,16,605.173333,True
MATMUL,uint32_t,1,128,256,32,32,585.844333,True
MATMUL,uint32_t,1,128,128,512,8,5208.854333,True
MATMUL,uint32_t,1,128,256,64,8,1299.939667,True
MATMUL,uint32_t,1,128,256,64,4,1517.485,True
MATMUL,uint32_t,1,128,128,512,4,6084.120667,True
MATMUL,uint32_t,1,128,128,512,16,4847.433,True
MATMUL,uint32_t,1,128,256,64,16,1210.348,True
MATMUL,uint32_t,1,128,128,512,32,4690.265667,True
MATMUL,uint32_t,1,128,128,512,128,4580.395333,True
MATMUL,uint32_t,1,128,128,512,64,4619.664333,True
MATMUL,uint32_t,1,128,256,64,32,1171.654667,True
MATMUL,uint32_t,1,128,256,64,64,1153.989333,True
MATMUL,uint32_t,1,128,256,128,16,2420.655,True
MATMUL,uint32_t,1,128,256,128,32,2343.706667,True
MATMUL,uint32_t,1,128,256,128,64,2307.871,True
MATMUL,uint32_t,1,128,256,128,128,2288.205,True
MATMUL,uint32_t,1,128,256,128,8,2599.424,True
MATMUL,uint32_t,1,128,256,128,4,3036.55,True
MATMUL,uint32_t,1,128,256,256,8,5199.387333,True
MATMUL,uint32_t,1,128,256,256,4,6071.804333,True
MATMUL,uint32_t,1,128,256,256,128,4576.434667,True
MATMUL,uint32_t,1,128,256,256,256,4558.795,True
MATMUL,uint32_t,1,128,256,256,64,4615.619333,True
MATMUL,uint32_t,1,128,256,256,32,4686.918667,True
MATMUL,uint32_t,1,128,256,256,16,4840.466333,True
MATMUL,uint32_t,1,128,512,16,4,758.541333,True
MATMUL,uint32_t,1,128,512,16,8,649.551333,True
MATMUL,uint32_t,1,128,512,16,16,604.894,True
MATMUL,uint32_t,1,128,512,32,4,1515.918,True
MATMUL,uint32_t,1,128,512,32,8,1298.844,True
MATMUL,uint32_t,1,128,512,32,16,1209.262667,True
MATMUL,uint32_t,1,128,256,512,4,12140.785,True
MATMUL,uint32_t,1,128,512,32,32,1171.236,True
MATMUL,uint32_t,1,128,256,512,8,10397.705333,True
MATMUL,uint32_t,1,128,256,512,16,9682.191,True
MATMUL,uint32_t,1,128,256,512,128,9153.456333,True
MATMUL,uint32_t,1,128,256,512,256,9119.482667,True
MATMUL,uint32_t,1,128,256,512,64,9231.210667,True
MATMUL,uint32_t,1,128,256,512,32,9370.299,True
MATMUL,uint32_t,1,128,512,64,8,2597.358667,True
MATMUL,uint32_t,1,128,512,64,4,3030.565,True
MATMUL,uint32_t,1,128,512,64,16,2418.329333,True
MATMUL,uint32_t,1,128,512,64,32,2342.630667,True
MATMUL,uint32_t,1,128,512,64,64,2306.863667,True
MATMUL,uint32_t,1,128,512,128,16,4836.494,True
MATMUL,uint32_t,1,128,512,128,8,5194.667,True
MATMUL,uint32_t,1,128,512,128,32,4683.320333,True
MATMUL,uint32_t,1,128,512,128,64,4613.630333,True
MATMUL,uint32_t,1,128,512,128,4,6075.431333,True
MATMUL,uint32_t,1,128,512,128,128,4574.223,True
MATMUL,uint32_t,1,128,512,256,8,10387.440667,True
MATMUL,uint32_t,1,128,512,256,4,12132.328333,True
MATMUL,uint32_t,1,128,512,256,32,9369.866667,True
MATMUL,uint32_t,1,128,512,256,16,9673.537667,True
MATMUL,uint32_t,1,128,512,256,64,9227.222333,True
MATMUL,uint32_t,1,128,512,256,256,9113.448,True
MATMUL,uint32_t,1,128,512,256,128,9150.628,True
MATMUL,uint32_t,1,256,16,16,4,49.372,True
MATMUL,uint32_t,1,256,16,16,8,41.9,True
MATMUL,uint32_t,1,256,16,16,16,38.763,True
MATMUL,uint32_t,1,256,16,32,4,98.549667,True
MATMUL,uint32_t,1,256,16,32,8,83.552667,True
MATMUL,uint32_t,1,256,16,32,16,77.312667,True
MATMUL,uint32_t,1,256,16,64,4,196.917667,True
MATMUL,uint32_t,1,256,16,64,8,166.891333,True
MATMUL,uint32_t,1,256,16,64,16,154.419333,True
MATMUL,uint32_t,1,256,16,128,4,393.585333,True
MATMUL,uint32_t,1,256,16,128,8,333.498333,True
MATMUL,uint32_t,1,256,16,128,16,308.701333,True
MATMUL,uint32_t,1,256,16,256,4,787.197333,True
MATMUL,uint32_t,1,256,16,256,8,666.969667,True
MATMUL,uint32_t,1,256,16,256,16,617.132333,True
MATMUL,uint32_t,1,256,16,512,4,1573.924333,True
MATMUL,uint32_t,1,256,16,512,8,1333.368667,True
MATMUL,uint32_t,1,256,16,512,16,1234.204,True
MATMUL,uint32_t,1,256,32,16,4,96.475,True
MATMUL,uint32_t,1,256,32,16,8,82.444667,True
MATMUL,uint32_t,1,256,32,16,16,76.495667,True
MATMUL,uint32_t,1,256,32,32,4,192.695667,True
MATMUL,uint32_t,1,256,32,32,8,164.640333,True
MATMUL,uint32_t,1,256,32,32,16,152.851333,True
MATMUL,uint32_t,1,256,32,32,32,147.651,True
MATMUL,uint32_t,1,256,32,64,4,386.274667,True
MATMUL,uint32_t,1,256,32,64,8,329.003,True
MATMUL,uint32_t,1,256,32,64,16,305.484,True
MATMUL,uint32_t,1,256,32,64,32,295.232,True
MATMUL,uint32_t,1,256,32,128,4,772.514667,True
MATMUL,uint32_t,1,256,32,128,8,658.115667,True
MATMUL,uint32_t,1,256,32,128,16,610.967,True
MATMUL,uint32_t,1,256,32,128,32,590.145667,True
MATMUL,uint32_t,1,128,512,512,4,24269.185,True
MATMUL,uint32_t,1,256,32,256,4,1540.887667,True
MATMUL,uint32_t,1,256,32,256,8,1315.509333,True
MATMUL,uint32_t,1,128,512,512,64,18454.248333,True
MATMUL,uint32_t,1,256,32,256,16,1221.415333,True
MATMUL,uint32_t,1,128,512,512,32,18735.962,True
MATMUL,uint32_t,1,128,512,512,256,18229.333333,True
MATMUL,uint32_t,1,128,512,512,128,18301.138333,True
MATMUL,uint32_t,1,128,512,512,8,20780.881667,True
MATMUL,uint32_t,1,256,32,256,32,1180.336333,True
MATMUL,uint32_t,1,128,512,512,16,19350.720333,True
MATMUL,uint32_t,1,256,64,16,8,163.587,True
MATMUL,uint32_t,1,256,64,16,4,191.604,True
MATMUL,uint32_t,1,256,64,16,16,152.067,True
MATMUL,uint32_t,1,256,64,32,4,383.678667,True
MATMUL,uint32_t,1,256,64,32,32,293.927,True
MATMUL,uint32_t,1,256,64,32,8,326.864667,True
MATMUL,uint32_t,1,256,64,32,16,303.921333,True
MATMUL,uint32_t,1,256,64,64,32,587.796667,True
MATMUL,uint32_t,1,256,64,64,16,607.680667,True
MATMUL,uint32_t,1,256,64,64,8,653.612333,True
MATMUL,uint32_t,1,256,64,64,4,765.598667,True
MATMUL,uint32_t,1,256,64,64,64,578.532,True
MATMUL,uint32_t,1,256,32,512,32,2360.060333,True
MATMUL,uint32_t,1,256,32,512,8,2630.330333,True
MATMUL,uint32_t,1,256,32,512,16,2442.559667,True
MATMUL,uint32_t,1,256,64,128,16,1215.145333,True
MATMUL,uint32_t,1,256,64,128,8,1306.758667,True
MATMUL,uint32_t,1,256,32,512,4,3080.386333,True
MATMUL,uint32_t,1,256,64,128,4,1529.608,True
MATMUL,uint32_t,1,256,64,128,32,1175.145667,True
MATMUL,uint32_t,1,256,64,128,64,1156.98,True
MATMUL,uint32_t,1,256,64,256,8,2612.929,True
MATMUL,uint32_t,1,256,64,256,32,2350.144,True
MATMUL,uint32_t,1,256,64,256,16,2429.405333,True
MATMUL,uint32_t,1,256,64,256,64,2313.852333,True
MATMUL,uint32_t,1,256,64,256,4,3060.042,True
MATMUL,uint32_t,1,256,128,16,4,380.904333,True
MATMUL,uint32_t,1,256,128,16,8,325.769333,True
MATMUL,uint32_t,1,256,128,16,16,303.031,True
MATMUL,uint32_t,1,256,128,32,8,651.315333,True
MATMUL,uint32_t,1,256,128,32,4,760.757333,True
MATMUL,uint32_t,1,256,128,32,16,606.055667,True
MATMUL,uint32_t,1,256,128,32,32,586.45,True
MATMUL,uint32_t,1,256,128,64,8,1302.063333,True
MATMUL,uint32_t,1,256,128,64,4,1522.279667,True
MATMUL,uint32_t,1,256,128,64,16,1211.669,True
MATMUL,uint32_t,1,256,64,512,8,5226.553667,True
MATMUL,uint32_t,1,256,64,512,16,4859.873333,True
MATMUL,uint32_t,1,256,64,512,4,6126.389,True
MATMUL,uint32_t,1,256,128,64,32,1173.113,True
MATMUL,uint32_t,1,256,128,64,64,1154.998,True
MATMUL,uint32_t,1,256,64,512,64,4627.611,True
MATMUL,uint32_t,1,256,64,512,32,4701.037,True
MATMUL,uint32_t,1,256,128,128,16,2423.609333,True
MATMUL,uint32_t,1,256,128,128,8,2604.182667,True
MATMUL,uint32_t,1,256,128,128,4,3041.402333,True
MATMUL,uint32_t,1,256,128,128,32,2345.713667,True
MATMUL,uint32_t,1,256,128,128,64,2309.836333,True
MATMUL,uint32_t,1,256,128,128,128,2290.790333,True
MATMUL,uint32_t,1,256,128,256,8,5207.899667,True
MATMUL,uint32_t,1,256,128,256,32,4691.217,True
MATMUL,uint32_t,1,256,128,256,16,4847.101333,True
MATMUL,uint32_t,1,256,128,256,4,6085.229,True
MATMUL,uint32_t,1,256,128,256,64,4619.651667,True
MATMUL,uint32_t,1,256,128,256,128,4580.454,True
MATMUL,uint32_t,1,256,256,16,8,650.090667,True
MATMUL,uint32_t,1,256,256,16,4,759.964333,True
MATMUL,uint32_t,1,256,256,16,16,605.172667,True
MATMUL,uint32_t,1,256,256,32,4,1517.453,True
MATMUL,uint32_t,1,256,256,32,8,1299.807333,True
MATMUL,uint32_t,1,256,256,32,16,1210.489,True
MATMUL,uint32_t,1,256,256,32,32,1171.542333,True
MATMUL,uint32_t,1,256,128,512,8,10414.731,True
MATMUL,uint32_t,1,256,256,64,8,2599.207667,True
MATMUL,uint32_t,1,256,256,64,4,3036.197,True
MATMUL,uint32_t,1,256,128,512,4,12189.854,True
MATMUL,uint32_t,1,256,256,64,16,2420.595333,True
MATMUL,uint32_t,1,256,128,512,16,9694.859,True
MATMUL,uint32_t,1,256,128,512,128,9162.170667,True
MATMUL,uint32_t,1,256,256,64,32,2342.752,True
MATMUL,uint32_t,1,256,256,64,64,2307.872,True
MATMUL,uint32_t,1,256,128,512,64,9239.161667,True
MATMUL,uint32_t,1,256,128,512,32,9383.353667,True
MATMUL,uint32_t,1,256,256,128,16,4839.895667,True
MATMUL,uint32_t,1,256,256,128,8,5198.315333,True
MATMUL,uint32_t,1,256,256,128,128,4576.449,True
MATMUL,uint32_t,1,256,256,128,64,4615.679,True
MATMUL,uint32_t,1,256,256,128,4,6068.204667,True
MATMUL,uint32_t,1,256,256,128,32,4685.031333,True
MATMUL,uint32_t,1,256,256,256,8,10399.010667,True
MATMUL,uint32_t,1,256,256,256,4,12154.278,True
MATMUL,uint32_t,1,256,256,256,128,9154.972333,True
MATMUL,uint32_t,1,256,256,256,256,9118.832,True
MATMUL,uint32_t,1,256,256,256,64,9231.170667,True
MATMUL,uint32_t,1,256,256,256,32,9372.644333,True
MATMUL,uint32_t,1,256,256,256,16,9678.764667,True
MATMUL,uint32_t,1,256,512,16,4,1517.125667,True
MATMUL,uint32_t,1,256,512,16,8,1298.810333,True
MATMUL,uint32_t,1,256,512,16,16,1209.488,True
MATMUL,uint32_t,1,256,512,32,4,3031.852333,True
MATMUL,uint32_t,1,256,512,32,8,2597.663667,True
MATMUL,uint32_t,1,256,512,32,16,2418.452,True
MATMUL,uint32_t,1,256,256,512,4,24283.728333,True
MATMUL,uint32_t,1,256,512,32,32,2342.423667,True
MATMUL,uint32_t,1,256,256,512,8,20803.532,True
MATMUL,uint32_t,1,256,256,512,16,19358.954667,True
MATMUL,uint32_t,1,256,256,512,128,18309.930667,True
MATMUL,uint32_t,1,256,256,512,256,18234.495667,True
MATMUL,uint32_t,1,256,256,512,64,18462.224333,True
MATMUL,uint32_t,1,256,256,512,32,18742.848333,True
MATMUL,uint32_t,1,256,512,64,8,5195.087,True
MATMUL,uint32_t,1,256,512,64,4,6066.837,True
MATMUL,uint32_t,1,256,512,64,16,4836.909667,True
MATMUL,uint32_t,1,256,512,64,32,4683.612333,True
MATMUL,uint32_t,1,256,512,64,64,4613.673333,True
MATMUL,uint32_t,1,256,512,128,16,9673.63,True
MATMUL,uint32_t,1,256,512,128,8,10388.086,True
MATMUL,uint32_t,1,256,512,128,32,9366.525,True
MATMUL,uint32_t,1,256,512,128,64,9227.203,True
MATMUL,uint32_t,1,256,512,128,4,12128.314333,True
MATMUL,uint32_t,1,256,512,128,128,9151.262,True
MATMUL,uint32_t,1,256,512,256,8,20775.541,True
MATMUL,uint32_t,1,256,512,256,4,24264.872,True
MATMUL,uint32_t,1,256,512,256,32,18732.046333,True
MATMUL,uint32_t,1,256,512,256,16,19346.31,True
MATMUL,uint32_t,1,256,512,256,64,18454.213333,True
MATMUL,uint32_t,1,256,512,256,256,18227.611667,True
MATMUL,uint32_t,1,256,512,256,128,18300.623,True
MATMUL,uint32_t,1,512,16,16,4,98.650333,True
MATMUL,uint32_t,1,512,16,16,8,83.697,True
MATMUL,uint32_t,1,512,16,16,16,77.461667,True
MATMUL,uint32_t,1,512,16,32,4,197.057,True
MATMUL,uint32_t,1,512,16,32,8,167.033667,True
MATMUL,uint32_t,1,512,16,32,16,154.572333,True
MATMUL,uint32_t,1,512,16,64,4,393.762333,True
MATMUL,uint32_t,1,512,16,64,8,333.716667,True
MATMUL,uint32_t,1,512,16,64,16,308.762667,True
MATMUL,uint32_t,1,512,16,128,4,787.611667,True
MATMUL,uint32_t,1,512,16,128,8,666.882667,True
MATMUL,uint32_t,1,512,16,128,16,617.157667,True
MATMUL,uint32_t,1,512,16,256,4,1574.4,True
MATMUL,uint32_t,1,512,16,256,8,1334.034333,True
MATMUL,uint32_t,1,512,16,256,16,1234.373333,True
MATMUL,uint32_t,1,512,16,512,4,3149.875333,True
MATMUL,uint32_t,1,512,16,512,8,2666.983667,True
MATMUL,uint32_t,1,512,16,512,16,2467.889667,True
MATMUL,uint32_t,1,512,32,16,4,193.029,True
MATMUL,uint32_t,1,512,32,16,8,164.821667,True
MATMUL,uint32_t,1,512,32,16,16,152.969333,True
MATMUL,uint32_t,1,512,32,32,4,386.357667,True
MATMUL,uint32_t,1,512,32,32,8,329.156,True
MATMUL,uint32_t,1,512,32,32,16,305.621,True
MATMUL,uint32_t,1,512,32,32,32,295.359,True
MATMUL,uint32_t,1,512,32,64,4,771.433333,True
MATMUL,uint32_t,1,512,32,64,8,658.174,True
MATMUL,uint32_t,1,512,32,64,16,610.935333,True
MATMUL,uint32_t,1,512,32,64,32,590.378667,True
MATMUL,uint32_t,1,512,32,128,4,1543.139333,True
MATMUL,uint32_t,1,512,32,128,8,1315.408333,True
MATMUL,uint32_t,1,512,32,128,16,1221.753333,True
MATMUL,uint32_t,1,512,32,128,32,1179.897333,True
MATMUL,uint32_t,1,256,512,512,4,48496.502,True
MATMUL,uint32_t,1,512,32,256,4,3081.357333,True
MATMUL,uint32_t,1,512,32,256,16,2442.778,True
MATMUL,uint32_t,1,512,32,256,8,2630.902333,True
MATMUL,uint32_t,1,256,512,512,64,36908.277,True
MATMUL,uint32_t,1,256,512,512,128,36597.159,True
MATMUL,uint32_t,1,512,32,256,32,2360.431333,True
MATMUL,uint32_t,1,256,512,512,32,37462.829333,True
MATMUL,uint32_t,1,256,512,512,256,36456.292333,True
MATMUL,uint32_t,1,256,512,512,8,41558.109667,True
MATMUL,uint32_t,1,256,512,512,16,38694.458667,True
MATMUL,uint32_t,1,512,64,16,4,382.596333,True
MATMUL,uint32_t,1,512,64,16,8,327.023333,True
MATMUL,uint32_t,1,512,64,16,16,304.003333,True
MATMUL,uint32_t,1,512,64,32,4,767.071667,True
MATMUL,uint32_t,1,512,64,32,8,653.762667,True
MATMUL,uint32_t,1,512,64,32,16,607.673333,True
MATMUL,uint32_t,1,512,64,32,32,587.771333,True
MATMUL,uint32_t,1,512,64,64,16,1214.948333,True
MATMUL,uint32_t,1,512,64,64,32,1175.282,True
MATMUL,uint32_t,1,512,64,64,8,1306.916667,True
MATMUL,uint32_t,1,512,64,64,4,1530.5,True
MATMUL,uint32_t,1,512,64,64,64,1156.991667,True
MATMUL,uint32_t,1,512,32,512,4,6161.209,True
MATMUL,uint32_t,1,512,32,512,32,4720.862333,True
MATMUL,uint32_t,1,512,32,512,16,4884.686,True
MATMUL,uint32_t,1,512,32,512,8,5261.662667,True
MATMUL,uint32_t,1,512,64,128,8,2613.514667,True
MATMUL,uint32_t,1,512,64,128,16,2429.687333,True
MATMUL,uint32_t,1,512,64,128,4,3059.698333,True
MATMUL,uint32_t,1,512,64,128,32,2350.122333,True
MATMUL,uint32_t,1,512,64,128,64,2313.844667,True
MATMUL,uint32_t,1,512,64,256,16,4859.742,True
MATMUL,uint32_t,1,512,64,256,64,4627.645,True
MATMUL,uint32_t,1,512,64,256,32,4699.558,True
MATMUL,uint32_t,1,512,64,256,8,5225.933,True
MATMUL,uint32_t,1,512,128,16,4,760.829,True
MATMUL,uint32_t,1,512,128,16,8,651.353,True
MATMUL,uint32_t,1,512,64,256,4,6126.979667,True
MATMUL,uint32_t,1,512,128,16,16,606.238,True
MATMUL,uint32_t,1,512,128,32,8,1302.410667,True
MATMUL,uint32_t,1,512,128,32,4,1521.206333,True
MATMUL,uint32_t,1,512,128,32,16,1212.103667,True
MATMUL,uint32_t,1,512,128,32,32,1173.226,True
MATMUL,uint32_t,1,512,128,64,8,2604.409,True
MATMUL,uint32_t,1,512,128,64,4,3042.164,True
MATMUL,uint32_t,1,512,64,512,16,9718.945,True
MATMUL,uint32_t,1,512,128,64,16,2424.013333,True
MATMUL,uint32_t,1,512,64,512,8,10452.449,True
MATMUL,uint32_t,1,512,128,64,32,2345.28,True
MATMUL,uint32_t,1,512,64,512,4,12241.157333,True
MATMUL,uint32_t,1,512,128,64,64,2309.87,True
MATMUL,uint32_t,1,512,64,512,64,9255.177333,True
MATMUL,uint32_t,1,512,64,512,32,9400.639333,True
MATMUL,uint32_t,1,512,128,128,8,5208.946,True
MATMUL,uint32_t,1,512,128,128,16,4846.502,True
MATMUL,uint32_t,1,512,128,128,4,6084.925333,True
MATMUL,uint32_t,1,512,128,128,32,4690.295667,True
MATMUL,uint32_t,1,512,128,128,128,4580.905333,True
MATMUL,uint32_t,1,512,128,128,64,4619.613333,True
MATMUL,uint32_t,1,512,128,256,8,10416.752,True
MATMUL,uint32_t,1,512,128,256,32,9380.050667,True
MATMUL,uint32_t,1,512,128,256,16,9692.288667,True
MATMUL,uint32_t,1,512,128,256,4,12176.310333,True
MATMUL,uint32_t,1,512,128,256,64,9239.163667,True
MATMUL,uint32_t,1,512,128,256,128,9159.374667,True
MATMUL,uint32_t,1,512,256,16,4,1518.465667,True
MATMUL,uint32_t,1,512,256,16,8,1300.175,True
MATMUL,uint32_t,1,512,256,16,16,1210.532,True
MATMUL,uint32_t,1,512,256,32,4,3038.338667,True
MATMUL,uint32_t,1,512,256,32,8,2599.763667,True
MATMUL,uint32_t,1,512,256,32,16,2420.702333,True
MATMUL,uint32_t,1,512,256,32,32,2343.635333,True
MATMUL,uint32_t,1,512,128,512,8,20836.425667,True
MATMUL,uint32_t,1,512,256,64,8,5199.560667,True
MATMUL,uint32_t,1,512,256,64,4,6068.175667,True
MATMUL,uint32_t,1,512,128,512,4,24323.277,True
MATMUL,uint32_t,1,512,256,64,16,4839.75,True
MATMUL,uint32_t,1,512,128,512,16,19382.17,True
MATMUL,uint32_t,1,512,256,64,32,4687.278667,True
MATMUL,uint32_t,1,512,128,512,64,18478.233,True
MATMUL,uint32_t,1,512,256,64,64,4615.616333,True
MATMUL,uint32_t,1,512,128,512,32,18763.728,True
MATMUL,uint32_t,1,512,128,512,128,18324.747333,True
MATMUL,uint32_t,1,512,256,128,128,9154.606,True
MATMUL,uint32_t,1,512,256,128,32,9370.922667,True
MATMUL,uint32_t,1,512,256,128,64,9231.179,True
MATMUL,uint32_t,1,512,256,128,8,10397.301,True
MATMUL,uint32_t,1,512,256,128,16,9680.782,True
MATMUL,uint32_t,1,512,256,128,4,12146.356,True
MATMUL,uint32_t,1,512,256,256,8,20795.930667,True
MATMUL,uint32_t,1,512,256,256,4,24293.852333,True
MATMUL,uint32_t,1,512,256,256,128,18309.038,True
MATMUL,uint32_t,1,512,256,256,256,18237.502333,True
MATMUL,uint32_t,1,512,256,256,64,18462.216333,True
MATMUL,uint32_t,1,512,256,256,32,18740.368333,True
MATMUL,uint32_t,1,512,256,256,16,19360.475,True
MATMUL,uint32_t,1,512,512,16,4,3034.431667,True
MATMUL,uint32_t,1,512,512,16,8,2597.344667,True
MATMUL,uint32_t,1,512,512,16,16,2418.496333,True
MATMUL,uint32_t,1,512,512,32,4,6069.050667,True
MATMUL,uint32_t,1,512,512,32,8,5193.944,True
MATMUL,uint32_t,1,512,512,32,16,4838.082,True
MATMUL,uint32_t,1,512,512,32,32,4684.286333,True
MATMUL,uint32_t,1,512,256,512,4,48541.971333,True
MATMUL,uint32_t,1,512,256,512,8,41591.449333,True
MATMUL,uint32_t,1,512,256,512,16,38726.260333,True
MATMUL,uint32_t,1,512,256,512,128,36610.540667,True
MATMUL,uint32_t,1,512,256,512,256,36467.075667,True
MATMUL,uint32_t,1,512,256,512,64,36924.287333,True
MATMUL,uint32_t,1,512,256,512,32,37492.172667,True
MATMUL,uint32_t,1,512,512,64,8,10391.059667,True
MATMUL,uint32_t,1,512,512,64,4,12118.905,True
MATMUL,uint32_t,1,512,512,64,16,9672.182,True
MATMUL,uint32_t,1,512,512,64,32,9367.905,True
MATMUL,uint32_t,1,512,512,64,64,9227.156333,True
MATMUL,uint32_t,1,512,512,128,16,19348.112333,True
MATMUL,uint32_t,1,512,512,128,8,20776.994,True
MATMUL,uint32_t,1,512,512,128,32,18737.364667,True
MATMUL,uint32_t,1,512,512,128,64,18454.224667,True
MATMUL,uint32_t,1,512,512,128,4,24286.944667,True
MATMUL,uint32_t,1,512,512,128,128,18299.899667,True
MATMUL,uint32_t,1,512,512,256,8,41549.304667,True
MATMUL,uint32_t,1,512,512,256,4,48580.858,True
MATMUL,uint32_t,1,512,512,256,32,37464.136,True
MATMUL,uint32_t,1,512,512,256,16,38702.432667,True
MATMUL,uint32_t,1,512,512,256,64,36908.334333,True
MATMUL,uint32_t,1,512,512,256,128,36592.649,True
MATMUL,uint32_t,1,512,512,256,256,36451.487,True
MATMUL,uint32_t,2,16,16,16,4,3.138333,True
MATMUL,uint32_t,2,16,16,16,8,2.662667,True
MATMUL,uint32_t,2,16,16,16,16,2.470333,True
MATMUL,uint32_t,2,16,16,32,4,6.206667,True
MATMUL,uint32_t,2,16,16,32,8,5.265333,True
MATMUL,uint32_t,2,16,16,32,16,4.879333,True
MATMUL,uint32_t,2,16,16,64,4,12.377333,True
MATMUL,uint32_t,2,16,16,64,8,10.470667,True
MATMUL,uint32_t,2,16,16,64,16,9.698333,True
MATMUL,uint32_t,2,16,16,128,4,24.705,True
MATMUL,uint32_t,2,16,16,128,8,20.896333,True
MATMUL,uint32_t,2,16,16,128,16,19.341333,True
MATMUL,uint32_t,2,16,16,256,4,49.359667,True
MATMUL,uint32_t,2,16,16,256,8,41.744333,True
MATMUL,uint32_t,2,16,16,256,16,38.622,True
MATMUL,uint32_t,2,16,16,512,4,98.676667,True
MATMUL,uint32_t,2,16,16,512,8,83.461333,True
MATMUL,uint32_t,2,16,16,512,16,77.189667,True
MATMUL,uint32_t,2,16,32,16,4,6.1,True
MATMUL,uint32_t,2,16,32,16,8,5.205,True
MATMUL,uint32_t,2,16,32,16,16,4.835333,True
MATMUL,uint32_t,2,16,32,32,4,12.143667,True
MATMUL,uint32_t,2,16,32,32,8,10.336667,True
MATMUL,uint32_t,2,16,32,32,16,9.603333,True
MATMUL,uint32_t,2,16,32,32,32,9.271,True
MATMUL,uint32_t,2,16,32,64,4,24.205,True
MATMUL,uint32_t,2,16,32,64,8,20.635667,True
MATMUL,uint32_t,2,16,32,64,16,19.142333,True
MATMUL,uint32_t,2,16,32,64,32,18.502,True
MATMUL,uint32_t,2,16,32,128,4,48.338667,True
MATMUL,uint32_t,2,16,32,128,8,41.176,True
MATMUL,uint32_t,2,16,32,128,16,38.237333,True
MATMUL,uint32_t,2,16,32,128,32,36.940333,True
MATMUL,uint32_t,2,16,32,256,4,96.591,True
MATMUL,uint32_t,2,16,32,256,8,82.321667,True
MATMUL,uint32_t,2,16,32,256,16,76.409333,True
MATMUL,uint32_t,2,16,32,256,32,73.837667,True
MATMUL,uint32_t,2,16,32,512,4,193.351667,True
MATMUL,uint32_t,2,16,32,512,8,164.553333,True
MATMUL,uint32_t,2,16,32,512,16,152.783333,True
MATMUL,uint32_t,2,16,32,512,32,147.554,True
MATMUL,uint32_t,2,16,64,16,4,12.042,True
MATMUL,uint32_t,2,16,64,16,8,10.278333,True
MATMUL,uint32_t,2,16,64,16,16,9.550667,True
MATMUL,uint32_t,2,16,64,32,4,24.059333,True
MATMUL,uint32_t,2,16,64,32,8,20.493667,True
MATMUL,uint32_t,2,16,64,32,16,19.05,True
MATMUL,uint32_t,2,16,64,32,32,18.428333,True
MATMUL,uint32_t,2,16,64,64,4,48.006333,True
MATMUL,uint32_t,2,16,64,64,8,40.922333,True
MATMUL,uint32_t,2,16,64,64,16,38.024667,True
MATMUL,uint32_t,2,16,64,64,32,36.79,True
MATMUL,uint32_t,2,16,64,64,64,36.207333,True
MATMUL,uint32_t,2,16,64,128,4,95.972667,True
MATMUL,uint32_t,2,16,64,128,8,81.752667,True
MATMUL,uint32_t,2,16,64,128,16,76.005667,True
MATMUL,uint32_t,2,16,64,128,32,73.53,True
MATMUL,uint32_t,2,16,64,128,64,72.370667,True
MATMUL,uint32_t,2,16,64,256,4,191.899333,True
MATMUL,uint32_t,2,16,64,256,8,163.488667,True
MATMUL,uint32_t,2,16,64,256,16,151.948333,True
MATMUL,uint32_t,2,16,64,256,32,146.955667,True
MATMUL,uint32_t,2,16,64,256,64,144.674333,True
MATMUL,uint32_t,2,16,64,512,4,384.029,True
MATMUL,uint32_t,2,16,64,512,8,326.833,True
MATMUL,uint32_t,2,16,64,512,16,303.835,True
MATMUL,uint32_t,2,16,64,512,32,293.925667,True
MATMUL,uint32_t,2,16,64,512,64,289.288333,True
MATMUL,uint32_t,2,16,128,16,4,23.911667,True
MATMUL,uint32_t,2,16,128,16,8,20.420333,True
MATMUL,uint32_t,2,16,128,16,16,19.004,True
MATMUL,uint32_t,2,16,128,32,4,47.771667,True
MATMUL,uint32_t,2,16,128,32,8,40.778333,True
MATMUL,uint32_t,2,16,128,32,16,37.942667,True
MATMUL,uint32_t,2,16,128,32,32,36.722333,True
MATMUL,uint32_t,2,16,128,64,4,95.413667,True
MATMUL,uint32_t,2,16,128,64,8,81.462333,True
MATMUL,uint32_t,2,16,128,64,16,75.808667,True
MATMUL,uint32_t,2,16,128,64,32,73.367667,True
MATMUL,uint32_t,2,16,128,64,64,72.242333,True
MATMUL,uint32_t,2,16,128,128,4,190.638667,True
MATMUL,uint32_t,2,16,128,128,8,162.887,True
MATMUL,uint32_t,2,16,128,128,16,151.558333,True
MATMUL,uint32_t,2,16,128,128,32,146.684,True
MATMUL,uint32_t,2,16,128,128,64,144.427667,True
MATMUL,uint32_t,2,16,128,128,128,143.228667,True
MATMUL,uint32_t,2,16,128,256,4,381.940333,True
MATMUL,uint32_t,2,16,128,256,8,325.702333,True
MATMUL,uint32_t,2,16,128,256,16,303.070667,True
MATMUL,uint32_t,2,16,128,256,32,293.277667,True
MATMUL,uint32_t,2,16,128,256,64,288.784333,True
MATMUL,uint32_t,2,16,128,256,128,286.391,True
MATMUL,uint32_t,2,16,128,512,4,764.207333,True
MATMUL,uint32_t,2,16,128,512,8,651.365333,True
MATMUL,uint32_t,2,16,128,512,16,606.080667,True
MATMUL,uint32_t,2,16,128,512,32,586.586333,True
MATMUL,uint32_t,2,16,128,512,64,577.516,True
MATMUL,uint32_t,2,16,128,512,128,572.710667,True
MATMUL,uint32_t,2,16,256,16,4,47.62,True
MATMUL,uint32_t,2,16,256,16,8,40.706333,True
MATMUL,uint32_t,2,16,256,16,16,37.898667,True
MATMUL,uint32_t,2,16,256,32,4,95.414333,True
MATMUL,uint32_t,2,16,256,32,8,81.338,True
MATMUL,uint32_t,2,16,256,32,16,75.712333,True
MATMUL,uint32_t,2,16,256,32,32,73.305,True
MATMUL,uint32_t,2,16,256,64,4,190.898,True
MATMUL,uint32_t,2,16,256,64,8,162.619,True
MATMUL,uint32_t,2,16,256,64,16,151.37,True
MATMUL,uint32_t,2,16,256,64,32,146.562333,True
MATMUL,uint32_t,2,16,256,64,64,144.311333,True
MATMUL,uint32_t,2,16,256,128,4,380.588,True
MATMUL,uint32_t,2,16,256,128,8,325.162667,True
MATMUL,uint32_t,2,16,256,128,16,302.705333,True
MATMUL,uint32_t,2,16,256,128,32,292.958667,True
MATMUL,uint32_t,2,16,256,128,64,288.544,True
MATMUL,uint32_t,2,16,256,128,128,286.171333,True
MATMUL,uint32_t,2,16,256,256,4,763.146,True
MATMUL,uint32_t,2,16,256,256,8,650.145333,True
MATMUL,uint32_t,2,16,256,256,16,605.213667,True
MATMUL,uint32_t,2,16,256,256,32,585.817,True
MATMUL,uint32_t,2,16,256,256,64,577.014,True
MATMUL,uint32_t,2,16,256,256,128,572.254,True
MATMUL,uint32_t,2,16,256,256,256,570.027667,True
MATMUL,uint32_t,2,16,256,512,4,1525.863667,True
MATMUL,uint32_t,2,16,256,512,8,1300.523333,True
MATMUL,uint32_t,2,16,256,512,16,1210.487667,True
MATMUL,uint32_t,2,16,256,512,32,1171.836667,True
MATMUL,uint32_t,2,16,256,512,64,1153.991,True
MATMUL,uint32_t,2,16,256,512,128,1144.355667,True
MATMUL,uint32_t,2,16,256,512,256,1140.008333,True
MATMUL,uint32_t,2,16,512,16,4,95.097667,True
MATMUL,uint32_t,2,16,512,16,8,81.272667,True
MATMUL,uint32_t,2,16,512,16,16,75.673667,True
MATMUL,uint32_t,2,16,512,32,4,189.992333,True
MATMUL,uint32_t,2,16,512,32,8,162.440333,True
MATMUL,uint32_t,2,16,512,32,16,151.26,True
MATMUL,uint32_t,2,16,512,32,32,146.470667,True
MATMUL,uint32_t,2,16,512,64,4,379.908667,True
MATMUL,uint32_t,2,16,512,64,8,324.773333,True
MATMUL,uint32_t,2,16,512,64,16,302.448333,True
MATMUL,uint32_t,2,16,512,64,32,292.794,True
MATMUL,uint32_t,2,16,512,64,64,288.418,True
MATMUL,uint32_t,2,16,512,128,4,761.375333,True
MATMUL,uint32_t,2,16,512,128,8,649.570667,True
MATMUL,uint32_t,2,16,512,128,16,604.762,True
MATMUL,uint32_t,2,16,512,128,32,585.665,True
MATMUL,uint32_t,2,16,512,128,64,576.767333,True
MATMUL,uint32_t,2,16,512,128,128,571.903333,True
MATMUL,uint32_t,2,16,512,256,4,1522.076,True
MATMUL,uint32_t,2,16,512,256,8,1299.074,True
MATMUL,uint32_t,2,16,512,256,16,1209.474,True
MATMUL,uint32_t,2,16,512,256,32,1170.880333,True
MATMUL,uint32_t,2,16,512,256,64,1153.492,True
MATMUL,uint32_t,2,16,512,256,128,1143.814667,True
MATMUL,uint32_t,2,16,512,256,256,1139.313667,True
MATMUL,uint32_t,2,16,512,512,4,3040.617,True
MATMUL,uint32_t,2,16,512,512,8,2597.811333,True
MATMUL,uint32_t,2,16,512,512,16,2418.634,True
MATMUL,uint32_t,1,512,512,512,4,96993.676,True
MATMUL,uint32_t,2,16,512,512,32,2342.607667,True
MATMUL,uint32_t,2,16,512,512,64,2306.864667,True
MATMUL,uint32_t,2,16,512,512,128,2287.580667,True
MATMUL,uint32_t,2,32,16,16,4,6.232,True
MATMUL,uint32_t,2,32,16,16,8,5.274,True
MATMUL,uint32_t,2,32,16,16,16,4.896667,True
MATMUL,uint32_t,2,32,16,32,4,12.401333,True
MATMUL,uint32_t,2,32,16,32,8,10.483667,True
MATMUL,uint32_t,2,32,16,32,16,9.707667,True
MATMUL,uint32_t,2,32,16,64,4,24.697,True
MATMUL,uint32_t,2,32,16,64,8,20.921333,True
MATMUL,uint32_t,2,32,16,64,16,19.364667,True
MATMUL,uint32_t,2,32,16,128,4,49.373667,True
MATMUL,uint32_t,2,32,16,128,8,41.752,True
MATMUL,uint32_t,2,32,16,128,16,38.648333,True
MATMUL,uint32_t,2,32,16,256,4,98.669667,True
MATMUL,uint32_t,2,32,16,256,8,83.478333,True
MATMUL,uint32_t,2,16,512,512,256,2278.819333,True
MATMUL,uint32_t,2,32,16,256,16,77.214333,True
MATMUL,uint32_t,2,32,16,512,4,197.217,True
MATMUL,uint32_t,2,32,16,512,8,166.831,True
MATMUL,uint32_t,2,32,32,16,4,12.148,True
MATMUL,uint32_t,2,32,32,16,8,10.357333,True
MATMUL,uint32_t,2,32,16,512,16,154.370333,True
MATMUL,uint32_t,2,32,32,16,16,9.606,True
MATMUL,uint32_t,2,32,32,32,4,24.221,True
MATMUL,uint32_t,2,32,32,32,8,20.647667,True
MATMUL,uint32_t,2,32,32,32,16,19.150667,True
MATMUL,uint32_t,2,32,32,32,32,18.516667,True
MATMUL,uint32_t,2,32,32,64,4,48.312667,True
MATMUL,uint32_t,2,32,32,64,8,41.204667,True
MATMUL,uint32_t,2,32,32,64,16,38.256667,True
MATMUL,uint32_t,2,32,32,64,32,36.955667,True
MATMUL,uint32_t,2,32,32,128,4,96.677667,True
MATMUL,uint32_t,2,32,32,128,8,82.313,True
MATMUL,uint32_t,2,32,32,128,16,76.425333,True
MATMUL,uint32_t,2,32,32,128,32,73.842333,True
MATMUL,uint32_t,2,32,32,256,4,193.209,True
MATMUL,uint32_t,2,32,32,256,8,164.539333,True
MATMUL,uint32_t,2,32,32,256,32,147.571,True
MATMUL,uint32_t,2,32,32,256,16,152.799,True
MATMUL,uint32_t,2,32,32,512,8,329.032333,True
MATMUL,uint32_t,2,32,32,512,4,386.290667,True
MATMUL,uint32_t,2,32,32,512,16,305.417333,True
MATMUL,uint32_t,2,32,32,512,32,295.012333,True
MATMUL,uint32_t,2,32,64,16,4,24.037667,True
MATMUL,uint32_t,2,32,64,16,8,20.507,True
MATMUL,uint32_t,2,32,64,16,16,19.063667,True
MATMUL,uint32_t,2,32,64,32,4,47.999667,True
MATMUL,uint32_t,2,32,64,32,8,40.952667,True
MATMUL,uint32_t,2,32,64,32,16,38.044667,True
MATMUL,uint32_t,2,32,64,32,32,36.797333,True
MATMUL,uint32_t,2,32,64,64,4,95.985,True
MATMUL,uint32_t,2,32,64,64,8,81.771333,True
MATMUL,uint32_t,2,32,64,64,16,76.01,True
MATMUL,uint32_t,2,32,64,64,32,73.531333,True
MATMUL,uint32_t,2,32,64,64,64,72.375667,True
MATMUL,uint32_t,2,32,64,128,4,191.941,True
MATMUL,uint32_t,2,32,64,128,8,163.475667,True
MATMUL,uint32_t,2,32,64,128,16,151.967,True
MATMUL,uint32_t,2,32,64,128,32,146.958333,True
MATMUL,uint32_t,2,32,64,128,64,144.673667,True
MATMUL,uint32_t,2,32,64,256,4,384.109667,True
MATMUL,uint32_t,2,32,64,256,8,326.809333,True
MATMUL,uint32_t,2,32,64,256,16,303.814667,True
MATMUL,uint32_t,2,32,64,256,32,293.962333,True
MATMUL,uint32_t,1,512,512,512,64,73816.453667,True
MATMUL,uint32_t,2,32,64,256,64,289.302333,True
MATMUL,uint32_t,1,512,512,512,128,73203.577333,True
MATMUL,uint32_t,2,32,64,512,4,768.429,True
MATMUL,uint32_t,2,32,64,512,8,653.583,True
MATMUL,uint32_t,2,32,64,512,16,607.666667,True
MATMUL,uint32_t,1,512,512,512,32,74957.297667,True
MATMUL,uint32_t,2,32,128,16,4,47.735667,True
MATMUL,uint32_t,2,32,128,16,8,40.799,True
MATMUL,uint32_t,2,32,128,16,16,37.948667,True
MATMUL,uint32_t,2,32,128,32,4,95.481,True
MATMUL,uint32_t,2,32,128,32,8,81.496,True
MATMUL,uint32_t,2,32,128,32,16,75.826,True
MATMUL,uint32_t,2,32,64,512,32,587.693667,True
MATMUL,uint32_t,1,512,512,512,256,72921.507,True
MATMUL,uint32_t,2,32,128,32,32,73.385,True
MATMUL,uint32_t,2,32,128,64,8,162.926333,True
MATMUL,uint32_t,1,512,512,512,8,83102.339333,True
MATMUL,uint32_t,2,32,128,64,4,190.801333,True
MATMUL,uint32_t,2,32,128,64,16,151.550333,True
MATMUL,uint32_t,2,32,128,64,32,146.724,True
MATMUL,uint32_t,2,32,64,512,64,578.540667,True
MATMUL,uint32_t,2,32,128,64,64,144.444667,True
MATMUL,uint32_t,1,512,512,512,16,77398.065,True
MATMUL,uint32_t,2,32,128,128,64,288.788,True
MATMUL,uint32_t,2,32,128,128,16,303.066667,True
MATMUL,uint32_t,2,32,128,128,32,293.280333,True
MATMUL,uint32_t,2,32,128,128,128,286.406333,True
MATMUL,uint32_t,2,32,128,128,8,325.735,True
MATMUL,uint32_t,2,32,128,128,4,381.785333,True
MATMUL,uint32_t,2,32,128,256,4,763.351333,True
MATMUL,uint32_t,2,32,128,256,64,577.504,True
MATMUL,uint32_t,2,32,128,256,32,586.448333,True
MATMUL,uint32_t,2,32,128,256,128,572.619,True
MATMUL,uint32_t,2,32,128,256,16,605.942667,True
MATMUL,uint32_t,2,32,128,256,8,651.334,True
MATMUL,uint32_t,2,32,256,16,4,95.196667,True
MATMUL,uint32_t,2,32,256,16,8,81.353667,True
MATMUL,uint32_t,2,32,256,16,16,75.735667,True
MATMUL,uint32_t,2,32,256,32,4,190.497333,True
MATMUL,uint32_t,2,32,256,32,8,162.637333,True
MATMUL,uint32_t,2,32,256,32,16,151.368333,True
MATMUL,uint32_t,2,32,256,32,32,146.510667,True
MATMUL,uint32_t,2,32,128,512,8,1302.353,True
MATMUL,uint32_t,2,32,128,512,4,1526.144,True
MATMUL,uint32_t,2,32,256,64,4,380.849667,True
MATMUL,uint32_t,2,32,256,64,8,325.113333,True
MATMUL,uint32_t,2,32,128,512,16,1211.742,True
MATMUL,uint32_t,2,32,256,64,16,302.619,True
MATMUL,uint32_t,2,32,128,512,128,1145.275667,True
MATMUL,uint32_t,2,32,128,512,64,1154.986,True
MATMUL,uint32_t,2,32,128,512,32,1173.092333,True
MATMUL,uint32_t,2,32,256,64,32,292.919667,True
MATMUL,uint32_t,2,32,256,64,64,288.556667,True
MATMUL,uint32_t,2,32,256,128,16,605.263333,True
MATMUL,uint32_t,2,32,256,128,8,650.148333,True
MATMUL,uint32_t,2,32,256,128,64,577.037667,True
MATMUL,uint32_t,2,32,256,128,32,585.938,True
MATMUL,uint32_t,2,32,256,128,128,572.166667,True
MATMUL,uint32_t,2,32,256,128,4,761.155,True
MATMUL,uint32_t,2,32,256,256,8,1300.629667,True
MATMUL,uint32_t,2,32,256,256,4,1521.629,True
MATMUL,uint32_t,2,32,256,256,128,1144.119667,True
MATMUL,uint32_t,2,32,256,256,256,1139.763333,True
MATMUL,uint32_t,2,32,256,256,64,1153.994667,True
MATMUL,uint32_t,2,32,256,256,32,1171.985667,True
MATMUL,uint32_t,2,32,256,256,16,1210.153,True
MATMUL,uint32_t,2,32,512,16,4,190.152667,True
MATMUL,uint32_t,2,32,512,16,8,162.481667,True
MATMUL,uint32_t,2,32,512,16,16,151.266333,True
MATMUL,uint32_t,2,32,512,32,4,380.218,True
MATMUL,uint32_t,2,32,512,32,8,324.859333,True
MATMUL,uint32_t,2,32,512,32,16,302.465,True
MATMUL,uint32_t,2,32,256,512,4,3042.671333,True
MATMUL,uint32_t,2,32,512,32,32,292.85,True
MATMUL,uint32_t,2,32,256,512,16,2420.163333,True
MATMUL,uint32_t,2,32,256,512,128,2288.635,True
MATMUL,uint32_t,2,32,256,512,256,2279.937,True
MATMUL,uint32_t,2,32,256,512,64,2307.899333,True
MATMUL,uint32_t,2,32,256,512,32,2343.555667,True
MATMUL,uint32_t,2,32,256,512,8,2600.142333,True
MATMUL,uint32_t,2,32,512,64,4,760.129667,True
MATMUL,uint32_t,2,32,512,64,8,649.725667,True
MATMUL,uint32_t,2,32,512,64,16,604.676,True
MATMUL,uint32_t,2,32,512,64,64,576.776667,True
MATMUL,uint32_t,2,32,512,64,32,585.719,True
MATMUL,uint32_t,2,32,512,128,16,1209.746333,True
MATMUL,uint32_t,2,32,512,128,8,1299.118333,True
MATMUL,uint32_t,2,32,512,128,4,1519.775,True
MATMUL,uint32_t,2,32,512,128,32,1171.084,True
MATMUL,uint32_t,2,32,512,128,128,1143.760333,True
MATMUL,uint32_t,2,32,512,128,64,1153.511,True
MATMUL,uint32_t,2,32,512,256,8,2597.829333,True
MATMUL,uint32_t,2,32,512,256,4,3041.335667,True
MATMUL,uint32_t,2,32,512,256,16,2419.302,True
MATMUL,uint32_t,2,32,512,256,32,2341.560333,True
MATMUL,uint32_t,2,32,512,256,64,2306.879333,True
MATMUL,uint32_t,2,32,512,256,128,2287.737,True
MATMUL,uint32_t,2,32,512,256,256,2279.116667,True
MATMUL,uint32_t,2,64,16,16,4,12.403,True
MATMUL,uint32_t,2,64,16,16,8,10.512667,True
MATMUL,uint32_t,2,64,16,16,16,9.725333,True
MATMUL,uint32_t,2,64,16,32,4,24.73,True
MATMUL,uint32_t,2,64,16,32,8,20.947333,True
MATMUL,uint32_t,2,64,16,32,16,19.37,True
MATMUL,uint32_t,2,64,16,64,4,49.382333,True
MATMUL,uint32_t,2,64,16,64,8,41.775,True
MATMUL,uint32_t,2,64,16,64,16,38.654333,True
MATMUL,uint32_t,2,64,16,128,4,98.677333,True
MATMUL,uint32_t,2,64,16,128,8,83.521,True
MATMUL,uint32_t,2,64,16,128,16,77.229333,True
MATMUL,uint32_t,2,64,16,256,4,197.260333,True
MATMUL,uint32_t,2,64,16,256,8,166.879667,True
MATMUL,uint32_t,2,64,16,256,16,154.371333,True
MATMUL,uint32_t,2,64,16,512,4,394.297333,True
MATMUL,uint32_t,2,64,16,512,8,333.664333,True
MATMUL,uint32_t,2,64,16,512,16,308.642333,True
MATMUL,uint32_t,2,64,32,16,4,24.247333,True
MATMUL,uint32_t,2,64,32,16,8,20.660667,True
MATMUL,uint32_t,2,64,32,16,16,19.17,True
MATMUL,uint32_t,2,64,32,32,4,48.365333,True
MATMUL,uint32_t,2,64,32,32,8,41.235333,True
MATMUL,uint32_t,2,64,32,32,16,38.258667,True
MATMUL,uint32_t,2,64,32,32,32,36.963,True
MATMUL,uint32_t,2,32,512,512,4,6080.165,True
MATMUL,uint32_t,2,64,32,64,8,82.373667,True
MATMUL,uint32_t,2,64,32,64,4,96.757333,True
MATMUL,uint32_t,2,64,32,64,16,76.443,True
MATMUL,uint32_t,2,64,32,64,32,73.835333,True
MATMUL,uint32_t,2,64,32,128,8,164.598333,True
MATMUL,uint32_t,2,32,512,512,64,4613.624667,True
MATMUL,uint32_t,2,64,32,128,4,193.164,True
MATMUL,uint32_t,2,32,512,512,32,4683.581667,True
MATMUL,uint32_t,2,32,512,512,8,5196.807,True
MATMUL,uint32_t,2,32,512,512,128,4575.271333,True
MATMUL,uint32_t,2,32,512,512,16,4838.927,True
MATMUL,uint32_t,2,32,512,512,256,4556.574,True
MATMUL,uint32_t,2,64,32,128,16,152.807333,True
MATMUL,uint32_t,2,64,32,128,32,147.616,True
MATMUL,uint32_t,2,64,32,256,16,305.442333,True
MATMUL,uint32_t,2,64,32,256,8,329.069333,True
MATMUL,uint32_t,2,64,32,256,4,386.313667,True
MATMUL,uint32_t,2,64,32,256,32,295.138667,True
MATMUL,uint32_t,2,64,64,16,4,48.091333,True
MATMUL,uint32_t,2,64,64,16,8,40.947,True
MATMUL,uint32_t,2,64,64,16,16,38.065667,True
MATMUL,uint32_t,2,64,64,32,4,96.141667,True
MATMUL,uint32_t,2,64,64,32,8,81.787,True
MATMUL,uint32_t,2,64,64,32,16,76.038667,True
MATMUL,uint32_t,2,64,64,32,32,73.567,True
MATMUL,uint32_t,2,64,32,512,32,590.218333,True
MATMUL,uint32_t,2,64,32,512,16,610.925667,True
MATMUL,uint32_t,2,64,64,64,4,192.163333,True
MATMUL,uint32_t,2,64,64,64,32,147.023333,True
MATMUL,uint32_t,2,64,32,512,8,658.154667,True
MATMUL,uint32_t,2,64,64,64,16,151.988667,True
MATMUL,uint32_t,2,64,64,64,8,163.528667,True
MATMUL,uint32_t,2,64,32,512,4,772.491333,True
MATMUL,uint32_t,2,64,64,64,64,144.675,True
MATMUL,uint32_t,2,64,64,128,64,289.278667,True
MATMUL,uint32_t,2,64,64,128,32,293.825,True
MATMUL,uint32_t,2,64,64,128,16,303.812667,True
MATMUL,uint32_t,2,64,64,128,8,326.932,True
MATMUL,uint32_t,2,64,64,128,4,383.628,True
MATMUL,uint32_t,2,64,64,256,8,653.625667,True
MATMUL,uint32_t,2,64,64,256,16,607.553333,True
MATMUL,uint32_t,2,64,64,256,4,767.981333,True
MATMUL,uint32_t,2,64,64,256,64,578.531,True
MATMUL,uint32_t,2,64,128,16,4,95.406333,True
MATMUL,uint32_t,2,64,64,256,32,587.673667,True
MATMUL,uint32_t,2,64,128,16,16,75.848333,True
MATMUL,uint32_t,2,64,128,16,8,81.516,True
MATMUL,uint32_t,2,64,128,32,4,191.25,True
MATMUL,uint32_t,2,64,128,32,16,151.594667,True
MATMUL,uint32_t,2,64,128,32,8,162.938,True
MATMUL,uint32_t,2,64,128,32,32,146.711333,True
MATMUL,uint32_t,2,64,64,512,16,1215.141667,True
MATMUL,uint32_t,2,64,128,64,8,325.748,True
MATMUL,uint32_t,2,64,64,512,8,1307.281333,True
MATMUL,uint32_t,2,64,128,64,4,381.555333,True
MATMUL,uint32_t,2,64,128,64,16,303.021333,True
MATMUL,uint32_t,2,64,64,512,4,1534.455333,True
MATMUL,uint32_t,2,64,64,512,32,1175.155667,True
MATMUL,uint32_t,2,64,128,64,32,293.309333,True
MATMUL,uint32_t,2,64,64,512,64,1156.995667,True
MATMUL,uint32_t,2,64,128,64,64,288.798667,True
MATMUL,uint32_t,2,64,128,128,16,606.005,True
MATMUL,uint32_t,2,64,128,128,8,651.304,True
MATMUL,uint32_t,2,64,128,128,4,763.307333,True
MATMUL,uint32_t,2,64,128,128,32,586.643,True
MATMUL,uint32_t,2,64,128,128,64,577.543333,True
MATMUL,uint32_t,2,64,128,128,128,572.651333,True
MATMUL,uint32_t,2,64,128,256,8,1302.583,True
MATMUL,uint32_t,2,64,128,256,4,1525.894667,True
MATMUL,uint32_t,2,64,128,256,32,1173.030333,True
MATMUL,uint32_t,2,64,128,256,16,1212.035667,True
MATMUL,uint32_t,2,64,128,256,64,1154.967333,True
MATMUL,uint32_t,2,64,128,256,128,1145.145333,True
MATMUL,uint32_t,2,64,256,16,4,190.315667,True
MATMUL,uint32_t,2,64,256,16,8,162.632,True
MATMUL,uint32_t,2,64,256,16,16,151.392,True
MATMUL,uint32_t,2,64,256,32,4,381.218333,True
MATMUL,uint32_t,2,64,256,32,8,325.154667,True
MATMUL,uint32_t,2,64,256,32,16,302.658667,True
MATMUL,uint32_t,2,64,256,32,32,292.961333,True
MATMUL,uint32_t,2,64,128,512,8,2605.397667,True
MATMUL,uint32_t,2,64,256,64,4,761.388667,True
MATMUL,uint32_t,2,64,256,64,8,650.210333,True
MATMUL,uint32_t,2,64,128,512,4,3054.139333,True
MATMUL,uint32_t,2,64,128,512,16,2423.372667,True
MATMUL,uint32_t,2,64,256,64,16,605.283,True
MATMUL,uint32_t,2,64,128,512,32,2345.118667,True
MATMUL,uint32_t,2,64,128,512,64,2309.864,True
MATMUL,uint32_t,2,64,128,512,128,2290.580667,True
MATMUL,uint32_t,2,64,256,64,32,585.857667,True
MATMUL,uint32_t,2,64,256,64,64,577.017333,True
MATMUL,uint32_t,2,64,256,128,32,1171.602333,True
MATMUL,uint32_t,2,64,256,128,8,1299.967333,True
MATMUL,uint32_t,2,64,256,128,16,1210.211333,True
MATMUL,uint32_t,2,64,256,128,128,1144.484667,True
MATMUL,uint32_t,2,64,256,128,64,1153.977,True
MATMUL,uint32_t,2,64,256,128,4,1523.708333,True
MATMUL,uint32_t,2,64,256,256,8,2600.093,True
MATMUL,uint32_t,2,64,256,256,4,3043.369333,True
MATMUL,uint32_t,2,64,256,256,256,2279.371333,True
MATMUL,uint32_t,2,64,256,256,128,2288.349667,True
MATMUL,uint32_t,2,64,256,256,64,2307.853333,True
MATMUL,uint32_t,2,64,256,256,32,2343.538333,True
MATMUL,uint32_t,2,64,256,256,16,2420.926667,True
MATMUL,uint32_t,2,64,512,16,4,380.222667,True
MATMUL,uint32_t,2,64,512,16,8,324.857333,True
MATMUL,uint32_t,2,64,512,16,16,302.457,True
MATMUL,uint32_t,2,64,512,32,4,761.820667,True
MATMUL,uint32_t,2,64,512,32,8,649.615,True
MATMUL,uint32_t,2,64,512,32,16,604.876,True
MATMUL,uint32_t,2,64,256,512,4,6084.994,True
MATMUL,uint32_t,2,64,512,32,32,585.692667,True
MATMUL,uint32_t,2,64,256,512,8,5202.779,True
MATMUL,uint32_t,2,64,256,512,128,4576.517667,True
MATMUL,uint32_t,2,64,256,512,16,4841.625333,True
MATMUL,uint32_t,2,64,256,512,256,4559.132333,True
MATMUL,uint32_t,2,64,256,512,64,4615.653,True
MATMUL,uint32_t,2,64,256,512,32,4684.934,True
MATMUL,uint32_t,2,64,512,64,4,1519.482333,True
MATMUL,uint32_t,2,64,512,64,8,1298.920667,True
MATMUL,uint32_t,2,64,512,64,64,1153.476667,True
MATMUL,uint32_t,2,64,512,64,16,1209.448333,True
MATMUL,uint32_t,2,64,512,64,32,1171.102333,True
MATMUL,uint32_t,2,64,512,128,16,2418.842,True
MATMUL,uint32_t,2,64,512,128,8,2598.136667,True
MATMUL,uint32_t,2,64,512,128,4,3043.829,True
MATMUL,uint32_t,2,64,512,128,32,2341.708667,True
MATMUL,uint32_t,2,64,512,128,64,2306.877333,True
MATMUL,uint32_t,2,64,512,128,128,2287.234333,True
MATMUL,uint32_t,2,64,512,256,8,5197.249333,True
MATMUL,uint32_t,2,64,512,256,4,6075.696,True
MATMUL,uint32_t,2,64,512,256,32,4684.792333,True
MATMUL,uint32_t,2,64,512,256,16,4837.591,True
MATMUL,uint32_t,2,64,512,256,64,4613.618,True
MATMUL,uint32_t,2,64,512,256,128,4574.658,True
MATMUL,uint32_t,2,64,512,256,256,4557.861,True
MATMUL,uint32_t,2,128,16,16,4,24.763667,True
MATMUL,uint32_t,2,128,16,16,8,20.995333,True
MATMUL,uint32_t,2,128,16,16,16,19.417,True
MATMUL,uint32_t,2,128,16,32,4,49.399333,True
MATMUL,uint32_t,2,128,16,32,8,41.844,True
MATMUL,uint32_t,2,128,16,32,16,38.716667,True
MATMUL,uint32_t,2,128,16,64,4,98.696333,True
MATMUL,uint32_t,2,128,16,64,8,83.534667,True
MATMUL,uint32_t,2,128,16,64,16,77.276667,True
MATMUL,uint32_t,2,128,16,128,4,197.417333,True
MATMUL,uint32_t,2,128,16,128,8,166.965333,True
MATMUL,uint32_t,2,128,16,128,16,154.359667,True
MATMUL,uint32_t,2,128,16,256,4,394.519667,True
MATMUL,uint32_t,2,128,16,256,8,333.817,True
MATMUL,uint32_t,2,128,16,256,16,308.647667,True
MATMUL,uint32_t,2,128,16,512,4,788.736667,True
MATMUL,uint32_t,2,128,16,512,8,667.288333,True
MATMUL,uint32_t,2,128,16,512,16,617.153667,True
MATMUL,uint32_t,2,128,32,16,4,48.411667,True
MATMUL,uint32_t,2,128,32,16,8,41.276333,True
MATMUL,uint32_t,2,128,32,16,16,38.283667,True
MATMUL,uint32_t,2,128,32,32,4,96.818,True
MATMUL,uint32_t,2,128,32,32,8,82.400667,True
MATMUL,uint32_t,2,128,32,32,16,76.473,True
MATMUL,uint32_t,2,128,32,32,32,73.885333,True
MATMUL,uint32_t,2,128,32,64,4,193.670333,True
MATMUL,uint32_t,2,128,32,64,8,164.686,True
MATMUL,uint32_t,2,128,32,64,16,152.838333,True
MATMUL,uint32_t,2,128,32,64,32,147.632,True
MATMUL,uint32_t,2,128,32,128,4,386.41,True
MATMUL,uint32_t,2,128,32,128,8,329.122,True
MATMUL,uint32_t,2,64,512,512,4,12169.906333,True
MATMUL,uint32_t,2,128,32,128,16,305.456667,True
MATMUL,uint32_t,2,128,32,128,32,295.067333,True
MATMUL,uint32_t,2,64,512,512,64,9227.140333,True
MATMUL,uint32_t,2,64,512,512,32,9367.835333,True
MATMUL,uint32_t,2,128,32,256,8,658.144,True
MATMUL,uint32_t,2,128,32,256,4,773.113333,True
MATMUL,uint32_t,2,64,512,512,8,10391.088667,True
MATMUL,uint32_t,2,64,512,512,128,9150.334333,True
MATMUL,uint32_t,2,64,512,512,256,9114.495,True
MATMUL,uint32_t,2,64,512,512,16,9677.22,True
MATMUL,uint32_t,2,128,64,16,4,95.981333,True
MATMUL,uint32_t,2,128,64,16,8,81.839333,True
MATMUL,uint32_t,2,128,64,16,16,76.054667,True
MATMUL,uint32_t,2,128,32,256,16,610.886,True
MATMUL,uint32_t,2,128,64,32,4,191.896667,True
MATMUL,uint32_t,2,128,32,256,32,590.182333,True
MATMUL,uint32_t,2,128,64,32,8,163.561,True
MATMUL,uint32_t,2,128,64,32,16,152.004333,True
MATMUL,uint32_t,2,128,64,32,32,147.017333,True
MATMUL,uint32_t,2,128,64,64,8,326.954,True
MATMUL,uint32_t,2,128,64,64,4,384.373,True
MATMUL,uint32_t,2,128,64,64,16,303.930333,True
MATMUL,uint32_t,2,128,64,64,32,294.008333,True
MATMUL,uint32_t,2,128,32,512,16,1221.641,True
MATMUL,uint32_t,2,128,32,512,32,1179.93,True
MATMUL,uint32_t,2,128,64,64,64,289.291333,True
MATMUL,uint32_t,2,128,32,512,8,1316.340333,True
MATMUL,uint32_t,2,128,32,512,4,1544.531667,True
MATMUL,uint32_t,2,128,64,128,16,607.712333,True
MATMUL,uint32_t,2,128,64,128,8,653.621,True
MATMUL,uint32_t,2,128,64,128,4,767.488667,True
MATMUL,uint32_t,2,128,64,128,32,587.729667,True
MATMUL,uint32_t,2,128,64,128,64,578.524667,True
MATMUL,uint32_t,2,128,64,256,8,1307.285,True
MATMUL,uint32_t,2,128,64,256,16,1214.992667,True
MATMUL,uint32_t,2,128,64,256,4,1534.484333,True
MATMUL,uint32_t,2,128,64,256,64,1156.994667,True
MATMUL,uint32_t,2,128,64,256,32,1175.496333,True
MATMUL,uint32_t,2,128,128,16,4,190.824333,True
MATMUL,uint32_t,2,128,128,16,8,162.978,True
MATMUL,uint32_t,2,128,128,16,16,151.646,True
MATMUL,uint32_t,2,128,128,32,16,303.1,True
MATMUL,uint32_t,2,128,128,32,4,381.745667,True
MATMUL,uint32_t,2,128,128,32,8,325.794667,True
MATMUL,uint32_t,2,128,128,32,32,293.393333,True
MATMUL,uint32_t,2,128,128,64,8,651.385,True
MATMUL,uint32_t,2,128,128,64,4,763.092667,True
MATMUL,uint32_t,2,128,64,512,16,2429.852333,True
MATMUL,uint32_t,2,128,64,512,8,2614.174667,True
MATMUL,uint32_t,2,128,128,64,16,606.082333,True
MATMUL,uint32_t,2,128,64,512,4,3068.667,True
MATMUL,uint32_t,2,128,128,64,32,586.653333,True
MATMUL,uint32_t,2,128,128,64,64,577.524333,True
MATMUL,uint32_t,2,128,64,512,32,2350.469333,True
MATMUL,uint32_t,2,128,64,512,64,2313.888667,True
MATMUL,uint32_t,2,128,128,128,16,1212.078333,True
MATMUL,uint32_t,2,128,128,128,8,1302.666667,True
MATMUL,uint32_t,2,128,128,128,4,1526.628,True
MATMUL,uint32_t,2,128,128,128,64,1154.974667,True
MATMUL,uint32_t,2,128,128,128,32,1172.787667,True
MATMUL,uint32_t,2,128,128,128,128,1145.078333,True
MATMUL,uint32_t,2,128,128,256,8,2605.229333,True
MATMUL,uint32_t,2,128,128,256,4,3054.632333,True
MATMUL,uint32_t,2,128,128,256,32,2346.303,True
MATMUL,uint32_t,2,128,128,256,16,2423.863333,True
MATMUL,uint32_t,2,128,128,256,64,2309.885667,True
MATMUL,uint32_t,2,128,128,256,128,2290.458667,True
MATMUL,uint32_t,2,128,256,16,4,380.347667,True
MATMUL,uint32_t,2,128,256,16,8,325.149667,True
MATMUL,uint32_t,2,128,256,16,16,302.677667,True
MATMUL,uint32_t,2,128,256,32,4,760.536333,True
MATMUL,uint32_t,2,128,256,32,8,650.292,True
MATMUL,uint32_t,2,128,256,32,16,605.153667,True
MATMUL,uint32_t,2,128,256,32,32,585.944667,True
MATMUL,uint32_t,2,128,128,512,8,5210.079,True
MATMUL,uint32_t,2,128,256,64,8,1299.996667,True
MATMUL,uint32_t,2,128,256,64,4,1521.973667,True
MATMUL,uint32_t,2,128,128,512,4,6102.421333,True
MATMUL,uint32_t,2,128,128,512,16,4847.17,True
MATMUL,uint32_t,2,128,256,64,16,1210.462,True
MATMUL,uint32_t,2,128,128,512,32,4692.417,True
MATMUL,uint32_t,2,128,128,512,128,4581.007333,True
MATMUL,uint32_t,2,128,128,512,64,4619.625,True
MATMUL,uint32_t,2,128,256,64,32,1171.912333,True
MATMUL,uint32_t,2,128,256,64,64,1153.973667,True
MATMUL,uint32_t,2,128,256,128,16,2420.903667,True
MATMUL,uint32_t,2,128,256,128,32,2343.752667,True
MATMUL,uint32_t,2,128,256,128,128,2288.523,True
MATMUL,uint32_t,2,128,256,128,64,2307.875333,True
MATMUL,uint32_t,2,128,256,128,8,2600.259667,True
MATMUL,uint32_t,2,128,256,128,4,3043.234333,True
MATMUL,uint32_t,2,128,256,256,8,5201.565,True
MATMUL,uint32_t,2,128,256,256,4,6097.784333,True
MATMUL,uint32_t,2,128,256,256,128,4576.526,True
MATMUL,uint32_t,2,128,256,256,256,4558.911333,True
MATMUL,uint32_t,2,128,256,256,64,4615.679333,True
MATMUL,uint32_t,2,128,256,256,32,4686.418333,True
MATMUL,uint32_t,2,128,256,256,16,4841.832,True
MATMUL,uint32_t,2,128,512,16,4,762.167667,True
MATMUL,uint32_t,2,128,512,16,8,649.777,True
MATMUL,uint32_t,2,128,512,16,16,604.951667,True
MATMUL,uint32_t,2,128,512,32,4,1523.061333,True
MATMUL,uint32_t,2,128,512,32,8,1299.274667,True
MATMUL,uint32_t,2,128,512,32,16,1209.542333,True
MATMUL,uint32_t,2,128,256,512,4,12181.583333,True
MATMUL,uint32_t,2,128,512,32,32,1171.257667,True
MATMUL,uint32_t,2,128,256,512,8,10401.678,True
MATMUL,uint32_t,2,128,256,512,16,9681.748,True
MATMUL,uint32_t,2,128,256,512,128,9153.821333,True
MATMUL,uint32_t,2,128,256,512,256,9118.099667,True
MATMUL,uint32_t,2,128,256,512,64,9231.150667,True
MATMUL,uint32_t,2,128,256,512,32,9373.228333,True
MATMUL,uint32_t,2,128,512,64,8,2597.824,True
MATMUL,uint32_t,2,128,512,64,4,3045.861333,True
MATMUL,uint32_t,2,128,512,64,16,2419.328667,True
MATMUL,uint32_t,2,128,512,64,32,2341.865667,True
MATMUL,uint32_t,2,128,512,64,64,2306.87,True
MATMUL,uint32_t,2,128,512,128,16,4837.430667,True
MATMUL,uint32_t,2,128,512,128,8,5196.219333,True
MATMUL,uint32_t,2,128,512,128,32,4684.159,True
MATMUL,uint32_t,2,128,512,128,4,6087.925,True
MATMUL,uint32_t,2,128,512,128,64,4613.660333,True
MATMUL,uint32_t,2,128,512,128,128,4574.397333,True
MATMUL,uint32_t,2,128,512,256,8,10391.280333,True
MATMUL,uint32_t,2,128,512,256,4,12181.402,True
MATMUL,uint32_t,2,128,512,256,32,9368.122667,True
MATMUL,uint32_t,2,128,512,256,16,9674.824667,True
MATMUL,uint32_t,2,128,512,256,64,9227.149333,True
MATMUL,uint32_t,2,128,512,256,256,9115.450667,True
MATMUL,uint32_t,2,128,512,256,128,9151.176333,True
MATMUL,uint32_t,2,256,16,16,4,49.478667,True
MATMUL,uint32_t,2,256,16,16,8,41.921333,True
MATMUL,uint32_t,2,256,16,16,16,38.764,True
MATMUL,uint32_t,2,256,16,32,4,98.758333,True
MATMUL,uint32_t,2,256,16,32,8,83.592333,True
MATMUL,uint32_t,2,256,16,32,16,77.326333,True
MATMUL,uint32_t,2,256,16,64,4,197.319,True
MATMUL,uint32_t,2,256,16,64,8,166.974,True
MATMUL,uint32_t,2,256,16,64,16,154.474667,True
MATMUL,uint32_t,2,256,16,128,4,394.483,True
MATMUL,uint32_t,2,256,16,128,8,333.602,True
MATMUL,uint32_t,2,256,16,128,16,308.707667,True
MATMUL,uint32_t,2,256,16,256,4,788.568667,True
MATMUL,uint32_t,2,256,16,256,8,667.235,True
MATMUL,uint32_t,2,256,16,256,16,617.350667,True
MATMUL,uint32_t,2,256,16,512,4,1577.996667,True
MATMUL,uint32_t,2,256,16,512,8,1335.046,True
MATMUL,uint32_t,2,256,16,512,16,1234.522,True
MATMUL,uint32_t,2,256,32,16,4,96.774667,True
MATMUL,uint32_t,2,256,32,16,8,82.49,True
MATMUL,uint32_t,2,256,32,16,16,76.551,True
MATMUL,uint32_t,2,256,32,32,4,193.789667,True
MATMUL,uint32_t,2,256,32,32,8,164.753667,True
MATMUL,uint32_t,2,256,32,32,16,152.883333,True
MATMUL,uint32_t,2,256,32,32,32,147.726333,True
MATMUL,uint32_t,2,256,32,64,4,386.708,True
MATMUL,uint32_t,2,256,32,64,8,329.295,True
MATMUL,uint32_t,2,256,32,64,16,305.611333,True
MATMUL,uint32_t,2,256,32,64,32,295.193,True
MATMUL,uint32_t,2,256,32,128,4,773.750333,True
MATMUL,uint32_t,2,256,32,128,8,658.293,True
MATMUL,uint32_t,2,256,32,128,16,610.936333,True
MATMUL,uint32_t,2,256,32,128,32,590.329667,True
MATMUL,uint32_t,2,128,512,512,4,24309.666333,True
MATMUL,uint32_t,2,256,32,256,4,1545.079667,True
MATMUL,uint32_t,2,256,32,256,8,1316.083667,True
MATMUL,uint32_t,2,128,512,512,64,18454.214667,True
MATMUL,uint32_t,2,256,32,256,16,1221.966333,True
MATMUL,uint32_t,2,128,512,512,32,18738.115667,True
MATMUL,uint32_t,2,128,512,512,8,20788.486667,True
MATMUL,uint32_t,2,128,512,512,256,18231.526,True
MATMUL,uint32_t,2,128,512,512,128,18299.486667,True
MATMUL,uint32_t,2,256,32,256,32,1180.066667,True
MATMUL,uint32_t,2,128,512,512,16,19352.035333,True
MATMUL,uint32_t,2,256,64,16,8,163.619,True
MATMUL,uint32_t,2,256,64,16,4,192.075667,True
MATMUL,uint32_t,2,256,64,16,16,152.073,True
MATMUL,uint32_t,2,256,64,32,4,383.751,True
MATMUL,uint32_t,2,256,64,32,16,303.925333,True
MATMUL,uint32_t,2,256,64,32,8,327.062333,True
MATMUL,uint32_t,2,256,64,32,32,293.936333,True
MATMUL,uint32_t,2,256,64,64,16,607.658667,True
MATMUL,uint32_t,2,256,64,64,8,653.885333,True
MATMUL,uint32_t,2,256,64,64,32,587.663333,True
MATMUL,uint32_t,2,256,64,64,4,767.491333,True
MATMUL,uint32_t,2,256,64,64,64,578.510667,True
MATMUL,uint32_t,2,256,32,512,16,2443.415,True
MATMUL,uint32_t,2,256,32,512,32,2359.203667,True
MATMUL,uint32_t,2,256,32,512,8,2633.198667,True
MATMUL,uint32_t,2,256,64,128,8,1307.482333,True
MATMUL,uint32_t,2,256,64,128,16,1215.220333,True
MATMUL,uint32_t,2,256,32,512,4,3090.358333,True
MATMUL,uint32_t,2,256,64,128,4,1535.553667,True
MATMUL,uint32_t,2,256,64,128,32,1175.054,True
MATMUL,uint32_t,2,256,64,128,64,1156.984,True
MATMUL,uint32_t,2,256,64,256,8,2614.661,True
MATMUL,uint32_t,2,256,64,256,32,2350.244667,True
MATMUL,uint32_t,2,256,64,256,64,2313.883,True
MATMUL,uint32_t,2,256,64,256,16,2430.378667,True
MATMUL,uint32_t,2,256,64,256,4,3070.654667,True
MATMUL,uint32_t,2,256,128,16,8,325.814,True
MATMUL,uint32_t,2,256,128,16,4,381.932333,True
MATMUL,uint32_t,2,256,128,16,16,303.207333,True
MATMUL,uint32_t,2,256,128,32,8,651.453,True
MATMUL,uint32_t,2,256,128,32,4,762.950667,True
MATMUL,uint32_t,2,256,128,32,16,606.073333,True
MATMUL,uint32_t,2,256,128,32,32,586.458667,True
MATMUL,uint32_t,2,256,128,64,8,1302.692,True
MATMUL,uint32_t,2,256,128,64,4,1527.164,True
MATMUL,uint32_t,2,256,128,64,16,1211.812,True
MATMUL,uint32_t,2,256,64,512,8,5227.515,True
MATMUL,uint32_t,2,256,64,512,16,4860.029,True
MATMUL,uint32_t,2,256,64,512,4,6136.947667,True
MATMUL,uint32_t,2,256,128,64,32,1173.235,True
MATMUL,uint32_t,2,256,128,64,64,1154.968333,True
MATMUL,uint32_t,2,256,64,512,64,4627.655,True
MATMUL,uint32_t,2,256,64,512,32,4701.059,True
MATMUL,uint32_t,2,256,128,128,16,2423.989,True
MATMUL,uint32_t,2,256,128,128,8,2605.537667,True
MATMUL,uint32_t,2,256,128,128,4,3057.546,True
MATMUL,uint32_t,2,256,128,128,32,2345.728,True
MATMUL,uint32_t,2,256,128,128,64,2309.850333,True
MATMUL,uint32_t,2,256,128,128,128,2290.736333,True
MATMUL,uint32_t,2,256,128,256,8,5209.701667,True
MATMUL,uint32_t,2,256,128,256,32,4692.201,True
MATMUL,uint32_t,2,256,128,256,16,4847.575333,True
MATMUL,uint32_t,2,256,128,256,4,6103.615667,True
MATMUL,uint32_t,2,256,128,256,64,4619.646333,True
MATMUL,uint32_t,2,256,128,256,128,4580.391667,True
MATMUL,uint32_t,2,256,256,16,8,650.318667,True
MATMUL,uint32_t,2,256,256,16,4,762.823,True
MATMUL,uint32_t,2,256,256,16,16,605.298,True
MATMUL,uint32_t,2,256,256,32,4,1524.052333,True
MATMUL,uint32_t,2,256,256,32,8,1300.581,True
MATMUL,uint32_t,2,256,256,32,16,1210.397333,True
MATMUL,uint32_t,2,256,256,32,32,1172.093333,True
MATMUL,uint32_t,2,256,128,512,8,10420.635,True
MATMUL,uint32_t,2,256,256,64,8,2600.794,True
MATMUL,uint32_t,2,256,256,64,4,3049.488667,True
MATMUL,uint32_t,2,256,128,512,4,12210.343,True
MATMUL,uint32_t,2,256,256,64,16,2420.265333,True
MATMUL,uint32_t,2,256,128,512,16,9692.974,True
MATMUL,uint32_t,2,256,128,512,128,9160.162333,True
MATMUL,uint32_t,2,256,128,512,64,9239.207,True
MATMUL,uint32_t,2,256,256,64,32,2343.096,True
MATMUL,uint32_t,2,256,256,64,64,2307.869667,True
MATMUL,uint32_t,2,256,128,512,32,9384.571667,True
MATMUL,uint32_t,2,256,256,128,8,5200.630667,True
MATMUL,uint32_t,2,256,256,128,16,4840.538667,True
MATMUL,uint32_t,2,256,256,128,128,4577.440667,True
MATMUL,uint32_t,2,256,256,128,64,4615.66,True
MATMUL,uint32_t,2,256,256,128,32,4686.781,True
MATMUL,uint32_t,2,256,256,128,4,6086.877,True
MATMUL,uint32_t,2,256,256,256,8,10401.530667,True
MATMUL,uint32_t,2,256,256,256,4,12200.686667,True
MATMUL,uint32_t,2,256,256,256,128,9153.658667,True
MATMUL,uint32_t,2,256,256,256,256,9117.872,True
MATMUL,uint32_t,2,256,256,256,64,9231.149667,True
MATMUL,uint32_t,2,256,256,256,32,9372.884667,True
MATMUL,uint32_t,2,256,256,256,16,9680.358,True
MATMUL,uint32_t,2,256,512,16,4,1519.770333,True
MATMUL,uint32_t,2,256,512,16,8,1299.010333,True
MATMUL,uint32_t,2,256,512,16,16,1209.552,True
MATMUL,uint32_t,2,256,512,32,4,3043.765667,True
MATMUL,uint32_t,2,256,512,32,8,2597.908667,True
MATMUL,uint32_t,2,256,512,32,16,2419.252333,True
MATMUL,uint32_t,2,256,256,512,4,24351.065,True
MATMUL,uint32_t,2,256,512,32,32,2342.096667,True
MATMUL,uint32_t,2,256,256,512,8,20805.075333,True
MATMUL,uint32_t,2,256,256,512,16,19363.142667,True
MATMUL,uint32_t,2,256,256,512,256,18235.076,True
MATMUL,uint32_t,2,256,256,512,128,18309.987333,True
MATMUL,uint32_t,2,256,256,512,64,18462.245333,True
MATMUL,uint32_t,2,256,256,512,32,18745.784333,True
MATMUL,uint32_t,2,256,512,64,8,5194.568,True
MATMUL,uint32_t,2,256,512,64,4,6079.989,True
MATMUL,uint32_t,2,256,512,64,16,4838.365,True
MATMUL,uint32_t,2,256,512,64,32,4683.999667,True
MATMUL,uint32_t,2,256,512,64,64,4613.639667,True
MATMUL,uint32_t,2,256,512,128,16,9675.657667,True
MATMUL,uint32_t,2,256,512,128,8,10394.013,True
MATMUL,uint32_t,2,256,512,128,32,9368.212667,True
MATMUL,uint32_t,2,256,512,128,4,12150.228333,True
MATMUL,uint32_t,2,256,512,128,64,9227.135333,True
MATMUL,uint32_t,2,256,512,128,128,9151.705667,True
MATMUL,uint32_t,2,256,512,256,8,20782.133,True
MATMUL,uint32_t,2,256,512,256,4,24317.958,True
MATMUL,uint32_t,2,256,512,256,32,18735.777,True
MATMUL,uint32_t,2,256,512,256,16,19350.045,True
MATMUL,uint32_t,2,256,512,256,64,18454.170333,True
MATMUL,uint32_t,2,256,512,256,256,18227.633,True
MATMUL,uint32_t,2,256,512,256,128,18297.181,True
MATMUL,uint32_t,2,512,16,16,4,98.817333,True
MATMUL,uint32_t,2,512,16,16,8,83.778333,True
MATMUL,uint32_t,2,512,16,16,16,77.460667,True
MATMUL,uint32_t,2,512,16,32,4,197.454333,True
MATMUL,uint32_t,2,512,16,32,8,167.099,True
MATMUL,uint32_t,2,512,16,32,16,154.586,True
MATMUL,uint32_t,2,512,16,64,4,394.528,True
MATMUL,uint32_t,2,512,16,64,8,333.931333,True
MATMUL,uint32_t,2,512,16,64,16,308.858333,True
MATMUL,uint32_t,2,512,16,128,4,789.649,True
MATMUL,uint32_t,2,512,16,128,8,667.576667,True
MATMUL,uint32_t,2,512,16,128,16,617.457667,True
MATMUL,uint32_t,2,512,16,256,4,1577.431667,True
MATMUL,uint32_t,2,512,16,256,8,1334.820667,True
MATMUL,uint32_t,2,512,16,256,16,1234.455667,True
MATMUL,uint32_t,2,512,16,512,4,3154.652,True
MATMUL,uint32_t,2,512,16,512,8,2668.715667,True
MATMUL,uint32_t,2,512,16,512,16,2468.523333,True
MATMUL,uint32_t,2,512,32,16,4,193.591,True
MATMUL,uint32_t,2,512,32,16,8,164.916,True
MATMUL,uint32_t,2,512,32,16,16,152.99,True
MATMUL,uint32_t,2,512,32,32,4,386.912333,True
MATMUL,uint32_t,2,512,32,32,8,329.355667,True
MATMUL,uint32_t,2,512,32,32,16,305.687667,True
MATMUL,uint32_t,2,512,32,32,32,295.382333,True
MATMUL,uint32_t,2,512,32,64,4,772.873667,True
MATMUL,uint32_t,2,512,32,64,8,658.412667,True
MATMUL,uint32_t,2,512,32,64,16,611.040333,True
MATMUL,uint32_t,2,512,32,64,32,590.239333,True
MATMUL,uint32_t,2,512,32,128,4,1545.373667,True
MATMUL,uint32_t,2,512,32,128,8,1316.418667,True
MATMUL,uint32_t,2,512,32,128,16,1221.848,True
MATMUL,uint32_t,2,512,32,128,32,1180.153333,True
MATMUL,uint32_t,2,256,512,512,4,48630.651667,True
MATMUL,uint32_t,2,512,32,256,4,3089.672,True
MATMUL,uint32_t,2,512,32,256,16,2443.376667,True
MATMUL,uint32_t,2,512,32,256,8,2633.360667,True
MATMUL,uint32_t,2,256,512,512,64,36908.305333,True
MATMUL,uint32_t,2,256,512,512,128,36594.729,True
MATMUL,uint32_t,2,256,512,512,32,37469.912,True
MATMUL,uint32_t,2,512,32,256,32,2359.896,True
MATMUL,uint32_t,2,256,512,512,256,36462.703,True
MATMUL,uint32_t,2,256,512,512,8,41563.212,True
MATMUL,uint32_t,2,256,512,512,16,38708.148667,True
MATMUL,uint32_t,2,512,64,16,4,383.860667,True
MATMUL,uint32_t,2,512,64,16,8,327.143667,True
MATMUL,uint32_t,2,512,64,16,16,304.112333,True
MATMUL,uint32_t,2,512,64,32,8,654.075667,True
MATMUL,uint32_t,2,512,64,32,4,767.747,True
MATMUL,uint32_t,2,512,64,32,16,607.763667,True
MATMUL,uint32_t,2,512,64,32,32,587.926667,True
MATMUL,uint32_t,2,512,64,64,32,1175.523,True
MATMUL,uint32_t,2,512,64,64,16,1215.251,True
MATMUL,uint32_t,2,512,64,64,8,1307.812333,True
MATMUL,uint32_t,2,512,64,64,4,1534.999333,True
MATMUL,uint32_t,2,512,64,64,64,1156.957,True
MATMUL,uint32_t,2,512,32,512,4,6194.789,True
MATMUL,uint32_t,2,512,32,512,32,4721.105667,True
MATMUL,uint32_t,2,512,32,512,16,4885.591667,True
MATMUL,uint32_t,2,512,32,512,8,5265.343667,True
MATMUL,uint32_t,2,512,64,128,8,2615.005,True
MATMUL,uint32_t,2,512,64,128,16,2430.275667,True
MATMUL,uint32_t,2,512,64,128,4,3070.314333,True
MATMUL,uint32_t,2,512,64,128,32,2351.180333,True
MATMUL,uint32_t,2,512,64,128,64,2313.845333,True
MATMUL,uint32_t,2,512,64,256,16,4859.471333,True
MATMUL,uint32_t,2,512,64,256,64,4627.618333,True
MATMUL,uint32_t,2,512,64,256,32,4699.908,True
MATMUL,uint32_t,2,512,64,256,8,5229.173,True
MATMUL,uint32_t,2,512,128,16,4,763.236333,True
MATMUL,uint32_t,2,512,128,16,8,651.729,True
MATMUL,uint32_t,2,512,64,256,4,6138.023333,True
MATMUL,uint32_t,2,512,128,16,16,606.154333,True
MATMUL,uint32_t,2,512,128,32,8,1303.442,True
MATMUL,uint32_t,2,512,128,32,4,1524.959,True
MATMUL,uint32_t,2,512,128,32,16,1212.025,True
MATMUL,uint32_t,2,512,128,32,32,1172.964667,True
MATMUL,uint32_t,2,512,128,64,8,2604.712667,True
MATMUL,uint32_t,2,512,128,64,4,3051.117333,True
MATMUL,uint32_t,2,512,128,64,16,2424.399667,True
MATMUL,uint32_t,2,512,64,512,16,9721.911333,True
MATMUL,uint32_t,2,512,64,512,8,10458.705667,True
MATMUL,uint32_t,2,512,128,64,32,2345.490333,True
MATMUL,uint32_t,2,512,128,64,64,2309.849333,True
MATMUL,uint32_t,2,512,64,512,4,12280.609667,True
MATMUL,uint32_t,2,512,64,512,32,9399.922,True
MATMUL,uint32_t,2,512,64,512,64,9255.226333,True
MATMUL,uint32_t,2,512,128,128,8,5210.547333,True
MATMUL,uint32_t,2,512,128,128,16,4847.165667,True
MATMUL,uint32_t,2,512,128,128,4,6107.782333,True
MATMUL,uint32_t,2,512,128,128,128,4581.142333,True
MATMUL,uint32_t,2,512,128,128,32,4690.896333,True
MATMUL,uint32_t,2,512,128,128,64,4619.657667,True
MATMUL,uint32_t,2,512,128,256,8,10420.411,True
MATMUL,uint32_t,2,512,128,256,32,9380.984667,True
MATMUL,uint32_t,2,512,128,256,16,9693.482,True
MATMUL,uint32_t,2,512,128,256,64,9239.162333,True
MATMUL,uint32_t,2,512,128,256,4,12232.741667,True
MATMUL,uint32_t,2,512,128,256,128,9162.662333,True
MATMUL,uint32_t,2,512,256,16,4,1526.135,True
MATMUL,uint32_t,2,512,256,16,8,1300.451,True
MATMUL,uint32_t,2,512,256,16,16,1210.434333,True
MATMUL,uint32_t,2,512,256,32,4,3043.897667,True
MATMUL,uint32_t,2,512,256,32,8,2600.982667,True
MATMUL,uint32_t,2,512,256,32,16,2420.920667,True
MATMUL,uint32_t,2,512,256,32,32,2344.138333,True
MATMUL,uint32_t,2,512,128,512,8,20840.221667,True
MATMUL,uint32_t,2,512,256,64,8,5202.291,True
MATMUL,uint32_t,2,512,256,64,4,6084.728,True
MATMUL,uint32_t,2,512,128,512,4,24450.850333,True
MATMUL,uint32_t,2,512,256,64,16,4841.097,True
MATMUL,uint32_t,2,512,128,512,16,19387.087333,True
MATMUL,uint32_t,2,512,256,64,32,4686.489,True
MATMUL,uint32_t,2,512,256,64,64,4615.64,True
MATMUL,uint32_t,2,512,128,512,64,18478.240333,True
MATMUL,uint32_t,2,512,128,512,32,18768.451,True
MATMUL,uint32_t,2,512,128,512,128,18319.144667,True
MATMUL,uint32_t,2,512,256,128,128,9154.176,True
MATMUL,uint32_t,2,512,256,128,8,10399.249667,True
MATMUL,uint32_t,2,512,256,128,16,9682.128667,True
MATMUL,uint32_t,2,512,256,128,64,9231.169,True
MATMUL,uint32_t,2,512,256,128,32,9374.754,True
MATMUL,uint32_t,2,512,256,128,4,12176.714333,True
MATMUL,uint32_t,2,512,256,256,8,20797.763667,True
MATMUL,uint32_t,2,512,256,256,4,24363.122,True
MATMUL,uint32_t,2,512,256,256,256,18239.419,True
MATMUL,uint32_t,2,512,256,256,128,18308.971333,True
MATMUL,uint32_t,2,512,256,256,64,18462.207667,True
MATMUL,uint32_t,2,512,256,256,32,18744.84,True
MATMUL,uint32_t,2,512,256,256,16,19364.576667,True
MATMUL,uint32_t,2,512,512,16,4,3042.481667,True
MATMUL,uint32_t,2,512,512,16,8,2598.265333,True
MATMUL,uint32_t,2,512,512,16,16,2419.707333,True
MATMUL,uint32_t,2,512,512,32,4,6082.381,True
MATMUL,uint32_t,2,512,512,32,8,5196.019333,True
MATMUL,uint32_t,2,512,512,32,16,4838.225333,True
MATMUL,uint32_t,2,512,512,32,32,4684.777333,True
MATMUL,uint32_t,2,512,256,512,4,48701.943333,True
MATMUL,uint32_t,2,512,256,512,8,41608.243667,True
MATMUL,uint32_t,2,512,256,512,16,38727.128,True
MATMUL,uint32_t,2,512,256,512,128,36611.586,True
MATMUL,uint32_t,2,512,256,512,256,36468.625667,True
MATMUL,uint32_t,2,512,256,512,64,36924.276333,True
MATMUL,uint32_t,2,512,256,512,32,37484.648333,True
MATMUL,uint32_t,2,512,512,64,8,10394.553333,True
MATMUL,uint32_t,2,512,512,64,4,12172.104333,True
MATMUL,uint32_t,2,512,512,64,16,9675.116667,True
MATMUL,uint32_t,2,512,512,64,32,9369.021667,True
MATMUL,uint32_t,2,512,512,64,64,9227.156667,True
MATMUL,uint32_t,2,512,512,128,16,19353.925667,True
MATMUL,uint32_t,2,512,512,128,8,20784.126667,True
MATMUL,uint32_t,2,512,512,128,32,18730.292667,True
MATMUL,uint32_t,2,512,512,128,64,18454.228667,True
MATMUL,uint32_t,2,512,512,128,4,24304.048333,True
MATMUL,uint32_t,2,512,512,128,128,18299.441333,True
MATMUL,uint32_t,2,512,512,256,8,41563.522667,True
MATMUL,uint32_t,2,512,512,256,4,48696.726333,True
MATMUL,uint32_t,2,512,512,256,32,37478.939333,True
MATMUL,uint32_t,2,512,512,256,16,38705.443667,True
MATMUL,uint32_t,2,512,512,256,64,36908.272333,True
MATMUL,uint32_t,2,512,512,256,256,36463.388,True
MATMUL,uint32_t,2,512,512,256,128,36601.244667,True
MATMUL,uint32_t,4,16,16,16,4,3.18,True
MATMUL,uint32_t,4,16,16,16,8,2.678333,True
MATMUL,uint32_t,4,16,16,16,16,2.472667,True
MATMUL,uint32_t,4,16,16,32,4,6.266,True
MATMUL,uint32_t,4,16,16,32,8,5.291333,True
MATMUL,uint32_t,4,16,16,32,16,4.889333,True
MATMUL,uint32_t,4,16,16,64,4,12.492,True
MATMUL,uint32_t,4,16,16,64,8,10.504667,True
MATMUL,uint32_t,4,16,16,64,16,9.710667,True
MATMUL,uint32_t,4,16,16,128,4,24.861333,True
MATMUL,uint32_t,4,16,16,128,8,20.964333,True
MATMUL,uint32_t,4,16,16,128,16,19.358,True
MATMUL,uint32_t,4,16,16,256,4,49.660667,True
MATMUL,uint32_t,4,16,16,256,8,41.875,True
MATMUL,uint32_t,4,16,16,256,16,38.658333,True
MATMUL,uint32_t,4,16,16,512,4,99.248333,True
MATMUL,uint32_t,4,16,16,512,8,83.631,True
MATMUL,uint32_t,4,16,16,512,16,77.245,True
MATMUL,uint32_t,4,16,32,16,4,6.15,True
MATMUL,uint32_t,4,16,32,16,8,5.208,True
MATMUL,uint32_t,4,16,32,16,16,4.835667,True
MATMUL,uint32_t,4,16,32,32,4,12.276333,True
MATMUL,uint32_t,4,16,32,32,8,10.356667,True
MATMUL,uint32_t,4,16,32,32,16,9.611333,True
MATMUL,uint32_t,4,16,32,32,32,9.271667,True
MATMUL,uint32_t,4,16,32,64,4,24.436333,True
MATMUL,uint32_t,4,16,32,64,8,20.683333,True
MATMUL,uint32_t,4,16,32,64,16,19.168667,True
MATMUL,uint32_t,4,16,32,64,32,18.503333,True
MATMUL,uint32_t,4,16,32,128,4,48.748333,True
MATMUL,uint32_t,4,16,32,128,8,41.277333,True
MATMUL,uint32_t,4,16,32,128,16,38.262667,True
MATMUL,uint32_t,4,16,32,128,32,36.962333,True
MATMUL,uint32_t,4,16,32,256,4,97.509333,True
MATMUL,uint32_t,4,16,32,256,8,82.452333,True
MATMUL,uint32_t,4,16,32,256,16,76.453667,True
MATMUL,uint32_t,4,16,32,256,32,73.853333,True
MATMUL,uint32_t,4,16,32,512,4,195.031667,True
MATMUL,uint32_t,4,16,32,512,8,164.842667,True
MATMUL,uint32_t,4,16,32,512,16,152.828667,True
MATMUL,uint32_t,4,16,32,512,32,147.62,True
MATMUL,uint32_t,4,16,64,16,4,12.148667,True
MATMUL,uint32_t,4,16,64,16,8,10.283,True
MATMUL,uint32_t,4,16,64,16,16,9.560333,True
MATMUL,uint32_t,4,16,64,32,4,24.190667,True
MATMUL,uint32_t,4,16,64,32,8,20.514667,True
MATMUL,uint32_t,4,16,64,32,16,19.058667,True
MATMUL,uint32_t,4,16,64,32,32,18.440667,True
MATMUL,uint32_t,4,16,64,64,4,48.407333,True
MATMUL,uint32_t,4,16,64,64,8,40.962,True
MATMUL,uint32_t,4,16,64,64,16,38.061667,True
MATMUL,uint32_t,4,16,64,64,32,36.806,True
MATMUL,uint32_t,4,16,64,64,64,36.219667,True
MATMUL,uint32_t,4,16,64,128,4,96.493333,True
MATMUL,uint32_t,4,16,64,128,8,81.865,True
MATMUL,uint32_t,4,16,64,128,16,76.029667,True
MATMUL,uint32_t,4,16,64,128,32,73.553333,True
MATMUL,uint32_t,4,16,64,128,64,72.371667,True
MATMUL,uint32_t,4,16,64,256,4,192.725667,True
MATMUL,uint32_t,4,16,64,256,8,163.722667,True
MATMUL,uint32_t,4,16,64,256,16,152.001,True
MATMUL,uint32_t,4,16,64,256,32,147.003,True
MATMUL,uint32_t,4,16,64,256,64,144.673667,True
MATMUL,uint32_t,4,16,64,512,4,385.875667,True
MATMUL,uint32_t,4,16,64,512,8,327.295,True
MATMUL,uint32_t,4,16,64,512,16,303.960667,True
MATMUL,uint32_t,4,16,64,512,32,293.899333,True
MATMUL,uint32_t,4,16,64,512,64,289.288,True
MATMUL,uint32_t,4,16,128,16,4,24.145667,True
MATMUL,uint32_t,4,16,128,16,8,20.437333,True
MATMUL,uint32_t,4,16,128,16,16,19.013,True
MATMUL,uint32_t,4,16,128,32,4,48.225333,True
MATMUL,uint32_t,4,16,128,32,8,40.821,True
MATMUL,uint32_t,4,16,128,32,16,37.951667,True
MATMUL,uint32_t,4,16,128,32,32,36.739333,True
MATMUL,uint32_t,4,16,128,64,4,96.190667,True
MATMUL,uint32_t,4,16,128,64,8,81.556667,True
MATMUL,uint32_t,4,16,128,64,16,75.826667,True
MATMUL,uint32_t,4,16,128,64,32,73.380667,True
MATMUL,uint32_t,4,16,128,64,64,72.246333,True
MATMUL,uint32_t,4,16,128,128,4,192.408333,True
MATMUL,uint32_t,4,16,128,128,8,163.067,True
MATMUL,uint32_t,4,16,128,128,16,151.625333,True
MATMUL,uint32_t,4,16,128,128,32,146.686,True
MATMUL,uint32_t,4,16,128,128,64,144.440333,True
MATMUL,uint32_t,4,16,128,128,128,143.208,True
MATMUL,uint32_t,4,16,128,256,4,384.492667,True
MATMUL,uint32_t,4,16,128,256,8,325.991667,True
MATMUL,uint32_t,4,16,128,256,16,303.165667,True
MATMUL,uint32_t,4,16,128,256,32,293.374333,True
MATMUL,uint32_t,4,16,128,256,64,288.798,True
MATMUL,uint32_t,4,16,128,256,128,286.397667,True
MATMUL,uint32_t,4,16,128,512,4,769.081667,True
MATMUL,uint32_t,4,16,128,512,8,652.096,True
MATMUL,uint32_t,4,16,128,512,16,606.184333,True
MATMUL,uint32_t,4,16,128,512,32,586.704333,True
MATMUL,uint32_t,4,16,128,512,64,577.511667,True
MATMUL,uint32_t,4,16,128,512,128,572.716,True
MATMUL,uint32_t,4,16,256,16,4,48.132667,True
MATMUL,uint32_t,4,16,256,16,8,40.741,True
MATMUL,uint32_t,4,16,256,16,16,37.899667,True
MATMUL,uint32_t,4,16,256,32,4,96.166333,True
MATMUL,uint32_t,4,16,256,32,8,81.441,True
MATMUL,uint32_t,4,16,256,32,16,75.728333,True
MATMUL,uint32_t,4,16,256,32,32,73.334,True
MATMUL,uint32_t,4,16,256,64,4,192.166333,True
MATMUL,uint32_t,4,16,256,64,8,162.803667,True
MATMUL,uint32_t,4,16,256,64,16,151.406333,True
MATMUL,uint32_t,4,16,256,64,32,146.544,True
MATMUL,uint32_t,4,16,256,64,64,144.304333,True
MATMUL,uint32_t,4,16,256,128,4,383.635667,True
MATMUL,uint32_t,4,16,256,128,8,325.489333,True
MATMUL,uint32_t,4,16,256,128,16,302.755667,True
MATMUL,uint32_t,4,16,256,128,32,293.066333,True
MATMUL,uint32_t,4,16,256,128,64,288.536,True
MATMUL,uint32_t,4,16,256,128,128,286.174,True
MATMUL,uint32_t,4,16,256,256,4,767.795333,True
MATMUL,uint32_t,4,16,256,256,8,650.834,True
MATMUL,uint32_t,4,16,256,256,16,605.331,True
MATMUL,uint32_t,4,16,256,256,32,586.111333,True
MATMUL,uint32_t,4,16,256,256,64,577.002,True
MATMUL,uint32_t,4,16,256,256,128,572.106,True
MATMUL,uint32_t,4,16,256,256,256,569.994333,True
MATMUL,uint32_t,4,16,256,512,4,1535.679333,True
MATMUL,uint32_t,4,16,256,512,8,1301.718667,True
MATMUL,uint32_t,4,16,256,512,16,1210.864667,True
MATMUL,uint32_t,4,16,256,512,32,1172.061333,True
MATMUL,uint32_t,4,16,256,512,64,1153.990333,True
MATMUL,uint32_t,4,16,256,512,128,1144.156667,True
MATMUL,uint32_t,4,16,256,512,256,1140.076667,True
MATMUL,uint32_t,4,16,512,16,4,96.046333,True
MATMUL,uint32_t,4,16,512,16,8,81.328,True
MATMUL,uint32_t,4,16,512,16,16,75.670333,True
MATMUL,uint32_t,4,16,512,32,4,191.828667,True
MATMUL,uint32_t,4,16,512,32,8,162.638,True
MATMUL,uint32_t,4,16,512,32,16,151.334333,True
MATMUL,uint32_t,4,16,512,32,32,146.482333,True
MATMUL,uint32_t,4,16,512,64,4,384.073667,True
MATMUL,uint32_t,4,16,512,64,8,325.160333,True
MATMUL,uint32_t,4,16,512,64,16,302.51,True
MATMUL,uint32_t,4,16,512,64,32,292.862,True
MATMUL,uint32_t,4,16,512,64,64,288.41,True
MATMUL,uint32_t,4,16,512,128,4,767.988,True
MATMUL,uint32_t,4,16,512,128,8,650.310333,True
MATMUL,uint32_t,4,16,512,128,16,605.025667,True
MATMUL,uint32_t,4,16,512,128,32,585.748333,True
MATMUL,uint32_t,4,16,512,128,64,576.761,True
MATMUL,uint32_t,4,16,512,128,128,572.049667,True
MATMUL,uint32_t,4,16,512,256,4,1533.764333,True
MATMUL,uint32_t,4,16,512,256,8,1300.39,True
MATMUL,uint32_t,4,16,512,256,16,1209.699333,True
MATMUL,uint32_t,4,16,512,256,32,1171.272,True
MATMUL,uint32_t,4,16,512,256,64,1153.471333,True
MATMUL,uint32_t,4,16,512,256,128,1143.876,True
MATMUL,uint32_t,4,16,512,256,256,1139.515,True
MATMUL,uint32_t,4,16,512,512,4,3067.568667,True
MATMUL,uint32_t,4,16,512,512,8,2600.805,True
MATMUL,uint32_t,4,16,512,512,16,2419.451333,True
MATMUL,uint32_t,2,512,512,512,4,97320.953667,True
MATMUL,uint32_t,4,16,512,512,32,2343.026667,True
MATMUL,uint32_t,4,16,512,512,64,2306.862667,True
MATMUL,uint32_t,4,16,512,512,128,2287.633333,True
MATMUL,uint32_t,4,32,16,16,4,6.275333,True
MATMUL,uint32_t,4,32,16,16,8,5.296,True
MATMUL,uint32_t,4,32,16,16,16,4.885,True
MATMUL,uint32_t,4,32,16,32,4,12.446333,True
MATMUL,uint32_t,4,32,16,32,8,10.524667,True
MATMUL,uint32_t,4,32,16,32,16,9.717333,True
MATMUL,uint32_t,4,32,16,64,4,24.876333,True
MATMUL,uint32_t,4,32,16,64,8,20.978,True
MATMUL,uint32_t,4,32,16,64,16,19.376667,True
MATMUL,uint32_t,4,32,16,128,4,49.745,True
MATMUL,uint32_t,4,32,16,128,8,41.884667,True
MATMUL,uint32_t,4,32,16,128,16,38.672,True
MATMUL,uint32_t,4,32,16,256,4,99.398667,True
MATMUL,uint32_t,4,32,16,256,8,83.707333,True
MATMUL,uint32_t,4,32,16,256,16,77.258333,True
MATMUL,uint32_t,4,16,512,512,256,2278.517333,True
MATMUL,uint32_t,4,32,16,512,4,199.130333,True
MATMUL,uint32_t,4,32,16,512,8,167.259667,True
MATMUL,uint32_t,4,32,32,16,4,12.271667,True
MATMUL,uint32_t,4,32,16,512,16,154.382,True
MATMUL,uint32_t,4,32,32,16,8,10.372,True
MATMUL,uint32_t,4,32,32,16,16,9.613,True
MATMUL,uint32_t,4,32,32,32,4,24.432333,True
MATMUL,uint32_t,4,32,32,32,8,20.659333,True
MATMUL,uint32_t,4,32,32,32,16,19.170667,True
MATMUL,uint32_t,4,32,32,32,32,18.532,True
MATMUL,uint32_t,4,32,32,64,4,48.777,True
MATMUL,uint32_t,4,32,32,64,8,41.265667,True
MATMUL,uint32_t,4,32,32,64,16,38.259667,True
MATMUL,uint32_t,4,32,32,64,32,36.962667,True
MATMUL,uint32_t,4,32,32,128,4,97.366667,True
MATMUL,uint32_t,4,32,32,128,8,82.467667,True
MATMUL,uint32_t,4,32,32,128,16,76.454333,True
MATMUL,uint32_t,4,32,32,128,32,73.875,True
MATMUL,uint32_t,4,32,32,256,8,164.860667,True
MATMUL,uint32_t,4,32,32,256,4,194.606667,True
MATMUL,uint32_t,4,32,32,256,16,152.824,True
MATMUL,uint32_t,4,32,32,256,32,147.649,True
MATMUL,uint32_t,4,32,32,512,8,329.557,True
MATMUL,uint32_t,4,32,32,512,4,388.796667,True
MATMUL,uint32_t,4,32,32,512,16,305.532333,True
MATMUL,uint32_t,4,32,32,512,32,295.136667,True
MATMUL,uint32_t,4,32,64,16,4,24.23,True
MATMUL,uint32_t,4,32,64,16,8,20.535333,True
MATMUL,uint32_t,4,32,64,16,16,19.067,True
MATMUL,uint32_t,4,32,64,32,4,48.284333,True
MATMUL,uint32_t,4,32,64,32,8,40.978667,True
MATMUL,uint32_t,4,32,64,32,16,38.052333,True
MATMUL,uint32_t,4,32,64,32,32,36.818667,True
MATMUL,uint32_t,4,32,64,64,4,96.49,True
MATMUL,uint32_t,4,32,64,64,8,81.857333,True
MATMUL,uint32_t,4,32,64,64,16,76.043,True
MATMUL,uint32_t,4,32,64,64,32,73.535,True
MATMUL,uint32_t,4,32,64,64,64,72.373667,True
MATMUL,uint32_t,4,32,64,128,4,193.108333,True
MATMUL,uint32_t,4,32,64,128,8,163.656,True
MATMUL,uint32_t,4,32,64,128,16,152.013,True
MATMUL,uint32_t,4,32,64,128,32,147.002,True
MATMUL,uint32_t,4,32,64,128,64,144.684667,True
MATMUL,uint32_t,4,32,64,256,4,385.159667,True
MATMUL,uint32_t,4,32,64,256,8,327.144333,True
MATMUL,uint32_t,2,512,512,512,64,73816.440333,True
MATMUL,uint32_t,4,32,64,256,16,303.903,True
MATMUL,uint32_t,4,32,64,256,32,293.960333,True
MATMUL,uint32_t,4,32,64,256,64,289.305,True
MATMUL,uint32_t,2,512,512,512,128,73196.450667,True
MATMUL,uint32_t,2,512,512,512,32,74950.728,True
MATMUL,uint32_t,4,32,64,512,8,654.5,True
MATMUL,uint32_t,4,32,64,512,4,769.966,True
MATMUL,uint32_t,4,32,128,16,4,48.179667,True
MATMUL,uint32_t,4,32,128,16,8,40.841333,True
MATMUL,uint32_t,4,32,64,512,16,607.871,True
MATMUL,uint32_t,4,32,128,16,16,37.967,True
MATMUL,uint32_t,4,32,128,32,4,96.342667,True
MATMUL,uint32_t,4,32,128,32,16,75.861333,True
MATMUL,uint32_t,4,32,128,32,8,81.600333,True
MATMUL,uint32_t,2,512,512,512,256,72919.314667,True
MATMUL,uint32_t,4,32,128,32,32,73.401667,True
MATMUL,uint32_t,4,32,64,512,32,587.715,True
MATMUL,uint32_t,2,512,512,512,8,83125.279667,True
MATMUL,uint32_t,4,32,128,64,8,163.051333,True
MATMUL,uint32_t,4,32,128,64,16,151.606333,True
MATMUL,uint32_t,4,32,128,64,4,192.292333,True
MATMUL,uint32_t,4,32,64,512,64,578.537667,True
MATMUL,uint32_t,4,32,128,64,32,146.748333,True
MATMUL,uint32_t,4,32,128,64,64,144.435667,True
MATMUL,uint32_t,2,512,512,512,16,77405.409667,True
MATMUL,uint32_t,4,32,128,128,16,303.101667,True
MATMUL,uint32_t,4,32,128,128,32,293.366333,True
MATMUL,uint32_t,4,32,128,128,4,384.696,True
MATMUL,uint32_t,4,32,128,128,8,326.066,True
MATMUL,uint32_t,4,32,128,128,64,288.795333,True
MATMUL,uint32_t,4,32,128,128,128,286.407333,True
MATMUL,uint32_t,4,32,128,256,4,769.199667,True
MATMUL,uint32_t,4,32,128,256,64,577.519,True
MATMUL,uint32_t,4,32,128,256,32,586.721,True
MATMUL,uint32_t,4,32,128,256,128,572.687,True
MATMUL,uint32_t,4,32,128,256,8,652.106667,True
MATMUL,uint32_t,4,32,128,256,16,606.176333,True
MATMUL,uint32_t,4,32,256,16,4,96.091333,True
MATMUL,uint32_t,4,32,256,16,8,81.430333,True
MATMUL,uint32_t,4,32,256,16,16,75.750667,True
MATMUL,uint32_t,4,32,256,32,4,191.944667,True
MATMUL,uint32_t,4,32,256,32,8,162.822333,True
MATMUL,uint32_t,4,32,256,32,16,151.426667,True
MATMUL,uint32_t,4,32,256,32,32,146.579667,True
MATMUL,uint32_t,4,32,128,512,8,1303.836667,True
MATMUL,uint32_t,4,32,128,512,4,1537.277667,True
MATMUL,uint32_t,4,32,256,64,4,384.354,True
MATMUL,uint32_t,4,32,256,64,8,325.487667,True
MATMUL,uint32_t,4,32,256,64,16,302.746667,True
MATMUL,uint32_t,4,32,128,512,128,1145.173333,True
MATMUL,uint32_t,4,32,128,512,64,1155.017667,True
MATMUL,uint32_t,4,32,128,512,16,1212.292,True
MATMUL,uint32_t,4,32,128,512,32,1173.245,True
MATMUL,uint32_t,4,32,256,64,32,293.035333,True
MATMUL,uint32_t,4,32,256,64,64,288.551333,True
MATMUL,uint32_t,4,32,256,128,8,650.747,True
MATMUL,uint32_t,4,32,256,128,64,577.025333,True
MATMUL,uint32_t,4,32,256,128,32,586.036,True
MATMUL,uint32_t,4,32,256,128,128,572.119667,True
MATMUL,uint32_t,4,32,256,128,16,605.436333,True
MATMUL,uint32_t,4,32,256,128,4,767.727667,True
MATMUL,uint32_t,4,32,256,256,8,1301.591667,True
MATMUL,uint32_t,4,32,256,256,4,1536.766,True
MATMUL,uint32_t,4,32,256,256,128,1144.516333,True
MATMUL,uint32_t,4,32,256,256,64,1153.991,True
MATMUL,uint32_t,4,32,256,256,256,1140.024,True
MATMUL,uint32_t,4,32,256,256,32,1171.982667,True
MATMUL,uint32_t,4,32,256,256,16,1210.587,True
MATMUL,uint32_t,4,32,512,16,4,192.128333,True
MATMUL,uint32_t,4,32,512,16,8,162.606,True
MATMUL,uint32_t,4,32,512,16,16,151.300667,True
MATMUL,uint32_t,4,32,512,32,4,384.052,True
MATMUL,uint32_t,4,32,512,32,8,325.190667,True
MATMUL,uint32_t,4,32,512,32,16,302.499333,True
MATMUL,uint32_t,4,32,256,512,4,3070.513,True
MATMUL,uint32_t,4,32,512,32,32,292.995,True
MATMUL,uint32_t,4,32,256,512,16,2420.700333,True
MATMUL,uint32_t,4,32,256,512,256,2279.509,True
MATMUL,uint32_t,4,32,256,512,128,2288.711333,True
MATMUL,uint32_t,4,32,256,512,64,2307.884333,True
MATMUL,uint32_t,4,32,256,512,8,2602.898333,True
MATMUL,uint32_t,4,32,256,512,32,2343.385667,True
MATMUL,uint32_t,4,32,512,64,4,767.811333,True
MATMUL,uint32_t,4,32,512,64,64,576.778,True
MATMUL,uint32_t,4,32,512,64,32,585.681,True
MATMUL,uint32_t,4,32,512,64,16,604.896,True
MATMUL,uint32_t,4,32,512,64,8,650.341667,True
MATMUL,uint32_t,4,32,512,128,16,1209.731333,True
MATMUL,uint32_t,4,32,512,128,8,1300.398667,True
MATMUL,uint32_t,4,32,512,128,4,1536.763,True
MATMUL,uint32_t,4,32,512,128,32,1171.476,True
MATMUL,uint32_t,4,32,512,128,128,1143.874333,True
MATMUL,uint32_t,4,32,512,128,64,1153.476,True
MATMUL,uint32_t,4,32,512,256,8,2600.555667,True
MATMUL,uint32_t,4,32,512,256,4,3070.809333,True
MATMUL,uint32_t,4,32,512,256,32,2343.219667,True
MATMUL,uint32_t,4,32,512,256,16,2420.032,True
MATMUL,uint32_t,4,32,512,256,64,2306.857333,True
MATMUL,uint32_t,4,32,512,256,128,2287.356,True
MATMUL,uint32_t,4,32,512,256,256,2278.694667,True
MATMUL,uint32_t,4,64,16,16,4,12.509333,True
MATMUL,uint32_t,4,64,16,16,8,10.535667,True
MATMUL,uint32_t,4,64,16,16,16,9.736,True
MATMUL,uint32_t,4,64,16,32,4,24.916333,True
MATMUL,uint32_t,4,64,16,32,8,20.991,True
MATMUL,uint32_t,4,64,16,32,16,19.384,True
MATMUL,uint32_t,4,64,16,64,4,49.723667,True
MATMUL,uint32_t,4,64,16,64,8,41.883,True
MATMUL,uint32_t,4,64,16,64,16,38.689,True
MATMUL,uint32_t,4,64,16,128,4,99.403667,True
MATMUL,uint32_t,4,64,16,128,8,83.646,True
MATMUL,uint32_t,4,64,16,128,16,77.279333,True
MATMUL,uint32_t,4,64,16,256,4,198.389667,True
MATMUL,uint32_t,4,64,16,256,8,167.28,True
MATMUL,uint32_t,4,64,16,256,16,154.415333,True
MATMUL,uint32_t,4,64,16,512,4,396.604,True
MATMUL,uint32_t,4,64,16,512,8,334.414333,True
MATMUL,uint32_t,4,64,16,512,16,308.774333,True
MATMUL,uint32_t,4,64,32,16,4,24.45,True
MATMUL,uint32_t,4,64,32,16,8,20.685333,True
MATMUL,uint32_t,4,64,32,16,16,19.183667,True
MATMUL,uint32_t,4,64,32,32,4,48.869,True
MATMUL,uint32_t,4,64,32,32,8,41.288333,True
MATMUL,uint32_t,4,64,32,32,16,38.288667,True
MATMUL,uint32_t,4,64,32,32,32,36.985333,True
MATMUL,uint32_t,4,32,512,512,4,6139.095333,True
MATMUL,uint32_t,4,64,32,64,4,97.440667,True
MATMUL,uint32_t,4,64,32,64,8,82.487667,True
MATMUL,uint32_t,4,64,32,64,16,76.471,True
MATMUL,uint32_t,4,64,32,64,32,73.892,True
MATMUL,uint32_t,4,32,512,512,64,4613.648,True
MATMUL,uint32_t,4,32,512,512,32,4685.553333,True
MATMUL,uint32_t,4,64,32,128,4,195.016333,True
MATMUL,uint32_t,4,64,32,128,8,164.889667,True
MATMUL,uint32_t,4,32,512,512,8,5202.658667,True
MATMUL,uint32_t,4,32,512,512,128,4575.653,True
MATMUL,uint32_t,4,32,512,512,16,4839.94,True
MATMUL,uint32_t,4,32,512,512,256,4557.470667,True
MATMUL,uint32_t,4,64,32,128,16,152.842667,True
MATMUL,uint32_t,4,64,32,128,32,147.685667,True
MATMUL,uint32_t,4,64,32,256,8,329.663,True
MATMUL,uint32_t,4,64,32,256,16,305.596667,True
MATMUL,uint32_t,4,64,32,256,32,295.150667,True
MATMUL,uint32_t,4,64,32,256,4,389.308,True
MATMUL,uint32_t,4,64,64,16,8,41.005667,True
MATMUL,uint32_t,4,64,64,16,4,48.347,True
MATMUL,uint32_t,4,64,64,16,16,38.084667,True
MATMUL,uint32_t,4,64,64,32,4,96.647,True
MATMUL,uint32_t,4,64,64,32,16,76.071,True
MATMUL,uint32_t,4,64,64,32,8,81.891333,True
MATMUL,uint32_t,4,64,64,32,32,73.596667,True
MATMUL,uint32_t,4,64,32,512,16,611.203,True
MATMUL,uint32_t,4,64,64,64,4,192.701,True
MATMUL,uint32_t,4,64,64,64,16,152.019,True
MATMUL,uint32_t,4,64,32,512,8,659.262,True
MATMUL,uint32_t,4,64,32,512,32,590.196333,True
MATMUL,uint32_t,4,64,64,64,8,163.698667,True
MATMUL,uint32_t,4,64,64,64,32,147.073667,True
MATMUL,uint32_t,4,64,32,512,4,778.085,True
MATMUL,uint32_t,4,64,64,64,64,144.686667,True
MATMUL,uint32_t,4,64,64,128,64,289.302667,True
MATMUL,uint32_t,4,64,64,128,32,293.998667,True
MATMUL,uint32_t,4,64,64,128,16,303.909667,True
MATMUL,uint32_t,4,64,64,128,8,327.27,True
MATMUL,uint32_t,4,64,64,128,4,385.301667,True
MATMUL,uint32_t,4,64,64,256,8,654.561667,True
MATMUL,uint32_t,4,64,64,256,4,769.998333,True
MATMUL,uint32_t,4,64,64,256,16,607.797667,True
MATMUL,uint32_t,4,64,64,256,64,578.534333,True
MATMUL,uint32_t,4,64,64,256,32,587.803667,True
MATMUL,uint32_t,4,64,128,16,4,96.293,True
MATMUL,uint32_t,4,64,128,16,8,81.606,True
MATMUL,uint32_t,4,64,128,16,16,75.872,True
MATMUL,uint32_t,4,64,128,32,4,192.437,True
MATMUL,uint32_t,4,64,128,32,16,151.659667,True
MATMUL,uint32_t,4,64,128,32,8,163.128,True
MATMUL,uint32_t,4,64,128,32,32,146.731667,True
MATMUL,uint32_t,4,64,64,512,16,1215.452,True
MATMUL,uint32_t,4,64,128,64,8,326.042667,True
MATMUL,uint32_t,4,64,64,512,8,1308.76,True
MATMUL,uint32_t,4,64,128,64,4,384.924,True
MATMUL,uint32_t,4,64,128,64,16,303.131667,True
MATMUL,uint32_t,4,64,64,512,4,1540.143333,True
MATMUL,uint32_t,4,64,64,512,64,1157.007667,True
MATMUL,uint32_t,4,64,64,512,32,1175.293,True
MATMUL,uint32_t,4,64,128,64,32,293.417667,True
MATMUL,uint32_t,4,64,128,64,64,288.818,True
MATMUL,uint32_t,4,64,128,128,16,606.138,True
MATMUL,uint32_t,4,64,128,128,8,652.102,True
MATMUL,uint32_t,4,64,128,128,4,769.023333,True
MATMUL,uint32_t,4,64,128,128,32,586.600333,True
MATMUL,uint32_t,4,64,128,128,64,577.529,True
MATMUL,uint32_t,4,64,128,128,128,572.775667,True
MATMUL,uint32_t,4,64,128,256,8,1304.070667,True
MATMUL,uint32_t,4,64,128,256,4,1536.723333,True
MATMUL,uint32_t,4,64,128,256,32,1173.312,True
MATMUL,uint32_t,4,64,128,256,16,1212.425333,True
MATMUL,uint32_t,4,64,128,256,64,1154.994667,True
MATMUL,uint32_t,4,64,128,256,128,1145.404333,True
MATMUL,uint32_t,4,64,256,16,8,162.814667,True
MATMUL,uint32_t,4,64,256,16,4,192.493333,True
MATMUL,uint32_t,4,64,256,16,16,151.477667,True
MATMUL,uint32_t,4,64,256,32,4,384.188333,True
MATMUL,uint32_t,4,64,256,32,8,325.474667,True
MATMUL,uint32_t,4,64,256,32,16,302.775,True
MATMUL,uint32_t,4,64,256,32,32,293.061,True
MATMUL,uint32_t,4,64,128,512,8,2607.687667,True
MATMUL,uint32_t,4,64,256,64,4,767.263667,True
MATMUL,uint32_t,4,64,256,64,8,650.859667,True
MATMUL,uint32_t,4,64,128,512,4,3073.576667,True
MATMUL,uint32_t,4,64,128,512,16,2424.410333,True
MATMUL,uint32_t,4,64,256,64,16,605.332,True
MATMUL,uint32_t,4,64,128,512,32,2346.011333,True
MATMUL,uint32_t,4,64,128,512,64,2309.880667,True
MATMUL,uint32_t,4,64,128,512,128,2290.479667,True
MATMUL,uint32_t,4,64,256,64,32,586.125333,True
MATMUL,uint32_t,4,64,256,64,64,577.029333,True
MATMUL,uint32_t,4,64,256,128,32,1171.968,True
MATMUL,uint32_t,4,64,256,128,16,1210.875,True
MATMUL,uint32_t,4,64,256,128,8,1301.461333,True
MATMUL,uint32_t,4,64,256,128,128,1144.521333,True
MATMUL,uint32_t,4,64,256,128,64,1153.998667,True
MATMUL,uint32_t,4,64,256,128,4,1535.288,True
MATMUL,uint32_t,4,64,256,256,8,2602.841333,True
MATMUL,uint32_t,4,64,256,256,4,3071.078667,True
MATMUL,uint32_t,4,64,256,256,128,2288.865333,True
MATMUL,uint32_t,4,64,256,256,256,2279.744,True
MATMUL,uint32_t,4,64,256,256,64,2307.881667,True
MATMUL,uint32_t,4,64,256,256,32,2344.07,True
MATMUL,uint32_t,4,64,256,256,16,2420.805,True
MATMUL,uint32_t,4,64,512,16,4,383.671,True
MATMUL,uint32_t,4,64,512,16,8,325.218,True
MATMUL,uint32_t,4,64,512,16,16,302.629667,True
MATMUL,uint32_t,4,64,512,32,4,767.757,True
MATMUL,uint32_t,4,64,512,32,8,650.146,True
MATMUL,uint32_t,4,64,512,32,16,605.022,True
MATMUL,uint32_t,4,64,256,512,4,6143.533,True
MATMUL,uint32_t,4,64,512,32,32,585.803667,True
MATMUL,uint32_t,4,64,256,512,8,5207.141667,True
MATMUL,uint32_t,4,64,256,512,128,4577.236,True
MATMUL,uint32_t,4,64,256,512,256,4559.959,True
MATMUL,uint32_t,4,64,256,512,64,4615.663,True
MATMUL,uint32_t,4,64,256,512,16,4842.089,True
MATMUL,uint32_t,4,64,256,512,32,4687.001,True
MATMUL,uint32_t,4,64,512,64,4,1534.250667,True
MATMUL,uint32_t,4,64,512,64,8,1300.500333,True
MATMUL,uint32_t,4,64,512,64,64,1153.480333,True
MATMUL,uint32_t,4,64,512,64,32,1171.419333,True
MATMUL,uint32_t,4,64,512,64,16,1209.743667,True
MATMUL,uint32_t,4,64,512,128,16,2419.488333,True
MATMUL,uint32_t,4,64,512,128,8,2600.779667,True
MATMUL,uint32_t,4,64,512,128,4,3067.977667,True
MATMUL,uint32_t,4,64,512,128,64,2306.892667,True
MATMUL,uint32_t,4,64,512,128,32,2342.385,True
MATMUL,uint32_t,4,64,512,128,128,2287.430333,True
MATMUL,uint32_t,4,64,512,256,8,5201.599333,True
MATMUL,uint32_t,4,64,512,256,4,6137.92,True
MATMUL,uint32_t,4,64,512,256,16,4839.301333,True
MATMUL,uint32_t,4,64,512,256,32,4685.710667,True
MATMUL,uint32_t,4,64,512,256,64,4613.658333,True
MATMUL,uint32_t,4,64,512,256,256,4557.559333,True
MATMUL,uint32_t,4,64,512,256,128,4575.031667,True
MATMUL,uint32_t,4,128,16,16,4,24.970667,True
MATMUL,uint32_t,4,128,16,16,8,21.031333,True
MATMUL,uint32_t,4,128,16,16,16,19.427,True
MATMUL,uint32_t,4,128,16,32,4,49.761667,True
MATMUL,uint32_t,4,128,16,32,8,41.929333,True
MATMUL,uint32_t,4,128,16,32,16,38.72,True
MATMUL,uint32_t,4,128,16,64,4,99.440333,True
MATMUL,uint32_t,4,128,16,64,8,83.707333,True
MATMUL,uint32_t,4,128,16,64,16,77.296,True
MATMUL,uint32_t,4,128,16,128,4,198.788333,True
MATMUL,uint32_t,4,128,16,128,8,167.316,True
MATMUL,uint32_t,4,128,16,128,16,154.495,True
MATMUL,uint32_t,4,128,16,256,4,397.532667,True
MATMUL,uint32_t,4,128,16,256,8,334.564,True
MATMUL,uint32_t,4,128,16,256,16,308.841667,True
MATMUL,uint32_t,4,128,16,512,4,793.342333,True
MATMUL,uint32_t,4,128,16,512,8,668.844333,True
MATMUL,uint32_t,4,128,16,512,16,617.374667,True
MATMUL,uint32_t,4,128,32,16,4,48.792667,True
MATMUL,uint32_t,4,128,32,16,8,41.319,True
MATMUL,uint32_t,4,128,32,16,16,38.322333,True
MATMUL,uint32_t,4,128,32,32,4,97.513,True
MATMUL,uint32_t,4,128,32,32,8,82.526333,True
MATMUL,uint32_t,4,128,32,32,16,76.503667,True
MATMUL,uint32_t,4,128,32,32,32,73.901667,True
MATMUL,uint32_t,4,128,32,64,4,194.854333,True
MATMUL,uint32_t,4,128,32,64,8,164.891667,True
MATMUL,uint32_t,4,128,32,64,16,152.872667,True
MATMUL,uint32_t,4,128,32,64,32,147.660333,True
MATMUL,uint32_t,4,128,32,128,4,389.859667,True
MATMUL,uint32_t,4,128,32,128,8,329.700333,True
MATMUL,uint32_t,4,64,512,512,4,12282.231667,True
MATMUL,uint32_t,4,128,32,128,16,305.647,True
MATMUL,uint32_t,4,128,32,128,32,295.152333,True
MATMUL,uint32_t,4,64,512,512,64,9227.158,True
MATMUL,uint32_t,4,64,512,512,32,9370.751333,True
MATMUL,uint32_t,4,64,512,512,8,10403.898667,True
MATMUL,uint32_t,4,128,32,256,8,659.272333,True
MATMUL,uint32_t,4,128,32,256,4,780.325,True
MATMUL,uint32_t,4,64,512,512,128,9151.414667,True
MATMUL,uint32_t,4,64,512,512,256,9114.951333,True
MATMUL,uint32_t,4,64,512,512,16,9677.776,True
MATMUL,uint32_t,4,128,64,16,4,96.475667,True
MATMUL,uint32_t,4,128,64,16,8,81.93,True
MATMUL,uint32_t,4,128,64,16,16,76.109667,True
MATMUL,uint32_t,4,128,32,256,16,611.024,True
MATMUL,uint32_t,4,128,32,256,32,590.381333,True
MATMUL,uint32_t,4,128,64,32,4,192.942333,True
MATMUL,uint32_t,4,128,64,32,8,163.733,True
MATMUL,uint32_t,4,128,64,32,16,152.059,True
MATMUL,uint32_t,4,128,64,32,32,147.084,True
MATMUL,uint32_t,4,128,64,64,4,386.189333,True
MATMUL,uint32_t,4,128,64,64,8,327.306333,True
MATMUL,uint32_t,4,128,64,64,16,303.962333,True
MATMUL,uint32_t,4,128,64,64,32,294.052667,True
MATMUL,uint32_t,4,128,32,512,32,1180.587333,True
MATMUL,uint32_t,4,128,32,512,16,1222.046667,True
MATMUL,uint32_t,4,128,64,64,64,289.298,True
MATMUL,uint32_t,4,128,32,512,8,1318.502,True
MATMUL,uint32_t,4,128,32,512,4,1558.784333,True
MATMUL,uint32_t,4,128,64,128,8,654.423,True
MATMUL,uint32_t,4,128,64,128,16,607.807333,True
MATMUL,uint32_t,4,128,64,128,4,769.765667,True
MATMUL,uint32_t,4,128,64,128,32,587.911,True
MATMUL,uint32_t,4,128,64,128,64,578.521667,True
MATMUL,uint32_t,4,128,64,256,8,1309.135667,True
MATMUL,uint32_t,4,128,64,256,16,1215.792667,True
MATMUL,uint32_t,4,128,64,256,4,1540.521333,True
MATMUL,uint32_t,4,128,64,256,32,1175.838667,True
MATMUL,uint32_t,4,128,64,256,64,1157.023,True
MATMUL,uint32_t,4,128,128,16,8,163.144667,True
MATMUL,uint32_t,4,128,128,16,4,192.448,True
MATMUL,uint32_t,4,128,128,16,16,151.674667,True
MATMUL,uint32_t,4,128,128,32,16,303.28,True
MATMUL,uint32_t,4,128,128,32,8,326.166,True
MATMUL,uint32_t,4,128,128,32,4,384.527,True
MATMUL,uint32_t,4,128,128,32,32,293.507667,True
MATMUL,uint32_t,4,128,128,64,8,652.044333,True
MATMUL,uint32_t,4,128,128,64,4,768.663,True
MATMUL,uint32_t,4,128,64,512,16,2430.905,True
MATMUL,uint32_t,4,128,64,512,8,2617.788333,True
MATMUL,uint32_t,4,128,128,64,16,606.384333,True
MATMUL,uint32_t,4,128,64,512,4,3078.975333,True
MATMUL,uint32_t,4,128,128,64,32,586.594667,True
MATMUL,uint32_t,4,128,128,64,64,577.534333,True
MATMUL,uint32_t,4,128,64,512,32,2351.263,True
MATMUL,uint32_t,4,128,64,512,64,2313.864667,True
MATMUL,uint32_t,4,128,128,128,16,1212.193333,True
MATMUL,uint32_t,4,128,128,128,8,1304.094,True
MATMUL,uint32_t,4,128,128,128,4,1537.097333,True
MATMUL,uint32_t,4,128,128,128,32,1173.143,True
MATMUL,uint32_t,4,128,128,128,64,1154.988333,True
MATMUL,uint32_t,4,128,128,128,128,1145.329333,True
MATMUL,uint32_t,4,128,128,256,8,2608.725667,True
MATMUL,uint32_t,4,128,128,256,4,3074.920333,True
MATMUL,uint32_t,4,128,128,256,16,2424.819,True
MATMUL,uint32_t,4,128,128,256,32,2346.423,True
MATMUL,uint32_t,4,128,128,256,64,2309.886,True
MATMUL,uint32_t,4,128,128,256,128,2290.121,True
MATMUL,uint32_t,4,128,256,16,4,384.381333,True
MATMUL,uint32_t,4,128,256,16,8,325.531667,True
MATMUL,uint32_t,4,128,256,16,16,302.793,True
MATMUL,uint32_t,4,128,256,32,4,767.881,True
MATMUL,uint32_t,4,128,256,32,8,650.937667,True
MATMUL,uint32_t,4,128,256,32,16,605.417667,True
MATMUL,uint32_t,4,128,256,32,32,586.094333,True
MATMUL,uint32_t,4,128,128,512,8,5216.539667,True
MATMUL,uint32_t,4,128,256,64,8,1301.613333,True
MATMUL,uint32_t,4,128,256,64,4,1535.446667,True
MATMUL,uint32_t,4,128,128,512,4,6151.191333,True
MATMUL,uint32_t,4,128,128,512,16,4849.174,True
MATMUL,uint32_t,4,128,256,64,16,1210.663333,True
MATMUL,uint32_t,4,128,128,512,128,4580.676333,True
MATMUL,uint32_t,4,128,128,512,32,4691.872667,True
MATMUL,uint32_t,4,128,128,512,64,4619.617667,True
MATMUL,uint32_t,4,128,256,64,32,1171.772,True
MATMUL,uint32_t,4,128,256,64,64,1153.986667,True
MATMUL,uint32_t,4,128,256,128,16,2421.126333,True
MATMUL,uint32_t,4,128,256,128,128,2288.716667,True
MATMUL,uint32_t,4,128,256,128,64,2307.877,True
MATMUL,uint32_t,4,128,256,128,32,2344.267667,True
MATMUL,uint32_t,4,128,256,128,8,2602.496,True
MATMUL,uint32_t,4,128,256,128,4,3071.145333,True
MATMUL,uint32_t,4,128,256,256,8,5207.533,True
MATMUL,uint32_t,4,128,256,256,4,6139.494,True
MATMUL,uint32_t,4,128,256,256,128,4577.572667,True
MATMUL,uint32_t,4,128,256,256,64,4615.662333,True
MATMUL,uint32_t,4,128,256,256,256,4558.850333,True
MATMUL,uint32_t,4,128,256,256,32,4688.103667,True
MATMUL,uint32_t,4,128,256,256,16,4842.671,True
MATMUL,uint32_t,4,128,512,16,4,766.919333,True
MATMUL,uint32_t,4,128,512,16,8,650.366,True
MATMUL,uint32_t,4,128,512,16,16,604.953,True
MATMUL,uint32_t,4,128,512,32,4,1534.491,True
MATMUL,uint32_t,4,128,512,32,8,1300.276667,True
MATMUL,uint32_t,4,128,512,32,16,1209.942,True
MATMUL,uint32_t,4,128,256,512,4,12282.700667,True
MATMUL,uint32_t,4,128,512,32,32,1171.336333,True
MATMUL,uint32_t,4,128,256,512,8,10412.414,True
MATMUL,uint32_t,4,128,256,512,16,9684.020333,True
MATMUL,uint32_t,4,128,256,512,128,9153.520667,True
MATMUL,uint32_t,4,128,256,512,256,9118.692,True
MATMUL,uint32_t,4,128,256,512,64,9231.186667,True
MATMUL,uint32_t,4,128,256,512,32,9374.575667,True
MATMUL,uint32_t,4,128,512,64,8,2601.23,True
MATMUL,uint32_t,4,128,512,64,4,3067.445333,True
MATMUL,uint32_t,4,128,512,64,16,2420.161,True
MATMUL,uint32_t,4,128,512,64,32,2342.956333,True
MATMUL,uint32_t,4,128,512,64,64,2306.882,True
MATMUL,uint32_t,4,128,512,128,16,4839.108667,True
MATMUL,uint32_t,4,128,512,128,8,5202.238333,True
MATMUL,uint32_t,4,128,512,128,32,4684.757667,True
MATMUL,uint32_t,4,128,512,128,4,6138.392,True
MATMUL,uint32_t,4,128,512,128,64,4613.649333,True
MATMUL,uint32_t,4,128,512,128,128,4574.174,True
MATMUL,uint32_t,4,128,512,256,8,10403.640333,True
MATMUL,uint32_t,4,128,512,256,4,12267.164667,True
MATMUL,uint32_t,4,128,512,256,32,9372.528,True
MATMUL,uint32_t,4,128,512,256,16,9679.825333,True
MATMUL,uint32_t,4,128,512,256,64,9227.178,True
MATMUL,uint32_t,4,128,512,256,128,9149.925,True
MATMUL,uint32_t,4,128,512,256,256,9113.602,True
MATMUL,uint32_t,4,256,16,16,4,49.910333,True
MATMUL,uint32_t,4,256,16,16,8,41.988,True
MATMUL,uint32_t,4,256,16,16,16,38.766333,True
MATMUL,uint32_t,4,256,16,32,4,99.439,True
MATMUL,uint32_t,4,256,16,32,8,83.786,True
MATMUL,uint32_t,4,256,16,32,16,77.351333,True
MATMUL,uint32_t,4,256,16,64,4,198.593,True
MATMUL,uint32_t,4,256,16,64,8,167.332333,True
MATMUL,uint32_t,4,256,16,64,16,154.556,True
MATMUL,uint32_t,4,256,16,128,4,397.098333,True
MATMUL,uint32_t,4,256,16,128,8,334.575,True
MATMUL,uint32_t,4,256,16,128,16,308.88,True
MATMUL,uint32_t,4,256,16,256,4,792.725333,True
MATMUL,uint32_t,4,256,16,256,8,669.048333,True
MATMUL,uint32_t,4,256,16,256,16,617.457,True
MATMUL,uint32_t,4,256,16,512,4,1589.645333,True
MATMUL,uint32_t,4,256,16,512,8,1337.760333,True
MATMUL,uint32_t,4,256,16,512,16,1235.049667,True
MATMUL,uint32_t,4,256,32,16,4,97.460667,True
MATMUL,uint32_t,4,256,32,16,8,82.577333,True
MATMUL,uint32_t,4,256,32,16,16,76.554333,True
MATMUL,uint32_t,4,256,32,32,4,194.938333,True
MATMUL,uint32_t,4,256,32,32,8,164.965,True
MATMUL,uint32_t,4,256,32,32,16,152.931333,True
MATMUL,uint32_t,4,256,32,32,32,147.719667,True
MATMUL,uint32_t,4,256,32,64,4,389.127,True
MATMUL,uint32_t,4,256,32,64,8,329.792,True
MATMUL,uint32_t,4,256,32,64,16,305.696333,True
MATMUL,uint32_t,4,256,32,64,32,295.307333,True
MATMUL,uint32_t,4,256,32,128,4,777.940333,True
MATMUL,uint32_t,4,256,32,128,8,659.353667,True
MATMUL,uint32_t,4,256,32,128,16,611.256667,True
MATMUL,uint32_t,4,256,32,128,32,590.232333,True
MATMUL,uint32_t,4,128,512,512,4,24532.691,True
MATMUL,uint32_t,4,256,32,256,4,1558.017,True
MATMUL,uint32_t,4,256,32,256,8,1318.428667,True
MATMUL,uint32_t,4,128,512,512,64,18454.212,True
MATMUL,uint32_t,4,128,512,512,32,18742.232333,True
MATMUL,uint32_t,4,128,512,512,8,20807.830667,True
MATMUL,uint32_t,4,128,512,512,256,18231.534667,True
MATMUL,uint32_t,4,256,32,256,16,1222.13,True
MATMUL,uint32_t,4,128,512,512,128,18301.916667,True
MATMUL,uint32_t,4,128,512,512,16,19356.527333,True
MATMUL,uint32_t,4,256,64,16,8,163.825,True
MATMUL,uint32_t,4,256,64,16,4,193.027667,True
MATMUL,uint32_t,4,256,32,256,32,1180.499333,True
MATMUL,uint32_t,4,256,64,16,16,152.134667,True
MATMUL,uint32_t,4,256,64,32,8,327.320333,True
MATMUL,uint32_t,4,256,64,32,4,385.627333,True
MATMUL,uint32_t,4,256,64,32,16,304.135333,True
MATMUL,uint32_t,4,256,64,32,32,294.055,True
MATMUL,uint32_t,4,256,64,64,16,607.864,True
MATMUL,uint32_t,4,256,64,64,8,654.577333,True
MATMUL,uint32_t,4,256,64,64,32,587.842667,True
MATMUL,uint32_t,4,256,64,64,4,770.285,True
MATMUL,uint32_t,4,256,64,64,64,578.526333,True
MATMUL,uint32_t,4,256,32,512,32,2361.122,True
MATMUL,uint32_t,4,256,32,512,16,2444.236333,True
MATMUL,uint32_t,4,256,32,512,8,2636.620333,True
MATMUL,uint32_t,4,256,64,128,16,1215.496,True
MATMUL,uint32_t,4,256,32,512,4,3114.192333,True
MATMUL,uint32_t,4,256,64,128,8,1309.164,True
MATMUL,uint32_t,4,256,64,128,4,1540.552333,True
MATMUL,uint32_t,4,256,64,128,32,1175.543667,True
MATMUL,uint32_t,4,256,64,128,64,1156.996667,True
MATMUL,uint32_t,4,256,64,256,32,2351.468333,True
MATMUL,uint32_t,4,256,64,256,64,2313.851667,True
MATMUL,uint32_t,4,256,64,256,8,2617.983667,True
MATMUL,uint32_t,4,256,64,256,16,2431.071,True
MATMUL,uint32_t,4,256,64,256,4,3086.613333,True
MATMUL,uint32_t,4,256,128,16,8,326.102,True
MATMUL,uint32_t,4,256,128,16,4,384.603333,True
MATMUL,uint32_t,4,256,128,16,16,303.249667,True
MATMUL,uint32_t,4,256,128,32,8,652.095333,True
MATMUL,uint32_t,4,256,128,32,4,769.072,True
MATMUL,uint32_t,4,256,128,32,16,606.273667,True
MATMUL,uint32_t,4,256,128,32,32,586.765667,True
MATMUL,uint32_t,4,256,128,64,8,1304.154667,True
MATMUL,uint32_t,4,256,128,64,4,1537.226667,True
MATMUL,uint32_t,4,256,128,64,16,1212.422333,True
MATMUL,uint32_t,4,256,64,512,8,5236.306333,True
MATMUL,uint32_t,4,256,64,512,16,4862.231667,True
MATMUL,uint32_t,4,256,64,512,4,6165.942333,True
MATMUL,uint32_t,4,256,128,64,32,1173.235,True
MATMUL,uint32_t,4,256,128,64,64,1154.989,True
MATMUL,uint32_t,4,256,64,512,64,4627.652667,True
MATMUL,uint32_t,4,256,64,512,32,4701.732667,True
MATMUL,uint32_t,4,256,128,128,16,2425.027667,True
MATMUL,uint32_t,4,256,128,128,8,2607.865667,True
MATMUL,uint32_t,4,256,128,128,4,3075.658,True
MATMUL,uint32_t,4,256,128,128,32,2345.794667,True
MATMUL,uint32_t,4,256,128,128,64,2309.872667,True
MATMUL,uint32_t,4,256,128,128,128,2290.264,True
MATMUL,uint32_t,4,256,128,256,8,5217.889,True
MATMUL,uint32_t,4,256,128,256,16,4849.871333,True
MATMUL,uint32_t,4,256,128,256,32,4692.162333,True
MATMUL,uint32_t,4,256,128,256,4,6145.909667,True
MATMUL,uint32_t,4,256,128,256,64,4619.669667,True
MATMUL,uint32_t,4,256,128,256,128,4580.200333,True
MATMUL,uint32_t,4,256,256,16,4,768.215667,True
MATMUL,uint32_t,4,256,256,16,8,650.990333,True
MATMUL,uint32_t,4,256,256,16,16,605.428333,True
MATMUL,uint32_t,4,256,256,32,4,1534.653333,True
MATMUL,uint32_t,4,256,256,32,8,1301.477,True
MATMUL,uint32_t,4,256,256,32,16,1210.645667,True
MATMUL,uint32_t,4,256,256,32,32,1171.984,True
MATMUL,uint32_t,4,256,128,512,8,10433.410667,True
MATMUL,uint32_t,4,256,256,64,8,2603.037,True
MATMUL,uint32_t,4,256,256,64,4,3070.149667,True
MATMUL,uint32_t,4,256,128,512,4,12297.701,True
MATMUL,uint32_t,4,256,256,64,16,2421.683667,True
MATMUL,uint32_t,4,256,128,512,16,9698.213,True
MATMUL,uint32_t,4,256,128,512,64,9239.149667,True
MATMUL,uint32_t,4,256,128,512,128,9161.641333,True
MATMUL,uint32_t,4,256,256,64,32,2343.987667,True
MATMUL,uint32_t,4,256,128,512,32,9384.212,True
MATMUL,uint32_t,4,256,256,64,64,2307.889667,True
MATMUL,uint32_t,4,256,256,128,16,4842.208667,True
MATMUL,uint32_t,4,256,256,128,8,5206.056667,True
MATMUL,uint32_t,4,256,256,128,64,4615.599333,True
MATMUL,uint32_t,4,256,256,128,128,4577.146333,True
MATMUL,uint32_t,4,256,256,128,32,4687.861667,True
MATMUL,uint32_t,4,256,256,128,4,6139.642333,True
MATMUL,uint32_t,4,256,256,256,8,10414.790333,True
MATMUL,uint32_t,4,256,256,256,4,12274.498333,True
MATMUL,uint32_t,4,256,256,256,256,9119.59,True
MATMUL,uint32_t,4,256,256,256,128,9153.177,True
MATMUL,uint32_t,4,256,256,256,64,9231.152667,True
MATMUL,uint32_t,4,256,256,256,32,9374.035,True
MATMUL,uint32_t,4,256,256,256,16,9684.136,True
MATMUL,uint32_t,4,256,512,16,4,1533.835,True
MATMUL,uint32_t,4,256,512,16,8,1300.568333,True
MATMUL,uint32_t,4,256,512,16,16,1209.931667,True
MATMUL,uint32_t,4,256,512,32,4,3067.148,True
MATMUL,uint32_t,4,256,512,32,8,2600.787333,True
MATMUL,uint32_t,4,256,512,32,16,2420.166,True
MATMUL,uint32_t,4,256,512,32,32,2342.73,True
MATMUL,uint32_t,4,256,256,512,4,24555.279,True
MATMUL,uint32_t,4,256,256,512,8,20825.444667,True
MATMUL,uint32_t,4,256,256,512,16,19366.537,True
MATMUL,uint32_t,4,256,256,512,256,18239.169667,True
MATMUL,uint32_t,4,256,256,512,128,18307.58,True
MATMUL,uint32_t,4,256,256,512,64,18462.189667,True
MATMUL,uint32_t,4,256,256,512,32,18748.927,True
MATMUL,uint32_t,4,256,512,64,8,5202.363667,True
MATMUL,uint32_t,4,256,512,64,4,6135.829,True
MATMUL,uint32_t,4,256,512,64,16,4840.165667,True
MATMUL,uint32_t,4,256,512,64,32,4685.147333,True
MATMUL,uint32_t,4,256,512,64,64,4613.647333,True
MATMUL,uint32_t,4,256,512,128,16,9676.883667,True
MATMUL,uint32_t,4,256,512,128,8,10402.245333,True
MATMUL,uint32_t,4,256,512,128,32,9370.852667,True
MATMUL,uint32_t,4,256,512,128,4,12280.402,True
MATMUL,uint32_t,4,256,512,128,64,9227.156333,True
MATMUL,uint32_t,4,256,512,128,128,9151.315333,True
MATMUL,uint32_t,4,256,512,256,8,20809.489333,True
MATMUL,uint32_t,4,256,512,256,4,24540.377,True
MATMUL,uint32_t,4,256,512,256,32,18744.222333,True
MATMUL,uint32_t,4,256,512,256,16,19355.107,True
MATMUL,uint32_t,4,256,512,256,64,18454.194,True
MATMUL,uint32_t,4,256,512,256,128,18301.958333,True
MATMUL,uint32_t,4,256,512,256,256,18228.278667,True
MATMUL,uint32_t,4,512,16,16,4,99.615,True
MATMUL,uint32_t,4,512,16,16,8,83.954,True
MATMUL,uint32_t,4,512,16,16,16,77.503,True
MATMUL,uint32_t,4,512,16,32,4,198.893333,True
MATMUL,uint32_t,4,512,16,32,8,167.567333,True
MATMUL,uint32_t,4,512,16,32,16,154.649,True
MATMUL,uint32_t,4,512,16,64,4,397.832,True
MATMUL,uint32_t,4,512,16,64,8,334.663667,True
MATMUL,uint32_t,4,512,16,64,16,309.048667,True
MATMUL,uint32_t,4,512,16,128,4,793.930333,True
MATMUL,uint32_t,4,512,16,128,8,669.313667,True
MATMUL,uint32_t,4,512,16,128,16,617.660667,True
MATMUL,uint32_t,4,512,16,256,4,1589.564667,True
MATMUL,uint32_t,4,512,16,256,8,1338.096333,True
MATMUL,uint32_t,4,512,16,256,16,1234.843667,True
MATMUL,uint32_t,4,512,16,512,4,3182.242333,True
MATMUL,uint32_t,4,512,16,512,8,2675.364,True
MATMUL,uint32_t,4,512,16,512,16,2469.985,True
MATMUL,uint32_t,4,512,32,16,4,195.045333,True
MATMUL,uint32_t,4,512,32,16,8,165.090667,True
MATMUL,uint32_t,4,512,32,16,16,153.112,True
MATMUL,uint32_t,4,512,32,32,4,390.315667,True
MATMUL,uint32_t,4,512,32,32,8,329.926333,True
MATMUL,uint32_t,4,512,32,32,16,305.804,True
MATMUL,uint32_t,4,512,32,32,32,295.449667,True
MATMUL,uint32_t,4,512,32,64,4,780.545,True
MATMUL,uint32_t,4,512,32,64,8,659.500333,True
MATMUL,uint32_t,4,512,32,64,16,611.394,True
MATMUL,uint32_t,4,512,32,64,32,590.348333,True
MATMUL,uint32_t,4,512,32,128,4,1556.951333,True
MATMUL,uint32_t,4,512,32,128,8,1318.504,True
MATMUL,uint32_t,4,512,32,128,16,1222.328,True
MATMUL,uint32_t,4,512,32,128,32,1180.874667,True
MATMUL,uint32_t,4,256,512,512,4,49119.089,True
MATMUL,uint32_t,4,512,32,256,4,3111.515,True
MATMUL,uint32_t,4,512,32,256,16,2444.052,True
MATMUL,uint32_t,4,512,32,256,8,2637.47,True
MATMUL,uint32_t,4,256,512,512,64,36908.293333,True
MATMUL,uint32_t,4,256,512,512,32,37487.765,True
MATMUL,uint32_t,4,256,512,512,128,36597.542333,True
MATMUL,uint32_t,4,256,512,512,8,41601.008,True
MATMUL,uint32_t,4,256,512,512,256,36454.476333,True
MATMUL,uint32_t,4,512,32,256,32,2361.383667,True
MATMUL,uint32_t,4,256,512,512,16,38719.121667,True
MATMUL,uint32_t,4,512,64,16,8,327.488667,True
MATMUL,uint32_t,4,512,64,16,4,386.150333,True
MATMUL,uint32_t,4,512,64,16,16,304.228333,True
MATMUL,uint32_t,4,512,64,32,16,608.106667,True
MATMUL,uint32_t,4,512,64,32,8,654.692333,True
MATMUL,uint32_t,4,512,64,32,4,771.489667,True
MATMUL,uint32_t,4,512,64,32,32,588.199,True
MATMUL,uint32_t,4,512,64,64,8,1309.197,True
MATMUL,uint32_t,4,512,64,64,16,1215.869,True
MATMUL,uint32_t,4,512,64,64,32,1175.94,True
MATMUL,uint32_t,4,512,64,64,4,1542.52,True
MATMUL,uint32_t,4,512,64,64,64,1156.978333,True
MATMUL,uint32_t,4,512,32,512,4,6236.589667,True
MATMUL,uint32_t,4,512,32,512,32,4722.254667,True
MATMUL,uint32_t,4,512,32,512,8,5272.766333,True
MATMUL,uint32_t,4,512,32,512,16,4888.809,True
MATMUL,uint32_t,4,512,64,128,16,2431.081333,True
MATMUL,uint32_t,4,512,64,128,8,2618.084,True
MATMUL,uint32_t,4,512,64,128,4,3079.902333,True
MATMUL,uint32_t,4,512,64,128,32,2351.731667,True
MATMUL,uint32_t,4,512,64,128,64,2313.874667,True
MATMUL,uint32_t,4,512,64,256,16,4861.346,True
MATMUL,uint32_t,4,512,64,256,8,5236.437667,True
MATMUL,uint32_t,4,512,64,256,64,4627.652667,True
MATMUL,uint32_t,4,512,64,256,32,4701.379667,True
MATMUL,uint32_t,4,512,128,16,8,652.198333,True
MATMUL,uint32_t,4,512,128,16,4,768.986333,True
MATMUL,uint32_t,4,512,64,256,4,6166.871667,True
MATMUL,uint32_t,4,512,128,16,16,606.412333,True
MATMUL,uint32_t,4,512,128,32,8,1304.210333,True
MATMUL,uint32_t,4,512,128,32,4,1538.005667,True
MATMUL,uint32_t,4,512,128,32,16,1212.698333,True
MATMUL,uint32_t,4,512,128,32,32,1173.462667,True
MATMUL,uint32_t,4,512,128,64,8,2608.522333,True
MATMUL,uint32_t,4,512,128,64,4,3073.84,True
MATMUL,uint32_t,4,512,128,64,16,2424.175667,True
MATMUL,uint32_t,4,512,64,512,16,9722.947333,True
MATMUL,uint32_t,4,512,64,512,8,10471.701667,True
MATMUL,uint32_t,4,512,128,64,32,2347.068667,True
MATMUL,uint32_t,4,512,128,64,64,2309.873,True
MATMUL,uint32_t,4,512,64,512,4,12324.624333,True
MATMUL,uint32_t,4,512,64,512,32,9403.006667,True
MATMUL,uint32_t,4,512,64,512,64,9255.240667,True
MATMUL,uint32_t,4,512,128,128,16,4848.873,True
MATMUL,uint32_t,4,512,128,128,8,5215.108,True
MATMUL,uint32_t,4,512,128,128,4,6147.306,True
MATMUL,uint32_t,4,512,128,128,32,4692.692,True
MATMUL,uint32_t,4,512,128,128,64,4619.651,True
MATMUL,uint32_t,4,512,128,128,128,4581.147667,True
MATMUL,uint32_t,4,512,128,256,8,10433.131667,True
MATMUL,uint32_t,4,512,128,256,32,9383.751333,True
MATMUL,uint32_t,4,512,128,256,16,9698.799333,True
MATMUL,uint32_t,4,512,128,256,4,12291.670667,True
MATMUL,uint32_t,4,512,128,256,64,9239.151667,True
MATMUL,uint32_t,4,512,128,256,128,9162.744667,True
MATMUL,uint32_t,4,512,256,16,4,1535.341667,True
MATMUL,uint32_t,4,512,256,16,8,1301.827,True
MATMUL,uint32_t,4,512,256,16,16,1210.844333,True
MATMUL,uint32_t,4,512,256,32,4,3071.406667,True
MATMUL,uint32_t,4,512,256,32,8,2603.845667,True
MATMUL,uint32_t,4,512,256,32,16,2421.793,True
MATMUL,uint32_t,4,512,256,32,32,2344.675,True
MATMUL,uint32_t,4,512,128,512,8,20863.387667,True
MATMUL,uint32_t,4,512,256,64,8,5208.273,True
MATMUL,uint32_t,4,512,256,64,4,6139.194,True
MATMUL,uint32_t,4,512,128,512,4,24584.277333,True
MATMUL,uint32_t,4,512,256,64,16,4842.396667,True
MATMUL,uint32_t,4,512,128,512,16,19395.74,True
MATMUL,uint32_t,4,512,256,64,32,4688.815667,True
MATMUL,uint32_t,4,512,256,64,64,4615.620333,True
MATMUL,uint32_t,4,512,128,512,128,18324.5,True
MATMUL,uint32_t,4,512,128,512,64,18478.188,True
MATMUL,uint32_t,4,512,128,512,32,18772.574667,True
MATMUL,uint32_t,4,512,256,128,16,9685.793333,True
MATMUL,uint32_t,4,512,256,128,32,9375.615667,True
MATMUL,uint32_t,4,512,256,128,8,10414.359333,True
MATMUL,uint32_t,4,512,256,128,128,9154.888,True
MATMUL,uint32_t,4,512,256,128,64,9231.161,True
MATMUL,uint32_t,4,512,256,128,4,12274.092667,True
MATMUL,uint32_t,4,512,256,256,8,20830.247667,True
MATMUL,uint32_t,4,512,256,256,4,24568.096,True
MATMUL,uint32_t,4,512,256,256,256,18237.915333,True
MATMUL,uint32_t,4,512,256,256,128,18310.546333,True
MATMUL,uint32_t,4,512,256,256,64,18462.183333,True
MATMUL,uint32_t,4,512,256,256,32,18752.695333,True
MATMUL,uint32_t,4,512,256,256,16,19371.762667,True
MATMUL,uint32_t,4,512,512,16,4,3068.907333,True
MATMUL,uint32_t,4,512,512,16,8,2601.153333,True
MATMUL,uint32_t,4,512,512,16,16,2419.803,True
MATMUL,uint32_t,4,512,512,32,4,6131.248,True
MATMUL,uint32_t,4,512,512,32,8,5201.879333,True
MATMUL,uint32_t,4,512,512,32,16,4839.256667,True
MATMUL,uint32_t,4,512,512,32,32,4686.171667,True
MATMUL,uint32_t,4,512,256,512,4,49132.334,True
MATMUL,uint32_t,4,512,256,512,8,41653.843,True
MATMUL,uint32_t,4,512,256,512,16,38737.983667,True
MATMUL,uint32_t,4,512,256,512,128,36614.993333,True
MATMUL,uint32_t,4,512,256,512,256,36473.512667,True
MATMUL,uint32_t,4,512,256,512,64,36924.307667,True
MATMUL,uint32_t,4,512,256,512,32,37494.401667,True
MATMUL,uint32_t,4,512,512,64,8,10402.084,True
MATMUL,uint32_t,4,512,512,64,4,12277.217333,True
MATMUL,uint32_t,4,512,512,64,16,9678.271,True
MATMUL,uint32_t,4,512,512,64,32,9369.777,True
MATMUL,uint32_t,4,512,512,64,64,9227.142333,True
MATMUL,uint32_t,4,512,512,128,16,19359.492,True
MATMUL,uint32_t,4,512,512,128,8,20804.616333,True
MATMUL,uint32_t,4,512,512,128,32,18738.429667,True
MATMUL,uint32_t,4,512,512,128,64,18454.227333,True
MATMUL,uint32_t,4,512,512,128,4,24564.779667,True
MATMUL,uint32_t,4,512,512,128,128,18297.817,True
MATMUL,uint32_t,4,512,512,256,8,41613.179,True
MATMUL,uint32_t,4,512,512,256,4,49079.861333,True
MATMUL,uint32_t,4,512,512,256,32,37487.742333,True
MATMUL,uint32_t,4,512,512,256,16,38717.483,True
MATMUL,uint32_t,4,512,512,256,64,36908.307333,True
MATMUL,uint32_t,4,512,512,256,256,36457.352333,True
MATMUL,uint32_t,4,512,512,256,128,36602.676,True
MATMUL,uint32_t,8,16,16,16,4,3.181333,True
MATMUL,uint32_t,8,16,16,16,8,2.694667,True
MATMUL,uint32_t,8,16,16,16,16,2.490667,True
MATMUL,uint32_t,8,16,16,32,4,6.316667,True
MATMUL,uint32_t,8,16,16,32,8,5.307667,True
MATMUL,uint32_t,8,16,16,32,16,4.897333,True
MATMUL,uint32_t,8,16,16,64,4,12.564333,True
MATMUL,uint32_t,8,16,16,64,8,10.557667,True
MATMUL,uint32_t,8,16,16,64,16,9.727,True
MATMUL,uint32_t,8,16,16,128,4,25.059333,True
MATMUL,uint32_t,8,16,16,128,8,NA,False
MATMUL,uint32_t,8,16,16,128,16,19.390667,True
MATMUL,uint32_t,8,16,16,256,4,50.077333,True
MATMUL,uint32_t,8,16,16,256,8,42.042,True
MATMUL,uint32_t,8,16,16,256,16,38.698,True
MATMUL,uint32_t,8,16,16,512,4,100.108,True
MATMUL,uint32_t,8,16,16,512,8,84.015667,True
MATMUL,uint32_t,8,16,16,512,16,77.337333,True
MATMUL,uint32_t,8,16,32,16,4,6.200333,True
MATMUL,uint32_t,8,16,32,16,8,5.245,True
MATMUL,uint32_t,8,16,32,16,16,4.841667,True
MATMUL,uint32_t,8,16,32,32,4,12.319333,True
MATMUL,uint32_t,8,16,32,32,8,10.402333,True
MATMUL,uint32_t,8,16,32,32,16,9.620333,True
MATMUL,uint32_t,8,16,32,32,32,9.293,True
MATMUL,uint32_t,8,16,32,64,4,24.577667,True
MATMUL,uint32_t,8,16,32,64,8,20.737333,True
MATMUL,uint32_t,8,16,32,64,16,19.188,True
MATMUL,uint32_t,8,16,32,64,32,18.536,True
MATMUL,uint32_t,8,16,32,128,4,49.347333,True
MATMUL,uint32_t,8,16,32,128,8,41.44,True
MATMUL,uint32_t,8,16,32,128,16,38.297333,True
MATMUL,uint32_t,8,16,32,128,32,37.008667,True
MATMUL,uint32_t,8,16,32,256,4,98.127333,True
MATMUL,uint32_t,8,16,32,256,8,82.759,True
MATMUL,uint32_t,8,16,32,256,16,76.514333,True
MATMUL,uint32_t,8,16,32,256,32,73.896667,True
MATMUL,uint32_t,8,16,32,512,4,196.168,True
MATMUL,uint32_t,8,16,32,512,8,165.46,True
MATMUL,uint32_t,8,16,32,512,16,152.930333,True
MATMUL,uint32_t,8,16,32,512,32,147.696333,True
MATMUL,uint32_t,8,16,64,16,4,12.204,True
MATMUL,uint32_t,8,16,64,16,8,10.319333,True
MATMUL,uint32_t,8,16,64,16,16,9.578333,True
MATMUL,uint32_t,8,16,64,32,4,24.336,True
MATMUL,uint32_t,8,16,64,32,8,20.597333,True
MATMUL,uint32_t,8,16,64,32,16,19.082333,True
MATMUL,uint32_t,8,16,64,32,32,18.459333,True
MATMUL,uint32_t,8,16,64,64,4,48.583333,True
MATMUL,uint32_t,8,16,64,64,8,41.113,True
MATMUL,uint32_t,8,16,64,64,16,38.1,True
MATMUL,uint32_t,8,16,64,64,32,36.847,True
MATMUL,uint32_t,8,16,64,64,64,36.229667,True
MATMUL,uint32_t,8,16,64,128,4,97.126333,True
MATMUL,uint32_t,8,16,64,128,8,82.183667,True
MATMUL,uint32_t,8,16,64,128,16,76.124333,True
MATMUL,uint32_t,8,16,64,128,32,73.588,True
MATMUL,uint32_t,8,16,64,128,64,72.38,True
MATMUL,uint32_t,8,16,64,256,4,194.179333,True
MATMUL,uint32_t,8,16,64,256,8,164.287667,True
MATMUL,uint32_t,8,16,64,256,16,152.158,True
MATMUL,uint32_t,8,16,64,256,32,147.115333,True
MATMUL,uint32_t,8,16,64,256,64,144.688667,True
MATMUL,uint32_t,8,16,64,512,4,388.248667,True
MATMUL,uint32_t,8,16,64,512,8,328.555333,True
MATMUL,uint32_t,8,16,64,512,16,304.167333,True
MATMUL,uint32_t,8,16,64,512,32,294.104667,True
MATMUL,uint32_t,8,16,64,512,64,289.325333,True
MATMUL,uint32_t,8,16,128,16,4,24.205,True
MATMUL,uint32_t,8,16,128,16,8,20.517,True
MATMUL,uint32_t,8,16,128,16,16,19.033667,True
MATMUL,uint32_t,8,16,128,32,4,48.348667,True
MATMUL,uint32_t,8,16,128,32,8,40.97,True
MATMUL,uint32_t,8,16,128,32,16,37.980667,True
MATMUL,uint32_t,8,16,128,32,32,36.766667,True
MATMUL,uint32_t,8,16,128,64,4,96.629333,True
MATMUL,uint32_t,8,16,128,64,8,81.866667,True
MATMUL,uint32_t,8,16,128,64,16,75.925,True
MATMUL,uint32_t,8,16,128,64,32,73.429,True
MATMUL,uint32_t,8,16,128,64,64,72.251,True
MATMUL,uint32_t,8,16,128,128,4,193.201333,True
MATMUL,uint32_t,8,16,128,128,8,163.679,True
MATMUL,uint32_t,8,16,128,128,16,151.716667,True
MATMUL,uint32_t,8,16,128,128,32,146.809333,True
MATMUL,uint32_t,8,16,128,128,64,144.449,True
MATMUL,uint32_t,8,16,128,128,128,143.293667,True
MATMUL,uint32_t,8,16,128,256,4,386.33,True
MATMUL,uint32_t,8,16,128,256,8,327.284,True
MATMUL,uint32_t,8,16,128,256,16,303.432,True
MATMUL,uint32_t,8,16,128,256,32,293.559333,True
MATMUL,uint32_t,8,16,128,256,64,288.809,True
MATMUL,uint32_t,8,16,128,256,128,286.458333,True
MATMUL,uint32_t,8,16,128,512,4,772.595,True
MATMUL,uint32_t,8,16,128,512,8,654.540667,True
MATMUL,uint32_t,8,16,128,512,16,606.671333,True
MATMUL,uint32_t,8,16,128,512,32,586.97,True
MATMUL,uint32_t,8,16,128,512,64,577.536667,True
MATMUL,uint32_t,8,16,128,512,128,572.698333,True
MATMUL,uint32_t,8,16,256,16,4,48.222667,True
MATMUL,uint32_t,8,16,256,16,8,40.887,True
MATMUL,uint32_t,8,16,256,16,16,37.946667,True
MATMUL,uint32_t,8,16,256,32,4,96.363333,True
MATMUL,uint32_t,8,16,256,32,8,81.727667,True
MATMUL,uint32_t,8,16,256,32,16,75.788667,True
MATMUL,uint32_t,8,16,256,32,32,73.38,True
MATMUL,uint32_t,8,16,256,64,4,192.687,True
MATMUL,uint32_t,8,16,256,64,8,163.367333,True
MATMUL,uint32_t,8,16,256,64,16,151.530333,True
MATMUL,uint32_t,8,16,256,64,32,146.657,True
MATMUL,uint32_t,8,16,256,64,64,144.323333,True
MATMUL,uint32_t,8,16,256,128,4,385.3,True
MATMUL,uint32_t,8,16,256,128,8,326.627,True
MATMUL,uint32_t,8,16,256,128,16,303.008,True
MATMUL,uint32_t,8,16,256,128,32,293.226333,True
MATMUL,uint32_t,8,16,256,128,64,288.554,True
MATMUL,uint32_t,8,16,256,128,128,286.163333,True
MATMUL,uint32_t,8,16,256,256,4,770.629333,True
MATMUL,uint32_t,8,16,256,256,8,653.337667,True
MATMUL,uint32_t,8,16,256,256,16,605.794333,True
MATMUL,uint32_t,8,16,256,256,32,586.237333,True
MATMUL,uint32_t,8,16,256,256,64,577.036333,True
MATMUL,uint32_t,8,16,256,256,128,572.216333,True
MATMUL,uint32_t,8,16,256,256,256,569.985667,True
MATMUL,uint32_t,8,16,256,512,4,1540.857333,True
MATMUL,uint32_t,8,16,256,512,8,1306.335333,True
MATMUL,uint32_t,8,16,256,512,16,1211.721,True
MATMUL,uint32_t,8,16,256,512,32,1172.479667,True
MATMUL,uint32_t,8,16,256,512,64,1154.013667,True
MATMUL,uint32_t,8,16,256,512,128,1144.339,True
MATMUL,uint32_t,8,16,256,512,256,1140.110333,True
MATMUL,uint32_t,8,16,512,16,4,96.260333,True
MATMUL,uint32_t,8,16,512,16,8,81.66,True
MATMUL,uint32_t,8,16,512,16,16,75.767667,True
MATMUL,uint32_t,8,16,512,32,4,192.429667,True
MATMUL,uint32_t,8,16,512,32,8,163.194333,True
MATMUL,uint32_t,8,16,512,32,16,151.401,True
MATMUL,uint32_t,8,16,512,32,32,146.554667,True
MATMUL,uint32_t,8,16,512,64,4,384.776333,True
MATMUL,uint32_t,8,16,512,64,8,326.362333,True
MATMUL,uint32_t,8,16,512,64,16,302.730667,True
MATMUL,uint32_t,8,16,512,64,32,293.031,True
MATMUL,uint32_t,8,16,512,64,64,288.444333,True
MATMUL,uint32_t,8,16,512,128,4,769.526667,True
MATMUL,uint32_t,8,16,512,128,8,652.730667,True
MATMUL,uint32_t,8,16,512,128,16,605.369667,True
MATMUL,uint32_t,8,16,512,128,32,586.091,True
MATMUL,uint32_t,8,16,512,128,64,576.773333,True
MATMUL,uint32_t,8,16,512,128,128,572.037667,True
MATMUL,uint32_t,8,16,512,256,4,1538.983667,True
MATMUL,uint32_t,8,16,512,256,8,1305.349333,True
MATMUL,uint32_t,8,16,512,256,16,1210.525,True
MATMUL,uint32_t,8,16,512,256,32,1171.881,True
MATMUL,uint32_t,8,16,512,256,64,1153.466667,True
MATMUL,uint32_t,8,16,512,256,128,1143.902667,True
MATMUL,uint32_t,8,16,512,256,256,1139.653333,True
MATMUL,uint32_t,8,16,512,512,4,3077.944333,True
MATMUL,uint32_t,8,16,512,512,8,2610.378,True
MATMUL,uint32_t,8,16,512,512,16,2421.052333,True
MATMUL,uint32_t,4,512,512,512,4,98198.375333,True
MATMUL,uint32_t,8,16,512,512,32,2343.488,True
MATMUL,uint32_t,8,16,512,512,64,2306.884,True
MATMUL,uint32_t,8,16,512,512,128,2287.983,True
MATMUL,uint32_t,8,32,16,16,4,6.315667,True
MATMUL,uint32_t,8,32,16,16,8,5.323,True
MATMUL,uint32_t,8,32,16,16,16,4.910667,True
MATMUL,uint32_t,8,32,16,32,4,12.560333,True
MATMUL,uint32_t,8,32,16,32,8,10.561333,True
MATMUL,uint32_t,8,32,16,32,16,9.734667,True
MATMUL,uint32_t,8,32,16,64,4,25.081333,True
MATMUL,uint32_t,8,32,16,64,8,21.067,True
MATMUL,uint32_t,8,32,16,64,16,19.397333,True
MATMUL,uint32_t,8,32,16,128,4,50.081,True
MATMUL,uint32_t,8,32,16,128,8,42.031,True
MATMUL,uint32_t,8,32,16,128,16,38.712333,True
MATMUL,uint32_t,8,32,16,256,4,100.104333,True
MATMUL,uint32_t,8,32,16,256,8,84.000333,True
MATMUL,uint32_t,8,32,16,256,16,77.33,True
MATMUL,uint32_t,8,32,16,512,4,200.165333,True
MATMUL,uint32_t,8,16,512,512,256,2279.366333,True
MATMUL,uint32_t,8,32,16,512,8,167.971667,True
MATMUL,uint32_t,8,32,16,512,16,154.577,True
MATMUL,uint32_t,8,32,32,16,4,12.321667,True
MATMUL,uint32_t,8,32,32,16,8,10.408333,True
MATMUL,uint32_t,8,32,32,16,16,9.629333,True
MATMUL,uint32_t,8,32,32,32,4,24.582,True
MATMUL,uint32_t,8,32,32,32,8,20.758,True
MATMUL,uint32_t,8,32,32,32,16,19.200667,True
MATMUL,uint32_t,8,32,32,32,32,18.540667,True
MATMUL,uint32_t,8,32,32,64,8,41.437667,True
MATMUL,uint32_t,8,32,32,64,4,49.101667,True
MATMUL,uint32_t,8,32,32,64,16,38.304333,True
MATMUL,uint32_t,8,32,32,64,32,37.003,True
MATMUL,uint32_t,8,32,32,128,8,82.774333,True
MATMUL,uint32_t,8,32,32,128,4,98.109667,True
MATMUL,uint32_t,8,32,32,128,16,76.510667,True
MATMUL,uint32_t,8,32,32,128,32,73.895333,True
MATMUL,uint32_t,8,32,32,256,8,165.521,True
MATMUL,uint32_t,8,32,32,256,4,196.180333,True
MATMUL,uint32_t,8,32,32,256,16,152.933333,True
MATMUL,uint32_t,8,32,32,256,32,147.727,True
MATMUL,uint32_t,8,32,32,512,8,330.926333,True
MATMUL,uint32_t,8,32,32,512,4,392.252,True
MATMUL,uint32_t,8,32,32,512,16,305.821333,True
MATMUL,uint32_t,8,32,32,512,32,295.287667,True
MATMUL,uint32_t,8,32,64,16,4,24.338667,True
MATMUL,uint32_t,8,32,64,16,8,20.611333,True
MATMUL,uint32_t,8,32,64,16,16,19.096,True
MATMUL,uint32_t,8,32,64,32,4,48.582667,True
MATMUL,uint32_t,8,32,64,32,8,41.124,True
MATMUL,uint32_t,8,32,64,32,16,38.102,True
MATMUL,uint32_t,8,32,64,32,32,36.847333,True
MATMUL,uint32_t,8,32,64,64,4,97.126667,True
MATMUL,uint32_t,8,32,64,64,8,82.178,True
MATMUL,uint32_t,8,32,64,64,16,76.106333,True
MATMUL,uint32_t,8,32,64,64,32,73.616333,True
MATMUL,uint32_t,8,32,64,64,64,72.384,True
MATMUL,uint32_t,8,32,64,128,4,194.214333,True
MATMUL,uint32_t,8,32,64,128,8,164.274667,True
MATMUL,uint32_t,8,32,64,128,16,152.133667,True
MATMUL,uint32_t,8,32,64,128,32,147.107667,True
MATMUL,uint32_t,4,512,512,512,64,73816.493667,True
MATMUL,uint32_t,8,32,64,128,64,144.702667,True
MATMUL,uint32_t,8,32,64,256,8,328.44,True
MATMUL,uint32_t,8,32,64,256,4,388.280333,True
MATMUL,uint32_t,8,32,64,256,16,304.253333,True
MATMUL,uint32_t,8,32,64,256,64,289.309,True
MATMUL,uint32_t,8,32,64,256,32,294.151,True
MATMUL,uint32_t,4,512,512,512,32,74972.830667,True
MATMUL,uint32_t,4,512,512,512,128,73190.703667,True
MATMUL,uint32_t,8,32,64,512,4,776.445333,True
MATMUL,uint32_t,8,32,128,16,4,48.349333,True
MATMUL,uint32_t,8,32,64,512,16,608.427667,True
MATMUL,uint32_t,8,32,64,512,8,656.987,True
MATMUL,uint32_t,4,512,512,512,8,83222.234,True
MATMUL,uint32_t,8,32,128,16,8,40.981667,True
MATMUL,uint32_t,8,32,64,512,32,588.062,True
MATMUL,uint32_t,4,512,512,512,256,72929.426333,True
MATMUL,uint32_t,8,32,128,16,16,38.005,True
MATMUL,uint32_t,8,32,128,32,8,81.909667,True
MATMUL,uint32_t,8,32,128,32,4,96.637,True
MATMUL,uint32_t,8,32,128,32,16,75.931333,True
MATMUL,uint32_t,8,32,128,32,32,73.466667,True
MATMUL,uint32_t,8,32,128,64,8,163.681333,True
MATMUL,uint32_t,8,32,128,64,4,193.217667,True
MATMUL,uint32_t,8,32,128,64,64,144.484667,True
MATMUL,uint32_t,8,32,128,64,32,146.841667,True
MATMUL,uint32_t,8,32,128,64,16,151.746667,True
MATMUL,uint32_t,8,32,64,512,64,578.555667,True
MATMUL,uint32_t,8,32,128,128,4,386.330667,True
MATMUL,uint32_t,8,32,128,128,16,303.364333,True
MATMUL,uint32_t,8,32,128,128,8,327.243333,True
MATMUL,uint32_t,8,32,128,128,128,286.470333,True
MATMUL,uint32_t,8,32,128,128,32,293.582,True
MATMUL,uint32_t,8,32,128,128,64,288.819,True
MATMUL,uint32_t,4,512,512,512,16,77412.555333,True
MATMUL,uint32_t,8,32,128,256,4,772.635333,True
MATMUL,uint32_t,8,32,128,256,16,606.716667,True
MATMUL,uint32_t,8,32,128,256,32,587.122333,True
MATMUL,uint32_t,8,32,128,256,8,654.390333,True
MATMUL,uint32_t,8,32,128,256,128,572.782667,True
MATMUL,uint32_t,8,32,128,256,64,577.537,True
MATMUL,uint32_t,8,32,256,16,8,81.735333,True
MATMUL,uint32_t,8,32,256,16,4,96.391667,True
MATMUL,uint32_t,8,32,256,16,16,75.813667,True
MATMUL,uint32_t,8,32,256,32,4,192.711,True
MATMUL,uint32_t,8,32,256,32,8,163.435,True
MATMUL,uint32_t,8,32,256,32,16,151.55,True
MATMUL,uint32_t,8,32,256,32,32,146.706333,True
MATMUL,uint32_t,8,32,128,512,8,1309.312667,True
MATMUL,uint32_t,8,32,128,512,4,1544.603333,True
MATMUL,uint32_t,8,32,256,64,4,385.367,True
MATMUL,uint32_t,8,32,256,64,8,326.732333,True
MATMUL,uint32_t,8,32,128,512,16,1213.447333,True
MATMUL,uint32_t,8,32,128,512,64,1155.035667,True
MATMUL,uint32_t,8,32,128,512,128,1145.405333,True
MATMUL,uint32_t,8,32,128,512,32,1173.593,True
MATMUL,uint32_t,8,32,256,64,16,303.019667,True
MATMUL,uint32_t,8,32,256,64,32,293.236667,True
MATMUL,uint32_t,8,32,256,64,64,288.558667,True
MATMUL,uint32_t,8,32,256,128,32,586.354333,True
MATMUL,uint32_t,8,32,256,128,64,577.021333,True
MATMUL,uint32_t,8,32,256,128,16,605.772,True
MATMUL,uint32_t,8,32,256,128,128,572.252,True
MATMUL,uint32_t,8,32,256,128,8,653.310667,True
MATMUL,uint32_t,8,32,256,128,4,770.4,True
MATMUL,uint32_t,8,32,256,256,8,1306.860667,True
MATMUL,uint32_t,8,32,256,256,4,1540.753333,True
MATMUL,uint32_t,8,32,256,256,64,1154.006333,True
MATMUL,uint32_t,8,32,256,256,32,1172.6,True
MATMUL,uint32_t,8,32,256,256,128,1144.536,True
MATMUL,uint32_t,8,32,256,256,256,1139.942667,True
MATMUL,uint32_t,8,32,256,256,16,1211.476333,True
MATMUL,uint32_t,8,32,512,16,4,192.446,True
MATMUL,uint32_t,8,32,512,16,8,163.245,True
MATMUL,uint32_t,8,32,512,16,16,151.395333,True
MATMUL,uint32_t,8,32,512,32,4,384.791333,True
MATMUL,uint32_t,8,32,512,32,8,326.380333,True
MATMUL,uint32_t,8,32,512,32,16,302.712,True
MATMUL,uint32_t,8,32,256,512,4,3081.258,True
MATMUL,uint32_t,8,32,512,32,32,293.079,True
MATMUL,uint32_t,8,32,256,512,16,2422.779,True
MATMUL,uint32_t,8,32,256,512,64,2307.865,True
MATMUL,uint32_t,8,32,256,512,256,2279.567667,True
MATMUL,uint32_t,8,32,256,512,128,2289.149,True
MATMUL,uint32_t,8,32,256,512,8,2613.269333,True
MATMUL,uint32_t,8,32,256,512,32,2344.976,True
MATMUL,uint32_t,8,32,512,64,4,769.472667,True
MATMUL,uint32_t,8,32,512,64,16,605.615,True
MATMUL,uint32_t,8,32,512,64,64,576.798667,True
MATMUL,uint32_t,8,32,512,64,32,585.969,True
MATMUL,uint32_t,8,32,512,64,8,652.612667,True
MATMUL,uint32_t,8,32,512,128,16,1210.923333,True
MATMUL,uint32_t,8,32,512,128,8,1305.401,True
MATMUL,uint32_t,8,32,512,128,4,1539.166667,True
MATMUL,uint32_t,8,32,512,128,32,1172.056333,True
MATMUL,uint32_t,8,32,512,128,128,1143.809333,True
MATMUL,uint32_t,8,32,512,128,64,1153.503333,True
MATMUL,uint32_t,8,32,512,256,8,2610.648,True
MATMUL,uint32_t,8,32,512,256,4,3077.893667,True
MATMUL,uint32_t,8,32,512,256,32,2344.291,True
MATMUL,uint32_t,8,32,512,256,16,2421.547667,True
MATMUL,uint32_t,8,32,512,256,64,2306.885,True
MATMUL,uint32_t,8,32,512,256,128,2287.727,True
MATMUL,uint32_t,8,32,512,256,256,2279.089,True
MATMUL,uint32_t,8,64,16,16,4,12.567667,True
MATMUL,uint32_t,8,64,16,16,8,10.577667,True
MATMUL,uint32_t,8,64,16,16,16,9.751667,True
MATMUL,uint32_t,8,64,16,32,4,25.090667,True
MATMUL,uint32_t,8,64,16,32,8,21.084333,True
MATMUL,uint32_t,8,64,16,32,16,19.403,True
MATMUL,uint32_t,8,64,16,64,4,50.083,True
MATMUL,uint32_t,8,64,16,64,8,42.050333,True
MATMUL,uint32_t,8,64,16,64,16,38.731,True
MATMUL,uint32_t,8,64,16,128,4,100.129333,True
MATMUL,uint32_t,8,64,16,128,8,84.013,True
MATMUL,uint32_t,8,64,16,128,16,77.338,True
MATMUL,uint32_t,8,64,16,256,4,200.150667,True
MATMUL,uint32_t,8,64,16,256,8,167.999,True
MATMUL,uint32_t,8,64,16,256,16,154.579333,True
MATMUL,uint32_t,8,64,16,512,4,400.112667,True
MATMUL,uint32_t,8,64,16,512,8,335.838667,True
MATMUL,uint32_t,8,64,16,512,16,309.017,True
MATMUL,uint32_t,8,64,32,16,4,24.576,True
MATMUL,uint32_t,8,64,32,16,8,20.773667,True
MATMUL,uint32_t,8,64,32,16,16,19.207333,True
MATMUL,uint32_t,8,64,32,32,4,49.098,True
MATMUL,uint32_t,8,64,32,32,8,41.448667,True
MATMUL,uint32_t,8,64,32,32,16,38.322667,True
MATMUL,uint32_t,8,64,32,32,32,37.016,True
MATMUL,uint32_t,8,32,512,512,4,6155.116333,True
MATMUL,uint32_t,8,64,32,64,4,98.13,True
MATMUL,uint32_t,8,64,32,64,8,82.778,True
MATMUL,uint32_t,8,64,32,64,16,76.535667,True
MATMUL,uint32_t,8,64,32,64,32,73.925,True
MATMUL,uint32_t,8,32,512,512,64,4613.661,True
MATMUL,uint32_t,8,32,512,512,32,4687.355333,True
MATMUL,uint32_t,8,64,32,128,8,165.503333,True
MATMUL,uint32_t,8,64,32,128,4,196.184333,True
MATMUL,uint32_t,8,32,512,512,128,4575.499667,True
MATMUL,uint32_t,8,32,512,512,8,5221.739,True
MATMUL,uint32_t,8,32,512,512,256,4557.678333,True
MATMUL,uint32_t,8,64,32,128,16,152.976667,True
MATMUL,uint32_t,8,32,512,512,16,4843.137,True
MATMUL,uint32_t,8,64,32,128,32,147.722333,True
MATMUL,uint32_t,8,64,32,256,32,295.349333,True
MATMUL,uint32_t,8,64,32,256,8,330.900333,True
MATMUL,uint32_t,8,64,32,256,16,305.800333,True
MATMUL,uint32_t,8,64,32,256,4,392.234,True
MATMUL,uint32_t,8,64,64,16,8,41.149667,True
MATMUL,uint32_t,8,64,64,16,16,38.125333,True
MATMUL,uint32_t,8,64,64,16,4,48.61,True
MATMUL,uint32_t,8,64,64,32,4,97.122,True
MATMUL,uint32_t,8,64,64,32,16,76.137333,True
MATMUL,uint32_t,8,64,64,32,32,73.643,True
MATMUL,uint32_t,8,64,64,32,8,82.232333,True
MATMUL,uint32_t,8,64,32,512,16,611.488667,True
MATMUL,uint32_t,8,64,32,512,32,590.618667,True
MATMUL,uint32_t,8,64,32,512,8,661.848,True
MATMUL,uint32_t,8,64,64,64,32,147.142667,True
MATMUL,uint32_t,8,64,64,64,16,152.149,True
MATMUL,uint32_t,8,64,64,64,4,194.154667,True
MATMUL,uint32_t,8,64,64,64,8,164.325,True
MATMUL,uint32_t,8,64,32,512,4,784.360333,True
MATMUL,uint32_t,8,64,64,64,64,144.706667,True
MATMUL,uint32_t,8,64,64,128,32,294.213667,True
MATMUL,uint32_t,8,64,64,128,64,289.314667,True
MATMUL,uint32_t,8,64,64,128,16,304.246667,True
MATMUL,uint32_t,8,64,64,128,8,328.505333,True
MATMUL,uint32_t,8,64,64,128,4,388.279333,True
MATMUL,uint32_t,8,64,64,256,16,608.398,True
MATMUL,uint32_t,8,64,64,256,8,657.081,True
MATMUL,uint32_t,8,64,64,256,4,776.410333,True
MATMUL,uint32_t,8,64,64,256,64,578.562333,True
MATMUL,uint32_t,8,64,128,16,4,96.633667,True
MATMUL,uint32_t,8,64,64,256,32,588.164333,True
MATMUL,uint32_t,8,64,128,16,16,75.921,True
MATMUL,uint32_t,8,64,128,16,8,81.921,True
MATMUL,uint32_t,8,64,128,32,4,193.207,True
MATMUL,uint32_t,8,64,128,32,16,151.757333,True
MATMUL,uint32_t,8,64,128,32,8,163.704333,True
MATMUL,uint32_t,8,64,128,32,32,146.856,True
MATMUL,uint32_t,8,64,64,512,16,1216.524667,True
MATMUL,uint32_t,8,64,128,64,8,327.307667,True
MATMUL,uint32_t,8,64,64,512,8,1313.903333,True
MATMUL,uint32_t,8,64,128,64,4,386.285333,True
MATMUL,uint32_t,8,64,128,64,16,303.408,True
MATMUL,uint32_t,8,64,64,512,4,1552.801667,True
MATMUL,uint32_t,8,64,64,512,64,1157.007667,True
MATMUL,uint32_t,8,64,64,512,32,1176.407333,True
MATMUL,uint32_t,8,64,128,64,32,293.557333,True
MATMUL,uint32_t,8,64,128,64,64,288.831,True
MATMUL,uint32_t,8,64,128,128,16,606.694667,True
MATMUL,uint32_t,8,64,128,128,8,654.779333,True
MATMUL,uint32_t,8,64,128,128,4,772.432667,True
MATMUL,uint32_t,8,64,128,128,32,586.95,True
MATMUL,uint32_t,8,64,128,128,64,577.544,True
MATMUL,uint32_t,8,64,128,128,128,572.755333,True
MATMUL,uint32_t,8,64,128,256,8,1309.318333,True
MATMUL,uint32_t,8,64,128,256,4,1544.579,True
MATMUL,uint32_t,8,64,128,256,32,1173.911667,True
MATMUL,uint32_t,8,64,128,256,16,1213.251,True
MATMUL,uint32_t,8,64,128,256,64,1155.006333,True
MATMUL,uint32_t,8,64,128,256,128,1145.568667,True
MATMUL,uint32_t,8,64,256,16,8,163.397333,True
MATMUL,uint32_t,8,64,256,16,4,192.687,True
MATMUL,uint32_t,8,64,256,16,16,151.541,True
MATMUL,uint32_t,8,64,256,32,4,385.325,True
MATMUL,uint32_t,8,64,256,32,8,326.722,True
MATMUL,uint32_t,8,64,256,32,16,303.043333,True
MATMUL,uint32_t,8,64,256,32,32,293.247,True
MATMUL,uint32_t,8,64,128,512,8,2618.498,True
MATMUL,uint32_t,8,64,256,64,4,770.540667,True
MATMUL,uint32_t,8,64,256,64,8,653.527667,True
MATMUL,uint32_t,8,64,128,512,4,3089.669,True
MATMUL,uint32_t,8,64,128,512,16,2426.180333,True
MATMUL,uint32_t,8,64,256,64,16,605.916,True
MATMUL,uint32_t,8,64,128,512,32,2347.339667,True
MATMUL,uint32_t,8,64,128,512,64,2309.896667,True
MATMUL,uint32_t,8,64,128,512,128,2290.879333,True
MATMUL,uint32_t,8,64,256,64,32,586.383,True
MATMUL,uint32_t,8,64,256,64,64,577.045667,True
MATMUL,uint32_t,8,64,256,128,16,1211.781333,True
MATMUL,uint32_t,8,64,256,128,32,1172.874333,True
MATMUL,uint32_t,8,64,256,128,8,1306.713333,True
MATMUL,uint32_t,8,64,256,128,128,1144.467667,True
MATMUL,uint32_t,8,64,256,128,64,1153.999333,True
MATMUL,uint32_t,8,64,256,128,4,1540.695333,True
MATMUL,uint32_t,8,64,256,256,8,2612.547667,True
MATMUL,uint32_t,8,64,256,256,4,3081.544,True
MATMUL,uint32_t,8,64,256,256,256,2280.022667,True
MATMUL,uint32_t,8,64,256,256,128,2288.767667,True
MATMUL,uint32_t,8,64,256,256,64,2307.891,True
MATMUL,uint32_t,8,64,256,256,32,2344.839333,True
MATMUL,uint32_t,8,64,256,256,16,2423.612,True
MATMUL,uint32_t,8,64,512,16,4,384.819333,True
MATMUL,uint32_t,8,64,512,16,8,326.416667,True
MATMUL,uint32_t,8,64,512,16,16,302.861667,True
MATMUL,uint32_t,8,64,512,32,4,769.655333,True
MATMUL,uint32_t,8,64,512,32,8,652.668667,True
MATMUL,uint32_t,8,64,512,32,16,605.421333,True
MATMUL,uint32_t,8,64,256,512,4,6161.923667,True
MATMUL,uint32_t,8,64,512,32,32,586.072333,True
MATMUL,uint32_t,8,64,256,512,128,4577.702667,True
MATMUL,uint32_t,8,64,256,512,256,4560.257,True
MATMUL,uint32_t,8,64,256,512,8,5226.664,True
MATMUL,uint32_t,8,64,256,512,64,4615.644,True
MATMUL,uint32_t,8,64,256,512,16,4845.659,True
MATMUL,uint32_t,8,64,256,512,32,4689.516333,True
MATMUL,uint32_t,8,64,512,64,4,1538.596667,True
MATMUL,uint32_t,8,64,512,64,8,1305.259,True
MATMUL,uint32_t,8,64,512,64,64,1153.484,True
MATMUL,uint32_t,8,64,512,64,32,1172.095667,True
MATMUL,uint32_t,8,64,512,64,16,1210.986,True
MATMUL,uint32_t,8,64,512,128,16,2421.481333,True
MATMUL,uint32_t,8,64,512,128,8,2610.833333,True
MATMUL,uint32_t,8,64,512,128,4,3077.348,True
MATMUL,uint32_t,8,64,512,128,32,2344.087333,True
MATMUL,uint32_t,8,64,512,128,64,2306.861333,True
MATMUL,uint32_t,8,64,512,128,128,2288.105,True
MATMUL,uint32_t,8,64,512,256,8,5220.935333,True
MATMUL,uint32_t,8,64,512,256,4,6155.152667,True
MATMUL,uint32_t,8,64,512,256,16,4843.549667,True
MATMUL,uint32_t,8,64,512,256,32,4687.640333,True
MATMUL,uint32_t,8,64,512,256,64,4613.638333,True
MATMUL,uint32_t,8,64,512,256,128,4575.845667,True
MATMUL,uint32_t,8,64,512,256,256,4558.153667,True
MATMUL,uint32_t,8,128,16,16,4,25.090333,True
MATMUL,uint32_t,8,128,16,16,8,21.091,True
MATMUL,uint32_t,8,128,16,16,16,19.455,True
MATMUL,uint32_t,8,128,16,32,4,50.088,True
MATMUL,uint32_t,8,128,16,32,8,42.073667,True
MATMUL,uint32_t,8,128,16,32,16,38.762,True
MATMUL,uint32_t,8,128,16,64,4,100.121,True
MATMUL,uint32_t,8,128,16,64,8,84.040667,True
MATMUL,uint32_t,8,128,16,64,16,77.384333,True
MATMUL,uint32_t,8,128,16,128,4,200.171667,True
MATMUL,uint32_t,8,128,16,128,8,168.02,True
MATMUL,uint32_t,8,128,16,128,16,154.593667,True
MATMUL,uint32_t,8,128,16,256,4,400.160333,True
MATMUL,uint32_t,8,128,16,256,8,335.863667,True
MATMUL,uint32_t,8,128,16,256,16,309.057667,True
MATMUL,uint32_t,8,128,16,512,4,800.253333,True
MATMUL,uint32_t,8,128,16,512,8,671.681667,True
MATMUL,uint32_t,8,128,16,512,16,617.925,True
MATMUL,uint32_t,8,128,32,16,4,49.091,True
MATMUL,uint32_t,8,128,32,16,8,41.468333,True
MATMUL,uint32_t,8,128,32,16,16,38.35,True
MATMUL,uint32_t,8,128,32,32,4,98.124,True
MATMUL,uint32_t,8,128,32,32,8,82.819667,True
MATMUL,uint32_t,8,128,32,32,16,76.574667,True
MATMUL,uint32_t,8,128,32,32,32,73.963667,True
MATMUL,uint32_t,8,128,32,64,4,196.160667,True
MATMUL,uint32_t,8,128,32,64,8,165.542,True
MATMUL,uint32_t,8,128,32,64,16,152.997667,True
MATMUL,uint32_t,8,128,32,64,32,147.754,True
MATMUL,uint32_t,8,128,32,128,4,392.293,True
MATMUL,uint32_t,8,128,32,128,8,330.832333,True
MATMUL,uint32_t,8,128,32,128,16,305.854,True
MATMUL,uint32_t,8,128,32,128,32,295.43,True
MATMUL,uint32_t,8,128,32,256,4,784.395667,True
MATMUL,uint32_t,8,128,32,256,8,661.745667,True
MATMUL,uint32_t,8,128,32,256,16,611.574667,True
MATMUL,uint32_t,8,128,32,256,32,590.669667,True
MATMUL,uint32_t,8,128,32,512,4,1568.459,True
MATMUL,uint32_t,8,64,512,512,256,9114.039667,True
MATMUL,uint32_t,8,64,512,512,128,9149.496333,True
MATMUL,uint32_t,8,64,512,512,64,9227.2,True
MATMUL,uint32_t,8,64,512,512,32,9375.147,True
MATMUL,uint32_t,8,128,64,16,4,97.149333,True
MATMUL,uint32_t,8,128,64,16,8,82.234667,True
MATMUL,uint32_t,8,128,64,16,16,76.147333,True
MATMUL,uint32_t,8,64,512,512,16,9687.349333,True
MATMUL,uint32_t,8,128,64,32,8,164.364,True
MATMUL,uint32_t,8,128,64,32,4,194.214333,True
MATMUL,uint32_t,8,128,64,32,16,152.175,True
MATMUL,uint32_t,8,128,64,32,32,147.17,True
MATMUL,uint32_t,8,128,32,512,8,1323.440333,True
MATMUL,uint32_t,8,128,64,64,4,388.284667,True
MATMUL,uint32_t,8,128,64,64,8,328.527333,True
MATMUL,uint32_t,8,128,64,64,16,304.258,True
MATMUL,uint32_t,8,128,64,64,32,294.234333,True
MATMUL,uint32_t,8,128,32,512,32,1181.181667,True
MATMUL,uint32_t,8,128,32,512,16,1222.865333,True
MATMUL,uint32_t,8,64,512,512,8,10444.193667,True
MATMUL,uint32_t,8,128,64,64,64,289.317333,True
MATMUL,uint32_t,8,128,64,128,16,608.361333,True
MATMUL,uint32_t,8,128,64,128,64,578.536667,True
MATMUL,uint32_t,8,128,64,128,32,588.214,True
MATMUL,uint32_t,8,128,64,128,8,657.109333,True
MATMUL,uint32_t,8,128,64,128,4,776.676333,True
MATMUL,uint32_t,8,128,64,256,8,1313.762667,True
MATMUL,uint32_t,8,128,64,256,4,1552.560667,True
MATMUL,uint32_t,8,128,64,256,64,1157.009333,True
MATMUL,uint32_t,8,64,512,512,4,12309.228667,True
MATMUL,uint32_t,8,128,64,256,32,1176.363333,True
MATMUL,uint32_t,8,128,64,256,16,1216.499,True
MATMUL,uint32_t,8,128,128,16,8,163.739333,True
MATMUL,uint32_t,8,128,128,16,16,151.772667,True
MATMUL,uint32_t,8,128,128,16,4,193.187333,True
MATMUL,uint32_t,8,128,128,32,16,303.461,True
MATMUL,uint32_t,8,128,128,32,8,327.366333,True
MATMUL,uint32_t,8,128,128,32,4,386.343,True
MATMUL,uint32_t,8,128,128,32,32,293.622333,True
MATMUL,uint32_t,8,128,128,64,8,654.602,True
MATMUL,uint32_t,8,128,128,64,4,772.393,True
MATMUL,uint32_t,8,128,64,512,8,2628.010667,True
MATMUL,uint32_t,8,128,128,64,16,606.618667,True
MATMUL,uint32_t,8,128,64,512,4,3104.974667,True
MATMUL,uint32_t,8,128,128,64,32,586.976667,True
MATMUL,uint32_t,8,128,128,64,64,577.534,True
MATMUL,uint32_t,8,128,64,512,32,2352.611,True
MATMUL,uint32_t,8,128,64,512,16,2432.736333,True
MATMUL,uint32_t,8,128,64,512,64,2313.877,True
MATMUL,uint32_t,8,128,128,128,8,1308.888,True
MATMUL,uint32_t,8,128,128,128,4,1544.817,True
MATMUL,uint32_t,8,128,128,128,16,1213.190667,True
MATMUL,uint32_t,8,128,128,128,32,1173.819,True
MATMUL,uint32_t,8,128,128,128,64,1155.008667,True
MATMUL,uint32_t,8,128,128,128,128,1145.585,True
MATMUL,uint32_t,8,128,128,256,8,2619.005333,True
MATMUL,uint32_t,8,128,128,256,4,3089.12,True
MATMUL,uint32_t,8,128,128,256,16,2426.660667,True
MATMUL,uint32_t,8,128,128,256,32,2347.749,True
MATMUL,uint32_t,8,128,128,256,64,2309.904667,True
MATMUL,uint32_t,8,128,128,256,128,2290.546667,True
MATMUL,uint32_t,8,128,256,16,4,385.338,True
MATMUL,uint32_t,8,128,256,16,8,326.765,True
MATMUL,uint32_t,8,128,256,16,16,303.069667,True
MATMUL,uint32_t,8,128,256,32,4,770.633333,True
MATMUL,uint32_t,8,128,256,32,8,653.25,True
MATMUL,uint32_t,8,128,256,32,16,605.882667,True
MATMUL,uint32_t,8,128,256,32,32,586.504,True
MATMUL,uint32_t,8,128,128,512,8,5237.106667,True
MATMUL,uint32_t,8,128,256,64,8,1306.482667,True
MATMUL,uint32_t,8,128,256,64,4,1540.666333,True
MATMUL,uint32_t,8,128,128,512,4,6178.632333,True
MATMUL,uint32_t,8,128,128,512,16,4852.019,True
MATMUL,uint32_t,8,128,256,64,16,1211.795667,True
MATMUL,uint32_t,8,128,128,512,32,4693.792,True
MATMUL,uint32_t,8,128,128,512,128,4580.920667,True
MATMUL,uint32_t,8,128,128,512,64,4619.669667,True
MATMUL,uint32_t,8,128,256,64,64,1154.001333,True
MATMUL,uint32_t,8,128,256,64,32,1172.855333,True
MATMUL,uint32_t,8,128,256,128,16,2423.289333,True
MATMUL,uint32_t,8,128,256,128,32,2345.224,True
MATMUL,uint32_t,8,128,256,128,128,2289.169,True
MATMUL,uint32_t,8,128,256,128,64,2307.907667,True
MATMUL,uint32_t,8,128,256,128,8,2612.776,True
MATMUL,uint32_t,8,128,256,128,4,3081.232667,True
MATMUL,uint32_t,8,128,256,256,8,5226.139667,True
MATMUL,uint32_t,8,128,256,256,4,6162.017333,True
MATMUL,uint32_t,8,128,256,256,128,4577.059333,True
MATMUL,uint32_t,8,128,256,256,64,4615.639667,True
MATMUL,uint32_t,8,128,256,256,32,4690.704333,True
MATMUL,uint32_t,8,128,256,256,256,4559.201333,True
MATMUL,uint32_t,8,128,256,256,16,4845.743333,True
MATMUL,uint32_t,8,128,512,16,4,769.660333,True
MATMUL,uint32_t,8,128,512,16,8,652.652,True
MATMUL,uint32_t,8,128,512,16,16,605.44,True
MATMUL,uint32_t,8,128,512,32,4,1538.887667,True
MATMUL,uint32_t,8,128,512,32,8,1305.139667,True
MATMUL,uint32_t,8,128,512,32,16,1210.808333,True
MATMUL,uint32_t,8,128,256,512,4,12326.162333,True
MATMUL,uint32_t,8,128,512,32,32,1171.736333,True
MATMUL,uint32_t,8,128,256,512,8,10453.652667,True
MATMUL,uint32_t,8,128,256,512,16,9693.422,True
MATMUL,uint32_t,8,128,256,512,256,9119.469333,True
MATMUL,uint32_t,8,128,256,512,128,9153.745667,True
MATMUL,uint32_t,8,128,256,512,64,9231.204667,True
MATMUL,uint32_t,8,128,256,512,32,9379.387333,True
MATMUL,uint32_t,8,128,512,64,8,2610.391333,True
MATMUL,uint32_t,8,128,512,64,4,3078.161333,True
MATMUL,uint32_t,8,128,512,64,16,2421.763,True
MATMUL,uint32_t,8,128,512,64,32,2343.698,True
MATMUL,uint32_t,8,128,512,64,64,2306.902,True
MATMUL,uint32_t,8,128,512,128,16,4843.569333,True
MATMUL,uint32_t,8,128,512,128,8,5221.278667,True
MATMUL,uint32_t,8,128,512,128,32,4687.051,True
MATMUL,uint32_t,8,128,512,128,4,6155.948333,True
MATMUL,uint32_t,8,128,512,128,64,4613.638,True
MATMUL,uint32_t,8,128,512,128,128,4575.981667,True
MATMUL,uint32_t,8,128,512,256,8,10443.231667,True
MATMUL,uint32_t,8,128,512,256,4,12306.796,True
MATMUL,uint32_t,8,128,512,256,32,9374.479667,True
MATMUL,uint32_t,8,128,512,256,16,9687.216667,True
MATMUL,uint32_t,8,128,512,256,128,9151.896333,True
MATMUL,uint32_t,8,128,512,256,64,9227.171333,True
MATMUL,uint32_t,8,128,512,256,256,9115.097,True
MATMUL,uint32_t,8,256,16,16,4,50.098333,True
MATMUL,uint32_t,8,256,16,16,8,42.11,True
MATMUL,uint32_t,8,256,16,16,16,38.826,True
MATMUL,uint32_t,8,256,16,32,4,100.143,True
MATMUL,uint32_t,8,256,16,32,8,84.092333,True
MATMUL,uint32_t,8,256,16,32,16,77.450667,True
MATMUL,uint32_t,8,256,16,64,4,200.149,True
MATMUL,uint32_t,8,256,16,64,8,168.028,True
MATMUL,uint32_t,8,256,16,64,16,154.703667,True
MATMUL,uint32_t,8,256,16,128,4,400.354333,True
MATMUL,uint32_t,8,256,16,128,8,335.983667,True
MATMUL,uint32_t,8,256,16,128,16,309.179667,True
MATMUL,uint32_t,8,256,16,256,4,800.311,True
MATMUL,uint32_t,8,256,16,256,8,671.803333,True
MATMUL,uint32_t,8,256,16,256,16,618.120667,True
MATMUL,uint32_t,8,256,16,512,4,1600.504333,True
MATMUL,uint32_t,8,256,16,512,8,1343.363,True
MATMUL,uint32_t,8,256,16,512,16,1235.859,True
MATMUL,uint32_t,8,256,32,16,4,98.135667,True
MATMUL,uint32_t,8,256,32,16,8,82.87,True
MATMUL,uint32_t,8,256,32,16,16,76.633667,True
MATMUL,uint32_t,8,256,32,32,4,196.207667,True
MATMUL,uint32_t,8,256,32,32,8,165.586,True
MATMUL,uint32_t,8,256,32,32,16,153.105667,True
MATMUL,uint32_t,8,256,32,32,32,147.847667,True
MATMUL,uint32_t,8,256,32,64,4,392.210667,True
MATMUL,uint32_t,8,256,32,64,8,330.951667,True
MATMUL,uint32_t,8,256,32,64,16,305.959,True
MATMUL,uint32_t,8,256,32,64,32,295.392667,True
MATMUL,uint32_t,8,256,32,128,4,784.412333,True
MATMUL,uint32_t,8,256,32,128,8,661.682333,True
MATMUL,uint32_t,8,256,32,128,16,611.611,True
MATMUL,uint32_t,8,256,32,128,32,590.729333,True
MATMUL,uint32_t,8,128,512,512,4,24615.045667,True
MATMUL,uint32_t,8,256,32,256,4,1568.617333,True
MATMUL,uint32_t,8,256,32,256,8,1323.129333,True
MATMUL,uint32_t,8,128,512,512,64,18454.197,True
MATMUL,uint32_t,8,128,512,512,32,18747.242,True
MATMUL,uint32_t,8,128,512,512,256,18228.773,True
MATMUL,uint32_t,8,128,512,512,128,18299.477333,True
MATMUL,uint32_t,8,128,512,512,8,20885.365333,True
MATMUL,uint32_t,8,256,32,256,16,1222.866,True
MATMUL,uint32_t,8,256,64,16,4,194.212333,True
MATMUL,uint32_t,8,128,512,512,16,19372.92,True
MATMUL,uint32_t,8,256,32,256,32,1180.927333,True
MATMUL,uint32_t,8,256,64,16,8,164.363667,True
MATMUL,uint32_t,8,256,64,16,16,152.246,True
MATMUL,uint32_t,8,256,64,32,4,388.292667,True
MATMUL,uint32_t,8,256,64,32,16,304.367333,True
MATMUL,uint32_t,8,256,64,32,8,328.621667,True
MATMUL,uint32_t,8,256,64,32,32,294.269667,True
MATMUL,uint32_t,8,256,64,64,16,608.368667,True
MATMUL,uint32_t,8,256,64,64,32,588.353333,True
MATMUL,uint32_t,8,256,64,64,8,657.062,True
MATMUL,uint32_t,8,256,64,64,4,776.691,True
MATMUL,uint32_t,8,256,64,64,64,578.535667,True
MATMUL,uint32_t,8,256,32,512,32,2361.919333,True
MATMUL,uint32_t,8,256,32,512,16,2445.903,True
MATMUL,uint32_t,8,256,32,512,8,2646.788667,True
MATMUL,uint32_t,8,256,32,512,4,3136.975667,True
MATMUL,uint32_t,8,256,64,128,8,1314.109,True
MATMUL,uint32_t,8,256,64,128,16,1216.824667,True
MATMUL,uint32_t,8,256,64,128,4,1552.62,True
MATMUL,uint32_t,8,256,64,128,32,1176.15,True
MATMUL,uint32_t,8,256,64,128,64,1157.016,True
MATMUL,uint32_t,8,256,64,256,8,2627.771667,True
MATMUL,uint32_t,8,256,64,256,16,2432.838,True
MATMUL,uint32_t,8,256,64,256,64,2313.872333,True
MATMUL,uint32_t,8,256,64,256,32,2353.082,True
MATMUL,uint32_t,8,256,64,256,4,3105.915,True
MATMUL,uint32_t,8,256,128,16,8,327.423333,True
MATMUL,uint32_t,8,256,128,16,4,386.309,True
MATMUL,uint32_t,8,256,128,16,16,303.480667,True
MATMUL,uint32_t,8,256,128,32,8,654.483,True
MATMUL,uint32_t,8,256,128,32,4,772.504333,True
MATMUL,uint32_t,8,256,128,32,16,606.783333,True
MATMUL,uint32_t,8,256,128,32,32,587.027667,True
MATMUL,uint32_t,8,256,128,64,8,1309.471333,True
MATMUL,uint32_t,8,256,128,64,4,1544.903667,True
MATMUL,uint32_t,8,256,128,64,16,1213.158333,True
MATMUL,uint32_t,8,256,64,512,16,4866.196,True
MATMUL,uint32_t,8,256,64,512,8,5255.877333,True
MATMUL,uint32_t,8,256,128,64,32,1173.941333,True
MATMUL,uint32_t,8,256,64,512,4,6211.709667,True
MATMUL,uint32_t,8,256,128,64,64,1154.989667,True
MATMUL,uint32_t,8,256,64,512,64,4627.68,True
MATMUL,uint32_t,8,256,64,512,32,4705.217667,True
MATMUL,uint32_t,8,256,128,128,16,2426.170667,True
MATMUL,uint32_t,8,256,128,128,8,2618.623667,True
MATMUL,uint32_t,8,256,128,128,4,3089.360333,True
MATMUL,uint32_t,8,256,128,128,128,2290.692667,True
MATMUL,uint32_t,8,256,128,128,32,2348.127667,True
MATMUL,uint32_t,8,256,128,128,64,2309.893667,True
MATMUL,uint32_t,8,256,128,256,8,5235.961333,True
MATMUL,uint32_t,8,256,128,256,32,4695.605667,True
MATMUL,uint32_t,8,256,128,256,16,4851.778,True
MATMUL,uint32_t,8,256,128,256,4,6178.554333,True
MATMUL,uint32_t,8,256,128,256,64,4619.65,True
MATMUL,uint32_t,8,256,128,256,128,4581.805667,True
MATMUL,uint32_t,8,256,256,16,4,770.672333,True
MATMUL,uint32_t,8,256,256,16,8,653.480667,True
MATMUL,uint32_t,8,256,256,16,16,605.905,True
MATMUL,uint32_t,8,256,256,32,4,1540.829333,True
MATMUL,uint32_t,8,256,256,32,8,1306.747333,True
MATMUL,uint32_t,8,256,256,32,16,1211.808667,True
MATMUL,uint32_t,8,256,256,32,32,1172.564333,True
MATMUL,uint32_t,8,256,128,512,8,10474.064667,True
MATMUL,uint32_t,8,256,256,64,8,2613.354667,True
MATMUL,uint32_t,8,256,256,64,4,3082.312333,True
MATMUL,uint32_t,8,256,128,512,4,12357.070333,True
MATMUL,uint32_t,8,256,256,64,16,2423.739,True
MATMUL,uint32_t,8,256,128,512,16,9706.829333,True
MATMUL,uint32_t,8,256,128,512,64,9239.166333,True
MATMUL,uint32_t,8,256,128,512,128,9163.369667,True
MATMUL,uint32_t,8,256,128,512,32,9391.780667,True
MATMUL,uint32_t,8,256,256,64,32,2344.871333,True
MATMUL,uint32_t,8,256,256,64,64,2307.891333,True
MATMUL,uint32_t,8,256,256,128,16,4846.671667,True
MATMUL,uint32_t,8,256,256,128,8,5226.870333,True
MATMUL,uint32_t,8,256,256,128,64,4615.627667,True
MATMUL,uint32_t,8,256,256,128,128,4576.838333,True
MATMUL,uint32_t,8,256,256,128,32,4691.119,True
MATMUL,uint32_t,8,256,256,128,4,6164.070667,True
MATMUL,uint32_t,8,256,256,256,8,10452.528,True
MATMUL,uint32_t,8,256,256,256,4,12325.445333,True
MATMUL,uint32_t,8,256,256,256,128,9156.100333,True
MATMUL,uint32_t,8,256,256,256,256,9120.194667,True
MATMUL,uint32_t,8,256,256,256,64,9231.150667,True
MATMUL,uint32_t,8,256,256,256,32,9379.294,True
MATMUL,uint32_t,8,256,256,256,16,9693.682667,True
MATMUL,uint32_t,8,256,512,16,4,1539.017333,True
MATMUL,uint32_t,8,256,512,16,8,1305.431667,True
MATMUL,uint32_t,8,256,512,16,16,1210.691,True
MATMUL,uint32_t,8,256,512,32,4,3077.927667,True
MATMUL,uint32_t,8,256,512,32,8,2610.477333,True
MATMUL,uint32_t,8,256,512,32,16,2421.750333,True
MATMUL,uint32_t,8,256,512,32,32,2344.596667,True
MATMUL,uint32_t,8,256,256,512,4,24647.359,True
MATMUL,uint32_t,8,256,256,512,8,20905.301667,True
MATMUL,uint32_t,8,256,256,512,16,19386.725,True
MATMUL,uint32_t,8,256,256,512,128,18307.675,True
MATMUL,uint32_t,8,256,256,512,256,18235.752667,True
MATMUL,uint32_t,8,256,256,512,64,18462.236,True
MATMUL,uint32_t,8,256,256,512,32,18760.949333,True
MATMUL,uint32_t,8,256,512,64,8,5221.763667,True
MATMUL,uint32_t,8,256,512,64,4,6152.856333,True
MATMUL,uint32_t,8,256,512,64,16,4843.987,True
MATMUL,uint32_t,8,256,512,64,32,4686.768333,True
MATMUL,uint32_t,8,256,512,64,64,4613.659667,True
MATMUL,uint32_t,8,256,512,128,16,9685.068,True
MATMUL,uint32_t,8,256,512,128,8,10444.352333,True
MATMUL,uint32_t,8,256,512,128,32,9374.180667,True
MATMUL,uint32_t,8,256,512,128,4,12308.939333,True
MATMUL,uint32_t,8,256,512,128,64,9227.171,True
MATMUL,uint32_t,8,256,512,128,128,9152.263,True
MATMUL,uint32_t,8,256,512,256,8,20885.474667,True
MATMUL,uint32_t,8,256,512,256,4,24624.550333,True
MATMUL,uint32_t,8,256,512,256,32,18752.891,True
MATMUL,uint32_t,8,256,512,256,16,19367.885,True
MATMUL,uint32_t,8,256,512,256,64,18454.188333,True
MATMUL,uint32_t,8,256,512,256,128,18300.670333,True
MATMUL,uint32_t,8,256,512,256,256,18229.45,True
MATMUL,uint32_t,8,512,16,16,4,100.154,True
MATMUL,uint32_t,8,512,16,16,8,84.171333,True
MATMUL,uint32_t,8,512,16,16,16,77.603333,True
MATMUL,uint32_t,8,512,16,32,4,200.187333,True
MATMUL,uint32_t,8,512,16,32,8,168.109667,True
MATMUL,uint32_t,8,512,16,32,16,154.824,True
MATMUL,uint32_t,8,512,16,64,4,400.351,True
MATMUL,uint32_t,8,512,16,64,8,335.98,True
MATMUL,uint32_t,8,512,16,64,16,309.307,True
MATMUL,uint32_t,8,512,16,128,4,800.54,True
MATMUL,uint32_t,8,512,16,128,8,671.690667,True
MATMUL,uint32_t,8,512,16,128,16,618.346333,True
MATMUL,uint32_t,8,512,16,256,4,1600.485,True
MATMUL,uint32_t,8,512,16,256,8,1343.331667,True
MATMUL,uint32_t,8,512,16,256,16,1236.031,True
MATMUL,uint32_t,8,512,16,512,4,3201.165667,True
MATMUL,uint32_t,8,512,16,512,8,2686.895,True
MATMUL,uint32_t,8,512,16,512,16,2471.961333,True
MATMUL,uint32_t,8,512,32,16,4,196.202667,True
MATMUL,uint32_t,8,512,32,16,8,165.666333,True
MATMUL,uint32_t,8,512,32,16,16,153.208333,True
MATMUL,uint32_t,8,512,32,32,4,392.283,True
MATMUL,uint32_t,8,512,32,32,8,331.185333,True
MATMUL,uint32_t,8,512,32,32,16,306.135333,True
MATMUL,uint32_t,8,512,32,32,32,295.640333,True
MATMUL,uint32_t,8,512,32,64,4,784.504,True
MATMUL,uint32_t,8,512,32,64,8,661.994,True
MATMUL,uint32_t,8,512,32,64,16,611.773333,True
MATMUL,uint32_t,8,512,32,64,32,590.959,True
MATMUL,uint32_t,8,512,32,128,4,1568.411,True
MATMUL,uint32_t,8,512,32,128,8,1323.483667,True
MATMUL,uint32_t,8,512,32,128,16,1223.165,True
MATMUL,uint32_t,8,512,32,128,32,1181.444333,True
MATMUL,uint32_t,8,256,512,512,4,49237.542,True
MATMUL,uint32_t,8,512,32,256,4,3138.150333,True
MATMUL,uint32_t,8,512,32,256,8,2646.627,True
MATMUL,uint32_t,8,512,32,256,16,2445.806,True
MATMUL,uint32_t,8,256,512,512,64,36908.312667,True
MATMUL,uint32_t,8,256,512,512,32,37506.358333,True
MATMUL,uint32_t,8,256,512,512,128,36608.767,True
MATMUL,uint32_t,8,256,512,512,256,36459.601333,True
MATMUL,uint32_t,8,256,512,512,8,41771.322,True
MATMUL,uint32_t,8,512,64,16,4,388.281,True
MATMUL,uint32_t,8,256,512,512,16,38737.840333,True
MATMUL,uint32_t,8,512,64,16,8,328.645333,True
MATMUL,uint32_t,8,512,32,256,32,2361.975667,True
MATMUL,uint32_t,8,512,64,16,16,304.410333,True
MATMUL,uint32_t,8,512,64,32,8,657.183667,True
MATMUL,uint32_t,8,512,64,32,16,608.496,True
MATMUL,uint32_t,8,512,64,32,4,776.602333,True
MATMUL,uint32_t,8,512,64,32,32,588.442667,True
MATMUL,uint32_t,8,512,64,64,8,1313.754667,True
MATMUL,uint32_t,8,512,64,64,16,1216.583333,True
MATMUL,uint32_t,8,512,64,64,32,1176.761667,True
MATMUL,uint32_t,8,512,64,64,4,1552.885667,True
MATMUL,uint32_t,8,512,64,64,64,1156.984,True
MATMUL,uint32_t,8,512,32,512,8,5292.872667,True
MATMUL,uint32_t,8,512,32,512,16,4891.175,True
MATMUL,uint32_t,8,512,32,512,4,6275.044,True
MATMUL,uint32_t,8,512,32,512,32,4723.484667,True
MATMUL,uint32_t,8,512,64,128,16,2432.929333,True
MATMUL,uint32_t,8,512,64,128,8,2627.492667,True
MATMUL,uint32_t,8,512,64,128,4,3105.750667,True
MATMUL,uint32_t,8,512,64,128,32,2352.279333,True
MATMUL,uint32_t,8,512,64,128,64,2313.895667,True
MATMUL,uint32_t,8,512,64,256,16,4865.487,True
MATMUL,uint32_t,8,512,64,256,8,5255.989667,True
MATMUL,uint32_t,8,512,64,256,64,4627.653333,True
MATMUL,uint32_t,8,512,64,256,32,4704.886,True
MATMUL,uint32_t,8,512,128,16,8,654.758,True
MATMUL,uint32_t,8,512,64,256,4,6210.565333,True
MATMUL,uint32_t,8,512,128,16,4,772.307333,True
MATMUL,uint32_t,8,512,128,16,16,606.782,True
MATMUL,uint32_t,8,512,128,32,8,1309.313333,True
MATMUL,uint32_t,8,512,128,32,4,1545.047667,True
MATMUL,uint32_t,8,512,128,32,16,1213.426333,True
MATMUL,uint32_t,8,512,128,32,32,1173.934,True
MATMUL,uint32_t,8,512,128,64,8,2617.758,True
MATMUL,uint32_t,8,512,128,64,4,3088.445333,True
MATMUL,uint32_t,8,512,128,64,16,2426.663333,True
MATMUL,uint32_t,8,512,64,512,16,9733.017667,True
MATMUL,uint32_t,8,512,64,512,8,10510.293,True
MATMUL,uint32_t,8,512,128,64,32,2348.283667,True
MATMUL,uint32_t,8,512,128,64,64,2309.876333,True
MATMUL,uint32_t,8,512,64,512,4,12419.346333,True
MATMUL,uint32_t,8,512,64,512,32,9409.721,True
MATMUL,uint32_t,8,512,64,512,64,9255.247667,True
MATMUL,uint32_t,8,512,128,128,16,4852.272333,True
MATMUL,uint32_t,8,512,128,128,8,5237.736667,True
MATMUL,uint32_t,8,512,128,128,4,6178.588,True
MATMUL,uint32_t,8,512,128,128,32,4694.722667,True
MATMUL,uint32_t,8,512,128,128,64,4619.644,True
MATMUL,uint32_t,8,512,128,128,128,4580.985667,True
MATMUL,uint32_t,8,512,128,256,8,10473.583667,True
MATMUL,uint32_t,8,512,128,256,4,12357.589,True
MATMUL,uint32_t,8,512,128,256,32,9391.482,True
MATMUL,uint32_t,8,512,128,256,16,9704.707333,True
MATMUL,uint32_t,8,512,128,256,64,9239.173667,True
MATMUL,uint32_t,8,512,128,256,128,9163.410667,True
MATMUL,uint32_t,8,512,256,16,4,1540.934667,True
MATMUL,uint32_t,8,512,256,16,8,1306.777,True
MATMUL,uint32_t,8,512,256,16,16,1211.674333,True
MATMUL,uint32_t,8,512,256,32,4,3081.902333,True
MATMUL,uint32_t,8,512,256,32,8,2613.608667,True
MATMUL,uint32_t,8,512,256,32,16,2423.592667,True
MATMUL,uint32_t,8,512,256,32,32,2345.033333,True
MATMUL,uint32_t,8,512,128,512,8,20952.943,True
MATMUL,uint32_t,8,512,256,64,8,5227.174333,True
MATMUL,uint32_t,8,512,256,64,4,6162.342333,True
MATMUL,uint32_t,8,512,128,512,4,24715.642,True
MATMUL,uint32_t,8,512,256,64,16,4847.189333,True
MATMUL,uint32_t,8,512,128,512,16,19407.291667,True
MATMUL,uint32_t,8,512,128,512,128,18322.235667,True
MATMUL,uint32_t,8,512,256,64,32,4691.360667,True
MATMUL,uint32_t,8,512,128,512,64,18478.26,True
MATMUL,uint32_t,8,512,256,64,64,4615.640333,True
MATMUL,uint32_t,8,512,128,512,32,18775.696667,True
MATMUL,uint32_t,8,512,256,128,16,9692.457,True
MATMUL,uint32_t,8,512,256,128,64,9231.150333,True
MATMUL,uint32_t,8,512,256,128,128,9153.383667,True
MATMUL,uint32_t,8,512,256,128,8,10452.654667,True
MATMUL,uint32_t,8,512,256,128,32,9382.054333,True
MATMUL,uint32_t,8,512,256,128,4,12325.200333,True
MATMUL,uint32_t,8,512,256,256,8,20906.713333,True
MATMUL,uint32_t,8,512,256,256,4,24644.257667,True
MATMUL,uint32_t,8,512,256,256,256,18238.507333,True
MATMUL,uint32_t,8,512,256,256,128,18310.435667,True
MATMUL,uint32_t,8,512,256,256,64,18462.195667,True
MATMUL,uint32_t,8,512,256,256,32,18763.7,True
MATMUL,uint32_t,8,512,256,256,16,19383.748667,True
MATMUL,uint32_t,8,512,512,16,4,3078.278,True
MATMUL,uint32_t,8,512,512,16,8,2610.188333,True
MATMUL,uint32_t,8,512,512,16,16,2421.981333,True
MATMUL,uint32_t,8,512,512,32,4,6156.358667,True
MATMUL,uint32_t,8,512,512,32,8,5220.375667,True
MATMUL,uint32_t,8,512,512,32,16,4842.069333,True
MATMUL,uint32_t,8,512,512,32,32,4687.164667,True
MATMUL,uint32_t,8,512,256,512,4,49290.736333,True
MATMUL,uint32_t,8,512,256,512,8,41805.966667,True
MATMUL,uint32_t,8,512,256,512,16,38775.569,True
MATMUL,uint32_t,8,512,256,512,128,36619.526333,True
MATMUL,uint32_t,8,512,256,512,256,36478.030333,True
MATMUL,uint32_t,8,512,256,512,64,36924.312,True
MATMUL,uint32_t,8,512,256,512,32,37513.944667,True
MATMUL,uint32_t,8,512,512,64,8,10442.887667,True
MATMUL,uint32_t,8,512,512,64,4,12311.861,True
MATMUL,uint32_t,8,512,512,64,16,9686.199,True
MATMUL,uint32_t,8,512,512,64,32,9375.449,True
MATMUL,uint32_t,8,512,512,64,64,9227.194,True
MATMUL,uint32_t,8,512,512,128,16,19374.327333,True
MATMUL,uint32_t,8,512,512,128,8,20883.774,True
MATMUL,uint32_t,8,512,512,128,32,18748.407667,True
MATMUL,uint32_t,8,512,512,128,4,24624.21,True
MATMUL,uint32_t,8,512,512,128,64,18454.234,True
MATMUL,uint32_t,8,512,512,128,128,18301.170333,True
MATMUL,uint32_t,8,512,512,256,8,41770.34,True
MATMUL,uint32_t,8,512,512,256,4,49219.742333,True
MATMUL,uint32_t,8,512,512,256,32,37494.595,True
MATMUL,uint32_t,8,512,512,256,16,38746.691,True
MATMUL,uint32_t,8,512,512,256,64,36908.282667,True
MATMUL,uint32_t,8,512,512,256,128,36604.678667,True
MATMUL,uint32_t,8,512,512,256,256,36460.316333,True
MATMUL,uint32_t,16,16,16,16,4,4.308333,True
MATMUL,uint32_t,16,16,16,16,8,3.753333,True
MATMUL,uint32_t,16,16,16,16,16,3.517333,True
MATMUL,uint32_t,16,16,16,32,4,8.515667,True
MATMUL,uint32_t,16,16,16,32,8,7.411333,True
MATMUL,uint32_t,16,16,16,32,16,6.94,True
MATMUL,uint32_t,16,16,16,64,4,16.956,True
MATMUL,uint32_t,16,16,16,64,8,14.726667,True
MATMUL,uint32_t,16,16,16,64,16,13.840333,True
MATMUL,uint32_t,16,16,16,128,4,33.817333,True
MATMUL,uint32_t,16,16,16,128,8,29.363333,True
MATMUL,uint32_t,16,16,16,128,16,27.504333,True
MATMUL,uint32_t,16,16,16,256,4,67.513,True
MATMUL,uint32_t,16,16,16,256,8,58.632,True
MATMUL,uint32_t,16,16,16,256,16,54.923333,True
MATMUL,uint32_t,16,16,16,512,4,134.922667,True
MATMUL,uint32_t,16,16,16,512,8,117.183667,True
MATMUL,uint32_t,16,16,16,512,16,109.746667,True
MATMUL,uint32_t,16,16,32,16,4,8.349667,True
MATMUL,uint32_t,16,16,32,16,8,7.312333,True
MATMUL,uint32_t,16,16,32,16,16,6.874667,True
MATMUL,uint32_t,16,16,32,32,4,16.614,True
MATMUL,uint32_t,16,16,32,32,8,14.528,True
MATMUL,uint32_t,16,16,32,32,16,13.669333,True
MATMUL,uint32_t,16,16,32,32,32,13.283,True
MATMUL,uint32_t,16,16,32,64,4,33.136333,True
MATMUL,uint32_t,16,16,32,64,8,28.965333,True
MATMUL,uint32_t,16,16,32,64,16,27.225333,True
MATMUL,uint32_t,16,16,32,64,32,26.478333,True
MATMUL,uint32_t,16,16,32,128,4,66.181333,True
MATMUL,uint32_t,16,16,32,128,8,57.841,True
MATMUL,uint32_t,16,16,32,128,16,54.363667,True
MATMUL,uint32_t,16,16,32,128,32,52.837,True
MATMUL,uint32_t,16,16,32,256,4,132.270333,True
MATMUL,uint32_t,16,16,32,256,8,115.563333,True
MATMUL,uint32_t,16,16,32,256,16,108.672667,True
MATMUL,uint32_t,16,16,32,256,32,105.571333,True
MATMUL,uint32_t,16,16,32,512,4,264.397,True
MATMUL,uint32_t,16,16,32,512,8,231.03,True
MATMUL,uint32_t,16,16,32,512,16,217.185333,True
MATMUL,uint32_t,16,16,32,512,32,211.048333,True
MATMUL,uint32_t,16,16,64,16,4,16.453667,True
MATMUL,uint32_t,16,16,64,16,8,14.430333,True
MATMUL,uint32_t,16,16,64,16,16,13.594,True
MATMUL,uint32_t,16,16,64,32,4,32.803,True
MATMUL,uint32_t,16,16,64,32,8,28.763667,True
MATMUL,uint32_t,16,16,64,32,16,27.107333,True
MATMUL,uint32_t,16,16,64,32,32,26.361,True
MATMUL,uint32_t,16,16,64,64,4,65.516333,True
MATMUL,uint32_t,16,16,64,64,8,57.433333,True
MATMUL,uint32_t,16,16,64,64,16,54.092,True
MATMUL,uint32_t,16,16,64,64,32,52.634,True
MATMUL,uint32_t,16,16,64,64,64,51.933,True
MATMUL,uint32_t,16,16,64,128,4,130.954333,True
MATMUL,uint32_t,16,16,64,128,8,114.742667,True
MATMUL,uint32_t,16,16,64,128,16,108.128667,True
MATMUL,uint32_t,16,16,64,128,32,105.180333,True
MATMUL,uint32_t,16,16,64,128,64,103.790667,True
MATMUL,uint32_t,16,16,64,256,4,261.762333,True
MATMUL,uint32_t,16,16,64,256,8,229.419667,True
MATMUL,uint32_t,16,16,64,256,16,216.151,True
MATMUL,uint32_t,16,16,64,256,32,210.201,True
MATMUL,uint32_t,16,16,64,256,64,207.441,True
MATMUL,uint32_t,16,16,64,512,4,523.457,True
MATMUL,uint32_t,16,16,64,512,8,458.74,True
MATMUL,uint32_t,16,16,64,512,16,432.146,True
MATMUL,uint32_t,16,16,64,512,32,420.310667,True
MATMUL,uint32_t,16,16,64,512,64,414.739667,True
MATMUL,uint32_t,16,16,128,16,4,32.636,True
MATMUL,uint32_t,16,16,128,16,8,28.661,True
MATMUL,uint32_t,16,16,128,16,16,27.033667,True
MATMUL,uint32_t,16,16,128,32,4,65.179667,True
MATMUL,uint32_t,16,16,128,32,8,57.227667,True
MATMUL,uint32_t,16,16,128,32,16,53.975333,True
MATMUL,uint32_t,16,16,128,32,32,52.53,True
MATMUL,uint32_t,16,16,128,64,4,130.298333,True
MATMUL,uint32_t,16,16,128,64,8,114.375,True
MATMUL,uint32_t,16,16,128,64,16,107.866333,True
MATMUL,uint32_t,16,16,128,64,32,104.975667,True
MATMUL,uint32_t,16,16,128,64,64,103.597667,True
MATMUL,uint32_t,16,16,128,128,4,260.460333,True
MATMUL,uint32_t,16,16,128,128,8,228.652333,True
MATMUL,uint32_t,16,16,128,128,16,215.588,True
MATMUL,uint32_t,16,16,128,128,32,209.844,True
MATMUL,uint32_t,16,16,128,128,64,207.123667,True
MATMUL,uint32_t,16,16,128,128,128,205.802667,True
MATMUL,uint32_t,16,16,128,256,4,520.799333,True
MATMUL,uint32_t,16,16,128,256,8,457.113333,True
MATMUL,uint32_t,16,16,128,256,16,431.096667,True
MATMUL,uint32_t,16,16,128,256,32,419.543333,True
MATMUL,uint32_t,16,16,128,256,64,414.129333,True
MATMUL,uint32_t,16,16,128,256,128,411.501667,True
MATMUL,uint32_t,16,16,128,512,4,1041.489,True
MATMUL,uint32_t,16,16,128,512,8,914.121333,True
MATMUL,uint32_t,16,16,128,512,16,861.910333,True
MATMUL,uint32_t,16,16,128,512,32,838.792333,True
MATMUL,uint32_t,16,16,128,512,64,827.982,True
MATMUL,uint32_t,16,16,128,512,128,822.826667,True
MATMUL,uint32_t,16,16,256,16,4,65.014,True
MATMUL,uint32_t,16,16,256,16,8,57.125,True
MATMUL,uint32_t,16,16,256,16,16,53.895333,True
MATMUL,uint32_t,16,16,256,32,4,129.926333,True
MATMUL,uint32_t,16,16,256,32,8,114.173667,True
MATMUL,uint32_t,16,16,256,32,16,107.728,True
MATMUL,uint32_t,16,16,256,32,32,104.881,True
MATMUL,uint32_t,16,16,256,64,4,259.803,True
MATMUL,uint32_t,16,16,256,64,8,228.160333,True
MATMUL,uint32_t,16,16,256,64,16,215.293333,True
MATMUL,uint32_t,16,16,256,64,32,209.613667,True
MATMUL,uint32_t,16,16,256,64,64,206.931,True
MATMUL,uint32_t,16,16,256,128,4,519.435667,True
MATMUL,uint32_t,16,16,256,128,8,456.357667,True
MATMUL,uint32_t,16,16,256,128,16,430.536333,True
MATMUL,uint32_t,16,16,256,128,32,419.116667,True
MATMUL,uint32_t,16,16,256,128,64,413.775667,True
MATMUL,uint32_t,16,16,256,128,128,411.152667,True
MATMUL,uint32_t,16,16,256,256,4,1038.723,True
MATMUL,uint32_t,16,16,256,256,8,912.595667,True
MATMUL,uint32_t,16,16,256,256,16,860.883667,True
MATMUL,uint32_t,16,16,256,256,32,838.129667,True
MATMUL,uint32_t,16,16,256,256,64,827.324333,True
MATMUL,uint32_t,16,16,256,256,128,822.270667,True
MATMUL,uint32_t,16,16,256,256,256,NA,False
MATMUL,uint32_t,16,16,256,512,4,2077.288667,True
MATMUL,uint32_t,16,16,256,512,8,1824.722,True
MATMUL,uint32_t,16,16,256,512,16,1721.621333,True
MATMUL,uint32_t,16,16,256,512,32,1676.244,True
MATMUL,uint32_t,16,16,256,512,64,1654.547667,True
MATMUL,uint32_t,16,16,256,512,128,1644.094,True
MATMUL,uint32_t,16,16,256,512,256,NA,False
MATMUL,uint32_t,16,16,512,16,4,129.784,True
MATMUL,uint32_t,16,16,512,16,8,114.045,True
MATMUL,uint32_t,16,16,512,16,16,107.674667,True
MATMUL,uint32_t,16,16,512,32,4,259.437667,True
MATMUL,uint32_t,16,16,512,32,8,227.997333,True
MATMUL,uint32_t,16,16,512,32,16,215.188333,True
MATMUL,uint32_t,16,16,512,32,32,209.505,True
MATMUL,uint32_t,16,16,512,64,4,518.802,True
MATMUL,uint32_t,16,16,512,64,8,455.932,True
MATMUL,uint32_t,16,16,512,64,16,430.234667,True
MATMUL,uint32_t,16,16,512,64,32,418.952667,True
MATMUL,uint32_t,16,16,512,64,64,413.597,True
MATMUL,uint32_t,16,16,512,128,4,1037.296667,True
MATMUL,uint32_t,16,16,512,128,8,911.593,True
MATMUL,uint32_t,16,16,512,128,16,860.303667,True
MATMUL,uint32_t,16,16,512,128,32,837.608,True
MATMUL,uint32_t,16,16,512,128,64,827.055333,True
MATMUL,uint32_t,16,16,512,128,128,821.960667,True
MATMUL,uint32_t,16,16,512,256,4,2074.929,True
MATMUL,uint32_t,16,16,512,256,8,1823.010333,True
MATMUL,uint32_t,16,16,512,256,16,1720.829,True
MATMUL,uint32_t,16,16,512,256,32,1675.446333,True
MATMUL,uint32_t,8,512,512,512,4,98443.934667,True
MATMUL,uint32_t,16,16,512,256,64,1653.72,True
MATMUL,uint32_t,16,16,512,256,256,NA,False
MATMUL,uint32_t,16,16,512,256,128,1643.355333,True
MATMUL,uint32_t,16,16,512,512,8,3646.07,True
MATMUL,uint32_t,16,16,512,512,4,4149.134333,True
MATMUL,uint32_t,8,512,512,512,64,73816.447667,True
MATMUL,uint32_t,8,512,512,512,32,74988.124,True
MATMUL,uint32_t,16,16,512,512,32,3350.286333,True
MATMUL,uint32_t,16,16,512,512,256,NA,False
MATMUL,uint32_t,16,16,512,512,16,3440.606333,True
MATMUL,uint32_t,16,32,16,16,4,8.539,True
MATMUL,uint32_t,16,32,16,16,8,7.415667,True
MATMUL,uint32_t,8,512,512,512,128,73200.283,True
MATMUL,uint32_t,16,32,16,16,16,6.96,True
MATMUL,uint32_t,16,32,16,32,4,16.975667,True
MATMUL,uint32_t,16,32,16,32,8,14.747333,True
MATMUL,uint32_t,16,32,16,32,16,13.81,True
MATMUL,uint32_t,16,32,16,64,4,33.836,True
MATMUL,uint32_t,8,512,512,512,256,72932.203333,True
MATMUL,uint32_t,16,32,16,64,8,29.382667,True
MATMUL,uint32_t,16,32,16,64,16,27.524,True
MATMUL,uint32_t,16,32,16,128,8,58.654333,True
MATMUL,uint32_t,16,32,16,128,4,67.562333,True
MATMUL,uint32_t,16,32,16,128,16,54.940667,True
MATMUL,uint32_t,16,32,16,256,4,134.977667,True
MATMUL,uint32_t,8,512,512,512,8,83546.839,True
MATMUL,uint32_t,16,32,16,256,16,109.783667,True
MATMUL,uint32_t,16,32,16,256,8,117.182333,True
MATMUL,uint32_t,16,32,32,16,4,16.632667,True
MATMUL,uint32_t,16,32,32,16,8,14.540333,True
MATMUL,uint32_t,16,32,32,16,16,13.68,True
MATMUL,uint32_t,16,32,16,512,4,269.776,True
MATMUL,uint32_t,16,32,32,32,4,33.155667,True
MATMUL,uint32_t,16,32,16,512,8,234.282333,True
MATMUL,uint32_t,16,32,32,32,8,28.982333,True
MATMUL,uint32_t,16,32,16,512,16,219.405,True
MATMUL,uint32_t,16,32,32,32,16,27.25,True
MATMUL,uint32_t,16,32,32,32,32,26.485667,True
MATMUL,uint32_t,16,32,32,64,8,57.841,True
MATMUL,uint32_t,16,32,32,64,16,54.374667,True
MATMUL,uint32_t,16,32,32,64,4,66.201667,True
MATMUL,uint32_t,16,32,32,64,32,52.853,True
MATMUL,uint32_t,16,32,32,128,4,132.275667,True
MATMUL,uint32_t,16,32,32,128,16,108.658667,True
MATMUL,uint32_t,16,32,32,128,8,115.570333,True
MATMUL,uint32_t,16,32,32,128,32,105.620333,True
MATMUL,uint32_t,8,512,512,512,16,77495.149667,True
MATMUL,uint32_t,16,32,32,256,4,264.439,True
MATMUL,uint32_t,16,32,32,256,8,231.018,True
MATMUL,uint32_t,16,32,32,256,32,211.047667,True
MATMUL,uint32_t,16,32,32,256,16,217.266667,True
MATMUL,uint32_t,16,32,64,16,8,28.769667,True
MATMUL,uint32_t,16,32,64,16,4,32.821333,True
MATMUL,uint32_t,16,32,64,16,16,27.111333,True
MATMUL,uint32_t,16,32,64,32,4,65.52,True
MATMUL,uint32_t,16,32,64,32,8,57.450667,True
MATMUL,uint32_t,16,32,32,512,4,528.796333,True
MATMUL,uint32_t,16,32,32,512,8,461.941333,True
MATMUL,uint32_t,16,32,64,32,16,54.117333,True
MATMUL,uint32_t,16,32,32,512,16,434.332333,True
MATMUL,uint32_t,16,32,64,32,32,52.654333,True
MATMUL,uint32_t,16,32,32,512,32,422.052667,True
MATMUL,uint32_t,16,32,64,64,8,114.764667,True
MATMUL,uint32_t,16,32,64,64,4,130.964667,True
MATMUL,uint32_t,16,32,64,64,16,108.138,True
MATMUL,uint32_t,16,32,64,64,32,105.210333,True
MATMUL,uint32_t,16,32,64,64,64,103.805667,True
MATMUL,uint32_t,16,16,512,512,64,3308.187,True
MATMUL,uint32_t,16,32,64,128,4,261.815667,True
MATMUL,uint32_t,16,32,64,128,32,210.252333,True
MATMUL,uint32_t,16,32,64,128,16,216.145667,True
MATMUL,uint32_t,16,32,64,128,8,229.432667,True
MATMUL,uint32_t,16,32,64,128,64,207.434,True
MATMUL,uint32_t,16,32,64,256,4,523.462,True
MATMUL,uint32_t,16,32,64,256,8,458.771333,True
MATMUL,uint32_t,16,32,64,256,64,414.780667,True
MATMUL,uint32_t,16,32,64,256,16,432.218667,True
MATMUL,uint32_t,16,32,64,256,32,420.353333,True
MATMUL,uint32_t,16,32,128,16,8,57.259,True
MATMUL,uint32_t,16,32,128,16,4,65.194,True
MATMUL,uint32_t,16,32,128,16,16,53.975,True
MATMUL,uint32_t,16,32,128,32,4,130.279,True
MATMUL,uint32_t,16,16,512,512,128,3287.220333,True
MATMUL,uint32_t,16,32,128,32,8,114.363667,True
MATMUL,uint32_t,16,32,128,32,16,107.891333,True
MATMUL,uint32_t,16,32,128,32,32,104.983667,True
MATMUL,uint32_t,16,32,64,512,8,917.407667,True
MATMUL,uint32_t,16,32,64,512,4,1046.815333,True
MATMUL,uint32_t,16,32,128,64,4,260.446667,True
MATMUL,uint32_t,16,32,128,64,8,228.591667,True
MATMUL,uint32_t,16,32,128,64,16,215.590333,True
MATMUL,uint32_t,16,32,128,64,32,209.841333,True
MATMUL,uint32_t,16,32,64,512,16,864.204333,True
MATMUL,uint32_t,16,32,64,512,64,829.489667,True
MATMUL,uint32_t,16,32,64,512,32,840.577667,True
MATMUL,uint32_t,16,32,128,64,64,207.089667,True
MATMUL,uint32_t,16,32,128,128,16,431.087333,True
MATMUL,uint32_t,16,32,128,128,8,457.055667,True
MATMUL,uint32_t,16,32,128,128,32,419.608667,True
MATMUL,uint32_t,16,32,128,128,64,414.162333,True
MATMUL,uint32_t,16,32,128,128,4,520.76,True
MATMUL,uint32_t,16,32,128,128,128,411.515,True
MATMUL,uint32_t,16,32,128,256,8,914.140667,True
MATMUL,uint32_t,16,32,128,256,4,1041.394333,True
MATMUL,uint32_t,16,32,128,256,64,828.119667,True
MATMUL,uint32_t,16,32,128,256,128,822.839,True
MATMUL,uint32_t,16,32,128,256,16,861.943667,True
MATMUL,uint32_t,16,32,128,256,32,838.879,True
MATMUL,uint32_t,16,32,256,16,8,114.181333,True
MATMUL,uint32_t,16,32,256,16,4,129.983667,True
MATMUL,uint32_t,16,32,256,16,16,107.749,True
MATMUL,uint32_t,16,32,256,32,4,259.810667,True
MATMUL,uint32_t,16,32,256,32,8,228.231333,True
MATMUL,uint32_t,16,32,256,32,16,215.359,True
MATMUL,uint32_t,16,32,256,32,32,209.630333,True
MATMUL,uint32_t,16,32,128,512,8,1828.218333,True
MATMUL,uint32_t,16,32,128,512,4,2082.863667,True
MATMUL,uint32_t,16,32,256,64,4,519.513333,True
MATMUL,uint32_t,16,32,256,64,8,456.282667,True
MATMUL,uint32_t,16,32,128,512,16,1723.947,True
MATMUL,uint32_t,16,32,128,512,32,1677.602333,True
MATMUL,uint32_t,16,32,256,64,16,430.574333,True
MATMUL,uint32_t,16,32,128,512,128,1645.558333,True
MATMUL,uint32_t,16,32,128,512,64,1655.991,True
MATMUL,uint32_t,16,32,256,64,32,419.177,True
MATMUL,uint32_t,16,32,256,64,64,413.705667,True
MATMUL,uint32_t,16,32,256,128,32,838.137333,True
MATMUL,uint32_t,16,32,256,128,8,912.629,True
MATMUL,uint32_t,16,32,256,128,16,860.872667,True
MATMUL,uint32_t,16,32,256,128,4,1038.672,True
MATMUL,uint32_t,16,32,256,128,64,827.442,True
MATMUL,uint32_t,16,32,256,128,128,822.248333,True
MATMUL,uint32_t,16,32,256,256,256,NA,False
MATMUL,uint32_t,16,32,256,256,8,1824.877667,True
MATMUL,uint32_t,16,32,256,256,4,2077.467333,True
MATMUL,uint32_t,16,32,256,256,64,1654.442,True
MATMUL,uint32_t,16,32,256,256,32,1676.239,True
MATMUL,uint32_t,16,32,256,256,16,1721.963333,True
MATMUL,uint32_t,16,32,256,256,128,1644.082667,True
MATMUL,uint32_t,16,32,256,512,256,NA,False
MATMUL,uint32_t,16,32,512,16,4,259.471333,True
MATMUL,uint32_t,16,32,512,16,8,228.03,True
MATMUL,uint32_t,16,32,512,16,16,215.15,True
MATMUL,uint32_t,16,32,512,32,4,518.849667,True
MATMUL,uint32_t,16,32,512,32,8,455.939667,True
MATMUL,uint32_t,16,32,512,32,16,430.231667,True
MATMUL,uint32_t,16,32,512,32,32,418.926,True
MATMUL,uint32_t,16,32,256,512,8,3649.206667,True
MATMUL,uint32_t,16,32,512,64,4,1037.590667,True
MATMUL,uint32_t,16,32,256,512,4,4154.363,True
MATMUL,uint32_t,16,32,512,64,8,911.798,True
MATMUL,uint32_t,16,32,256,512,16,3443.895,True
MATMUL,uint32_t,16,32,512,64,16,860.466,True
MATMUL,uint32_t,16,32,256,512,32,3351.998667,True
MATMUL,uint32_t,16,32,256,512,128,3288.583,True
MATMUL,uint32_t,16,32,256,512,64,3309.172667,True
MATMUL,uint32_t,16,32,512,64,32,837.679,True
MATMUL,uint32_t,16,32,512,64,64,826.983667,True
MATMUL,uint32_t,16,32,512,128,4,2075.170667,True
MATMUL,uint32_t,16,32,512,128,32,1675.332667,True
MATMUL,uint32_t,16,32,512,128,16,1720.901,True
MATMUL,uint32_t,16,32,512,128,8,1823.138333,True
MATMUL,uint32_t,16,32,512,128,128,1643.674,True
MATMUL,uint32_t,16,32,512,128,64,1654.167667,True
MATMUL,uint32_t,16,32,512,256,256,NA,False
MATMUL,uint32_t,16,32,512,256,8,3646.156333,True
MATMUL,uint32_t,16,32,512,256,4,4149.31,True
MATMUL,uint32_t,16,32,512,256,64,3307.696,True
MATMUL,uint32_t,16,32,512,256,32,3349.920333,True
MATMUL,uint32_t,16,32,512,256,128,3286.666333,True
MATMUL,uint32_t,16,32,512,256,16,3441.669333,True
MATMUL,uint32_t,16,32,512,512,256,NA,False
MATMUL,uint32_t,16,64,16,16,4,16.996,True
MATMUL,uint32_t,16,64,16,16,8,14.763333,True
MATMUL,uint32_t,16,64,16,16,16,13.828667,True
MATMUL,uint32_t,16,64,16,32,4,33.861667,True
MATMUL,uint32_t,16,64,16,32,8,29.398333,True
MATMUL,uint32_t,16,64,16,32,16,27.539667,True
MATMUL,uint32_t,16,64,16,64,4,67.566667,True
MATMUL,uint32_t,16,64,16,64,8,58.68,True
MATMUL,uint32_t,16,64,16,64,16,54.962667,True
MATMUL,uint32_t,16,64,16,128,4,134.965,True
MATMUL,uint32_t,16,64,16,128,8,117.205667,True
MATMUL,uint32_t,16,64,16,128,16,109.785667,True
MATMUL,uint32_t,16,64,16,256,4,269.764333,True
MATMUL,uint32_t,16,64,16,256,8,234.249,True
MATMUL,uint32_t,16,64,16,256,16,219.386333,True
MATMUL,uint32_t,16,64,16,512,4,539.380333,True
MATMUL,uint32_t,16,64,16,512,8,468.334667,True
MATMUL,uint32_t,16,64,32,16,4,33.171667,True
MATMUL,uint32_t,16,64,32,16,8,29.001667,True
MATMUL,uint32_t,16,64,32,16,16,27.271667,True
MATMUL,uint32_t,16,64,16,512,16,438.752,True
MATMUL,uint32_t,16,64,32,32,4,66.220333,True
MATMUL,uint32_t,16,64,32,32,8,57.875667,True
MATMUL,uint32_t,16,64,32,32,16,54.403,True
MATMUL,uint32_t,16,64,32,32,32,52.871,True
MATMUL,uint32_t,16,64,32,64,4,132.319,True
MATMUL,uint32_t,16,64,32,64,8,115.602333,True
MATMUL,uint32_t,16,64,32,64,16,108.703333,True
MATMUL,uint32_t,16,64,32,64,32,105.634667,True
MATMUL,uint32_t,16,64,32,128,4,264.464333,True
MATMUL,uint32_t,16,64,32,128,8,231.030667,True
MATMUL,uint32_t,16,64,32,128,16,217.248333,True
MATMUL,uint32_t,16,64,32,128,32,211.079,True
MATMUL,uint32_t,16,64,32,256,8,462.013,True
MATMUL,uint32_t,16,64,32,256,4,528.739667,True
MATMUL,uint32_t,16,32,512,512,8,7292.959333,True
MATMUL,uint32_t,16,64,32,256,16,434.3,True
MATMUL,uint32_t,16,64,32,256,32,422.023667,True
MATMUL,uint32_t,16,32,512,512,4,8299.527,True
MATMUL,uint32_t,16,64,32,512,4,1057.414,True
MATMUL,uint32_t,16,64,32,512,16,868.467667,True
MATMUL,uint32_t,16,64,64,16,4,65.555667,True
MATMUL,uint32_t,16,64,32,512,8,923.745333,True
MATMUL,uint32_t,16,64,64,16,8,57.468,True
MATMUL,uint32_t,16,64,64,16,16,54.141,True
MATMUL,uint32_t,16,64,64,32,4,130.968667,True
MATMUL,uint32_t,16,64,64,32,16,108.175667,True
MATMUL,uint32_t,16,64,64,32,8,114.769333,True
MATMUL,uint32_t,16,64,64,32,32,105.206,True
MATMUL,uint32_t,16,32,512,512,16,6882.744667,True
MATMUL,uint32_t,16,64,64,64,8,229.443667,True
MATMUL,uint32_t,16,64,64,64,4,261.793333,True
MATMUL,uint32_t,16,64,32,512,32,843.784333,True
MATMUL,uint32_t,16,64,64,64,16,216.168333,True
MATMUL,uint32_t,16,64,64,64,32,210.274333,True
MATMUL,uint32_t,16,32,512,512,32,6700.492,True
MATMUL,uint32_t,16,64,64,64,64,207.493,True
MATMUL,uint32_t,16,64,64,128,8,458.736667,True
MATMUL,uint32_t,16,64,64,128,16,432.249,True
MATMUL,uint32_t,16,32,512,512,128,6574.527,True
MATMUL,uint32_t,16,64,64,128,32,420.424667,True
MATMUL,uint32_t,16,64,64,128,4,523.417,True
MATMUL,uint32_t,16,32,512,512,64,6615.064333,True
MATMUL,uint32_t,16,64,64,128,64,414.855,True
MATMUL,uint32_t,16,64,64,256,4,1046.787667,True
MATMUL,uint32_t,16,64,64,256,32,840.57,True
MATMUL,uint32_t,16,64,64,256,16,864.318,True
MATMUL,uint32_t,16,64,64,256,64,829.337667,True
MATMUL,uint32_t,16,64,64,256,8,917.428667,True
MATMUL,uint32_t,16,64,128,16,4,130.307,True
MATMUL,uint32_t,16,64,128,16,8,114.384667,True
MATMUL,uint32_t,16,64,128,16,16,107.911667,True
MATMUL,uint32_t,16,64,128,32,8,228.644,True
MATMUL,uint32_t,16,64,128,32,16,215.592667,True
MATMUL,uint32_t,16,64,128,32,4,260.458667,True
MATMUL,uint32_t,16,64,128,32,32,209.824667,True
MATMUL,uint32_t,16,64,64,512,16,1728.409,True
MATMUL,uint32_t,16,64,64,512,8,1834.675,True
MATMUL,uint32_t,16,64,128,64,8,457.142667,True
MATMUL,uint32_t,16,64,128,64,4,520.862,True
MATMUL,uint32_t,16,64,128,64,16,431.186333,True
MATMUL,uint32_t,16,64,64,512,4,2093.346667,True
MATMUL,uint32_t,16,64,128,64,32,419.617333,True
MATMUL,uint32_t,16,64,128,64,64,414.181667,True
MATMUL,uint32_t,16,64,64,512,32,1680.723667,True
MATMUL,uint32_t,16,64,64,512,64,1659.075333,True
MATMUL,uint32_t,16,64,128,128,8,914.23,True
MATMUL,uint32_t,16,64,128,128,4,1041.320333,True
MATMUL,uint32_t,16,64,128,128,32,839.098667,True
MATMUL,uint32_t,16,64,128,128,16,862.181667,True
MATMUL,uint32_t,16,64,128,128,64,828.132667,True
MATMUL,uint32_t,16,64,128,128,128,822.948333,True
MATMUL,uint32_t,16,64,128,256,8,1827.988333,True
MATMUL,uint32_t,16,64,128,256,4,2082.392667,True
MATMUL,uint32_t,16,64,128,256,16,1723.825667,True
MATMUL,uint32_t,16,64,128,256,32,1677.594667,True
MATMUL,uint32_t,16,64,128,256,128,1645.694,True
MATMUL,uint32_t,16,64,128,256,64,1656.169,True
MATMUL,uint32_t,16,64,256,16,8,228.258667,True
MATMUL,uint32_t,16,64,256,16,4,259.848333,True
MATMUL,uint32_t,16,64,256,16,16,215.354,True
MATMUL,uint32_t,16,64,256,32,4,519.443667,True
MATMUL,uint32_t,16,64,256,32,8,456.257333,True
MATMUL,uint32_t,16,64,256,32,16,430.582667,True
MATMUL,uint32_t,16,64,256,32,32,419.174333,True
MATMUL,uint32_t,16,64,128,512,8,3655.880333,True
MATMUL,uint32_t,16,64,256,64,4,1038.949,True
MATMUL,uint32_t,16,64,256,64,8,912.593667,True
MATMUL,uint32_t,16,64,128,512,4,4164.906,True
MATMUL,uint32_t,16,64,256,64,16,861.026,True
MATMUL,uint32_t,16,64,128,512,16,3448.142,True
MATMUL,uint32_t,16,64,128,512,32,3355.077667,True
MATMUL,uint32_t,16,64,128,512,64,3312.086333,True
MATMUL,uint32_t,16,64,128,512,128,3290.981,True
MATMUL,uint32_t,16,64,256,64,32,838.101,True
MATMUL,uint32_t,16,64,256,64,64,827.546,True
MATMUL,uint32_t,16,64,256,128,4,2077.351667,True
MATMUL,uint32_t,16,64,256,128,16,1722.021333,True
MATMUL,uint32_t,16,64,256,128,8,1824.64,True
MATMUL,uint32_t,16,64,256,128,32,1676.326,True
MATMUL,uint32_t,16,64,256,128,64,1654.793667,True
MATMUL,uint32_t,16,64,256,128,128,1644.164667,True
MATMUL,uint32_t,16,64,256,256,256,NA,False
MATMUL,uint32_t,16,64,256,256,8,3650.093333,True
MATMUL,uint32_t,16,64,256,256,4,4155.115333,True
MATMUL,uint32_t,16,64,256,256,16,3442.902,True
MATMUL,uint32_t,16,64,256,256,64,3309.401667,True
MATMUL,uint32_t,16,64,256,256,128,3288.884,True
MATMUL,uint32_t,16,64,256,256,32,3351.462667,True
MATMUL,uint32_t,16,64,256,512,256,NA,False
MATMUL,uint32_t,16,64,512,16,8,455.900667,True
MATMUL,uint32_t,16,64,512,16,4,518.826667,True
MATMUL,uint32_t,16,64,512,16,16,430.318667,True
MATMUL,uint32_t,16,64,512,32,4,1037.296333,True
MATMUL,uint32_t,16,64,512,32,8,911.635333,True
MATMUL,uint32_t,16,64,512,32,16,860.333333,True
MATMUL,uint32_t,16,64,512,32,32,837.598333,True
MATMUL,uint32_t,16,64,256,512,8,7298.348,True
MATMUL,uint32_t,16,64,512,64,4,2074.652,True
MATMUL,uint32_t,16,64,512,64,8,1822.999667,True
MATMUL,uint32_t,16,64,256,512,4,8310.459,True
MATMUL,uint32_t,16,64,256,512,16,6885.949,True
MATMUL,uint32_t,16,64,512,64,16,1720.657333,True
MATMUL,uint32_t,16,64,256,512,32,6703.500333,True
MATMUL,uint32_t,16,64,256,512,64,6617.344333,True
MATMUL,uint32_t,16,64,512,64,32,1675.180333,True
MATMUL,uint32_t,16,64,256,512,128,6577.149333,True
MATMUL,uint32_t,16,64,512,64,64,1653.730333,True
MATMUL,uint32_t,16,64,512,128,4,4149.447,True
MATMUL,uint32_t,16,64,512,128,16,3440.843,True
MATMUL,uint32_t,16,64,512,128,32,3350.468667,True
MATMUL,uint32_t,16,64,512,128,8,3646.865667,True
MATMUL,uint32_t,16,64,512,128,64,3307.352333,True
MATMUL,uint32_t,16,64,512,128,128,3286.922,True
MATMUL,uint32_t,16,64,512,256,256,NA,False
MATMUL,uint32_t,16,64,512,256,8,7291.680667,True
MATMUL,uint32_t,16,64,512,256,4,8297.763333,True
MATMUL,uint32_t,16,64,512,256,128,6573.823667,True
MATMUL,uint32_t,16,64,512,256,32,6701.374,True
MATMUL,uint32_t,16,64,512,256,64,6616.355667,True
MATMUL,uint32_t,16,64,512,256,16,6882.814333,True
MATMUL,uint32_t,16,64,512,512,256,NA,False
MATMUL,uint32_t,16,128,16,16,4,33.896667,True
MATMUL,uint32_t,16,128,16,16,8,29.46,True
MATMUL,uint32_t,16,128,16,16,16,27.595667,True
MATMUL,uint32_t,16,128,16,32,4,67.623667,True
MATMUL,uint32_t,16,128,16,32,8,58.722667,True
MATMUL,uint32_t,16,128,16,32,16,55.018667,True
MATMUL,uint32_t,16,128,16,64,4,135.020333,True
MATMUL,uint32_t,16,128,16,64,8,117.268,True
MATMUL,uint32_t,16,128,16,64,16,109.847333,True
MATMUL,uint32_t,16,128,16,128,4,269.855333,True
MATMUL,uint32_t,16,128,16,128,8,234.328333,True
MATMUL,uint32_t,16,128,16,128,16,219.470667,True
MATMUL,uint32_t,16,128,16,256,4,539.473333,True
MATMUL,uint32_t,16,128,16,256,8,468.400333,True
MATMUL,uint32_t,16,128,16,256,16,438.711667,True
MATMUL,uint32_t,16,128,16,512,4,1078.543333,True
MATMUL,uint32_t,16,128,16,512,8,936.692667,True
MATMUL,uint32_t,16,128,32,16,4,66.265667,True
MATMUL,uint32_t,16,128,32,16,8,57.921,True
MATMUL,uint32_t,16,128,32,16,16,54.471333,True
MATMUL,uint32_t,16,128,32,32,4,132.349,True
MATMUL,uint32_t,16,128,16,512,16,877.388,True
MATMUL,uint32_t,16,128,32,32,8,115.655667,True
MATMUL,uint32_t,16,128,32,32,16,108.772333,True
MATMUL,uint32_t,16,128,32,32,32,105.669,True
MATMUL,uint32_t,16,128,32,64,8,231.12,True
MATMUL,uint32_t,16,128,32,64,4,264.523333,True
MATMUL,uint32_t,16,128,32,64,16,217.295667,True
MATMUL,uint32_t,16,128,32,64,32,211.101,True
MATMUL,uint32_t,16,128,32,128,8,462.024,True
MATMUL,uint32_t,16,128,32,128,4,528.781333,True
MATMUL,uint32_t,16,128,32,128,16,434.471,True
MATMUL,uint32_t,16,128,32,128,32,422.038667,True
MATMUL,uint32_t,16,128,32,256,8,923.766667,True
MATMUL,uint32_t,16,128,32,256,4,1057.462333,True
MATMUL,uint32_t,16,128,32,256,16,868.513667,True
MATMUL,uint32_t,16,128,32,256,32,843.992333,True
MATMUL,uint32_t,16,64,512,512,8,14585.524,True
MATMUL,uint32_t,16,128,32,512,8,1847.432667,True
MATMUL,uint32_t,16,128,32,512,4,2114.724333,True
MATMUL,uint32_t,16,128,64,16,4,130.993,True
MATMUL,uint32_t,16,128,64,16,8,114.859333,True
MATMUL,uint32_t,16,128,32,512,16,1736.897333,True
MATMUL,uint32_t,16,128,64,16,16,108.220333,True
MATMUL,uint32_t,16,64,512,512,4,16595.596,True
MATMUL,uint32_t,16,128,64,32,4,261.850333,True
MATMUL,uint32_t,16,128,64,32,16,216.239,True
MATMUL,uint32_t,16,128,64,32,8,229.476,True
MATMUL,uint32_t,16,128,64,32,32,210.261667,True
MATMUL,uint32_t,16,128,64,64,8,458.763667,True
MATMUL,uint32_t,16,128,64,64,4,523.564333,True
MATMUL,uint32_t,16,128,64,64,16,432.261667,True
MATMUL,uint32_t,16,128,32,512,32,1687.817667,True
MATMUL,uint32_t,16,64,512,512,16,13765.647,True
MATMUL,uint32_t,16,128,64,64,32,420.505667,True
MATMUL,uint32_t,16,128,64,64,64,414.884667,True
MATMUL,uint32_t,16,64,512,512,32,13399.945,True
MATMUL,uint32_t,16,128,64,128,8,917.533,True
MATMUL,uint32_t,16,128,64,128,4,1046.737667,True
MATMUL,uint32_t,16,128,64,128,16,864.331,True
MATMUL,uint32_t,16,128,64,128,32,840.778333,True
MATMUL,uint32_t,16,128,64,128,64,829.477333,True
MATMUL,uint32_t,16,64,512,512,128,13149.564,True
MATMUL,uint32_t,16,64,512,512,64,13230.650333,True
MATMUL,uint32_t,16,128,64,256,8,1834.643667,True
MATMUL,uint32_t,16,128,64,256,16,1728.224333,True
MATMUL,uint32_t,16,128,64,256,32,1681.237667,True
MATMUL,uint32_t,16,128,64,256,64,1658.966333,True
MATMUL,uint32_t,16,128,64,256,4,2093.435667,True
MATMUL,uint32_t,16,128,128,16,4,260.581,True
MATMUL,uint32_t,16,128,128,16,8,228.708333,True
MATMUL,uint32_t,16,128,128,16,16,215.659667,True
MATMUL,uint32_t,16,128,128,32,16,431.129,True
MATMUL,uint32_t,16,128,128,32,8,457.236333,True
MATMUL,uint32_t,16,128,128,32,4,520.919,True
MATMUL,uint32_t,16,128,128,32,32,419.61,True
MATMUL,uint32_t,16,128,128,64,8,914.151,True
MATMUL,uint32_t,16,128,128,64,4,1041.593667,True
MATMUL,uint32_t,16,128,128,64,16,862.213667,True
MATMUL,uint32_t,16,128,64,512,16,3456.252,True
MATMUL,uint32_t,16,128,64,512,8,3668.351333,True
MATMUL,uint32_t,16,128,64,512,4,4186.365,True
MATMUL,uint32_t,16,128,128,64,32,839.132667,True
MATMUL,uint32_t,16,128,128,64,64,828.265,True
MATMUL,uint32_t,16,128,64,512,64,3317.96,True
MATMUL,uint32_t,16,128,64,512,32,3361.674667,True
MATMUL,uint32_t,16,128,128,128,8,1827.898333,True
MATMUL,uint32_t,16,128,128,128,16,1723.8,True
MATMUL,uint32_t,16,128,128,128,32,1677.619333,True
MATMUL,uint32_t,16,128,128,128,4,2082.987667,True
MATMUL,uint32_t,16,128,128,128,64,1656.361,True
MATMUL,uint32_t,16,128,128,128,128,1645.437667,True
MATMUL,uint32_t,16,128,128,256,8,3655.976,True
MATMUL,uint32_t,16,128,128,256,4,4165.130333,True
MATMUL,uint32_t,16,128,128,256,64,3312.325,True
MATMUL,uint32_t,16,128,128,256,32,3355.635667,True
MATMUL,uint32_t,16,128,128,256,128,3291.236333,True
MATMUL,uint32_t,16,128,128,256,16,3447.681333,True
MATMUL,uint32_t,16,128,256,16,8,456.39,True
MATMUL,uint32_t,16,128,256,16,4,519.568667,True
MATMUL,uint32_t,16,128,256,16,16,430.583,True
MATMUL,uint32_t,16,128,256,32,4,1038.798667,True
MATMUL,uint32_t,16,128,256,32,8,912.701,True
MATMUL,uint32_t,16,128,256,32,16,861.124333,True
MATMUL,uint32_t,16,128,256,32,32,838.129333,True
MATMUL,uint32_t,16,128,128,512,8,7312.768333,True
MATMUL,uint32_t,16,128,256,64,4,2077.420667,True
MATMUL,uint32_t,16,128,256,64,8,1825.159,True
MATMUL,uint32_t,16,128,128,512,4,8330.342333,True
MATMUL,uint32_t,16,128,256,64,16,1722.073667,True
MATMUL,uint32_t,16,128,128,512,16,6895.608,True
MATMUL,uint32_t,16,128,128,512,32,6709.973,True
MATMUL,uint32_t,16,128,256,64,32,1676.2,True
MATMUL,uint32_t,16,128,128,512,128,6582.102333,True
MATMUL,uint32_t,16,128,256,64,64,1654.876,True
MATMUL,uint32_t,16,128,128,512,64,6623.188333,True
MATMUL,uint32_t,16,128,256,128,4,4155.064333,True
MATMUL,uint32_t,16,128,256,128,8,3650.058,True
MATMUL,uint32_t,16,128,256,128,16,3443.878,True
MATMUL,uint32_t,16,128,256,128,128,3288.554333,True
MATMUL,uint32_t,16,128,256,128,64,3309.363333,True
MATMUL,uint32_t,16,128,256,128,32,3352.253667,True
MATMUL,uint32_t,16,128,256,256,256,NA,False
MATMUL,uint32_t,16,128,256,256,8,7298.482667,True
MATMUL,uint32_t,16,128,256,256,4,8310.448333,True
MATMUL,uint32_t,16,128,256,256,16,6887.481333,True
MATMUL,uint32_t,16,128,256,256,32,6704.810667,True
MATMUL,uint32_t,16,128,256,256,64,6618.714,True
MATMUL,uint32_t,16,128,256,512,256,NA,False
MATMUL,uint32_t,16,128,256,256,128,6575.668333,True
MATMUL,uint32_t,16,128,512,16,8,911.668,True
MATMUL,uint32_t,16,128,512,16,4,1037.632333,True
MATMUL,uint32_t,16,128,512,16,16,860.489333,True
MATMUL,uint32_t,16,128,512,32,4,2075.167667,True
MATMUL,uint32_t,16,128,512,32,8,1823.255667,True
MATMUL,uint32_t,16,128,512,32,16,1720.625,True
MATMUL,uint32_t,16,128,512,32,32,1675.271667,True
MATMUL,uint32_t,16,128,256,512,8,14597.503667,True
MATMUL,uint32_t,16,128,512,64,4,4148.885667,True
MATMUL,uint32_t,16,128,512,64,8,3646.087667,True
MATMUL,uint32_t,16,128,256,512,4,16617.722333,True
MATMUL,uint32_t,16,128,256,512,16,13771.448333,True
MATMUL,uint32_t,16,128,512,64,16,3441.806667,True
MATMUL,uint32_t,16,128,256,512,32,13408.119,True
MATMUL,uint32_t,16,128,512,64,32,3350.729667,True
MATMUL,uint32_t,16,128,512,64,64,3307.549,True
MATMUL,uint32_t,16,128,256,512,64,13237.873667,True
MATMUL,uint32_t,16,128,256,512,128,13154.956333,True
MATMUL,uint32_t,16,128,512,128,4,8298.866667,True
MATMUL,uint32_t,16,128,512,128,16,6882.045333,True
MATMUL,uint32_t,16,128,512,128,8,7292.287667,True
MATMUL,uint32_t,16,128,512,128,32,6701.671,True
MATMUL,uint32_t,16,128,512,128,64,6616.38,True
MATMUL,uint32_t,16,128,512,128,128,6574.927,True
MATMUL,uint32_t,16,128,512,256,256,NA,False
MATMUL,uint32_t,16,128,512,256,8,14584.253333,True
MATMUL,uint32_t,16,128,512,256,4,16596.687,True
MATMUL,uint32_t,16,128,512,256,128,13149.197,True
MATMUL,uint32_t,16,128,512,256,64,13229.978,True
MATMUL,uint32_t,16,128,512,256,32,13402.148667,True
MATMUL,uint32_t,16,128,512,512,256,NA,False
MATMUL,uint32_t,16,128,512,256,16,13764.173333,True
MATMUL,uint32_t,16,256,16,16,4,67.707333,True
MATMUL,uint32_t,16,256,16,16,16,55.082333,True
MATMUL,uint32_t,16,256,16,16,8,58.812333,True
MATMUL,uint32_t,16,256,16,32,8,117.370667,True
MATMUL,uint32_t,16,256,16,32,4,135.117333,True
MATMUL,uint32_t,16,256,16,32,16,109.935,True
MATMUL,uint32_t,16,256,16,64,4,269.966,True
MATMUL,uint32_t,16,256,16,64,8,234.389333,True
MATMUL,uint32_t,16,256,16,64,16,219.559667,True
MATMUL,uint32_t,16,256,16,128,4,539.56,True
MATMUL,uint32_t,16,256,16,128,8,468.540333,True
MATMUL,uint32_t,16,256,16,128,16,438.895333,True
MATMUL,uint32_t,16,256,16,256,4,1078.749667,True
MATMUL,uint32_t,16,256,16,256,8,936.566333,True
MATMUL,uint32_t,16,256,16,256,16,877.358667,True
MATMUL,uint32_t,16,256,16,512,4,2157.185333,True
MATMUL,uint32_t,16,256,16,512,8,1873.25,True
MATMUL,uint32_t,16,256,32,16,4,132.446,True
MATMUL,uint32_t,16,256,32,16,8,115.738667,True
MATMUL,uint32_t,16,256,32,16,16,108.857333,True
MATMUL,uint32_t,16,256,32,32,4,264.576,True
MATMUL,uint32_t,16,256,32,32,8,231.217333,True
MATMUL,uint32_t,16,256,16,512,16,1754.341667,True
MATMUL,uint32_t,16,256,32,32,16,217.356,True
MATMUL,uint32_t,16,256,32,32,32,211.206,True
MATMUL,uint32_t,16,256,32,64,4,528.811667,True
MATMUL,uint32_t,16,256,32,64,8,462.140667,True
MATMUL,uint32_t,16,256,32,64,16,434.538667,True
MATMUL,uint32_t,16,256,32,64,32,422.179333,True
MATMUL,uint32_t,16,256,32,128,4,1057.387333,True
MATMUL,uint32_t,16,256,32,128,8,923.843667,True
MATMUL,uint32_t,16,256,32,128,16,868.767333,True
MATMUL,uint32_t,16,256,32,128,32,844.140667,True
MATMUL,uint32_t,16,256,32,256,8,1847.339667,True
MATMUL,uint32_t,16,256,32,256,4,2114.244667,True
MATMUL,uint32_t,16,256,32,256,16,1737.169667,True
MATMUL,uint32_t,16,256,32,256,32,1687.840333,True
MATMUL,uint32_t,16,128,512,512,8,29170.538,True
MATMUL,uint32_t,16,256,32,512,8,3695.005667,True
MATMUL,uint32_t,16,256,32,512,4,4229.447,True
MATMUL,uint32_t,16,256,64,16,4,261.970667,True
MATMUL,uint32_t,16,256,64,16,8,229.587,True
MATMUL,uint32_t,16,256,64,16,16,216.318667,True
MATMUL,uint32_t,16,256,64,32,4,523.586667,True
MATMUL,uint32_t,16,256,32,512,16,3473.668667,True
MATMUL,uint32_t,16,128,512,512,4,33194.294333,True
MATMUL,uint32_t,16,256,64,32,8,458.975667,True
MATMUL,uint32_t,16,256,64,32,16,432.391667,True
MATMUL,uint32_t,16,256,64,32,32,420.499333,True
MATMUL,uint32_t,16,256,32,512,32,3375.324,True
MATMUL,uint32_t,16,256,64,64,8,917.624667,True
MATMUL,uint32_t,16,256,64,64,4,1046.98,True
MATMUL,uint32_t,16,256,64,64,16,864.341333,True
MATMUL,uint32_t,16,256,64,64,32,840.634,True
MATMUL,uint32_t,16,256,64,64,64,829.729,True
MATMUL,uint32_t,16,128,512,512,16,27528.814333,True
MATMUL,uint32_t,16,256,64,128,4,2093.243333,True
MATMUL,uint32_t,16,256,64,128,8,1834.993667,True
MATMUL,uint32_t,16,128,512,512,32,26802.838,True
MATMUL,uint32_t,16,256,64,128,32,1681.381,True
MATMUL,uint32_t,16,256,64,128,16,1728.600333,True
MATMUL,uint32_t,16,256,64,128,64,1658.753333,True
MATMUL,uint32_t,16,128,512,512,128,26294.09,True
MATMUL,uint32_t,16,128,512,512,64,26463.117667,True
MATMUL,uint32_t,16,256,64,256,8,3668.599,True
MATMUL,uint32_t,16,256,64,256,64,3317.864333,True
MATMUL,uint32_t,16,256,64,256,32,3361.791333,True
MATMUL,uint32_t,16,256,64,256,16,3456.270333,True
MATMUL,uint32_t,16,256,64,256,4,4187.292333,True
MATMUL,uint32_t,16,256,128,16,4,520.970333,True
MATMUL,uint32_t,16,256,128,16,8,457.309,True
MATMUL,uint32_t,16,256,128,16,16,431.225667,True
MATMUL,uint32_t,16,256,128,32,8,914.289333,True
MATMUL,uint32_t,16,256,128,32,4,1041.693,True
MATMUL,uint32_t,16,256,128,32,16,862.387667,True
MATMUL,uint32_t,16,256,128,32,32,839.045333,True
MATMUL,uint32_t,16,256,128,64,8,1828.527667,True
MATMUL,uint32_t,16,256,128,64,4,2083.302333,True
MATMUL,uint32_t,16,256,128,64,16,1724.264,True
MATMUL,uint32_t,16,256,64,512,16,6912.736,True
MATMUL,uint32_t,16,256,128,64,32,1677.921,True
MATMUL,uint32_t,16,256,64,512,4,8372.966,True
MATMUL,uint32_t,16,256,128,64,64,1656.101,True
MATMUL,uint32_t,16,256,64,512,8,7336.677667,True
MATMUL,uint32_t,16,256,64,512,32,6723.477667,True
MATMUL,uint32_t,16,256,64,512,64,6634.282,True
MATMUL,uint32_t,16,256,128,128,4,4165.590333,True
MATMUL,uint32_t,16,256,128,128,32,3355.822333,True
MATMUL,uint32_t,16,256,128,128,16,3448.247,True
MATMUL,uint32_t,16,256,128,128,64,3312.49,True
MATMUL,uint32_t,16,256,128,128,128,3290.598333,True
MATMUL,uint32_t,16,256,128,128,8,3656.191333,True
MATMUL,uint32_t,16,256,128,256,8,7311.692333,True
MATMUL,uint32_t,16,256,128,256,4,8330.061,True
MATMUL,uint32_t,16,256,128,256,16,6894.670667,True
MATMUL,uint32_t,16,256,128,256,128,6580.971333,True
MATMUL,uint32_t,16,256,128,256,64,6623.621333,True
MATMUL,uint32_t,16,256,128,256,32,6710.710667,True
MATMUL,uint32_t,16,256,256,16,8,912.754,True
MATMUL,uint32_t,16,256,256,16,4,1038.908667,True
MATMUL,uint32_t,16,256,256,16,16,861.206667,True
MATMUL,uint32_t,16,256,256,32,4,2077.625333,True
MATMUL,uint32_t,16,256,256,32,8,1824.858667,True
MATMUL,uint32_t,16,256,256,32,16,1721.736667,True
MATMUL,uint32_t,16,256,256,32,32,1676.140333,True
MATMUL,uint32_t,16,256,128,512,8,14623.093333,True
MATMUL,uint32_t,16,256,256,64,4,4154.355333,True
MATMUL,uint32_t,16,256,256,64,8,3649.667,True
MATMUL,uint32_t,16,256,128,512,4,16662.006667,True
MATMUL,uint32_t,16,256,256,64,16,3443.973333,True
MATMUL,uint32_t,16,256,128,512,16,13790.706667,True
MATMUL,uint32_t,16,256,128,512,32,13422.199,True
MATMUL,uint32_t,16,256,256,64,32,3351.771333,True
MATMUL,uint32_t,16,256,256,64,64,3308.995333,True
MATMUL,uint32_t,16,256,128,512,64,13247.407667,True
MATMUL,uint32_t,16,256,128,512,128,13163.875667,True
MATMUL,uint32_t,16,256,256,128,4,8308.179667,True
MATMUL,uint32_t,16,256,256,128,8,7298.644333,True
MATMUL,uint32_t,16,256,256,128,16,6887.598,True
MATMUL,uint32_t,16,256,256,128,128,6576.972333,True
MATMUL,uint32_t,16,256,256,128,64,6619.051667,True
MATMUL,uint32_t,16,256,256,256,256,NA,False
MATMUL,uint32_t,16,256,256,128,32,6703.499667,True
MATMUL,uint32_t,16,256,256,256,8,14597.615667,True
MATMUL,uint32_t,16,256,256,256,4,16620.768667,True
MATMUL,uint32_t,16,256,256,256,16,13773.261,True
MATMUL,uint32_t,16,256,256,256,32,13408.075,True
MATMUL,uint32_t,16,256,256,256,64,13236.749,True
MATMUL,uint32_t,16,256,256,512,256,NA,False
MATMUL,uint32_t,16,256,256,256,128,13153.356333,True
MATMUL,uint32_t,16,256,512,16,8,1823.115,True
MATMUL,uint32_t,16,256,512,16,4,2074.757333,True
MATMUL,uint32_t,16,256,512,16,16,1720.823667,True
MATMUL,uint32_t,16,256,512,32,4,4148.847,True
MATMUL,uint32_t,16,256,512,32,8,3646.262,True
MATMUL,uint32_t,16,256,512,32,16,3441.647667,True
MATMUL,uint32_t,16,256,512,32,32,3350.224333,True
MATMUL,uint32_t,16,256,256,512,8,29193.974333,True
MATMUL,uint32_t,16,256,512,64,4,8300.043333,True
MATMUL,uint32_t,16,256,512,64,8,7291.917,True
MATMUL,uint32_t,16,256,256,512,4,33240.585333,True
MATMUL,uint32_t,16,256,256,512,16,27541.972,True
MATMUL,uint32_t,16,256,512,64,16,6882.274333,True
MATMUL,uint32_t,16,256,256,512,32,26813.540667,True
MATMUL,uint32_t,16,256,512,64,32,6701.113,True
MATMUL,uint32_t,16,256,512,64,64,6614.643667,True
MATMUL,uint32_t,16,256,256,512,64,26469.824,True
MATMUL,uint32_t,16,256,256,512,128,26306.456333,True
MATMUL,uint32_t,16,256,512,128,4,16597.797333,True
MATMUL,uint32_t,16,256,512,128,16,13766.342333,True
MATMUL,uint32_t,16,256,512,128,8,14583.250333,True
MATMUL,uint32_t,16,256,512,128,32,13401.319,True
MATMUL,uint32_t,16,256,512,128,64,13230.113333,True
MATMUL,uint32_t,16,256,512,128,128,13146.907667,True
MATMUL,uint32_t,16,256,512,256,256,NA,False
MATMUL,uint32_t,16,256,512,256,8,29172.165,True
MATMUL,uint32_t,16,256,512,256,4,33196.791,True
MATMUL,uint32_t,16,256,512,256,128,26297.199,True
MATMUL,uint32_t,16,256,512,256,32,26800.935,True
MATMUL,uint32_t,16,256,512,256,64,26457.246333,True
MATMUL,uint32_t,16,256,512,512,256,NA,False
MATMUL,uint32_t,16,512,16,16,4,135.326667,True
MATMUL,uint32_t,16,256,512,256,16,27529.702667,True
MATMUL,uint32_t,16,512,16,16,8,117.540333,True
MATMUL,uint32_t,16,512,16,16,16,110.121,True
MATMUL,uint32_t,16,512,16,32,4,270.192667,True
MATMUL,uint32_t,16,512,16,32,8,234.564667,True
MATMUL,uint32_t,16,512,16,32,16,219.753667,True
MATMUL,uint32_t,16,512,16,64,4,539.785667,True
MATMUL,uint32_t,16,512,16,64,8,468.743333,True
MATMUL,uint32_t,16,512,16,64,16,438.989333,True
MATMUL,uint32_t,16,512,16,128,4,1078.969333,True
MATMUL,uint32_t,16,512,16,128,8,936.832,True
MATMUL,uint32_t,16,512,16,128,16,877.636333,True
MATMUL,uint32_t,16,512,16,256,4,2157.628,True
MATMUL,uint32_t,16,512,16,256,8,1873.036667,True
MATMUL,uint32_t,16,512,16,256,16,1754.453333,True
MATMUL,uint32_t,16,512,16,512,4,4314.541,True
MATMUL,uint32_t,16,512,16,512,8,3745.661,True
MATMUL,uint32_t,16,512,32,16,4,264.780667,True
MATMUL,uint32_t,16,512,32,16,8,231.369667,True
MATMUL,uint32_t,16,512,32,16,16,217.579333,True
MATMUL,uint32_t,16,512,32,32,4,529.111333,True
MATMUL,uint32_t,16,512,32,32,8,462.370333,True
MATMUL,uint32_t,16,512,32,32,16,434.730667,True
MATMUL,uint32_t,16,512,16,512,16,3508.549667,True
MATMUL,uint32_t,16,512,32,32,32,422.322,True
MATMUL,uint32_t,16,512,32,64,4,1057.53,True
MATMUL,uint32_t,16,512,32,64,8,924.047,True
MATMUL,uint32_t,16,512,32,64,16,868.941667,True
MATMUL,uint32_t,16,512,32,64,32,844.226,True
MATMUL,uint32_t,16,512,32,128,8,1847.830333,True
MATMUL,uint32_t,16,512,32,128,4,2114.791333,True
MATMUL,uint32_t,16,512,32,128,16,1737.022,True
MATMUL,uint32_t,16,512,32,128,32,1688.103,True
MATMUL,uint32_t,16,512,32,256,8,3694.842,True
MATMUL,uint32_t,16,512,32,256,4,4228.499333,True
MATMUL,uint32_t,16,512,32,256,16,3474.334333,True
MATMUL,uint32_t,16,512,32,256,32,3374.717,True
MATMUL,uint32_t,16,256,512,512,8,58338.374667,True
MATMUL,uint32_t,16,512,32,512,8,7388.794,True
MATMUL,uint32_t,16,512,32,512,4,8458.336333,True
MATMUL,uint32_t,16,512,64,16,4,523.791333,True
MATMUL,uint32_t,16,512,64,16,8,459.082,True
MATMUL,uint32_t,16,512,64,16,16,432.507333,True
MATMUL,uint32_t,16,512,64,32,4,1046.992667,True
MATMUL,uint32_t,16,512,64,32,8,917.793,True
MATMUL,uint32_t,16,512,32,512,16,6947.540667,True
MATMUL,uint32_t,16,512,64,32,16,864.587333,True
MATMUL,uint32_t,16,256,512,512,4,66377.535667,True
MATMUL,uint32_t,16,512,64,32,32,840.861,True
MATMUL,uint32_t,16,512,32,512,32,6749.985667,True
MATMUL,uint32_t,16,512,64,64,8,1834.665667,True
MATMUL,uint32_t,16,512,64,64,16,1728.617333,True
MATMUL,uint32_t,16,512,64,64,4,2093.565333,True
MATMUL,uint32_t,16,512,64,64,32,1681.087333,True
MATMUL,uint32_t,16,512,64,64,64,1659.163667,True
MATMUL,uint32_t,16,256,512,512,16,55052.656667,True
MATMUL,uint32_t,16,512,64,128,8,3669.061333,True
MATMUL,uint32_t,16,512,64,128,4,4186.546,True
MATMUL,uint32_t,16,512,64,128,16,3456.556333,True
MATMUL,uint32_t,16,512,64,128,32,3361.813333,True
MATMUL,uint32_t,16,256,512,512,32,53607.058333,True
MATMUL,uint32_t,16,512,64,128,64,3317.802,True
MATMUL,uint32_t,16,256,512,512,128,52596.067,True
MATMUL,uint32_t,16,256,512,512,64,52921.948,True
MATMUL,uint32_t,16,512,64,256,16,6913.570333,True
MATMUL,uint32_t,16,512,64,256,8,7338.534333,True
MATMUL,uint32_t,16,512,64,256,32,6723.892333,True
MATMUL,uint32_t,16,512,64,256,4,8374.086,True
MATMUL,uint32_t,16,512,64,256,64,6635.586,True
MATMUL,uint32_t,16,512,128,16,4,1041.713,True
MATMUL,uint32_t,16,512,128,16,8,914.464,True
MATMUL,uint32_t,16,512,128,16,16,862.302333,True
MATMUL,uint32_t,16,512,128,32,8,1828.694333,True
MATMUL,uint32_t,16,512,128,32,4,2083.028667,True
MATMUL,uint32_t,16,512,128,32,16,1724.153333,True
MATMUL,uint32_t,16,512,128,32,32,1677.985667,True
MATMUL,uint32_t,16,512,128,64,8,3656.890333,True
MATMUL,uint32_t,16,512,128,64,4,4165.997,True
MATMUL,uint32_t,16,512,128,64,16,3448.111,True
MATMUL,uint32_t,16,512,128,64,32,3356.095667,True
MATMUL,uint32_t,16,512,128,64,64,3311.828333,True
MATMUL,uint32_t,16,512,64,512,4,16743.930667,True
MATMUL,uint32_t,16,512,64,512,16,13824.571333,True
MATMUL,uint32_t,16,512,64,512,8,14674.841,True
MATMUL,uint32_t,16,512,64,512,64,13268.079,True
MATMUL,uint32_t,16,512,64,512,32,13447.162667,True
MATMUL,uint32_t,16,512,128,128,4,8329.9,True
MATMUL,uint32_t,16,512,128,128,16,6895.852333,True
MATMUL,uint32_t,16,512,128,128,8,7311.719333,True
MATMUL,uint32_t,16,512,128,128,64,6623.749667,True
MATMUL,uint32_t,16,512,128,128,32,6710.631,True
MATMUL,uint32_t,16,512,128,128,128,6582.090333,True
MATMUL,uint32_t,16,512,128,256,8,14624.419,True
MATMUL,uint32_t,16,512,128,256,4,16659.588,True
MATMUL,uint32_t,16,512,128,256,16,13788.994,True
MATMUL,uint32_t,16,512,128,256,64,13248.266,True
MATMUL,uint32_t,16,512,128,256,32,13421.680667,True
MATMUL,uint32_t,16,512,128,256,128,13163.331,True
MATMUL,uint32_t,16,512,256,16,8,1825.040333,True
MATMUL,uint32_t,16,512,256,16,4,2078.029333,True
MATMUL,uint32_t,16,512,256,16,16,1721.990333,True
MATMUL,uint32_t,16,512,256,32,4,4155.497667,True
MATMUL,uint32_t,16,512,256,32,8,3649.371333,True
MATMUL,uint32_t,16,512,256,32,16,3443.539667,True
MATMUL,uint32_t,16,512,256,32,32,3351.847333,True
MATMUL,uint32_t,16,512,128,512,8,29250.197667,True
MATMUL,uint32_t,16,512,256,64,4,8310.233667,True
MATMUL,uint32_t,16,512,256,64,8,7298.947667,True
MATMUL,uint32_t,16,512,128,512,4,33323.245,True
MATMUL,uint32_t,16,512,256,64,16,6887.747,True
MATMUL,uint32_t,16,512,128,512,16,27583.691,True
MATMUL,uint32_t,16,512,128,512,32,26838.921667,True
MATMUL,uint32_t,16,512,256,64,32,6704.010333,True
MATMUL,uint32_t,16,512,256,64,64,6617.497333,True
MATMUL,uint32_t,16,512,128,512,64,26491.549333,True
MATMUL,uint32_t,16,512,128,512,128,26327.092667,True
MATMUL,uint32_t,16,512,256,128,4,16619.049667,True
MATMUL,uint32_t,16,512,256,128,16,13774.112,True
MATMUL,uint32_t,16,512,256,128,8,14598.745667,True
MATMUL,uint32_t,16,512,256,128,32,13409.104,True
MATMUL,uint32_t,16,512,256,128,64,13236.688333,True
MATMUL,uint32_t,16,512,256,128,128,13152.358,True
MATMUL,uint32_t,16,512,256,256,256,NA,False
MATMUL,uint32_t,16,512,256,256,8,29197.561667,True
MATMUL,uint32_t,16,512,256,256,4,33232.146667,True
MATMUL,uint32_t,16,512,256,256,16,27547.683667,True
MATMUL,uint32_t,16,512,256,256,32,26816.198333,True
MATMUL,uint32_t,16,512,256,256,128,26307.746333,True
MATMUL,uint32_t,16,512,256,256,64,26475.143333,True
MATMUL,uint32_t,16,512,256,512,256,NA,False
MATMUL,uint32_t,16,512,512,16,8,3647.012333,True
MATMUL,uint32_t,16,512,512,16,4,4149.85,True
MATMUL,uint32_t,16,512,512,16,16,3441.926667,True
MATMUL,uint32_t,16,512,512,32,4,8299.947667,True
MATMUL,uint32_t,16,512,512,32,8,7292.297667,True
MATMUL,uint32_t,16,512,512,32,16,6883.298333,True
MATMUL,uint32_t,16,512,512,32,32,6701.610333,True
MATMUL,uint32_t,16,512,256,512,8,58383.637,True
MATMUL,uint32_t,16,512,512,64,4,16599.333333,True
MATMUL,uint32_t,16,512,512,64,8,14583.958,True
MATMUL,uint32_t,16,512,256,512,4,66467.639,True
MATMUL,uint32_t,16,512,256,512,16,55088.984,True
MATMUL,uint32_t,16,512,512,64,16,13766.705,True
MATMUL,uint32_t,16,512,256,512,32,53627.551667,True
MATMUL,uint32_t,16,512,512,64,64,13230.429667,True
MATMUL,uint32_t,16,512,512,64,32,13400.130667,True
MATMUL,uint32_t,16,512,256,512,128,52606.404667,True
MATMUL,uint32_t,16,512,256,512,64,52937.593333,True
MATMUL,uint32_t,16,512,512,128,4,33192.495333,True
MATMUL,uint32_t,16,512,512,128,16,27532.549667,True
MATMUL,uint32_t,16,512,512,128,32,26801.789,True
MATMUL,uint32_t,16,512,512,128,8,29173.620333,True
MATMUL,uint32_t,16,512,512,128,128,26296.99,True
MATMUL,uint32_t,16,512,512,128,64,26460.745667,True
MATMUL,uint32_t,16,512,512,256,256,NA,False
MATMUL,uint32_t,16,512,512,256,8,58333.769,True
MATMUL,uint32_t,16,512,512,256,4,66384.060667,True
MATMUL,uint32_t,16,512,512,256,32,53599.739,True
MATMUL,uint32_t,16,512,512,256,128,52596.175667,True
MATMUL,uint32_t,16,512,512,256,64,52915.643667,True
MATMUL,uint32_t,16,512,512,512,256,NA,False
MATMUL,uint32_t,16,512,512,256,16,55053.620667,True
MATMUL,uint32_t,16,512,512,512,8,116674.060667,True
MATMUL,uint32_t,16,512,512,512,4,132766.560333,True
MATMUL,uint32_t,16,512,512,512,16,110119.392,True
MATMUL,uint32_t,16,512,512,512,32,107199.104667,True
MATMUL,uint32_t,16,512,512,512,128,105189.326,True
MATMUL,uint32_t,16,512,512,512,64,105836.207,True
