operation,data_type,thread,iteration,vec_length,n_length,buffer_size,measured,predicted,error_percent
MATMUL,uint32_t,1,16,16,16,16,2.466000,2.309010,-6.37
MATMUL,uint32_t,1,16,16,16,8,2.678667,2.428617,-9.33
MATMUL,uint32_t,1,16,16,16,4,3.125667,2.730304,-12.65
MATMUL,uint32_t,1,16,16,32,4,6.220000,5.392082,-13.31
MATMUL,uint32_t,1,16,16,32,16,4.879667,4.549494,-6.77
MATMUL,uint32_t,1,16,16,32,8,5.283333,4.788708,-9.36
MATMUL,uint32_t,1,16,16,64,8,10.474667,9.508891,-9.22
MATMUL,uint32_t,1,16,16,64,4,12.354333,10.715638,-13.26
MATMUL,uint32_t,1,16,16,64,16,9.705333,9.030464,-6.95
MATMUL,uint32_t,1,16,16,128,16,19.351667,17.992402,-7.02
MATMUL,uint32_t,1,16,16,128,4,24.645333,21.362752,-13.32
MATMUL,uint32_t,1,16,16,128,8,20.905667,18.949257,-9.36
MATMUL,uint32_t,1,16,16,256,16,38.633333,35.916278,-7.03
MATMUL,uint32_t,1,16,16,256,4,49.240667,42.656978,-13.37
MATMUL,uint32_t,1,16,16,256,8,41.725333,37.829988,-9.34
MATMUL,uint32_t,1,16,32,16,4,6.065667,5.337481,-12.01
MATMUL,uint32_t,1,16,32,16,8,5.202000,4.744612,-8.79
MATMUL,uint32_t,1,16,32,16,16,4.829333,4.510354,-6.61
MATMUL,uint32_t,1,16,32,32,8,10.410667,9.420699,-9.51
MATMUL,uint32_t,1,16,32,32,4,12.111000,10.606436,-12.42
MATMUL,uint32_t,1,16,16,512,4,98.460333,85.245430,-13.42
MATMUL,uint32_t,1,16,32,32,16,9.604333,8.952182,-6.79
MATMUL,uint32_t,1,16,32,32,32,9.270667,8.703460,-6.12
MATMUL,uint32_t,1,16,16,512,16,77.210667,71.764032,-7.05
MATMUL,uint32_t,1,16,16,512,8,83.412333,75.591451,-9.38
MATMUL,uint32_t,1,16,32,64,4,24.151667,21.144347,-12.45
MATMUL,uint32_t,1,16,32,64,16,19.156000,17.835840,-6.89
MATMUL,uint32_t,1,16,32,64,8,20.617667,18.772873,-8.95
MATMUL,uint32_t,1,16,32,64,32,18.502000,17.338395,-6.29
MATMUL,uint32_t,1,16,32,128,8,41.144000,37.477220,-8.91
MATMUL,uint32_t,1,16,32,128,4,48.256333,42.220169,-12.51
MATMUL,uint32_t,1,16,32,128,32,36.934667,34.608265,-6.30
MATMUL,uint32_t,1,16,32,128,16,38.246000,35.603154,-6.91
MATMUL,uint32_t,1,16,32,256,8,82.313000,74.885915,-9.02
MATMUL,uint32_t,1,16,32,256,16,76.417333,71.137782,-6.91
MATMUL,uint32_t,1,16,32,256,4,96.366667,84.371812,-12.45
MATMUL,uint32_t,1,16,32,256,32,73.803333,69.148004,-6.31
MATMUL,uint32_t,1,16,64,16,4,12.009000,10.551835,-12.13
MATMUL,uint32_t,1,16,64,16,16,9.543000,8.913042,-6.60
MATMUL,uint32_t,1,16,64,16,8,10.271000,9.376603,-8.71
MATMUL,uint32_t,1,16,64,32,4,23.988000,21.035145,-12.31
MATMUL,uint32_t,1,16,32,512,32,147.611000,138.227483,-6.36
MATMUL,uint32_t,1,16,32,512,16,152.734000,142.207040,-6.89
MATMUL,uint32_t,1,16,64,32,16,19.047333,17.757558,-6.77
MATMUL,uint32_t,1,16,64,32,8,20.487000,18.684681,-8.80
MATMUL,uint32_t,1,16,64,32,32,18.424333,17.265558,-6.29
MATMUL,uint32_t,1,16,32,512,8,164.469333,149.703305,-8.98
MATMUL,uint32_t,1,16,32,512,4,192.671000,168.675099,-12.45
MATMUL,uint32_t,1,16,64,64,4,47.887333,42.001764,-12.29
MATMUL,uint32_t,1,16,64,64,8,40.899333,37.300836,-8.80
MATMUL,uint32_t,1,16,64,64,64,36.209333,34.004082,-6.09
MATMUL,uint32_t,1,16,64,64,16,38.020667,35.446592,-6.77
MATMUL,uint32_t,1,16,64,64,32,36.792667,34.462592,-6.33
MATMUL,uint32_t,1,16,64,128,8,81.746667,74.533147,-8.82
MATMUL,uint32_t,1,16,64,128,4,95.661667,83.935003,-12.26
MATMUL,uint32_t,1,16,64,128,16,75.998667,70.824658,-6.81
MATMUL,uint32_t,1,16,64,128,32,73.533667,68.856658,-6.36
MATMUL,uint32_t,1,16,64,128,64,72.381667,67.939638,-6.14
MATMUL,uint32_t,1,16,64,256,16,151.894667,141.580790,-6.79
MATMUL,uint32_t,1,16,64,256,8,163.410667,148.997769,-8.82
MATMUL,uint32_t,1,16,64,256,4,191.430667,167.801481,-12.34
MATMUL,uint32_t,1,16,64,256,32,146.926667,137.644790,-6.32
MATMUL,uint32_t,1,16,64,256,64,144.703000,135.810752,-6.15
MATMUL,uint32_t,1,16,128,16,4,23.837000,20.980544,-11.98
MATMUL,uint32_t,1,16,128,16,8,20.412667,18.640585,-8.68
MATMUL,uint32_t,1,16,128,16,16,18.997000,17.718418,-6.73
MATMUL,uint32_t,1,16,128,32,4,47.574667,41.892562,-11.94
MATMUL,uint32_t,1,16,128,32,8,40.748000,37.212644,-8.68
MATMUL,uint32_t,1,16,128,32,16,37.948667,35.368310,-6.80
MATMUL,uint32_t,1,16,64,512,8,326.656667,297.927012,-8.80
MATMUL,uint32_t,1,16,64,512,16,303.755000,283.093056,-6.80
MATMUL,uint32_t,1,16,64,512,4,382.701667,335.534436,-12.32
MATMUL,uint32_t,1,16,128,32,32,36.728667,34.389755,-6.37
MATMUL,uint32_t,1,16,64,512,32,293.873667,275.221056,-6.35
MATMUL,uint32_t,1,16,64,512,64,289.320333,271.552978,-6.14
MATMUL,uint32_t,1,16,128,64,8,81.467333,74.356763,-8.73
MATMUL,uint32_t,1,16,128,64,4,95.174000,83.716598,-12.04
MATMUL,uint32_t,1,16,128,64,16,75.799000,70.668096,-6.77
MATMUL,uint32_t,1,16,128,64,32,73.363667,68.710985,-6.34
MATMUL,uint32_t,1,16,128,64,64,72.252000,67.799328,-6.16
MATMUL,uint32_t,1,16,128,128,16,151.512000,141.267666,-6.76
MATMUL,uint32_t,1,16,128,128,4,190.243000,167.364672,-12.03
MATMUL,uint32_t,1,16,128,128,8,162.824000,148.645001,-8.71
MATMUL,uint32_t,1,16,128,128,32,146.661000,137.353444,-6.35
MATMUL,uint32_t,1,16,128,128,64,144.448333,135.530130,-6.17
MATMUL,uint32_t,1,16,128,128,128,143.267667,134.632493,-6.03
MATMUL,uint32_t,1,16,128,256,8,325.598667,297.221476,-8.72
MATMUL,uint32_t,1,16,128,256,4,380.997333,334.660818,-12.16
MATMUL,uint32_t,1,16,128,256,64,288.786000,270.991734,-6.16
MATMUL,uint32_t,1,16,128,256,128,286.370333,269.196461,-6.00
MATMUL,uint32_t,1,16,128,256,32,293.246000,274.638363,-6.35
MATMUL,uint32_t,1,16,128,256,16,303.031333,282.466806,-6.79
MATMUL,uint32_t,1,16,256,16,4,47.507333,41.837961,-11.93
MATMUL,uint32_t,1,16,256,16,8,40.685000,37.168548,-8.64
MATMUL,uint32_t,1,16,256,16,16,37.883000,35.329170,-6.74
MATMUL,uint32_t,1,16,256,32,4,94.908333,83.607396,-11.91
MATMUL,uint32_t,1,16,256,32,8,81.293333,74.268571,-8.64
MATMUL,uint32_t,1,16,256,32,16,75.718333,70.589814,-6.77
MATMUL,uint32_t,1,16,128,512,8,651.189333,594.374427,-8.72
MATMUL,uint32_t,1,16,256,32,32,73.309667,68.638148,-6.37
MATMUL,uint32_t,1,16,128,512,4,760.746000,669.253110,-12.03
MATMUL,uint32_t,1,16,128,512,16,605.819667,564.865088,-6.76
MATMUL,uint32_t,1,16,128,512,32,586.602000,549.208201,-6.37
MATMUL,uint32_t,1,16,256,64,8,162.547667,148.468617,-8.66
MATMUL,uint32_t,1,16,128,512,128,572.660000,538.324397,-6.00
MATMUL,uint32_t,1,16,128,512,64,577.531667,541.914944,-6.17
MATMUL,uint32_t,1,16,256,64,4,190.212333,167.146267,-12.13
MATMUL,uint32_t,1,16,256,64,16,151.354000,141.111104,-6.77
MATMUL,uint32_t,1,16,256,64,32,146.569667,137.207771,-6.39
MATMUL,uint32_t,1,16,256,64,64,144.325333,135.389819,-6.19
MATMUL,uint32_t,1,16,256,128,32,292.890000,274.347017,-6.33
MATMUL,uint32_t,1,16,256,128,16,302.586000,282.153682,-6.75
MATMUL,uint32_t,1,16,256,128,64,288.524333,270.711113,-6.17
MATMUL,uint32_t,1,16,256,128,8,325.045000,296.868708,-8.67
MATMUL,uint32_t,1,16,256,128,4,379.464000,334.224009,-11.92
MATMUL,uint32_t,1,16,256,128,128,286.159667,268.921101,-6.02
MATMUL,uint32_t,1,16,256,256,8,649.925667,593.668891,-8.66
MATMUL,uint32_t,1,16,256,256,4,759.346333,668.379492,-11.98
MATMUL,uint32_t,1,16,256,256,32,585.876333,548.625508,-6.36
MATMUL,uint32_t,1,16,256,256,64,577.032000,541.353700,-6.18
MATMUL,uint32_t,1,16,256,256,128,572.181000,537.773677,-6.01
MATMUL,uint32_t,1,16,256,256,256,570.010333,536.180950,-5.93
MATMUL,uint32_t,1,16,256,256,16,605.221000,564.238838,-6.77
MATMUL,uint32_t,1,16,512,16,4,94.819333,83.552795,-11.88
MATMUL,uint32_t,1,16,512,16,8,81.234667,74.224475,-8.63
MATMUL,uint32_t,1,16,512,16,16,75.663667,70.550674,-6.76
MATMUL,uint32_t,1,16,512,32,4,189.676000,167.037065,-11.94
MATMUL,uint32_t,1,16,512,32,8,162.381333,148.380425,-8.62
MATMUL,uint32_t,1,16,256,512,4,1518.017000,1336.690459,-11.94
MATMUL,uint32_t,1,16,512,32,16,151.213000,141.032822,-6.73
MATMUL,uint32_t,1,16,256,512,16,1210.210000,1128.409152,-6.76
MATMUL,uint32_t,1,16,512,32,32,146.445667,137.134934,-6.36
MATMUL,uint32_t,1,16,256,512,8,1299.644667,1187.269257,-8.65
MATMUL,uint32_t,1,16,256,512,128,1144.240333,1075.478829,-6.01
MATMUL,uint32_t,1,16,256,512,256,1139.834667,1072.293376,-5.93
MATMUL,uint32_t,1,16,256,512,64,1153.985000,1082.638875,-6.18
MATMUL,uint32_t,1,16,256,512,32,1171.911333,1097.182491,-6.38
MATMUL,uint32_t,1,16,512,64,8,324.780333,296.692324,-8.65
MATMUL,uint32_t,1,16,512,64,16,302.372000,281.997120,-6.74
MATMUL,uint32_t,1,16,512,64,32,292.769667,274.201344,-6.34
MATMUL,uint32_t,1,16,512,64,64,288.430667,270.570802,-6.19
MATMUL,uint32_t,1,16,512,64,4,379.059333,334.005604,-11.89
MATMUL,uint32_t,1,16,512,128,16,604.718000,563.925714,-6.75
MATMUL,uint32_t,1,16,512,128,8,649.489667,593.316123,-8.65
MATMUL,uint32_t,1,16,512,128,4,758.420000,667.942683,-11.93
MATMUL,uint32_t,1,16,512,128,64,576.767000,541.073078,-6.19
MATMUL,uint32_t,1,16,512,128,128,571.896000,537.498317,-6.01
MATMUL,uint32_t,1,16,512,128,32,585.489667,548.334162,-6.35
MATMUL,uint32_t,1,16,512,256,8,1298.801000,1186.563721,-8.64
MATMUL,uint32_t,1,16,512,256,4,1515.217333,1335.816841,-11.84
MATMUL,uint32_t,1,16,512,256,32,1171.253333,1096.599798,-6.37
MATMUL,uint32_t,1,16,512,256,16,1209.501333,1127.782902,-6.76
MATMUL,uint32_t,1,16,512,256,64,1153.470000,1082.077632,-6.19
MATMUL,uint32_t,1,16,512,256,128,1143.782333,1074.928109,-6.02
MATMUL,uint32_t,1,16,512,256,256,1139.389667,1071.747291,-5.94
MATMUL,uint32_t,1,32,16,16,4,6.202667,5.394596,-13.03
MATMUL,uint32_t,1,32,16,16,8,5.274333,4.791222,-9.16
MATMUL,uint32_t,1,32,16,16,16,4.878667,4.552009,-6.70
MATMUL,uint32_t,1,32,16,32,4,12.366667,10.718153,-13.33
MATMUL,uint32_t,1,32,16,32,8,10.492667,9.511405,-9.35
MATMUL,uint32_t,1,32,16,32,16,9.716333,9.032978,-7.03
MATMUL,uint32_t,1,32,16,64,4,24.660333,21.365266,-13.36
MATMUL,uint32_t,1,32,16,64,8,20.917000,18.951771,-9.40
MATMUL,uint32_t,1,32,16,64,16,19.350333,17.994916,-7.00
MATMUL,uint32_t,1,32,16,128,4,49.268667,42.659492,-13.41
MATMUL,uint32_t,1,32,16,128,8,41.744333,37.832502,-9.37
MATMUL,uint32_t,1,32,16,128,16,38.631667,35.918793,-7.02
MATMUL,uint32_t,1,32,16,256,4,98.453000,85.247945,-13.41
MATMUL,uint32_t,1,32,16,256,8,83.420667,75.593965,-9.38
MATMUL,uint32_t,1,32,16,256,16,77.188333,71.766546,-7.02
MATMUL,uint32_t,1,32,16,512,4,196.739667,170.424850,-13.38
MATMUL,uint32_t,1,32,16,512,8,166.737000,151.116891,-9.37
MATMUL,uint32_t,1,16,512,512,4,3032.264333,2671.565156,-11.90
MATMUL,uint32_t,1,32,32,16,4,12.097667,10.608950,-12.31
MATMUL,uint32_t,1,32,32,16,8,10.345667,9.423213,-8.92
MATMUL,uint32_t,1,32,16,512,16,154.345667,143.462052,-7.05
MATMUL,uint32_t,1,32,32,16,16,9.600333,8.954697,-6.73
MATMUL,uint32_t,1,16,512,512,64,2306.881667,2164.086738,-6.19
MATMUL,uint32_t,1,32,32,32,8,20.644000,18.775387,-9.05
MATMUL,uint32_t,1,32,32,32,4,24.179333,21.146861,-12.54
MATMUL,uint32_t,1,16,512,512,32,2341.788333,2193.131072,-6.35
MATMUL,uint32_t,1,16,512,512,8,2597.615667,2373.058916,-8.64
MATMUL,uint32_t,1,16,512,512,128,2287.223667,2149.787693,-6.01
MATMUL,uint32_t,1,16,512,512,16,2418.231333,2255.497280,-6.73
MATMUL,uint32_t,1,32,32,32,16,19.168000,17.838354,-6.94
MATMUL,uint32_t,1,32,32,32,32,18.506000,17.340909,-6.30
MATMUL,uint32_t,1,32,32,64,8,41.180333,37.479734,-8.99
MATMUL,uint32_t,1,32,32,64,4,48.234000,42.222683,-12.46
MATMUL,uint32_t,1,32,32,64,16,38.245667,35.605668,-6.90
MATMUL,uint32_t,1,32,32,64,32,36.940000,34.610779,-6.31
MATMUL,uint32_t,1,16,512,512,256,2279.020000,2143.426057,-5.95
MATMUL,uint32_t,1,32,32,128,8,82.268333,74.888429,-8.97
MATMUL,uint32_t,1,32,32,128,16,76.435333,71.140297,-6.93
MATMUL,uint32_t,1,32,32,128,4,96.422667,84.374326,-12.50
MATMUL,uint32_t,1,32,32,128,32,73.819000,69.150518,-6.32
MATMUL,uint32_t,1,32,32,256,16,152.711000,142.209554,-6.88
MATMUL,uint32_t,1,32,32,256,8,164.504667,149.705819,-9.00
MATMUL,uint32_t,1,32,32,256,4,192.720333,168.677613,-12.48
MATMUL,uint32_t,1,32,32,256,32,147.555333,138.229997,-6.32
MATMUL,uint32_t,1,32,64,16,4,23.975333,21.037659,-12.25
MATMUL,uint32_t,1,32,64,16,8,20.482000,18.687195,-8.76
MATMUL,uint32_t,1,32,64,16,16,19.048333,17.760073,-6.76
MATMUL,uint32_t,1,32,64,32,4,47.895667,42.004278,-12.30
MATMUL,uint32_t,1,32,64,32,16,38.053333,35.449106,-6.84
MATMUL,uint32_t,1,32,64,32,8,40.906000,37.303350,-8.81
MATMUL,uint32_t,1,32,64,32,32,36.812000,34.465106,-6.38
MATMUL,uint32_t,1,32,32,512,16,305.374000,284.348068,-6.89
MATMUL,uint32_t,1,32,32,512,32,295.038333,276.388955,-6.32
MATMUL,uint32_t,1,32,32,512,8,328.968333,299.340598,-9.01
MATMUL,uint32_t,1,32,64,64,4,95.786667,83.937517,-12.37
MATMUL,uint32_t,1,32,32,512,4,385.140000,337.284187,-12.43
MATMUL,uint32_t,1,32,64,64,16,76.004333,70.827172,-6.81
MATMUL,uint32_t,1,32,64,64,8,81.737667,74.535661,-8.81
MATMUL,uint32_t,1,32,64,64,32,73.520000,68.859172,-6.34
MATMUL,uint32_t,1,32,64,64,64,72.380333,67.942153,-6.13
MATMUL,uint32_t,1,32,64,128,8,163.398333,149.000283,-8.81
MATMUL,uint32_t,1,32,64,128,4,191.446000,167.803995,-12.35
MATMUL,uint32_t,1,32,64,128,16,151.951667,141.583305,-6.82
MATMUL,uint32_t,1,32,64,128,32,146.992000,137.647305,-6.36
MATMUL,uint32_t,1,32,64,128,64,144.687667,135.813266,-6.13
MATMUL,uint32_t,1,32,64,256,8,326.714000,297.929526,-8.81
MATMUL,uint32_t,1,32,64,256,16,303.775000,283.095570,-6.81
MATMUL,uint32_t,1,32,64,256,4,382.244333,335.536950,-12.22
MATMUL,uint32_t,1,32,64,256,32,293.926667,275.223570,-6.36
MATMUL,uint32_t,1,32,64,256,64,289.297000,271.555492,-6.13
MATMUL,uint32_t,1,32,128,16,4,47.626333,41.895076,-12.03
MATMUL,uint32_t,1,32,128,16,8,40.760667,37.215158,-8.70
MATMUL,uint32_t,1,32,128,16,16,37.941333,35.370825,-6.77
MATMUL,uint32_t,1,32,128,32,4,95.185333,83.719113,-12.05
MATMUL,uint32_t,1,32,128,32,8,81.476333,74.359277,-8.74
MATMUL,uint32_t,1,32,128,32,16,75.794667,70.670610,-6.76
MATMUL,uint32_t,1,32,128,32,32,73.369000,68.713499,-6.35
MATMUL,uint32_t,1,32,64,512,16,607.444333,566.120100,-6.80
MATMUL,uint32_t,1,32,64,512,8,653.348000,595.788013,-8.81
MATMUL,uint32_t,1,32,128,64,8,162.876333,148.647515,-8.74
MATMUL,uint32_t,1,32,128,64,4,190.369667,167.367186,-12.08
MATMUL,uint32_t,1,32,64,512,4,764.722333,671.002861,-12.26
MATMUL,uint32_t,1,32,64,512,32,587.701667,550.376100,-6.35
MATMUL,uint32_t,1,32,128,64,16,151.554667,141.270180,-6.79
MATMUL,uint32_t,1,32,64,512,64,578.506333,543.039945,-6.13
MATMUL,uint32_t,1,32,128,64,32,146.701667,137.355958,-6.37
MATMUL,uint32_t,1,32,128,64,64,144.443333,135.532644,-6.17
MATMUL,uint32_t,1,32,128,128,16,303.013000,282.469321,-6.78
MATMUL,uint32_t,1,32,128,128,8,325.706667,297.223990,-8.74
MATMUL,uint32_t,1,32,128,128,32,293.281667,274.640877,-6.36
MATMUL,uint32_t,1,32,128,128,128,286.340333,269.198976,-5.99
MATMUL,uint32_t,1,32,128,128,64,288.791667,270.994249,-6.16
MATMUL,uint32_t,1,32,128,128,4,380.587000,334.663332,-12.07
MATMUL,uint32_t,1,32,128,256,8,651.196000,594.376941,-8.73
MATMUL,uint32_t,1,32,128,256,4,760.885667,669.255625,-12.04
MATMUL,uint32_t,1,32,128,256,32,586.425333,549.210715,-6.35
MATMUL,uint32_t,1,32,128,256,64,577.512333,541.917458,-6.16
MATMUL,uint32_t,1,32,128,256,128,572.674000,538.326912,-6.00
MATMUL,uint32_t,1,32,128,256,16,606.050667,564.867602,-6.80
MATMUL,uint32_t,1,32,256,16,8,81.314333,74.271085,-8.66
MATMUL,uint32_t,1,32,256,16,4,94.969667,83.609910,-11.96
MATMUL,uint32_t,1,32,256,16,16,75.698667,70.592329,-6.75
MATMUL,uint32_t,1,32,256,32,4,189.792000,167.148781,-11.93
MATMUL,uint32_t,1,32,256,32,8,162.529333,148.471131,-8.65
MATMUL,uint32_t,1,32,256,32,16,151.337333,141.113618,-6.76
MATMUL,uint32_t,1,32,256,32,32,146.499000,137.210285,-6.34
MATMUL,uint32_t,1,32,128,512,8,1302.181667,1188.682843,-8.72
MATMUL,uint32_t,1,32,128,512,4,1524.667667,1338.440210,-12.21
MATMUL,uint32_t,1,32,256,64,4,379.325667,334.226523,-11.89
MATMUL,uint32_t,1,32,128,512,16,1211.739333,1129.664164,-6.77
MATMUL,uint32_t,1,32,256,64,8,325.104667,296.871222,-8.68
MATMUL,uint32_t,1,32,128,512,32,1172.703667,1098.350390,-6.34
MATMUL,uint32_t,1,32,256,64,16,302.649333,282.156196,-6.77
MATMUL,uint32_t,1,32,128,512,128,1145.318333,1076.582784,-6.00
MATMUL,uint32_t,1,32,128,512,64,1155.010333,1083.763876,-6.17
MATMUL,uint32_t,1,32,256,64,32,292.932667,274.349531,-6.34
MATMUL,uint32_t,1,32,256,64,64,288.530333,270.713627,-6.17
MATMUL,uint32_t,1,32,256,128,32,585.933000,548.628022,-6.37
MATMUL,uint32_t,1,32,256,128,16,605.098000,564.241353,-6.75
MATMUL,uint32_t,1,32,256,128,8,650.043333,593.671405,-8.67
MATMUL,uint32_t,1,32,256,128,64,577.029000,541.356214,-6.18
MATMUL,uint32_t,1,32,256,128,128,572.176000,537.776192,-6.01
MATMUL,uint32_t,1,32,256,128,4,759.061000,668.382006,-11.95
MATMUL,uint32_t,1,32,256,256,8,1299.887333,1187.271771,-8.66
MATMUL,uint32_t,1,32,256,256,4,1518.115667,1336.692973,-11.95
MATMUL,uint32_t,1,32,256,256,32,1171.319333,1097.185005,-6.33
MATMUL,uint32_t,1,32,256,256,64,1153.979667,1082.641389,-6.18
MATMUL,uint32_t,1,32,256,256,256,1140.040000,1072.295890,-5.94
MATMUL,uint32_t,1,32,256,256,16,1210.039000,1128.411666,-6.75
MATMUL,uint32_t,1,32,256,256,128,1144.170333,1075.481344,-6.00
MATMUL,uint32_t,1,32,512,16,4,189.970333,167.039579,-12.07
MATMUL,uint32_t,1,32,512,16,8,162.440000,148.382939,-8.65
MATMUL,uint32_t,1,32,512,16,16,151.221333,141.035337,-6.74
MATMUL,uint32_t,1,32,512,32,4,379.595333,334.008118,-12.01
MATMUL,uint32_t,1,32,512,32,8,324.765000,296.694838,-8.64
MATMUL,uint32_t,1,32,512,32,16,302.352000,281.999634,-6.73
MATMUL,uint32_t,1,32,256,512,4,3035.394667,2673.314907,-11.93
MATMUL,uint32_t,1,32,512,32,32,292.763667,274.203858,-6.34
MATMUL,uint32_t,1,32,256,512,16,2419.914667,2256.752292,-6.74
MATMUL,uint32_t,1,32,256,512,256,2279.530333,2144.520740,-5.92
MATMUL,uint32_t,1,32,256,512,128,2288.527333,2150.891648,-6.01
MATMUL,uint32_t,1,32,256,512,64,2307.866667,2165.211739,-6.18
MATMUL,uint32_t,1,32,256,512,32,2343.078333,2194.298971,-6.35
MATMUL,uint32_t,1,32,256,512,8,2600.208000,2374.472502,-8.68
MATMUL,uint32_t,1,32,512,64,4,757.887333,667.945197,-11.87
MATMUL,uint32_t,1,32,512,64,8,649.301667,593.318637,-8.62
MATMUL,uint32_t,1,32,512,64,32,585.687667,548.336676,-6.38
MATMUL,uint32_t,1,32,512,64,16,604.616333,563.928228,-6.73
MATMUL,uint32_t,1,32,512,64,64,576.776000,541.075593,-6.19
MATMUL,uint32_t,1,32,512,128,16,1209.432333,1127.785417,-6.75
MATMUL,uint32_t,1,32,512,128,8,1298.807000,1186.566235,-8.64
MATMUL,uint32_t,1,32,512,128,4,1515.764333,1335.819355,-11.87
MATMUL,uint32_t,1,32,512,128,32,1171.333667,1096.602313,-6.38
MATMUL,uint32_t,1,32,512,128,64,1153.483667,1082.080146,-6.19
MATMUL,uint32_t,1,32,512,128,128,1143.731000,1074.930624,-6.02
MATMUL,uint32_t,1,32,512,256,8,2597.793667,2373.061430,-8.65
MATMUL,uint32_t,1,32,512,256,4,3032.034333,2671.567670,-11.89
MATMUL,uint32_t,1,32,512,256,16,2418.877000,2255.499794,-6.75
MATMUL,uint32_t,1,32,512,256,32,2341.329333,2193.133586,-6.33
MATMUL,uint32_t,1,32,512,256,64,2306.892667,2164.089252,-6.19
MATMUL,uint32_t,1,32,512,256,128,2287.238333,2149.790208,-6.01
MATMUL,uint32_t,1,32,512,256,256,2278.397333,2143.428571,-5.92
MATMUL,uint32_t,1,64,16,16,4,12.359333,10.723181,-13.24
MATMUL,uint32_t,1,64,16,16,8,10.492333,9.516434,-9.30
MATMUL,uint32_t,1,64,16,16,16,9.724000,9.038006,-7.05
MATMUL,uint32_t,1,64,16,32,4,24.669333,21.370294,-13.37
MATMUL,uint32_t,1,64,16,32,8,20.926000,18.956800,-9.41
MATMUL,uint32_t,1,64,16,32,16,19.368667,17.999945,-7.07
MATMUL,uint32_t,1,64,16,64,4,49.278333,42.664521,-13.42
MATMUL,uint32_t,1,64,16,64,8,41.771667,37.837531,-9.42
MATMUL,uint32_t,1,64,16,64,16,38.660333,35.923821,-7.08
MATMUL,uint32_t,1,64,16,128,4,98.487000,85.252973,-13.44
MATMUL,uint32_t,1,64,16,128,8,83.438000,75.598994,-9.40
MATMUL,uint32_t,1,64,16,128,16,77.216000,71.771574,-7.05
MATMUL,uint32_t,1,64,16,256,4,196.795000,170.429878,-13.40
MATMUL,uint32_t,1,64,16,256,8,166.822333,151.121920,-9.41
MATMUL,uint32_t,1,64,16,256,16,154.342667,143.467081,-7.05
MATMUL,uint32_t,1,64,16,512,4,393.680333,340.783689,-13.44
MATMUL,uint32_t,1,64,16,512,8,333.348000,302.167771,-9.35
MATMUL,uint32_t,1,64,16,512,16,308.583333,286.858093,-7.04
MATMUL,uint32_t,1,64,32,16,4,24.163667,21.151890,-12.46
MATMUL,uint32_t,1,64,32,16,8,20.660667,18.780416,-9.10
MATMUL,uint32_t,1,64,32,16,16,19.163667,17.843382,-6.89
MATMUL,uint32_t,1,64,32,32,4,48.220667,42.227712,-12.43
MATMUL,uint32_t,1,64,32,32,8,41.202000,37.484763,-9.02
MATMUL,uint32_t,1,64,32,32,16,38.252667,35.610697,-6.91
MATMUL,uint32_t,1,64,32,32,32,36.960333,34.615808,-6.34
MATMUL,uint32_t,1,32,512,512,4,6065.879333,5343.064301,-11.92
MATMUL,uint32_t,1,64,32,64,4,96.404333,84.379355,-12.47
MATMUL,uint32_t,1,64,32,64,8,82.318000,74.893458,-9.02
MATMUL,uint32_t,1,64,32,64,16,76.441333,71.145325,-6.93
MATMUL,uint32_t,1,64,32,64,32,73.822333,69.155547,-6.32
MATMUL,uint32_t,1,32,512,512,64,4613.617333,4328.107465,-6.19
MATMUL,uint32_t,1,64,32,128,8,164.481667,149.710848,-8.98
MATMUL,uint32_t,1,64,32,128,4,192.611000,168.682642,-12.42
MATMUL,uint32_t,1,32,512,512,32,4683.903000,4386.196132,-6.36
MATMUL,uint32_t,1,32,512,512,8,5195.469000,4746.051821,-8.65
MATMUL,uint32_t,1,32,512,512,128,4574.570333,4299.509376,-6.01
MATMUL,uint32_t,1,32,512,512,256,4556.988333,4286.786102,-5.93
MATMUL,uint32_t,1,32,512,512,16,4836.995333,4510.928548,-6.74
MATMUL,uint32_t,1,64,32,128,32,147.556000,138.235026,-6.32
MATMUL,uint32_t,1,64,32,128,16,152.782000,142.214582,-6.92
MATMUL,uint32_t,1,64,32,256,8,328.888000,299.345627,-8.98
MATMUL,uint32_t,1,64,32,256,16,305.442000,284.353097,-6.90
MATMUL,uint32_t,1,64,32,256,4,384.787333,337.289216,-12.34
MATMUL,uint32_t,1,64,32,256,32,295.113333,276.393984,-6.34
MATMUL,uint32_t,1,64,64,16,8,40.929000,37.308379,-8.85
MATMUL,uint32_t,1,64,64,16,4,47.909333,42.009307,-12.31
MATMUL,uint32_t,1,64,64,16,16,38.063333,35.454134,-6.85
MATMUL,uint32_t,1,64,64,32,4,95.714667,83.942546,-12.30
MATMUL,uint32_t,1,64,64,32,16,76.011333,70.832201,-6.81
MATMUL,uint32_t,1,64,64,32,8,81.777000,74.540690,-8.85
MATMUL,uint32_t,1,64,64,32,32,73.515667,68.864201,-6.33
MATMUL,uint32_t,1,64,32,512,32,589.962000,552.711899,-6.31
MATMUL,uint32_t,1,64,32,512,16,610.677333,568.630125,-6.89
MATMUL,uint32_t,1,64,32,512,8,657.504667,598.615186,-8.96
MATMUL,uint32_t,1,64,64,64,4,191.606667,167.809024,-12.42
MATMUL,uint32_t,1,64,64,64,32,146.983333,137.652333,-6.35
MATMUL,uint32_t,1,64,64,64,16,151.970333,141.588333,-6.83
MATMUL,uint32_t,1,64,64,64,8,163.436667,149.005312,-8.83
MATMUL,uint32_t,1,64,32,512,4,770.790333,674.502363,-12.49
MATMUL,uint32_t,1,64,64,64,64,144.689667,135.818294,-6.13
MATMUL,uint32_t,1,64,64,128,64,289.302333,271.560521,-6.13
MATMUL,uint32_t,1,64,64,128,32,293.939667,275.228598,-6.37
MATMUL,uint32_t,1,64,64,128,16,303.817000,283.100598,-6.82
MATMUL,uint32_t,1,64,64,128,8,326.744333,297.934555,-8.82
MATMUL,uint32_t,1,64,64,128,4,382.234000,335.541979,-12.22
MATMUL,uint32_t,1,64,64,256,8,653.542000,595.793042,-8.84
MATMUL,uint32_t,1,64,64,256,16,607.504667,566.125129,-6.81
MATMUL,uint32_t,1,64,64,256,4,765.453333,671.007890,-12.34
MATMUL,uint32_t,1,64,128,16,4,95.157333,83.724141,-12.02
MATMUL,uint32_t,1,64,64,256,64,578.534333,543.044973,-6.13
MATMUL,uint32_t,1,64,64,256,32,587.638000,550.381129,-6.34
MATMUL,uint32_t,1,64,128,16,8,81.464667,74.364306,-8.72
MATMUL,uint32_t,1,64,128,16,16,75.831667,70.675638,-6.80
MATMUL,uint32_t,1,64,128,32,4,190.196667,167.372214,-12.00
MATMUL,uint32_t,1,64,128,32,16,151.539667,141.275209,-6.77
MATMUL,uint32_t,1,64,128,32,8,162.843000,148.652544,-8.71
MATMUL,uint32_t,1,64,128,32,32,146.683000,137.360987,-6.36
MATMUL,uint32_t,1,64,64,512,16,1215.042667,1132.174189,-6.82
MATMUL,uint32_t,1,64,128,64,8,325.618667,297.229019,-8.72
MATMUL,uint32_t,1,64,64,512,8,1306.625667,1191.510016,-8.81
MATMUL,uint32_t,1,64,128,64,4,380.593667,334.668361,-12.07
MATMUL,uint32_t,1,64,128,64,16,302.972333,282.474349,-6.77
MATMUL,uint32_t,1,64,64,512,4,1529.355333,1341.939712,-12.25
MATMUL,uint32_t,1,64,64,512,32,1175.122000,1100.686189,-6.33
MATMUL,uint32_t,1,64,128,64,32,293.272000,274.645906,-6.35
MATMUL,uint32_t,1,64,64,512,64,1156.996000,1086.013878,-6.14
MATMUL,uint32_t,1,64,128,64,64,288.803667,270.999277,-6.16
MATMUL,uint32_t,1,64,128,128,16,605.877000,564.872630,-6.77
MATMUL,uint32_t,1,64,128,128,8,651.054667,594.381970,-8.70
MATMUL,uint32_t,1,64,128,128,4,761.199000,669.260653,-12.08
MATMUL,uint32_t,1,64,128,128,32,586.470000,549.215744,-6.35
MATMUL,uint32_t,1,64,128,128,64,577.529000,541.922486,-6.17
MATMUL,uint32_t,1,64,128,128,128,572.650000,538.331940,-5.99
MATMUL,uint32_t,1,64,128,256,8,1302.387333,1188.687872,-8.73
MATMUL,uint32_t,1,64,128,256,4,1521.649333,1338.445238,-12.04
MATMUL,uint32_t,1,64,128,256,32,1172.874667,1098.355419,-6.35
MATMUL,uint32_t,1,64,128,256,16,1211.840000,1129.669193,-6.78
MATMUL,uint32_t,1,64,128,256,64,1154.977000,1083.768905,-6.17
MATMUL,uint32_t,1,64,128,256,128,1145.135333,1076.587812,-5.99
MATMUL,uint32_t,1,64,256,16,8,162.586333,148.476160,-8.68
MATMUL,uint32_t,1,64,256,16,4,190.171667,167.153810,-12.10
MATMUL,uint32_t,1,64,256,16,16,151.349333,141.118646,-6.76
MATMUL,uint32_t,1,64,256,32,4,379.607667,334.231552,-11.95
MATMUL,uint32_t,1,64,256,32,8,325.065000,296.876251,-8.67
MATMUL,uint32_t,1,64,256,32,16,302.588333,282.161225,-6.75
MATMUL,uint32_t,1,64,256,32,32,293.043667,274.354560,-6.38
MATMUL,uint32_t,1,64,128,512,8,2604.403667,2377.299675,-8.72
MATMUL,uint32_t,1,64,256,64,4,759.646667,668.387035,-12.01
MATMUL,uint32_t,1,64,256,64,8,649.996333,593.676434,-8.66
MATMUL,uint32_t,1,64,128,512,4,3042.296333,2676.814409,-12.01
MATMUL,uint32_t,1,64,128,512,16,2423.169000,2259.262317,-6.76
MATMUL,uint32_t,1,64,256,64,16,605.058000,564.246381,-6.75
MATMUL,uint32_t,1,64,128,512,32,2346.074333,2196.634770,-6.37
MATMUL,uint32_t,1,64,128,512,64,2309.871333,2167.461741,-6.17
MATMUL,uint32_t,1,64,128,512,128,2290.410333,2153.099556,-6.00
MATMUL,uint32_t,1,64,256,64,32,585.872000,548.633051,-6.36
MATMUL,uint32_t,1,64,256,64,64,577.027667,541.361243,-6.18
MATMUL,uint32_t,1,64,256,128,32,1171.927333,1097.190034,-6.38
MATMUL,uint32_t,1,64,256,128,16,1210.096667,1128.416694,-6.75
MATMUL,uint32_t,1,64,256,128,8,1300.182333,1187.276800,-8.68
MATMUL,uint32_t,1,64,256,128,64,1153.984667,1082.646418,-6.18
MATMUL,uint32_t,1,64,256,128,128,1144.497667,1075.486372,-6.03
MATMUL,uint32_t,1,64,256,128,4,1518.508667,1336.698002,-11.97
MATMUL,uint32_t,1,64,256,256,8,2599.843667,2374.477531,-8.67
MATMUL,uint32_t,1,64,256,256,4,3035.414667,2673.319936,-11.93
MATMUL,uint32_t,1,64,256,256,256,2280.023333,2144.525769,-5.94
MATMUL,uint32_t,1,64,256,256,64,2307.875000,2165.216768,-6.18
MATMUL,uint32_t,1,64,256,256,128,2288.270667,2150.896676,-6.00
MATMUL,uint32_t,1,64,256,256,32,2343.588667,2194.304000,-6.37
MATMUL,uint32_t,1,64,256,256,16,2420.062333,2256.757321,-6.75
MATMUL,uint32_t,1,64,512,16,4,379.086000,334.013147,-11.89
MATMUL,uint32_t,1,64,512,16,8,324.727667,296.699867,-8.63
MATMUL,uint32_t,1,64,512,16,16,302.355333,282.004662,-6.73
MATMUL,uint32_t,1,64,512,32,4,757.730333,667.950226,-11.85
MATMUL,uint32_t,1,64,512,32,8,649.515000,593.323666,-8.65
MATMUL,uint32_t,1,64,512,32,16,604.652000,563.933257,-6.73
MATMUL,uint32_t,1,64,256,512,4,6070.285000,5346.563803,-11.92
MATMUL,uint32_t,1,64,512,32,32,585.480333,548.341705,-6.34
MATMUL,uint32_t,1,64,256,512,8,5199.999333,4748.878994,-8.68
MATMUL,uint32_t,1,64,256,512,128,4577.597000,4301.717284,-6.03
MATMUL,uint32_t,1,64,256,512,256,4558.848333,4288.975469,-5.92
MATMUL,uint32_t,1,64,256,512,16,4840.284000,4513.438573,-6.75
MATMUL,uint32_t,1,64,256,512,64,4615.625333,4330.357467,-6.18
MATMUL,uint32_t,1,64,256,512,32,4686.244000,4388.531931,-6.35
MATMUL,uint32_t,1,64,512,64,4,1516.140667,1335.824384,-11.89
MATMUL,uint32_t,1,64,512,64,8,1298.621667,1186.571264,-8.63
MATMUL,uint32_t,1,64,512,64,64,1153.459667,1082.085174,-6.19
MATMUL,uint32_t,1,64,512,64,16,1209.563333,1127.790445,-6.76
MATMUL,uint32_t,1,64,512,64,32,1170.762667,1096.607341,-6.33
MATMUL,uint32_t,1,64,512,128,16,2418.385000,2255.504822,-6.74
MATMUL,uint32_t,1,64,512,128,8,2597.680333,2373.066459,-8.65
MATMUL,uint32_t,1,64,512,128,4,3030.956333,2671.572699,-11.86
MATMUL,uint32_t,1,64,512,128,32,2341.934000,2193.138614,-6.35
MATMUL,uint32_t,1,64,512,128,64,2306.849000,2164.094281,-6.19
MATMUL,uint32_t,1,64,512,128,128,2287.528333,2149.795236,-6.02
MATMUL,uint32_t,1,64,512,256,8,5194.364000,4746.056850,-8.63
MATMUL,uint32_t,1,64,512,256,4,6074.168000,5343.069330,-12.04
MATMUL,uint32_t,1,64,512,256,32,4684.988000,4386.201161,-6.38
MATMUL,uint32_t,1,64,512,256,16,4837.476667,4510.933577,-6.75
MATMUL,uint32_t,1,64,512,256,64,4613.650667,4328.112493,-6.19
MATMUL,uint32_t,1,64,512,256,128,4574.699000,4299.514404,-6.02
MATMUL,uint32_t,1,64,512,256,256,4556.916667,4286.791131,-5.93
MATMUL,uint32_t,1,128,16,16,4,24.741333,21.380354,-13.58
MATMUL,uint32_t,1,128,16,16,8,20.980667,18.966860,-9.60
MATMUL,uint32_t,1,128,16,16,16,19.404333,18.010005,-7.19
MATMUL,uint32_t,1,128,16,32,4,49.293667,42.674581,-13.43
MATMUL,uint32_t,1,128,16,32,8,41.811333,37.847591,-9.48
MATMUL,uint32_t,1,128,16,32,16,38.678667,35.933881,-7.10
MATMUL,uint32_t,1,128,16,64,4,98.604333,85.263033,-13.53
MATMUL,uint32_t,1,128,16,64,8,83.502333,75.609054,-9.45
MATMUL,uint32_t,1,128,16,64,16,77.227000,71.781634,-7.05
MATMUL,uint32_t,1,128,16,128,4,196.756000,170.439938,-13.37
MATMUL,uint32_t,1,128,16,128,8,166.746667,151.131980,-9.36
MATMUL,uint32_t,1,128,16,128,16,154.356667,143.477141,-7.05
MATMUL,uint32_t,1,128,16,256,4,393.760333,340.793749,-13.45
MATMUL,uint32_t,1,128,16,256,8,333.456333,302.177831,-9.38
MATMUL,uint32_t,1,128,16,256,16,308.591333,286.868153,-7.04
MATMUL,uint32_t,1,128,16,512,4,787.536667,681.501369,-13.46
MATMUL,uint32_t,1,128,16,512,8,666.454667,604.269534,-9.33
MATMUL,uint32_t,1,128,16,512,16,617.042667,573.650178,-7.03
MATMUL,uint32_t,1,128,32,16,4,48.273333,42.237772,-12.50
MATMUL,uint32_t,1,128,32,16,8,41.258667,37.494823,-9.12
MATMUL,uint32_t,1,128,32,16,16,38.287000,35.620757,-6.96
MATMUL,uint32_t,1,128,32,32,4,96.497333,84.389415,-12.55
MATMUL,uint32_t,1,128,32,32,8,82.329000,74.903518,-9.02
MATMUL,uint32_t,1,128,32,32,16,76.459333,71.155385,-6.94
MATMUL,uint32_t,1,128,32,32,32,73.876000,69.165607,-6.38
MATMUL,uint32_t,1,128,32,64,4,192.821667,168.692702,-12.51
MATMUL,uint32_t,1,128,32,64,8,164.514000,149.720908,-8.99
MATMUL,uint32_t,1,128,32,64,16,152.814333,142.224642,-6.93
MATMUL,uint32_t,1,128,32,64,32,147.609000,138.245086,-6.34
MATMUL,uint32_t,1,128,32,128,4,385.609000,337.299276,-12.53
MATMUL,uint32_t,1,128,32,128,8,329.004333,299.355687,-9.01
MATMUL,uint32_t,1,64,512,512,4,12127.352667,10686.062592,-11.88
MATMUL,uint32_t,1,128,32,128,16,305.451333,284.363157,-6.90
MATMUL,uint32_t,1,128,32,128,32,295.034000,276.404044,-6.31
MATMUL,uint32_t,1,64,512,512,64,9227.188000,8656.148918,-6.19
MATMUL,uint32_t,1,128,32,256,8,657.402667,598.625246,-8.94
MATMUL,uint32_t,1,128,32,256,4,771.116333,674.512423,-12.53
MATMUL,uint32_t,1,64,512,512,32,9369.789000,8772.326253,-6.38
MATMUL,uint32_t,1,64,512,512,8,10389.207000,9492.037632,-8.64
MATMUL,uint32_t,1,64,512,512,256,9115.785000,8573.506194,-5.95
MATMUL,uint32_t,1,64,512,512,128,9148.875333,8598.952740,-6.01
MATMUL,uint32_t,1,64,512,512,16,9673.355667,9021.791085,-6.74
MATMUL,uint32_t,1,128,64,16,4,95.754667,83.952606,-12.33
MATMUL,uint32_t,1,128,64,16,8,81.797000,74.550750,-8.86
MATMUL,uint32_t,1,128,64,16,16,76.051333,70.842261,-6.85
MATMUL,uint32_t,1,128,32,256,16,610.796667,568.640185,-6.90
MATMUL,uint32_t,1,128,32,256,32,590.035333,552.721959,-6.32
MATMUL,uint32_t,1,128,64,32,4,191.397000,167.819084,-12.32
MATMUL,uint32_t,1,128,64,32,8,163.444667,149.015372,-8.83
MATMUL,uint32_t,1,128,64,32,16,151.959667,141.598393,-6.82
MATMUL,uint32_t,1,128,64,32,32,147.016667,137.662393,-6.36
MATMUL,uint32_t,1,128,64,64,8,326.777000,297.944615,-8.82
MATMUL,uint32_t,1,128,64,64,4,383.256333,335.552039,-12.45
MATMUL,uint32_t,1,128,64,64,16,303.824000,283.110658,-6.82
MATMUL,uint32_t,1,128,64,64,32,293.882000,275.238658,-6.34
MATMUL,uint32_t,1,128,32,512,16,1221.303667,1137.194242,-6.89
MATMUL,uint32_t,1,128,32,512,32,1180.217667,1105.357790,-6.34
MATMUL,uint32_t,1,128,64,64,64,289.297333,271.570581,-6.13
MATMUL,uint32_t,1,128,32,512,8,1315.767000,1197.164364,-9.01
MATMUL,uint32_t,1,128,32,512,4,1540.268333,1348.938718,-12.42
MATMUL,uint32_t,1,128,64,128,16,607.476000,566.135189,-6.81
MATMUL,uint32_t,1,128,64,128,8,653.322333,595.803102,-8.80
MATMUL,uint32_t,1,128,64,128,4,765.318667,671.017950,-12.32
MATMUL,uint32_t,1,128,64,128,64,578.532667,543.055033,-6.13
MATMUL,uint32_t,1,128,64,128,32,587.744333,550.391189,-6.36
MATMUL,uint32_t,1,128,64,256,8,1306.779667,1191.520076,-8.82
MATMUL,uint32_t,1,128,64,256,16,1214.706000,1132.184249,-6.79
MATMUL,uint32_t,1,128,64,256,4,1530.451333,1341.949772,-12.32
MATMUL,uint32_t,1,128,64,256,32,1175.139333,1100.696249,-6.33
MATMUL,uint32_t,1,128,64,256,64,1156.977000,1086.023938,-6.13
MATMUL,uint32_t,1,128,128,16,4,190.355000,167.382274,-12.07
MATMUL,uint32_t,1,128,128,16,16,151.599333,141.285269,-6.80
MATMUL,uint32_t,1,128,128,16,8,162.918333,148.662604,-8.75
MATMUL,uint32_t,1,128,128,32,4,380.433000,334.678421,-12.03
MATMUL,uint32_t,1,128,128,32,16,303.049667,282.484409,-6.79
MATMUL,uint32_t,1,128,128,32,8,325.669333,297.239079,-8.73
MATMUL,uint32_t,1,128,128,32,32,293.266667,274.655966,-6.35
MATMUL,uint32_t,1,128,128,64,8,651.341667,594.392030,-8.74
MATMUL,uint32_t,1,128,64,512,16,2429.617000,2264.282370,-6.80
MATMUL,uint32_t,1,128,128,64,4,761.781333,669.270713,-12.14
MATMUL,uint32_t,1,128,64,512,8,2613.359667,2382.954023,-8.82
MATMUL,uint32_t,1,128,128,64,16,605.897000,564.882690,-6.77
MATMUL,uint32_t,1,128,64,512,4,3060.962000,2683.813415,-12.32
MATMUL,uint32_t,1,128,128,64,32,586.472667,549.225804,-6.35
MATMUL,uint32_t,1,128,128,64,64,577.521000,541.932546,-6.16
MATMUL,uint32_t,1,128,64,512,32,2349.817667,2201.306370,-6.32
MATMUL,uint32_t,1,128,64,512,64,2313.920000,2171.961749,-6.13
MATMUL,uint32_t,1,128,128,128,16,1211.559333,1129.679253,-6.76
MATMUL,uint32_t,1,128,128,128,8,1302.476000,1188.697932,-8.74
MATMUL,uint32_t,1,128,128,128,4,1521.907333,1338.455298,-12.05
MATMUL,uint32_t,1,128,128,128,32,1172.719333,1098.365479,-6.34
MATMUL,uint32_t,1,128,128,128,64,1154.961333,1083.778965,-6.16
MATMUL,uint32_t,1,128,128,128,128,1145.118333,1076.597872,-5.98
MATMUL,uint32_t,1,128,128,256,8,2604.427333,2377.309735,-8.72
MATMUL,uint32_t,1,128,128,256,4,3043.726667,2676.824469,-12.05
MATMUL,uint32_t,1,128,128,256,16,2423.392000,2259.272377,-6.77
MATMUL,uint32_t,1,128,128,256,32,2345.944333,2196.644830,-6.36
MATMUL,uint32_t,1,128,128,256,64,2309.867667,2167.471801,-6.16
MATMUL,uint32_t,1,128,128,256,128,2289.970333,2153.109616,-5.98
MATMUL,uint32_t,1,128,256,16,4,379.805000,334.241612,-12.00
MATMUL,uint32_t,1,128,256,16,8,325.092667,296.886311,-8.68
MATMUL,uint32_t,1,128,256,16,16,302.654000,282.171285,-6.77
MATMUL,uint32_t,1,128,256,32,4,759.003667,668.397095,-11.94
MATMUL,uint32_t,1,128,256,32,8,650.011000,593.686494,-8.67
MATMUL,uint32_t,1,128,256,32,16,605.173333,564.256441,-6.76
MATMUL,uint32_t,1,128,256,32,32,585.844333,548.643111,-6.35
MATMUL,uint32_t,1,128,128,512,8,5208.854333,4754.533342,-8.72
MATMUL,uint32_t,1,128,256,64,8,1299.939667,1187.286860,-8.67
MATMUL,uint32_t,1,128,256,64,4,1517.485000,1336.708062,-11.91
MATMUL,uint32_t,1,128,128,512,4,6084.120667,5353.562809,-12.01
MATMUL,uint32_t,1,128,128,512,16,4847.433000,4518.458626,-6.79
MATMUL,uint32_t,1,128,256,64,16,1210.348000,1128.426754,-6.77
MATMUL,uint32_t,1,128,128,512,32,4690.265667,4393.203532,-6.33
MATMUL,uint32_t,1,128,128,512,128,4580.395333,4306.133104,-5.99
MATMUL,uint32_t,1,128,128,512,64,4619.664333,4334.857474,-6.17
MATMUL,uint32_t,1,128,256,64,32,1171.654667,1097.200094,-6.35
MATMUL,uint32_t,1,128,256,64,64,1153.989333,1082.656478,-6.18
MATMUL,uint32_t,1,128,256,128,16,2420.655000,2256.767381,-6.77
MATMUL,uint32_t,1,128,256,128,32,2343.706667,2194.314060,-6.37
MATMUL,uint32_t,1,128,256,128,64,2307.871000,2165.226828,-6.18
MATMUL,uint32_t,1,128,256,128,128,2288.205000,2150.906736,-6.00
MATMUL,uint32_t,1,128,256,128,8,2599.424000,2374.487591,-8.65
MATMUL,uint32_t,1,128,256,128,4,3036.550000,2673.329996,-11.96
MATMUL,uint32_t,1,128,256,256,8,5199.387333,4748.889054,-8.66
MATMUL,uint32_t,1,128,256,256,4,6071.804333,5346.573863,-11.94
MATMUL,uint32_t,1,128,256,256,128,4576.434667,4301.727344,-6.00
MATMUL,uint32_t,1,128,256,256,256,4558.795000,4288.985529,-5.92
MATMUL,uint32_t,1,128,256,256,64,4615.619333,4330.367527,-6.18
MATMUL,uint32_t,1,128,256,256,32,4686.918667,4388.541991,-6.37
MATMUL,uint32_t,1,128,256,256,16,4840.466333,4513.448633,-6.76
MATMUL,uint32_t,1,128,512,16,4,758.541333,667.960286,-11.94
MATMUL,uint32_t,1,128,512,16,8,649.551333,593.333726,-8.65
MATMUL,uint32_t,1,128,512,16,16,604.894000,563.943317,-6.77
MATMUL,uint32_t,1,128,512,32,4,1515.918000,1335.834444,-11.88
MATMUL,uint32_t,1,128,512,32,8,1298.844000,1186.581324,-8.64
MATMUL,uint32_t,1,128,512,32,16,1209.262667,1127.800505,-6.74
MATMUL,uint32_t,1,128,256,512,4,12140.785000,10693.061598,-11.92
MATMUL,uint32_t,1,128,512,32,32,1171.236000,1096.617401,-6.37
MATMUL,uint32_t,1,128,256,512,8,10397.705333,9497.691980,-8.66
MATMUL,uint32_t,1,128,256,512,16,9682.191000,9026.811138,-6.77
MATMUL,uint32_t,1,128,256,512,128,9153.456333,8603.368560,-6.01
MATMUL,uint32_t,1,128,256,512,256,9119.482667,8577.884930,-5.94
MATMUL,uint32_t,1,128,256,512,64,9231.210667,8660.648926,-6.18
MATMUL,uint32_t,1,128,256,512,32,9370.299000,8776.997854,-6.33
MATMUL,uint32_t,1,128,512,64,8,2597.358667,2373.076519,-8.64
MATMUL,uint32_t,1,128,512,64,4,3030.565000,2671.582759,-11.85
MATMUL,uint32_t,1,128,512,64,16,2418.329333,2255.514882,-6.73
MATMUL,uint32_t,1,128,512,64,32,2342.630667,2193.148674,-6.38
MATMUL,uint32_t,1,128,512,64,64,2306.863667,2164.104341,-6.19
MATMUL,uint32_t,1,128,512,128,16,4836.494000,4510.943637,-6.73
MATMUL,uint32_t,1,128,512,128,8,5194.667000,4746.066910,-8.64
MATMUL,uint32_t,1,128,512,128,32,4683.320333,4386.211221,-6.34
MATMUL,uint32_t,1,128,512,128,64,4613.630333,4328.122553,-6.19
MATMUL,uint32_t,1,128,512,128,4,6075.431333,5343.079390,-12.05
MATMUL,uint32_t,1,128,512,128,128,4574.223000,4299.524464,-6.01
MATMUL,uint32_t,1,128,512,256,8,10387.440667,9492.047692,-8.62
MATMUL,uint32_t,1,128,512,256,4,12132.328333,10686.072652,-11.92
MATMUL,uint32_t,1,128,512,256,32,9369.866667,8772.336313,-6.38
MATMUL,uint32_t,1,128,512,256,16,9673.537667,9021.801145,-6.74
MATMUL,uint32_t,1,128,512,256,64,9227.222333,8656.158978,-6.19
MATMUL,uint32_t,1,128,512,256,256,9113.448000,8573.516254,-5.92
MATMUL,uint32_t,1,128,512,256,128,9150.628000,8598.962800,-6.03
MATMUL,uint32_t,1,256,16,16,4,49.372000,42.694695,-13.52
MATMUL,uint32_t,1,256,16,16,8,41.900000,37.867705,-9.62
MATMUL,uint32_t,1,256,16,16,16,38.763000,35.953996,-7.25
MATMUL,uint32_t,1,256,16,32,4,98.549667,85.283148,-13.46
MATMUL,uint32_t,1,256,16,32,8,83.552667,75.629168,-9.48
MATMUL,uint32_t,1,256,16,32,16,77.312667,71.801749,-7.13
MATMUL,uint32_t,1,256,16,64,4,196.917667,170.460053,-13.44
MATMUL,uint32_t,1,256,16,64,8,166.891333,151.152094,-9.43
MATMUL,uint32_t,1,256,16,64,16,154.419333,143.497255,-7.07
MATMUL,uint32_t,1,256,16,128,4,393.585333,340.813863,-13.41
MATMUL,uint32_t,1,256,16,128,8,333.498333,302.197945,-9.39
MATMUL,uint32_t,1,256,16,128,16,308.701333,286.888268,-7.07
MATMUL,uint32_t,1,256,16,256,4,787.197333,681.521484,-13.42
MATMUL,uint32_t,1,256,16,256,8,666.969667,604.289648,-9.40
MATMUL,uint32_t,1,256,16,256,16,617.132333,573.670293,-7.04
MATMUL,uint32_t,1,256,16,512,4,1573.924333,1362.936725,-13.41
MATMUL,uint32_t,1,256,16,512,8,1333.368667,1208.473054,-9.37
MATMUL,uint32_t,1,256,16,512,16,1234.204000,1147.234343,-7.05
MATMUL,uint32_t,1,256,32,16,4,96.475000,84.409529,-12.51
MATMUL,uint32_t,1,256,32,16,8,82.444667,74.923632,-9.12
MATMUL,uint32_t,1,256,32,16,16,76.495667,71.175500,-6.95
MATMUL,uint32_t,1,256,32,32,4,192.695667,168.712816,-12.45
MATMUL,uint32_t,1,256,32,32,8,164.640333,149.741022,-9.05
MATMUL,uint32_t,1,256,32,32,16,152.851333,142.244757,-6.94
MATMUL,uint32_t,1,256,32,32,32,147.651000,138.265200,-6.36
MATMUL,uint32_t,1,256,32,64,4,386.274667,337.319390,-12.67
MATMUL,uint32_t,1,256,32,64,8,329.003000,299.375801,-9.01
MATMUL,uint32_t,1,256,32,64,16,305.484000,284.383271,-6.91
MATMUL,uint32_t,1,256,32,64,32,295.232000,276.424158,-6.37
MATMUL,uint32_t,1,256,32,128,4,772.514667,674.532537,-12.68
MATMUL,uint32_t,1,256,32,128,8,658.115667,598.645360,-9.04
MATMUL,uint32_t,1,256,32,128,16,610.967000,568.660300,-6.92
MATMUL,uint32_t,1,256,32,128,32,590.145667,552.742073,-6.34
MATMUL,uint32_t,1,128,512,512,4,24269.185000,21372.059175,-11.94
MATMUL,uint32_t,1,256,32,256,4,1540.887667,1348.958832,-12.46
MATMUL,uint32_t,1,256,32,256,8,1315.509333,1197.184478,-8.99
MATMUL,uint32_t,1,128,512,512,64,18454.248333,17312.231829,-6.19
MATMUL,uint32_t,1,256,32,256,16,1221.415333,1137.214357,-6.89
MATMUL,uint32_t,1,128,512,512,32,18735.962000,17544.586498,-6.36
MATMUL,uint32_t,1,128,512,512,256,18229.333333,17146.946380,-5.94
MATMUL,uint32_t,1,128,512,512,128,18301.138333,17197.839472,-6.03
MATMUL,uint32_t,1,128,512,512,8,20780.881667,18984.009255,-8.65
MATMUL,uint32_t,1,256,32,256,32,1180.336333,1105.377904,-6.35
MATMUL,uint32_t,1,128,512,512,16,19350.720333,18043.516162,-6.76
MATMUL,uint32_t,1,256,64,16,8,163.587000,149.035486,-8.90
MATMUL,uint32_t,1,256,64,16,4,191.604000,167.839198,-12.40
MATMUL,uint32_t,1,256,64,16,16,152.067000,141.618508,-6.87
MATMUL,uint32_t,1,256,64,32,4,383.678667,335.572153,-12.54
MATMUL,uint32_t,1,256,64,32,32,293.927000,275.258773,-6.35
MATMUL,uint32_t,1,256,64,32,8,326.864667,297.964729,-8.84
MATMUL,uint32_t,1,256,64,32,16,303.921333,283.130773,-6.84
MATMUL,uint32_t,1,256,64,64,32,587.796667,550.411303,-6.36
MATMUL,uint32_t,1,256,64,64,16,607.680667,566.155303,-6.83
MATMUL,uint32_t,1,256,64,64,8,653.612333,595.823216,-8.84
MATMUL,uint32_t,1,256,64,64,4,765.598667,671.038064,-12.35
MATMUL,uint32_t,1,256,64,64,64,578.532000,543.075148,-6.13
MATMUL,uint32_t,1,256,32,512,32,2360.060333,2210.649566,-6.33
MATMUL,uint32_t,1,256,32,512,8,2630.330333,2394.262713,-8.97
MATMUL,uint32_t,1,256,32,512,16,2442.559667,2274.322471,-6.89
MATMUL,uint32_t,1,256,64,128,16,1215.145333,1132.204364,-6.83
MATMUL,uint32_t,1,256,64,128,8,1306.758667,1191.540190,-8.82
MATMUL,uint32_t,1,256,32,512,4,3080.386333,2697.811422,-12.42
MATMUL,uint32_t,1,256,64,128,4,1529.608000,1341.969886,-12.27
MATMUL,uint32_t,1,256,64,128,32,1175.145667,1100.716364,-6.33
MATMUL,uint32_t,1,256,64,128,64,1156.980000,1086.044053,-6.13
MATMUL,uint32_t,1,256,64,256,8,2612.929000,2382.974137,-8.80
MATMUL,uint32_t,1,256,64,256,32,2350.144000,2201.326485,-6.33
MATMUL,uint32_t,1,256,64,256,16,2429.405333,2264.302485,-6.80
MATMUL,uint32_t,1,256,64,256,64,2313.852333,2171.981863,-6.13
MATMUL,uint32_t,1,256,64,256,4,3060.042000,2683.833529,-12.29
MATMUL,uint32_t,1,256,128,16,4,380.904333,334.698535,-12.13
MATMUL,uint32_t,1,256,128,16,8,325.769333,297.259193,-8.75
MATMUL,uint32_t,1,256,128,16,16,303.031000,282.504524,-6.77
MATMUL,uint32_t,1,256,128,32,8,651.315333,594.412144,-8.74
MATMUL,uint32_t,1,256,128,32,4,760.757333,669.290828,-12.02
MATMUL,uint32_t,1,256,128,32,16,606.055667,564.902805,-6.79
MATMUL,uint32_t,1,256,128,32,32,586.450000,549.245918,-6.34
MATMUL,uint32_t,1,256,128,64,8,1302.063333,1188.718046,-8.71
MATMUL,uint32_t,1,256,128,64,4,1522.279667,1338.475413,-12.07
MATMUL,uint32_t,1,256,128,64,16,1211.669000,1129.699367,-6.77
MATMUL,uint32_t,1,256,64,512,8,5226.553667,4765.842032,-8.81
MATMUL,uint32_t,1,256,64,512,16,4859.873333,4528.498727,-6.82
MATMUL,uint32_t,1,256,64,512,4,6126.389000,5367.560816,-12.39
MATMUL,uint32_t,1,256,128,64,32,1173.113000,1098.385593,-6.37
MATMUL,uint32_t,1,256,128,64,64,1154.998000,1083.799079,-6.16
MATMUL,uint32_t,1,256,64,512,64,4627.611000,4343.857484,-6.13
MATMUL,uint32_t,1,256,64,512,32,4701.037000,4402.546727,-6.35
MATMUL,uint32_t,1,256,128,128,16,2423.609333,2259.292492,-6.78
MATMUL,uint32_t,1,256,128,128,8,2604.182667,2377.329849,-8.71
MATMUL,uint32_t,1,256,128,128,4,3041.402333,2676.844583,-11.99
MATMUL,uint32_t,1,256,128,128,32,2345.713667,2196.664944,-6.35
MATMUL,uint32_t,1,256,128,128,64,2309.836333,2167.491916,-6.16
MATMUL,uint32_t,1,256,128,128,128,2290.790333,2153.129730,-6.01
MATMUL,uint32_t,1,256,128,256,8,5207.899667,4754.553456,-8.70
MATMUL,uint32_t,1,256,128,256,32,4691.217000,4393.223646,-6.35
MATMUL,uint32_t,1,256,128,256,16,4847.101333,4518.478741,-6.78
MATMUL,uint32_t,1,256,128,256,4,6085.229000,5353.582924,-12.02
MATMUL,uint32_t,1,256,128,256,64,4619.651667,4334.877589,-6.16
MATMUL,uint32_t,1,256,128,256,128,4580.454000,4306.153218,-5.99
MATMUL,uint32_t,1,256,256,16,8,650.090667,593.706608,-8.67
MATMUL,uint32_t,1,256,256,16,4,759.964333,668.417209,-12.05
MATMUL,uint32_t,1,256,256,16,16,605.172667,564.276556,-6.76
MATMUL,uint32_t,1,256,256,32,4,1517.453000,1336.728176,-11.91
MATMUL,uint32_t,1,256,256,32,8,1299.807333,1187.306974,-8.66
MATMUL,uint32_t,1,256,256,32,16,1210.489000,1128.446869,-6.78
MATMUL,uint32_t,1,256,256,32,32,1171.542333,1097.220208,-6.34
MATMUL,uint32_t,1,256,128,512,8,10414.731000,9509.000670,-8.70
MATMUL,uint32_t,1,256,256,64,8,2599.207667,2374.507705,-8.64
MATMUL,uint32_t,1,256,256,64,4,3036.197000,2673.350110,-11.95
MATMUL,uint32_t,1,256,128,512,4,12189.854000,10707.059605,-12.16
MATMUL,uint32_t,1,256,256,64,16,2420.595333,2256.787495,-6.77
MATMUL,uint32_t,1,256,128,512,16,9694.859000,9036.851239,-6.79
MATMUL,uint32_t,1,256,128,512,128,9162.170667,8612.200194,-6.00
MATMUL,uint32_t,1,256,256,64,32,2342.752000,2194.334174,-6.34
MATMUL,uint32_t,1,256,256,64,64,2307.872000,2165.246942,-6.18
MATMUL,uint32_t,1,256,128,512,64,9239.161667,8669.648935,-6.16
MATMUL,uint32_t,1,256,128,512,32,9383.353667,8786.341049,-6.36
MATMUL,uint32_t,1,256,256,128,16,4839.895667,4513.468748,-6.74
MATMUL,uint32_t,1,256,256,128,8,5198.315333,4748.909168,-8.65
MATMUL,uint32_t,1,256,256,128,128,4576.449000,4301.747458,-6.00
MATMUL,uint32_t,1,256,256,128,64,4615.679000,4330.387641,-6.18
MATMUL,uint32_t,1,256,256,128,4,6068.204667,5346.593977,-11.89
MATMUL,uint32_t,1,256,256,128,32,4685.031333,4388.562105,-6.33
MATMUL,uint32_t,1,256,256,256,8,10399.010667,9497.712094,-8.67
MATMUL,uint32_t,1,256,256,256,4,12154.278000,10693.081712,-12.02
MATMUL,uint32_t,1,256,256,256,128,9154.972333,8603.388674,-6.02
MATMUL,uint32_t,1,256,256,256,256,9118.832000,8577.905045,-5.93
MATMUL,uint32_t,1,256,256,256,64,9231.170667,8660.669040,-6.18
MATMUL,uint32_t,1,256,256,256,32,9372.644333,8777.017968,-6.35
MATMUL,uint32_t,1,256,256,256,16,9678.764667,9026.831253,-6.74
MATMUL,uint32_t,1,256,512,16,4,1517.125667,1335.854558,-11.95
MATMUL,uint32_t,1,256,512,16,8,1298.810333,1186.601438,-8.64
MATMUL,uint32_t,1,256,512,16,16,1209.488000,1127.820620,-6.75
MATMUL,uint32_t,1,256,512,32,4,3031.852333,2671.602873,-11.88
MATMUL,uint32_t,1,256,512,32,8,2597.663667,2373.096633,-8.64
MATMUL,uint32_t,1,256,512,32,16,2418.452000,2255.534997,-6.74
MATMUL,uint32_t,1,256,256,512,4,24283.728333,21386.057182,-11.93
MATMUL,uint32_t,1,256,512,32,32,2342.423667,2193.168789,-6.37
MATMUL,uint32_t,1,256,256,512,8,20803.532000,18995.317945,-8.69
MATMUL,uint32_t,1,256,256,512,16,19358.954667,18053.556263,-6.74
MATMUL,uint32_t,1,256,256,512,128,18309.930667,17206.671106,-6.03
MATMUL,uint32_t,1,256,256,512,256,18234.495667,17155.703847,-5.92
MATMUL,uint32_t,1,256,256,512,64,18462.224333,17321.231838,-6.18
MATMUL,uint32_t,1,256,256,512,32,18742.848333,17553.929694,-6.34
MATMUL,uint32_t,1,256,512,64,8,5195.087000,4746.087024,-8.64
MATMUL,uint32_t,1,256,512,64,4,6066.837000,5343.099504,-11.93
MATMUL,uint32_t,1,256,512,64,16,4836.909667,4510.963751,-6.74
MATMUL,uint32_t,1,256,512,64,32,4683.612333,4386.231335,-6.35
MATMUL,uint32_t,1,256,512,64,64,4613.673333,4328.142668,-6.19
MATMUL,uint32_t,1,256,512,128,16,9673.630000,9021.821260,-6.74
MATMUL,uint32_t,1,256,512,128,8,10388.086000,9492.067806,-8.63
MATMUL,uint32_t,1,256,512,128,32,9366.525000,8772.356428,-6.34
MATMUL,uint32_t,1,256,512,128,64,9227.203000,8656.179093,-6.19
MATMUL,uint32_t,1,256,512,128,4,12128.314333,10686.092766,-11.89
MATMUL,uint32_t,1,256,512,128,128,9151.262000,8598.982914,-6.04
MATMUL,uint32_t,1,256,512,256,8,20775.541000,18984.029369,-8.62
MATMUL,uint32_t,1,256,512,256,4,24264.872000,21372.079289,-11.92
MATMUL,uint32_t,1,256,512,256,32,18732.046333,17544.606613,-6.34
MATMUL,uint32_t,1,256,512,256,16,19346.310000,18043.536277,-6.73
MATMUL,uint32_t,1,256,512,256,64,18454.213333,17312.251943,-6.19
MATMUL,uint32_t,1,256,512,256,256,18227.611667,17146.966494,-5.93
MATMUL,uint32_t,1,256,512,256,128,18300.623000,17197.859586,-6.03
MATMUL,uint32_t,1,512,16,16,4,98.650333,85.323376,-13.51
MATMUL,uint32_t,1,512,16,16,8,83.697000,75.669397,-9.59
MATMUL,uint32_t,1,512,16,16,16,77.461667,71.841977,-7.25
MATMUL,uint32_t,1,512,16,32,4,197.057000,170.500281,-13.48
MATMUL,uint32_t,1,512,16,32,8,167.033667,151.192322,-9.48
MATMUL,uint32_t,1,512,16,32,16,154.572333,143.537484,-7.14
MATMUL,uint32_t,1,512,16,64,4,393.762333,340.854092,-13.44
MATMUL,uint32_t,1,512,16,64,8,333.716667,302.238174,-9.43
MATMUL,uint32_t,1,512,16,64,16,308.762667,286.928496,-7.07
MATMUL,uint32_t,1,512,16,128,4,787.611667,681.561712,-13.46
MATMUL,uint32_t,1,512,16,128,8,666.882667,604.329877,-9.38
MATMUL,uint32_t,1,512,16,128,16,617.157667,573.710521,-7.04
MATMUL,uint32_t,1,512,16,256,4,1574.400000,1362.976953,-13.43
MATMUL,uint32_t,1,512,16,256,8,1334.034333,1208.513282,-9.41
MATMUL,uint32_t,1,512,16,256,16,1234.373333,1147.274572,-7.06
MATMUL,uint32_t,1,512,16,512,4,3149.875333,2725.807436,-13.46
MATMUL,uint32_t,1,512,16,512,8,2666.983667,2416.880094,-9.38
MATMUL,uint32_t,1,512,16,512,16,2467.889667,2294.402672,-7.03
MATMUL,uint32_t,1,512,32,16,4,193.029000,168.753045,-12.58
MATMUL,uint32_t,1,512,32,16,8,164.821667,149.781250,-9.13
MATMUL,uint32_t,1,512,32,16,16,152.969333,142.284985,-6.98
MATMUL,uint32_t,1,512,32,32,4,386.357667,337.359618,-12.68
MATMUL,uint32_t,1,512,32,32,8,329.156000,299.416030,-9.04
MATMUL,uint32_t,1,512,32,32,16,305.621000,284.423500,-6.94
MATMUL,uint32_t,1,512,32,32,32,295.359000,276.464386,-6.40
MATMUL,uint32_t,1,512,32,64,4,771.433333,674.572766,-12.56
MATMUL,uint32_t,1,512,32,64,8,658.174000,598.685589,-9.04
MATMUL,uint32_t,1,512,32,64,16,610.935333,568.700528,-6.91
MATMUL,uint32_t,1,512,32,64,32,590.378667,552.782302,-6.37
MATMUL,uint32_t,1,512,32,128,4,1543.139333,1348.999061,-12.58
MATMUL,uint32_t,1,512,32,128,8,1315.408333,1197.224706,-8.98
MATMUL,uint32_t,1,512,32,128,16,1221.753333,1137.254585,-6.92
MATMUL,uint32_t,1,512,32,128,32,1179.897333,1105.418133,-6.31
MATMUL,uint32_t,1,256,512,512,4,48496.502000,42744.052336,-11.86
MATMUL,uint32_t,1,512,32,256,4,3081.357333,2697.851650,-12.45
MATMUL,uint32_t,1,512,32,256,16,2442.778000,2274.362700,-6.89
MATMUL,uint32_t,1,512,32,256,8,2630.902333,2394.302942,-8.99
MATMUL,uint32_t,1,256,512,512,64,36908.277000,34624.397644,-6.19
MATMUL,uint32_t,1,256,512,512,128,36597.159000,34395.612930,-6.02
MATMUL,uint32_t,1,512,32,256,32,2360.431333,2210.689794,-6.34
MATMUL,uint32_t,1,256,512,512,32,37462.829333,35089.106983,-6.34
MATMUL,uint32_t,1,256,512,512,256,36456.292333,34293.826745,-5.93
MATMUL,uint32_t,1,256,512,512,8,41558.109667,37967.952496,-8.64
MATMUL,uint32_t,1,256,512,512,16,38694.458667,36086.966311,-6.74
MATMUL,uint32_t,1,512,64,16,4,382.596333,335.612382,-12.28
MATMUL,uint32_t,1,512,64,16,8,327.023333,298.004958,-8.87
MATMUL,uint32_t,1,512,64,16,16,304.003333,283.171001,-6.85
MATMUL,uint32_t,1,512,64,32,4,767.071667,671.078293,-12.51
MATMUL,uint32_t,1,512,64,32,8,653.762667,595.863445,-8.86
MATMUL,uint32_t,1,512,64,32,16,607.673333,566.195532,-6.83
MATMUL,uint32_t,1,512,64,32,32,587.771333,550.451532,-6.35
MATMUL,uint32_t,1,512,64,64,16,1214.948333,1132.244592,-6.81
MATMUL,uint32_t,1,512,64,64,32,1175.282000,1100.756592,-6.34
MATMUL,uint32_t,1,512,64,64,8,1306.916667,1191.580418,-8.83
MATMUL,uint32_t,1,512,64,64,4,1530.500000,1342.010114,-12.32
MATMUL,uint32_t,1,512,64,64,64,1156.991667,1086.084281,-6.13
MATMUL,uint32_t,1,512,32,512,4,6161.209000,5395.556830,-12.43
MATMUL,uint32_t,1,512,32,512,32,4720.862333,4421.233118,-6.35
MATMUL,uint32_t,1,512,32,512,16,4884.686000,4548.578928,-6.88
MATMUL,uint32_t,1,512,32,512,8,5261.662667,4788.459413,-8.99
MATMUL,uint32_t,1,512,64,128,8,2613.514667,2383.014366,-8.82
MATMUL,uint32_t,1,512,64,128,16,2429.687333,2264.342713,-6.81
MATMUL,uint32_t,1,512,64,128,4,3059.698333,2683.873758,-12.28
MATMUL,uint32_t,1,512,64,128,32,2350.122333,2201.366713,-6.33
MATMUL,uint32_t,1,512,64,128,64,2313.844667,2172.022092,-6.13
MATMUL,uint32_t,1,512,64,256,16,4859.742000,4528.538956,-6.82
MATMUL,uint32_t,1,512,64,256,64,4627.645000,4343.897712,-6.13
MATMUL,uint32_t,1,512,64,256,32,4699.558000,4402.586956,-6.32
MATMUL,uint32_t,1,512,64,256,8,5225.933000,4765.882261,-8.80
MATMUL,uint32_t,1,512,128,16,4,760.829000,669.331056,-12.03
MATMUL,uint32_t,1,512,128,16,8,651.353000,594.452373,-8.74
MATMUL,uint32_t,1,512,64,256,4,6126.979667,5367.601045,-12.39
MATMUL,uint32_t,1,512,128,16,16,606.238000,564.943033,-6.81
MATMUL,uint32_t,1,512,128,32,8,1302.410667,1188.758274,-8.73
MATMUL,uint32_t,1,512,128,32,4,1521.206333,1338.515641,-12.01
MATMUL,uint32_t,1,512,128,32,16,1212.103667,1129.739596,-6.80
MATMUL,uint32_t,1,512,128,32,32,1173.226000,1098.425822,-6.38
MATMUL,uint32_t,1,512,128,64,8,2604.409000,2377.370078,-8.72
MATMUL,uint32_t,1,512,128,64,4,3042.164000,2676.884812,-12.01
MATMUL,uint32_t,1,512,64,512,16,9718.945000,9056.931440,-6.81
MATMUL,uint32_t,1,512,128,64,16,2424.013333,2259.332720,-6.79
MATMUL,uint32_t,1,512,64,512,8,10452.449000,9531.618050,-8.81
MATMUL,uint32_t,1,512,128,64,32,2345.280000,2196.705173,-6.34
MATMUL,uint32_t,1,512,64,512,4,12241.157333,10735.055618,-12.30
MATMUL,uint32_t,1,512,128,64,64,2309.870000,2167.532144,-6.16
MATMUL,uint32_t,1,512,64,512,64,9255.177333,8687.648953,-6.13
MATMUL,uint32_t,1,512,64,512,32,9400.639333,8805.027440,-6.34
MATMUL,uint32_t,1,512,128,128,8,5208.946000,4754.593685,-8.72
MATMUL,uint32_t,1,512,128,128,16,4846.502000,4518.518969,-6.77
MATMUL,uint32_t,1,512,128,128,4,6084.925333,5353.623152,-12.02
MATMUL,uint32_t,1,512,128,128,32,4690.295667,4393.263874,-6.33
MATMUL,uint32_t,1,512,128,128,128,4580.905333,4306.193447,-6.00
MATMUL,uint32_t,1,512,128,128,64,4619.613333,4334.917817,-6.16
MATMUL,uint32_t,1,512,128,256,8,10416.752000,9509.040898,-8.71
MATMUL,uint32_t,1,512,128,256,32,9380.050667,8786.381278,-6.33
MATMUL,uint32_t,1,512,128,256,16,9692.288667,9036.891468,-6.76
MATMUL,uint32_t,1,512,128,256,4,12176.310333,10707.099833,-12.07
MATMUL,uint32_t,1,512,128,256,64,9239.163667,8669.689164,-6.16
MATMUL,uint32_t,1,512,128,256,128,9159.374667,8612.240423,-5.97
MATMUL,uint32_t,1,512,256,16,4,1518.465667,1336.768405,-11.97
MATMUL,uint32_t,1,512,256,16,8,1300.175000,1187.347202,-8.68
MATMUL,uint32_t,1,512,256,16,16,1210.532000,1128.487097,-6.78
MATMUL,uint32_t,1,512,256,32,4,3038.338667,2673.390338,-12.01
MATMUL,uint32_t,1,512,256,32,8,2599.763667,2374.547934,-8.66
MATMUL,uint32_t,1,512,256,32,16,2420.702333,2256.827724,-6.77
MATMUL,uint32_t,1,512,256,32,32,2343.635333,2194.374402,-6.37
MATMUL,uint32_t,1,512,128,512,8,20836.425667,19017.935326,-8.73
MATMUL,uint32_t,1,512,256,64,8,5199.560667,4748.949397,-8.67
MATMUL,uint32_t,1,512,256,64,4,6068.175667,5346.634206,-11.89
MATMUL,uint32_t,1,512,128,512,4,24323.277000,21414.053196,-11.96
MATMUL,uint32_t,1,512,256,64,16,4839.750000,4513.508976,-6.74
MATMUL,uint32_t,1,512,128,512,16,19382.170000,18073.636464,-6.75
MATMUL,uint32_t,1,512,256,64,32,4687.278667,4388.602334,-6.37
MATMUL,uint32_t,1,512,128,512,64,18478.233000,17339.231856,-6.16
MATMUL,uint32_t,1,512,256,64,64,4615.616333,4330.427870,-6.18
MATMUL,uint32_t,1,512,128,512,32,18763.728000,17572.616085,-6.35
MATMUL,uint32_t,1,512,128,512,128,18324.747333,17224.334375,-6.01
MATMUL,uint32_t,1,512,256,128,128,9154.606000,8603.428903,-6.02
MATMUL,uint32_t,1,512,256,128,32,9370.922667,8777.058197,-6.34
MATMUL,uint32_t,1,512,256,128,64,9231.179000,8660.709269,-6.18
MATMUL,uint32_t,1,512,256,128,8,10397.301000,9497.752322,-8.65
MATMUL,uint32_t,1,512,256,128,16,9680.782000,9026.871481,-6.75
MATMUL,uint32_t,1,512,256,128,4,12146.356000,10693.121941,-11.96
MATMUL,uint32_t,1,512,256,256,8,20795.930667,18995.358174,-8.66
MATMUL,uint32_t,1,512,256,256,4,24293.852333,21386.097410,-11.97
MATMUL,uint32_t,1,512,256,256,128,18309.038000,17206.711335,-6.02
MATMUL,uint32_t,1,512,256,256,256,18237.502333,17155.744076,-5.93
MATMUL,uint32_t,1,512,256,256,64,18462.216333,17321.272066,-6.18
MATMUL,uint32_t,1,512,256,256,32,18740.368333,17553.969922,-6.33
MATMUL,uint32_t,1,512,256,256,16,19360.475000,18053.596492,-6.75
MATMUL,uint32_t,1,512,512,16,4,3034.431667,2671.643102,-11.96
MATMUL,uint32_t,1,512,512,16,8,2597.344667,2373.136862,-8.63
MATMUL,uint32_t,1,512,512,16,16,2418.496333,2255.575225,-6.74
MATMUL,uint32_t,1,512,512,32,4,6069.050667,5343.139733,-11.96
MATMUL,uint32_t,1,512,512,32,8,5193.944000,4746.127253,-8.62
MATMUL,uint32_t,1,512,512,32,16,4838.082000,4511.003980,-6.76
MATMUL,uint32_t,1,512,512,32,32,4684.286333,4386.271564,-6.36
MATMUL,uint32_t,1,512,256,512,4,48541.971333,42772.048350,-11.89
MATMUL,uint32_t,1,512,256,512,8,41591.449333,37990.569877,-8.66
MATMUL,uint32_t,1,512,256,512,16,38726.260333,36107.046512,-6.76
MATMUL,uint32_t,1,512,256,512,128,36610.540667,34413.276199,-6.00
MATMUL,uint32_t,1,512,256,512,256,36467.075667,34311.341680,-5.91
MATMUL,uint32_t,1,512,256,512,64,36924.287333,34642.397662,-6.18
MATMUL,uint32_t,1,512,256,512,32,37492.172667,35107.793374,-6.36
MATMUL,uint32_t,1,512,512,64,8,10391.059667,9492.108034,-8.65
MATMUL,uint32_t,1,512,512,64,4,12118.905000,10686.132994,-11.82
MATMUL,uint32_t,1,512,512,64,16,9672.182000,9021.861488,-6.72
MATMUL,uint32_t,1,512,512,64,32,9367.905000,8772.396656,-6.36
MATMUL,uint32_t,1,512,512,64,64,9227.156333,8656.219321,-6.19
MATMUL,uint32_t,1,512,512,128,16,19348.112333,18043.576505,-6.74
MATMUL,uint32_t,1,512,512,128,8,20776.994000,18984.069598,-8.63
MATMUL,uint32_t,1,512,512,128,32,18737.364667,17544.646841,-6.37
MATMUL,uint32_t,1,512,512,128,64,18454.224667,17312.292172,-6.19
MATMUL,uint32_t,1,512,512,128,4,24286.944667,21372.119518,-12.00
MATMUL,uint32_t,1,512,512,128,128,18299.899667,17197.899815,-6.02
MATMUL,uint32_t,1,512,512,256,8,41549.304667,37967.992725,-8.62
MATMUL,uint32_t,1,512,512,256,4,48580.858000,42744.092565,-12.01
MATMUL,uint32_t,1,512,512,256,32,37464.136000,35089.147212,-6.34
MATMUL,uint32_t,1,512,512,256,16,38702.432667,36087.006540,-6.76
MATMUL,uint32_t,1,512,512,256,64,36908.334333,34624.437872,-6.19
MATMUL,uint32_t,1,512,512,256,128,36592.649000,34395.653159,-6.00
MATMUL,uint32_t,1,512,512,256,256,36451.487000,34293.866974,-5.92
MATMUL,uint32_t,2,16,16,16,4,3.138333,2.730555,-12.99
MATMUL,uint32_t,2,16,16,16,8,2.662667,2.429038,-8.77
MATMUL,uint32_t,2,16,16,16,16,2.470333,2.309261,-6.52
MATMUL,uint32_t,2,16,16,32,4,6.206667,5.392333,-13.12
MATMUL,uint32_t,2,16,16,32,8,5.265333,4.789335,-9.04
MATMUL,uint32_t,2,16,16,32,16,4.879333,4.549746,-6.75
MATMUL,uint32_t,2,16,16,64,4,12.377333,10.715890,-13.42
MATMUL,uint32_t,2,16,16,64,8,10.470667,9.509929,-9.18
MATMUL,uint32_t,2,16,16,64,16,9.698333,9.030715,-6.88
MATMUL,uint32_t,2,16,16,128,4,24.705000,21.363003,-13.53
MATMUL,uint32_t,2,16,16,128,8,20.896333,18.951118,-9.31
MATMUL,uint32_t,2,16,16,128,16,19.341333,17.992653,-6.97
MATMUL,uint32_t,2,16,16,256,4,49.359667,42.657229,-13.58
MATMUL,uint32_t,2,16,16,256,8,41.744333,37.833495,-9.37
MATMUL,uint32_t,2,16,16,256,16,38.622000,35.916530,-7.00
MATMUL,uint32_t,2,16,16,512,4,98.676667,85.245682,-13.61
MATMUL,uint32_t,2,16,16,512,8,83.461333,75.598249,-9.42
MATMUL,uint32_t,2,16,16,512,16,77.189667,71.764283,-7.03
MATMUL,uint32_t,2,16,32,16,4,6.100000,5.337732,-12.50
MATMUL,uint32_t,2,16,32,16,8,5.205000,4.745239,-8.83
MATMUL,uint32_t,2,16,32,16,16,4.835333,4.510605,-6.72
MATMUL,uint32_t,2,16,32,32,4,12.143667,10.606688,-12.66
MATMUL,uint32_t,2,16,32,32,8,10.336667,9.421737,-8.85
MATMUL,uint32_t,2,16,32,32,16,9.603333,8.952434,-6.78
MATMUL,uint32_t,2,16,32,32,32,9.271000,8.708704,-6.07
MATMUL,uint32_t,2,16,32,64,4,24.205000,21.144598,-12.64
MATMUL,uint32_t,2,16,32,64,8,20.635667,18.774734,-9.02
MATMUL,uint32_t,2,16,32,64,16,19.142333,17.836091,-6.82
MATMUL,uint32_t,2,16,32,64,32,18.502000,17.349646,-6.23
MATMUL,uint32_t,2,16,32,128,4,48.338667,42.220420,-12.66
MATMUL,uint32_t,2,16,32,128,8,41.176000,37.480727,-8.97
MATMUL,uint32_t,2,16,32,128,16,38.237333,35.603405,-6.89
MATMUL,uint32_t,2,16,32,128,32,36.940333,34.631529,-6.25
MATMUL,uint32_t,2,16,32,256,4,96.591000,84.372064,-12.65
MATMUL,uint32_t,2,16,32,256,8,82.321667,74.892713,-9.02
MATMUL,uint32_t,2,16,32,256,16,76.409333,71.138034,-6.90
MATMUL,uint32_t,2,16,32,256,32,73.837667,69.195269,-6.29
MATMUL,uint32_t,2,16,32,512,4,193.351667,168.675350,-12.76
MATMUL,uint32_t,2,16,32,512,8,164.553333,149.716686,-9.02
MATMUL,uint32_t,2,16,32,512,16,152.783333,142.207291,-6.92
MATMUL,uint32_t,2,16,32,512,32,147.554000,138.322697,-6.26
MATMUL,uint32_t,2,16,64,16,4,12.042000,10.552086,-12.37
MATMUL,uint32_t,2,16,64,16,8,10.278333,9.377641,-8.76
MATMUL,uint32_t,2,16,64,16,16,9.550667,8.913293,-6.67
MATMUL,uint32_t,2,16,64,32,4,24.059333,21.035396,-12.57
MATMUL,uint32_t,2,16,64,32,8,20.493667,18.686542,-8.82
MATMUL,uint32_t,2,16,64,32,16,19.050000,17.757810,-6.78
MATMUL,uint32_t,2,16,64,32,32,18.428333,17.276783,-6.25
MATMUL,uint32_t,2,16,64,64,4,48.006333,42.002016,-12.51
MATMUL,uint32_t,2,16,64,64,8,40.922333,37.304343,-8.84
MATMUL,uint32_t,2,16,64,64,16,38.024667,35.446843,-6.78
MATMUL,uint32_t,2,16,64,64,32,36.790000,34.485803,-6.26
MATMUL,uint32_t,2,16,64,64,64,36.207333,34.012762,-6.06
MATMUL,uint32_t,2,16,64,128,4,95.972667,83.935254,-12.54
MATMUL,uint32_t,2,16,64,128,8,81.752667,74.539945,-8.82
MATMUL,uint32_t,2,16,64,128,16,76.005667,70.824909,-6.82
MATMUL,uint32_t,2,16,64,128,32,73.530000,68.903844,-6.29
MATMUL,uint32_t,2,16,64,128,64,72.370667,67.957143,-6.10
MATMUL,uint32_t,2,16,64,256,4,191.899333,167.801732,-12.56
MATMUL,uint32_t,2,16,64,256,8,163.488667,149.011150,-8.86
MATMUL,uint32_t,2,16,64,256,16,151.948333,141.581042,-6.82
MATMUL,uint32_t,2,16,64,256,32,146.955667,137.739900,-6.27
MATMUL,uint32_t,2,16,64,256,64,144.674333,135.845905,-6.10
MATMUL,uint32_t,2,16,64,512,4,384.029000,335.534688,-12.63
MATMUL,uint32_t,2,16,64,512,8,326.833000,297.953559,-8.84
MATMUL,uint32_t,2,16,64,512,16,303.835000,283.093307,-6.83
MATMUL,uint32_t,2,16,64,512,32,293.925667,275.411958,-6.30
MATMUL,uint32_t,2,16,64,512,64,289.288333,271.623429,-6.11
MATMUL,uint32_t,2,16,128,16,4,23.911667,20.980795,-12.26
MATMUL,uint32_t,2,16,128,16,8,20.420333,18.642446,-8.71
MATMUL,uint32_t,2,16,128,16,16,19.004000,17.718669,-6.76
MATMUL,uint32_t,2,16,128,32,4,47.771667,41.892813,-12.31
MATMUL,uint32_t,2,16,128,32,8,40.778333,37.216151,-8.74
MATMUL,uint32_t,2,16,128,32,16,37.942667,35.368562,-6.78
MATMUL,uint32_t,2,16,128,32,32,36.722333,34.412941,-6.29
MATMUL,uint32_t,2,16,128,64,4,95.413667,83.716850,-12.26
MATMUL,uint32_t,2,16,128,64,8,81.462333,74.363561,-8.71
MATMUL,uint32_t,2,16,128,64,16,75.808667,70.668347,-6.78
MATMUL,uint32_t,2,16,128,64,32,73.367667,68.758119,-6.28
MATMUL,uint32_t,2,16,128,64,64,72.242333,67.816832,-6.13
MATMUL,uint32_t,2,16,128,128,4,190.638667,167.364923,-12.21
MATMUL,uint32_t,2,16,128,128,8,162.887000,148.658382,-8.74
MATMUL,uint32_t,2,16,128,128,16,151.558333,141.267917,-6.79
MATMUL,uint32_t,2,16,128,128,32,146.684000,137.448474,-6.30
MATMUL,uint32_t,2,16,128,128,64,144.427667,135.565283,-6.14
MATMUL,uint32_t,2,16,128,128,128,143.228667,134.659216,-5.98
MATMUL,uint32_t,2,16,128,256,4,381.940333,334.661069,-12.38
MATMUL,uint32_t,2,16,128,256,8,325.702333,297.248023,-8.74
MATMUL,uint32_t,2,16,128,256,16,303.070667,282.467058,-6.80
MATMUL,uint32_t,2,16,128,256,32,293.277667,274.829152,-6.29
MATMUL,uint32_t,2,16,128,256,64,288.784333,271.062186,-6.14
MATMUL,uint32_t,2,16,128,256,128,286.391000,269.250454,-5.99
MATMUL,uint32_t,2,16,128,512,4,764.207333,669.253362,-12.43
MATMUL,uint32_t,2,16,128,512,8,651.365333,594.427305,-8.74
MATMUL,uint32_t,2,16,128,512,16,606.080667,564.865339,-6.80
MATMUL,uint32_t,2,16,128,512,32,586.586333,549.590500,-6.31
MATMUL,uint32_t,2,16,128,512,64,577.516000,542.055991,-6.14
MATMUL,uint32_t,2,16,128,512,128,572.710667,538.432929,-5.99
MATMUL,uint32_t,2,16,256,16,4,47.620000,41.838212,-12.14
MATMUL,uint32_t,2,16,256,16,8,40.706333,37.172055,-8.68
MATMUL,uint32_t,2,16,256,16,16,37.898667,35.329421,-6.78
MATMUL,uint32_t,2,16,256,32,4,95.414333,83.607648,-12.37
MATMUL,uint32_t,2,16,256,32,8,81.338000,74.275369,-8.68
MATMUL,uint32_t,2,16,256,32,16,75.712333,70.590066,-6.77
MATMUL,uint32_t,2,16,256,32,32,73.305000,68.685256,-6.30
MATMUL,uint32_t,2,16,256,64,4,190.898000,167.146518,-12.44
MATMUL,uint32_t,2,16,256,64,8,162.619000,148.481998,-8.69
MATMUL,uint32_t,2,16,256,64,16,151.370000,141.111355,-6.78
MATMUL,uint32_t,2,16,256,64,32,146.562333,137.302754,-6.32
MATMUL,uint32_t,2,16,256,64,64,144.311333,135.424972,-6.16
MATMUL,uint32_t,2,16,256,128,4,380.588000,334.224260,-12.18
MATMUL,uint32_t,2,16,256,128,8,325.162667,296.895255,-8.69
MATMUL,uint32_t,2,16,256,128,16,302.705333,282.153933,-6.79
MATMUL,uint32_t,2,16,256,128,32,292.958667,274.537732,-6.29
MATMUL,uint32_t,2,16,256,128,64,288.544000,270.781564,-6.16
MATMUL,uint32_t,2,16,256,128,128,286.171333,268.975094,-6.01
MATMUL,uint32_t,2,16,256,256,4,763.146000,668.379744,-12.42
MATMUL,uint32_t,2,16,256,256,8,650.145333,593.721769,-8.68
MATMUL,uint32_t,2,16,256,256,16,605.213667,564.239090,-6.77
MATMUL,uint32_t,2,16,256,256,32,585.817000,549.007691,-6.28
MATMUL,uint32_t,2,16,256,256,64,577.014000,541.494748,-6.16
MATMUL,uint32_t,2,16,256,256,128,572.254000,537.882209,-6.01
MATMUL,uint32_t,2,16,256,256,256,570.027667,536.194810,-5.94
MATMUL,uint32_t,2,16,256,512,4,1525.863667,1336.690710,-12.40
MATMUL,uint32_t,2,16,256,512,8,1300.523333,1187.374798,-8.70
MATMUL,uint32_t,2,16,256,512,16,1210.487667,1128.409403,-6.78
MATMUL,uint32_t,2,16,256,512,32,1171.836667,1097.947610,-6.31
MATMUL,uint32_t,2,16,256,512,64,1153.991000,1082.921114,-6.16
MATMUL,uint32_t,2,16,256,512,128,1144.355667,1075.696440,-6.00
MATMUL,uint32_t,2,16,256,512,256,1140.008333,1072.319756,-5.94
MATMUL,uint32_t,2,16,512,16,4,95.097667,83.553046,-12.14
MATMUL,uint32_t,2,16,512,16,8,81.272667,74.231273,-8.66
MATMUL,uint32_t,2,16,512,16,16,75.673667,70.550925,-6.77
MATMUL,uint32_t,2,16,512,32,4,189.992333,167.037316,-12.08
MATMUL,uint32_t,2,16,512,32,8,162.440333,148.393806,-8.65
MATMUL,uint32_t,2,16,512,32,16,151.260000,141.033074,-6.76
MATMUL,uint32_t,2,16,512,32,32,146.470667,137.229890,-6.31
MATMUL,uint32_t,2,16,512,64,4,379.908667,334.005856,-12.08
MATMUL,uint32_t,2,16,512,64,8,324.773333,296.718871,-8.64
MATMUL,uint32_t,2,16,512,64,16,302.448333,281.997371,-6.76
MATMUL,uint32_t,2,16,512,64,32,292.794000,274.392014,-6.28
MATMUL,uint32_t,2,16,512,64,64,288.418000,270.641253,-6.16
MATMUL,uint32_t,2,16,512,128,4,761.375333,667.942934,-12.27
MATMUL,uint32_t,2,16,512,128,8,649.570667,593.369001,-8.65
MATMUL,uint32_t,2,16,512,128,16,604.762000,563.925965,-6.75
MATMUL,uint32_t,2,16,512,128,32,585.665000,548.716255,-6.31
MATMUL,uint32_t,2,16,512,128,64,576.767333,541.214126,-6.16
MATMUL,uint32_t,2,16,512,128,128,571.903333,537.606849,-6.00
MATMUL,uint32_t,2,16,512,256,4,1522.076000,1335.817092,-12.24
MATMUL,uint32_t,2,16,512,256,8,1299.074000,1186.669262,-8.65
MATMUL,uint32_t,2,16,512,256,16,1209.474000,1127.783154,-6.75
MATMUL,uint32_t,2,16,512,256,32,1170.880333,1097.364743,-6.28
MATMUL,uint32_t,2,16,512,256,64,1153.492000,1082.359871,-6.17
MATMUL,uint32_t,2,16,512,256,128,1143.814667,1075.145720,-6.00
MATMUL,uint32_t,2,16,512,256,256,1139.313667,1071.773672,-5.93
MATMUL,uint32_t,2,16,512,512,4,3040.617000,2671.565408,-12.14
MATMUL,uint32_t,2,16,512,512,8,2597.811333,2373.269783,-8.64
MATMUL,uint32_t,2,16,512,512,16,2418.634000,2255.497531,-6.74
MATMUL,uint32_t,1,512,512,512,4,96993.676000,85488.038658,-11.86
MATMUL,uint32_t,2,16,512,512,32,2342.607667,2194.661717,-6.32
MATMUL,uint32_t,2,16,512,512,64,2306.864667,2164.651361,-6.16
MATMUL,uint32_t,2,16,512,512,128,2287.580667,2150.223462,-6.00
MATMUL,uint32_t,2,32,16,16,4,6.232000,5.394848,-13.43
MATMUL,uint32_t,2,32,16,16,8,5.274000,4.791849,-9.14
MATMUL,uint32_t,2,32,16,16,16,4.896667,4.552260,-7.03
MATMUL,uint32_t,2,32,16,32,4,12.401333,10.718404,-13.57
MATMUL,uint32_t,2,32,16,32,8,10.483667,9.512444,-9.26
MATMUL,uint32_t,2,32,16,32,16,9.707667,9.033229,-6.95
MATMUL,uint32_t,2,32,16,64,4,24.697000,21.365517,-13.49
MATMUL,uint32_t,2,32,16,64,8,20.921333,18.953632,-9.41
MATMUL,uint32_t,2,32,16,64,16,19.364667,17.995168,-7.07
MATMUL,uint32_t,2,32,16,128,4,49.373667,42.659744,-13.60
MATMUL,uint32_t,2,32,16,128,8,41.752000,37.836009,-9.38
MATMUL,uint32_t,2,32,16,128,16,38.648333,35.919044,-7.06
MATMUL,uint32_t,2,32,16,256,4,98.669667,85.248196,-13.60
MATMUL,uint32_t,2,32,16,256,8,83.478333,75.600764,-9.44
MATMUL,uint32_t,2,16,512,512,256,2278.819333,2143.477480,-5.94
MATMUL,uint32_t,2,32,16,256,16,77.214333,71.766797,-7.06
MATMUL,uint32_t,2,32,16,512,4,197.217000,170.425101,-13.58
MATMUL,uint32_t,2,32,16,512,8,166.831000,151.130272,-9.41
MATMUL,uint32_t,2,32,32,16,4,12.148000,10.609202,-12.67
MATMUL,uint32_t,2,32,32,16,8,10.357333,9.424252,-9.01
MATMUL,uint32_t,2,32,16,512,16,154.370333,143.462304,-7.07
MATMUL,uint32_t,2,32,32,16,16,9.606000,8.954948,-6.78
MATMUL,uint32_t,2,32,32,32,4,24.221000,21.147113,-12.69
MATMUL,uint32_t,2,32,32,32,8,20.647667,18.777248,-9.06
MATMUL,uint32_t,2,32,32,32,16,19.150667,17.838605,-6.85
MATMUL,uint32_t,2,32,32,32,32,18.516667,17.352160,-6.29
MATMUL,uint32_t,2,32,32,64,4,48.312667,42.222934,-12.60
MATMUL,uint32_t,2,32,32,64,8,41.204667,37.483241,-9.03
MATMUL,uint32_t,2,32,32,64,16,38.256667,35.605920,-6.93
MATMUL,uint32_t,2,32,32,64,32,36.955667,34.634043,-6.28
MATMUL,uint32_t,2,32,32,128,4,96.677667,84.374578,-12.73
MATMUL,uint32_t,2,32,32,128,8,82.313000,74.895228,-9.01
MATMUL,uint32_t,2,32,32,128,16,76.425333,71.140548,-6.91
MATMUL,uint32_t,2,32,32,128,32,73.842333,69.197784,-6.29
MATMUL,uint32_t,2,32,32,256,4,193.209000,168.677865,-12.70
MATMUL,uint32_t,2,32,32,256,8,164.539333,149.719200,-9.01
MATMUL,uint32_t,2,32,32,256,32,147.571000,138.325212,-6.27
MATMUL,uint32_t,2,32,32,256,16,152.799000,142.209805,-6.93
MATMUL,uint32_t,2,32,32,512,8,329.032333,299.367145,-9.02
MATMUL,uint32_t,2,32,32,512,4,386.290667,337.284438,-12.69
MATMUL,uint32_t,2,32,32,512,16,305.417333,284.348320,-6.90
MATMUL,uint32_t,2,32,32,512,32,295.012333,276.580068,-6.25
MATMUL,uint32_t,2,32,64,16,4,24.037667,21.037910,-12.48
MATMUL,uint32_t,2,32,64,16,8,20.507000,18.689056,-8.86
MATMUL,uint32_t,2,32,64,16,16,19.063667,17.760324,-6.84
MATMUL,uint32_t,2,32,64,32,4,47.999667,42.004530,-12.49
MATMUL,uint32_t,2,32,64,32,8,40.952667,37.306857,-8.90
MATMUL,uint32_t,2,32,64,32,16,38.044667,35.449357,-6.82
MATMUL,uint32_t,2,32,64,32,32,36.797333,34.488318,-6.27
MATMUL,uint32_t,2,32,64,64,4,95.985000,83.937769,-12.55
MATMUL,uint32_t,2,32,64,64,8,81.771333,74.542460,-8.84
MATMUL,uint32_t,2,32,64,64,16,76.010000,70.827424,-6.82
MATMUL,uint32_t,2,32,64,64,32,73.531333,68.906359,-6.29
MATMUL,uint32_t,2,32,64,64,64,72.375667,67.959657,-6.10
MATMUL,uint32_t,2,32,64,128,4,191.941000,167.804246,-12.58
MATMUL,uint32_t,2,32,64,128,8,163.475667,149.013664,-8.85
MATMUL,uint32_t,2,32,64,128,16,151.967000,141.583556,-6.83
MATMUL,uint32_t,2,32,64,128,32,146.958333,137.742414,-6.27
MATMUL,uint32_t,2,32,64,128,64,144.673667,135.848419,-6.10
MATMUL,uint32_t,2,32,64,256,4,384.109667,335.537202,-12.65
MATMUL,uint32_t,2,32,64,256,8,326.809333,297.956073,-8.83
MATMUL,uint32_t,2,32,64,256,16,303.814667,283.095821,-6.82
MATMUL,uint32_t,2,32,64,256,32,293.962333,275.414472,-6.31
MATMUL,uint32_t,1,512,512,512,64,73816.453667,69248.729273,-6.19
MATMUL,uint32_t,2,32,64,256,64,289.302333,271.625944,-6.11
MATMUL,uint32_t,1,512,512,512,128,73203.577333,68791.159847,-6.03
MATMUL,uint32_t,2,32,64,512,4,768.429000,671.003113,-12.68
MATMUL,uint32_t,2,32,64,512,8,653.583000,595.840892,-8.83
MATMUL,uint32_t,2,32,64,512,16,607.666667,566.120352,-6.84
MATMUL,uint32_t,1,512,512,512,32,74957.297667,70178.147952,-6.38
MATMUL,uint32_t,2,32,128,16,4,47.735667,41.895328,-12.23
MATMUL,uint32_t,2,32,128,16,8,40.799000,37.218665,-8.78
MATMUL,uint32_t,2,32,128,16,16,37.948667,35.371076,-6.79
MATMUL,uint32_t,2,32,128,32,4,95.481000,83.719364,-12.32
MATMUL,uint32_t,2,32,128,32,8,81.496000,74.366076,-8.75
MATMUL,uint32_t,2,32,128,32,16,75.826000,70.670861,-6.80
MATMUL,uint32_t,2,32,64,512,32,587.693667,550.758589,-6.28
MATMUL,uint32_t,1,512,512,512,256,72921.507000,68587.587477,-5.94
MATMUL,uint32_t,2,32,128,32,32,73.385000,68.760633,-6.30
MATMUL,uint32_t,2,32,128,64,8,162.926333,148.660896,-8.76
MATMUL,uint32_t,1,512,512,512,8,83102.339333,75935.838978,-8.62
MATMUL,uint32_t,2,32,128,64,4,190.801333,167.367437,-12.28
MATMUL,uint32_t,2,32,128,64,16,151.550333,141.270432,-6.78
MATMUL,uint32_t,2,32,128,64,32,146.724000,137.450987,-6.32
MATMUL,uint32_t,2,32,64,512,64,578.540667,543.180992,-6.11
MATMUL,uint32_t,2,32,128,64,64,144.444667,135.567798,-6.15
MATMUL,uint32_t,1,512,512,512,16,77398.065000,72173.866608,-6.75
MATMUL,uint32_t,2,32,128,128,64,288.788000,271.064700,-6.14
MATMUL,uint32_t,2,32,128,128,16,303.066667,282.469572,-6.80
MATMUL,uint32_t,2,32,128,128,32,293.280333,274.831668,-6.29
MATMUL,uint32_t,2,32,128,128,128,286.406333,269.252968,-5.99
MATMUL,uint32_t,2,32,128,128,8,325.735000,297.250537,-8.74
MATMUL,uint32_t,2,32,128,128,4,381.785333,334.663584,-12.34
MATMUL,uint32_t,2,32,128,256,4,763.351333,669.255876,-12.33
MATMUL,uint32_t,2,32,128,256,64,577.504000,542.058505,-6.14
MATMUL,uint32_t,2,32,128,256,32,586.448333,549.593014,-6.28
MATMUL,uint32_t,2,32,128,256,128,572.619000,538.435443,-5.97
MATMUL,uint32_t,2,32,128,256,16,605.942667,564.867853,-6.78
MATMUL,uint32_t,2,32,128,256,8,651.334000,594.429820,-8.74
MATMUL,uint32_t,2,32,256,16,4,95.196667,83.610162,-12.17
MATMUL,uint32_t,2,32,256,16,8,81.353667,74.277884,-8.70
MATMUL,uint32_t,2,32,256,16,16,75.735667,70.592580,-6.79
MATMUL,uint32_t,2,32,256,32,4,190.497333,167.149033,-12.26
MATMUL,uint32_t,2,32,256,32,8,162.637333,148.484512,-8.70
MATMUL,uint32_t,2,32,256,32,16,151.368333,141.113869,-6.77
MATMUL,uint32_t,2,32,256,32,32,146.510667,137.305266,-6.28
MATMUL,uint32_t,2,32,128,512,8,1302.353000,1188.788384,-8.72
MATMUL,uint32_t,2,32,128,512,4,1526.144000,1338.440461,-12.30
MATMUL,uint32_t,2,32,256,64,4,380.849667,334.226774,-12.24
MATMUL,uint32_t,2,32,256,64,8,325.113333,296.897769,-8.68
MATMUL,uint32_t,2,32,128,512,16,1211.742000,1129.664416,-6.77
MATMUL,uint32_t,2,32,256,64,16,302.619000,282.156448,-6.76
MATMUL,uint32_t,2,32,128,512,128,1145.275667,1076.800394,-5.98
MATMUL,uint32_t,2,32,128,512,64,1154.986000,1084.046116,-6.14
MATMUL,uint32_t,2,32,128,512,32,1173.092333,1099.115709,-6.31
MATMUL,uint32_t,2,32,256,64,32,292.919667,274.540248,-6.27
MATMUL,uint32_t,2,32,256,64,64,288.556667,270.784078,-6.16
MATMUL,uint32_t,2,32,256,128,16,605.263333,564.241604,-6.78
MATMUL,uint32_t,2,32,256,128,8,650.148333,593.724284,-8.68
MATMUL,uint32_t,2,32,256,128,64,577.037667,541.497262,-6.16
MATMUL,uint32_t,2,32,256,128,32,585.938000,549.010205,-6.30
MATMUL,uint32_t,2,32,256,128,128,572.166667,537.884723,-5.99
MATMUL,uint32_t,2,32,256,128,4,761.155000,668.382258,-12.19
MATMUL,uint32_t,2,32,256,256,8,1300.629667,1187.377312,-8.71
MATMUL,uint32_t,2,32,256,256,4,1521.629000,1336.693225,-12.15
MATMUL,uint32_t,2,32,256,256,128,1144.119667,1075.698954,-5.98
MATMUL,uint32_t,2,32,256,256,256,1139.763333,1072.322271,-5.92
MATMUL,uint32_t,2,32,256,256,64,1153.994667,1082.923629,-6.16
MATMUL,uint32_t,2,32,256,256,32,1171.985667,1097.950124,-6.32
MATMUL,uint32_t,2,32,256,256,16,1210.153000,1128.411917,-6.75
MATMUL,uint32_t,2,32,512,16,4,190.152667,167.039830,-12.15
MATMUL,uint32_t,2,32,512,16,8,162.481667,148.396320,-8.67
MATMUL,uint32_t,2,32,512,16,16,151.266333,141.035588,-6.76
MATMUL,uint32_t,2,32,512,32,4,380.218000,334.008370,-12.15
MATMUL,uint32_t,2,32,512,32,8,324.859333,296.721385,-8.66
MATMUL,uint32_t,2,32,512,32,16,302.465000,281.999885,-6.77
MATMUL,uint32_t,2,32,256,512,4,3042.671333,2673.315158,-12.14
MATMUL,uint32_t,2,32,512,32,32,292.850000,274.394526,-6.30
MATMUL,uint32_t,2,32,256,512,16,2420.163333,2256.752544,-6.75
MATMUL,uint32_t,2,32,256,512,128,2288.635000,2151.327416,-6.00
MATMUL,uint32_t,2,32,256,512,256,2279.937000,2144.572163,-5.94
MATMUL,uint32_t,2,32,256,512,64,2307.899333,2165.776362,-6.16
MATMUL,uint32_t,2,32,256,512,32,2343.555667,2195.829962,-6.30
MATMUL,uint32_t,2,32,256,512,8,2600.142333,2374.683369,-8.67
MATMUL,uint32_t,2,32,512,64,4,760.129667,667.945449,-12.13
MATMUL,uint32_t,2,32,512,64,8,649.725667,593.371516,-8.67
MATMUL,uint32_t,2,32,512,64,16,604.676000,563.928480,-6.74
MATMUL,uint32_t,2,32,512,64,64,576.776667,541.216640,-6.17
MATMUL,uint32_t,2,32,512,64,32,585.719000,548.718772,-6.32
MATMUL,uint32_t,2,32,512,128,16,1209.746333,1127.785668,-6.78
MATMUL,uint32_t,2,32,512,128,8,1299.118333,1186.671776,-8.66
MATMUL,uint32_t,2,32,512,128,4,1519.775000,1335.819606,-12.10
MATMUL,uint32_t,2,32,512,128,32,1171.084000,1097.367257,-6.29
MATMUL,uint32_t,2,32,512,128,128,1143.760333,1075.148234,-6.00
MATMUL,uint32_t,2,32,512,128,64,1153.511000,1082.362385,-6.17
MATMUL,uint32_t,2,32,512,256,8,2597.829333,2373.272297,-8.64
MATMUL,uint32_t,2,32,512,256,4,3041.335667,2671.567922,-12.16
MATMUL,uint32_t,2,32,512,256,16,2419.302000,2255.500045,-6.77
MATMUL,uint32_t,2,32,512,256,32,2341.560333,2194.664231,-6.27
MATMUL,uint32_t,2,32,512,256,64,2306.879333,2164.653876,-6.17
MATMUL,uint32_t,2,32,512,256,128,2287.737000,2150.225976,-6.01
MATMUL,uint32_t,2,32,512,256,256,2279.116667,2143.479994,-5.95
MATMUL,uint32_t,2,64,16,16,4,12.403000,10.723433,-13.54
MATMUL,uint32_t,2,64,16,16,8,10.512667,9.517472,-9.47
MATMUL,uint32_t,2,64,16,16,16,9.725333,9.038258,-7.06
MATMUL,uint32_t,2,64,16,32,4,24.730000,21.370546,-13.58
MATMUL,uint32_t,2,64,16,32,8,20.947333,18.958661,-9.49
MATMUL,uint32_t,2,64,16,32,16,19.370000,18.000196,-7.07
MATMUL,uint32_t,2,64,16,64,4,49.382333,42.664772,-13.60
MATMUL,uint32_t,2,64,16,64,8,41.775000,37.841038,-9.42
MATMUL,uint32_t,2,64,16,64,16,38.654333,35.924073,-7.06
MATMUL,uint32_t,2,64,16,128,4,98.677333,85.253225,-13.60
MATMUL,uint32_t,2,64,16,128,8,83.521000,75.605792,-9.48
MATMUL,uint32_t,2,64,16,128,16,77.229333,71.771826,-7.07
MATMUL,uint32_t,2,64,16,256,4,197.260333,170.430130,-13.60
MATMUL,uint32_t,2,64,16,256,8,166.879667,151.135301,-9.43
MATMUL,uint32_t,2,64,16,256,16,154.371333,143.467332,-7.06
MATMUL,uint32_t,2,64,16,512,4,394.297333,340.783940,-13.57
MATMUL,uint32_t,2,64,16,512,8,333.664333,302.194318,-9.43
MATMUL,uint32_t,2,64,16,512,16,308.642333,286.858345,-7.06
MATMUL,uint32_t,2,64,32,16,4,24.247333,21.152141,-12.77
MATMUL,uint32_t,2,64,32,16,8,20.660667,18.782277,-9.09
MATMUL,uint32_t,2,64,32,16,16,19.170000,17.843634,-6.92
MATMUL,uint32_t,2,64,32,32,4,48.365333,42.227963,-12.69
MATMUL,uint32_t,2,64,32,32,8,41.235333,37.488270,-9.09
MATMUL,uint32_t,2,64,32,32,16,38.258667,35.610948,-6.92
MATMUL,uint32_t,2,64,32,32,32,36.963000,34.639072,-6.29
MATMUL,uint32_t,2,32,512,512,4,6080.165000,5343.064553,-12.12
MATMUL,uint32_t,2,64,32,64,8,82.373667,74.900256,-9.07
MATMUL,uint32_t,2,64,32,64,4,96.757333,84.379606,-12.79
MATMUL,uint32_t,2,64,32,64,16,76.443000,71.145577,-6.93
MATMUL,uint32_t,2,64,32,64,32,73.835333,69.202812,-6.27
MATMUL,uint32_t,2,64,32,128,8,164.598333,149.724229,-9.04
MATMUL,uint32_t,2,32,512,512,64,4613.624667,4329.236856,-6.16
MATMUL,uint32_t,2,64,32,128,4,193.164000,168.682893,-12.67
MATMUL,uint32_t,2,32,512,512,32,4683.581667,4389.258180,-6.28
MATMUL,uint32_t,2,32,512,512,8,5196.807000,4746.473340,-8.67
MATMUL,uint32_t,2,32,512,512,128,4575.271333,4300.381459,-6.01
MATMUL,uint32_t,2,32,512,512,16,4838.927000,4510.928800,-6.78
MATMUL,uint32_t,2,32,512,512,256,4556.574000,4286.887610,-5.92
MATMUL,uint32_t,2,64,32,128,16,152.807333,142.214834,-6.93
MATMUL,uint32_t,2,64,32,128,32,147.616000,138.330240,-6.29
MATMUL,uint32_t,2,64,32,256,16,305.442333,284.353348,-6.90
MATMUL,uint32_t,2,64,32,256,8,329.069333,299.372174,-9.02
MATMUL,uint32_t,2,64,32,256,4,386.313667,337.289467,-12.69
MATMUL,uint32_t,2,64,32,256,32,295.138667,276.585096,-6.29
MATMUL,uint32_t,2,64,64,16,4,48.091333,42.009558,-12.65
MATMUL,uint32_t,2,64,64,16,8,40.947000,37.311886,-8.88
MATMUL,uint32_t,2,64,64,16,16,38.065667,35.454386,-6.86
MATMUL,uint32_t,2,64,64,32,4,96.141667,83.942797,-12.69
MATMUL,uint32_t,2,64,64,32,8,81.787000,74.547488,-8.85
MATMUL,uint32_t,2,64,64,32,16,76.038667,70.832452,-6.85
MATMUL,uint32_t,2,64,64,32,32,73.567000,68.911387,-6.33
MATMUL,uint32_t,2,64,32,512,32,590.218333,553.094808,-6.29
MATMUL,uint32_t,2,64,32,512,16,610.925667,568.630377,-6.92
MATMUL,uint32_t,2,64,64,64,4,192.163333,167.809275,-12.67
MATMUL,uint32_t,2,64,64,64,32,147.023333,137.747443,-6.31
MATMUL,uint32_t,2,64,32,512,8,658.154667,598.668064,-9.04
MATMUL,uint32_t,2,64,64,64,16,151.988667,141.588585,-6.84
MATMUL,uint32_t,2,64,64,64,8,163.528667,149.018693,-8.87
MATMUL,uint32_t,2,64,32,512,4,772.491333,674.502614,-12.68
MATMUL,uint32_t,2,64,64,64,64,144.675000,135.853448,-6.10
MATMUL,uint32_t,2,64,64,128,64,289.278667,271.630972,-6.10
MATMUL,uint32_t,2,64,64,128,32,293.825000,275.419501,-6.26
MATMUL,uint32_t,2,64,64,128,16,303.812667,283.100850,-6.82
MATMUL,uint32_t,2,64,64,128,8,326.932000,297.961102,-8.86
MATMUL,uint32_t,2,64,64,128,4,383.628000,335.542230,-12.53
MATMUL,uint32_t,2,64,64,256,8,653.625667,595.845920,-8.84
MATMUL,uint32_t,2,64,64,256,16,607.553333,566.125380,-6.82
MATMUL,uint32_t,2,64,64,256,4,767.981333,671.008141,-12.63
MATMUL,uint32_t,2,64,64,256,64,578.531000,543.186021,-6.11
MATMUL,uint32_t,2,64,128,16,4,95.406333,83.724393,-12.24
MATMUL,uint32_t,2,64,64,256,32,587.673667,550.763617,-6.28
MATMUL,uint32_t,2,64,128,16,16,75.848333,70.675890,-6.82
MATMUL,uint32_t,2,64,128,16,8,81.516000,74.371104,-8.77
MATMUL,uint32_t,2,64,128,32,4,191.250000,167.372466,-12.48
MATMUL,uint32_t,2,64,128,32,16,151.594667,141.275460,-6.81
MATMUL,uint32_t,2,64,128,32,8,162.938000,148.665925,-8.76
MATMUL,uint32_t,2,64,128,32,32,146.711333,137.456015,-6.31
MATMUL,uint32_t,2,64,64,512,16,1215.141667,1132.174441,-6.83
MATMUL,uint32_t,2,64,128,64,8,325.748000,297.255566,-8.75
MATMUL,uint32_t,2,64,64,512,8,1307.281333,1191.615557,-8.85
MATMUL,uint32_t,2,64,128,64,4,381.555333,334.668612,-12.29
MATMUL,uint32_t,2,64,128,64,16,303.021333,282.474601,-6.78
MATMUL,uint32_t,2,64,64,512,4,1534.455333,1341.939963,-12.55
MATMUL,uint32_t,2,64,64,512,32,1175.155667,1101.451851,-6.27
MATMUL,uint32_t,2,64,128,64,32,293.309333,274.836701,-6.30
MATMUL,uint32_t,2,64,64,512,64,1156.995667,1086.296118,-6.11
MATMUL,uint32_t,2,64,128,64,64,288.798667,271.069729,-6.14
MATMUL,uint32_t,2,64,128,128,16,606.005000,564.872882,-6.79
MATMUL,uint32_t,2,64,128,128,8,651.304000,594.434848,-8.73
MATMUL,uint32_t,2,64,128,128,4,763.307333,669.260905,-12.32
MATMUL,uint32_t,2,64,128,128,32,586.643000,549.598046,-6.31
MATMUL,uint32_t,2,64,128,128,64,577.543333,542.063534,-6.14
MATMUL,uint32_t,2,64,128,128,128,572.651333,538.440472,-5.97
MATMUL,uint32_t,2,64,128,256,8,1302.583000,1188.793413,-8.74
MATMUL,uint32_t,2,64,128,256,4,1525.894667,1338.445490,-12.28
MATMUL,uint32_t,2,64,128,256,32,1173.030333,1099.120738,-6.30
MATMUL,uint32_t,2,64,128,256,16,1212.035667,1129.669444,-6.80
MATMUL,uint32_t,2,64,128,256,64,1154.967333,1084.051144,-6.14
MATMUL,uint32_t,2,64,128,256,128,1145.145333,1076.805423,-5.97
MATMUL,uint32_t,2,64,256,16,4,190.315667,167.154061,-12.17
MATMUL,uint32_t,2,64,256,16,8,162.632000,148.489541,-8.70
MATMUL,uint32_t,2,64,256,16,16,151.392000,141.118898,-6.79
MATMUL,uint32_t,2,64,256,32,4,381.218333,334.231803,-12.33
MATMUL,uint32_t,2,64,256,32,8,325.154667,296.902798,-8.69
MATMUL,uint32_t,2,64,256,32,16,302.658667,282.161476,-6.77
MATMUL,uint32_t,2,64,256,32,32,292.961333,274.545274,-6.29
MATMUL,uint32_t,2,64,128,512,8,2605.397667,2377.510542,-8.75
MATMUL,uint32_t,2,64,256,64,4,761.388667,668.387286,-12.21
MATMUL,uint32_t,2,64,256,64,8,650.210333,593.729312,-8.69
MATMUL,uint32_t,2,64,128,512,4,3054.139333,2676.814660,-12.35
MATMUL,uint32_t,2,64,128,512,16,2423.372667,2259.262569,-6.77
MATMUL,uint32_t,2,64,256,64,16,605.283000,564.246633,-6.78
MATMUL,uint32_t,2,64,128,512,32,2345.118667,2198.166127,-6.27
MATMUL,uint32_t,2,64,128,512,64,2309.864000,2168.026365,-6.14
MATMUL,uint32_t,2,64,128,512,128,2290.580667,2153.535324,-5.98
MATMUL,uint32_t,2,64,256,64,32,585.857667,549.015236,-6.29
MATMUL,uint32_t,2,64,256,64,64,577.017333,541.502290,-6.15
MATMUL,uint32_t,2,64,256,128,32,1171.602333,1097.955153,-6.29
MATMUL,uint32_t,2,64,256,128,8,1299.967333,1187.382341,-8.66
MATMUL,uint32_t,2,64,256,128,16,1210.211333,1128.416946,-6.76
MATMUL,uint32_t,2,64,256,128,128,1144.484667,1075.703983,-6.01
MATMUL,uint32_t,2,64,256,128,64,1153.977000,1082.928657,-6.16
MATMUL,uint32_t,2,64,256,128,4,1523.708333,1336.698253,-12.27
MATMUL,uint32_t,2,64,256,256,8,2600.093000,2374.688398,-8.67
MATMUL,uint32_t,2,64,256,256,4,3043.369333,2673.320187,-12.16
MATMUL,uint32_t,2,64,256,256,256,2279.371333,2144.577192,-5.91
MATMUL,uint32_t,2,64,256,256,128,2288.349667,2151.332444,-5.99
MATMUL,uint32_t,2,64,256,256,64,2307.853333,2165.781391,-6.16
MATMUL,uint32_t,2,64,256,256,32,2343.538333,2195.834990,-6.30
MATMUL,uint32_t,2,64,256,256,16,2420.926667,2256.757572,-6.78
MATMUL,uint32_t,2,64,512,16,4,380.222667,334.013398,-12.15
MATMUL,uint32_t,2,64,512,16,8,324.857333,296.726414,-8.66
MATMUL,uint32_t,2,64,512,16,16,302.457000,282.004914,-6.76
MATMUL,uint32_t,2,64,512,32,4,761.820667,667.950477,-12.32
MATMUL,uint32_t,2,64,512,32,8,649.615000,593.376544,-8.66
MATMUL,uint32_t,2,64,512,32,16,604.876000,563.933508,-6.77
MATMUL,uint32_t,2,64,256,512,4,6084.994000,5346.564054,-12.14
MATMUL,uint32_t,2,64,512,32,32,585.692667,548.723798,-6.31
MATMUL,uint32_t,2,64,256,512,8,5202.779000,4749.300512,-8.72
MATMUL,uint32_t,2,64,256,512,128,4576.517667,4302.589368,-5.99
MATMUL,uint32_t,2,64,256,512,16,4841.625333,4513.438825,-6.78
MATMUL,uint32_t,2,64,256,512,256,4559.132333,4289.076977,-5.92
MATMUL,uint32_t,2,64,256,512,64,4615.653000,4331.486858,-6.16
MATMUL,uint32_t,2,64,256,512,32,4684.934000,4391.594666,-6.26
MATMUL,uint32_t,2,64,512,64,4,1519.482333,1335.824635,-12.09
MATMUL,uint32_t,2,64,512,64,8,1298.920667,1186.676805,-8.64
MATMUL,uint32_t,2,64,512,64,64,1153.476667,1082.367414,-6.16
MATMUL,uint32_t,2,64,512,64,16,1209.448333,1127.790697,-6.75
MATMUL,uint32_t,2,64,512,64,32,1171.102333,1097.372288,-6.30
MATMUL,uint32_t,2,64,512,128,16,2418.842000,2255.505074,-6.75
MATMUL,uint32_t,2,64,512,128,8,2598.136667,2373.277326,-8.65
MATMUL,uint32_t,2,64,512,128,4,3043.829000,2671.572950,-12.23
MATMUL,uint32_t,2,64,512,128,32,2341.708667,2194.669260,-6.28
MATMUL,uint32_t,2,64,512,128,64,2306.877333,2164.658904,-6.16
MATMUL,uint32_t,2,64,512,128,128,2287.234333,2150.231004,-5.99
MATMUL,uint32_t,2,64,512,256,8,5197.249333,4746.478368,-8.67
MATMUL,uint32_t,2,64,512,256,4,6075.696000,5343.069581,-12.06
MATMUL,uint32_t,2,64,512,256,32,4684.792333,4389.263208,-6.31
MATMUL,uint32_t,2,64,512,256,16,4837.591000,4510.933828,-6.75
MATMUL,uint32_t,2,64,512,256,64,4613.618000,4329.241885,-6.16
MATMUL,uint32_t,2,64,512,256,128,4574.658000,4300.386488,-6.00
MATMUL,uint32_t,2,64,512,256,256,4557.861000,4286.892639,-5.95
MATMUL,uint32_t,2,128,16,16,4,24.763667,21.380603,-13.66
MATMUL,uint32_t,2,128,16,16,8,20.995333,18.968718,-9.65
MATMUL,uint32_t,2,128,16,16,16,19.417000,18.010253,-7.24
MATMUL,uint32_t,2,128,16,32,4,49.399333,42.674829,-13.61
MATMUL,uint32_t,2,128,16,32,8,41.844000,37.851095,-9.54
MATMUL,uint32_t,2,128,16,32,16,38.716667,35.934130,-7.19
MATMUL,uint32_t,2,128,16,64,4,98.696333,85.263282,-13.61
MATMUL,uint32_t,2,128,16,64,8,83.534667,75.615849,-9.48
MATMUL,uint32_t,2,128,16,64,16,77.276667,71.781883,-7.11
MATMUL,uint32_t,2,128,16,128,4,197.417333,170.440187,-13.67
MATMUL,uint32_t,2,128,16,128,8,166.965333,151.145358,-9.48
MATMUL,uint32_t,2,128,16,128,16,154.359667,143.477389,-7.05
MATMUL,uint32_t,2,128,16,256,4,394.519667,340.793997,-13.62
MATMUL,uint32_t,2,128,16,256,8,333.817000,302.204375,-9.47
MATMUL,uint32_t,2,128,16,256,16,308.647667,286.868402,-7.06
MATMUL,uint32_t,2,128,16,512,4,788.736667,681.501618,-13.60
MATMUL,uint32_t,2,128,16,512,8,667.288333,604.322409,-9.44
MATMUL,uint32_t,2,128,16,512,16,617.153667,573.650427,-7.05
MATMUL,uint32_t,2,128,32,16,4,48.411667,42.238020,-12.75
MATMUL,uint32_t,2,128,32,16,8,41.276333,37.498327,-9.15
MATMUL,uint32_t,2,128,32,16,16,38.283667,35.621005,-6.96
MATMUL,uint32_t,2,128,32,32,4,96.818000,84.389664,-12.84
MATMUL,uint32_t,2,128,32,32,8,82.400667,74.910313,-9.09
MATMUL,uint32_t,2,128,32,32,16,76.473000,71.155634,-6.95
MATMUL,uint32_t,2,128,32,32,32,73.885333,69.212896,-6.32
MATMUL,uint32_t,2,128,32,64,4,193.670333,168.692950,-12.90
MATMUL,uint32_t,2,128,32,64,8,164.686000,149.734286,-9.08
MATMUL,uint32_t,2,128,32,64,16,152.838333,142.224891,-6.94
MATMUL,uint32_t,2,128,32,64,32,147.632000,138.340297,-6.29
MATMUL,uint32_t,2,128,32,128,4,386.410000,337.299524,-12.71
MATMUL,uint32_t,2,128,32,128,8,329.122000,299.382231,-9.04
MATMUL,uint32_t,2,64,512,512,4,12169.906333,10686.062843,-12.19
MATMUL,uint32_t,2,128,32,128,16,305.456667,284.363405,-6.91
MATMUL,uint32_t,2,128,32,128,32,295.067333,276.595153,-6.26
MATMUL,uint32_t,2,64,512,512,64,9227.140333,8658.407846,-6.16
MATMUL,uint32_t,2,64,512,512,32,9367.835333,8778.451105,-6.29
MATMUL,uint32_t,2,128,32,256,8,658.144000,598.678121,-9.04
MATMUL,uint32_t,2,128,32,256,4,773.113333,674.512672,-12.75
MATMUL,uint32_t,2,64,512,512,8,10391.088667,9492.880453,-8.64
MATMUL,uint32_t,2,64,512,512,128,9150.334333,8600.697455,-6.01
MATMUL,uint32_t,2,64,512,512,256,9114.495000,8573.707871,-5.93
MATMUL,uint32_t,2,64,512,512,16,9677.220000,9021.791337,-6.77
MATMUL,uint32_t,2,128,64,16,4,95.981333,83.952854,-12.53
MATMUL,uint32_t,2,128,64,16,8,81.839333,74.557545,-8.90
MATMUL,uint32_t,2,128,64,16,16,76.054667,70.842509,-6.85
MATMUL,uint32_t,2,128,32,256,16,610.886000,568.640434,-6.92
MATMUL,uint32_t,2,128,64,32,4,191.896667,167.819332,-12.55
MATMUL,uint32_t,2,128,32,256,32,590.182333,553.104865,-6.28
MATMUL,uint32_t,2,128,64,32,8,163.561000,149.028750,-8.88
MATMUL,uint32_t,2,128,64,32,16,152.004333,141.598642,-6.85
MATMUL,uint32_t,2,128,64,32,32,147.017333,137.757526,-6.30
MATMUL,uint32_t,2,128,64,64,8,326.954000,297.971159,-8.86
MATMUL,uint32_t,2,128,64,64,4,384.373000,335.552288,-12.70
MATMUL,uint32_t,2,128,64,64,16,303.930333,283.110907,-6.85
MATMUL,uint32_t,2,128,64,64,32,294.008333,275.429558,-6.32
MATMUL,uint32_t,2,128,32,512,16,1221.641000,1137.194491,-6.91
MATMUL,uint32_t,2,128,32,512,32,1179.930000,1106.124289,-6.26
MATMUL,uint32_t,2,128,64,64,64,289.291333,271.641029,-6.10
MATMUL,uint32_t,2,128,32,512,8,1316.340333,1197.269902,-9.05
MATMUL,uint32_t,2,128,32,512,4,1544.531667,1348.938966,-12.66
MATMUL,uint32_t,2,128,64,128,16,607.712333,566.135437,-6.84
MATMUL,uint32_t,2,128,64,128,8,653.621000,595.855977,-8.84
MATMUL,uint32_t,2,128,64,128,4,767.488667,671.018198,-12.57
MATMUL,uint32_t,2,128,64,128,32,587.729667,550.773675,-6.29
MATMUL,uint32_t,2,128,64,128,64,578.524667,543.196078,-6.11
MATMUL,uint32_t,2,128,64,256,8,1307.285000,1191.625614,-8.85
MATMUL,uint32_t,2,128,64,256,16,1214.992667,1132.184498,-6.82
MATMUL,uint32_t,2,128,64,256,4,1534.484333,1341.950020,-12.55
MATMUL,uint32_t,2,128,64,256,64,1156.994667,1086.306175,-6.11
MATMUL,uint32_t,2,128,64,256,32,1175.496333,1101.461908,-6.30
MATMUL,uint32_t,2,128,128,16,4,190.824333,167.382523,-12.28
MATMUL,uint32_t,2,128,128,16,8,162.978000,148.675982,-8.78
MATMUL,uint32_t,2,128,128,16,16,151.646000,141.285517,-6.83
MATMUL,uint32_t,2,128,128,32,16,303.100000,282.484658,-6.80
MATMUL,uint32_t,2,128,128,32,4,381.745667,334.678669,-12.33
MATMUL,uint32_t,2,128,128,32,8,325.794667,297.265623,-8.76
MATMUL,uint32_t,2,128,128,32,32,293.393333,274.846759,-6.32
MATMUL,uint32_t,2,128,128,64,8,651.385000,594.444905,-8.74
MATMUL,uint32_t,2,128,128,64,4,763.092667,669.270962,-12.29
MATMUL,uint32_t,2,128,64,512,16,2429.852333,2264.282619,-6.81
MATMUL,uint32_t,2,128,64,512,8,2614.174667,2383.164887,-8.84
MATMUL,uint32_t,2,128,128,64,16,606.082333,564.882939,-6.80
MATMUL,uint32_t,2,128,64,512,4,3068.667000,2683.813664,-12.54
MATMUL,uint32_t,2,128,128,64,32,586.653333,549.608128,-6.31
MATMUL,uint32_t,2,128,128,64,64,577.524333,542.073591,-6.14
MATMUL,uint32_t,2,128,64,512,32,2350.469333,2202.838374,-6.28
MATMUL,uint32_t,2,128,64,512,64,2313.888667,2172.526369,-6.11
MATMUL,uint32_t,2,128,128,128,16,1212.078333,1129.679501,-6.80
MATMUL,uint32_t,2,128,128,128,8,1302.666667,1188.803470,-8.74
MATMUL,uint32_t,2,128,128,128,4,1526.628000,1338.455547,-12.33
MATMUL,uint32_t,2,128,128,128,64,1154.974667,1084.061201,-6.14
MATMUL,uint32_t,2,128,128,128,32,1172.787667,1099.130801,-6.28
MATMUL,uint32_t,2,128,128,128,128,1145.078333,1076.815480,-5.96
MATMUL,uint32_t,2,128,128,256,8,2605.229333,2377.520599,-8.74
MATMUL,uint32_t,2,128,128,256,4,3054.632333,2676.824717,-12.37
MATMUL,uint32_t,2,128,128,256,32,2346.303000,2198.176185,-6.31
MATMUL,uint32_t,2,128,128,256,16,2423.863333,2259.272626,-6.79
MATMUL,uint32_t,2,128,128,256,64,2309.885667,2168.036422,-6.14
MATMUL,uint32_t,2,128,128,256,128,2290.458667,2153.545382,-5.98
MATMUL,uint32_t,2,128,256,16,4,380.347667,334.241860,-12.12
MATMUL,uint32_t,2,128,256,16,8,325.149667,296.912855,-8.68
MATMUL,uint32_t,2,128,256,16,16,302.677667,282.171533,-6.77
MATMUL,uint32_t,2,128,256,32,4,760.536333,668.397344,-12.12
MATMUL,uint32_t,2,128,256,32,8,650.292000,593.739369,-8.70
MATMUL,uint32_t,2,128,256,32,16,605.153667,564.256690,-6.76
MATMUL,uint32_t,2,128,256,32,32,585.944667,549.025291,-6.30
MATMUL,uint32_t,2,128,128,512,8,5210.079000,4754.954857,-8.74
MATMUL,uint32_t,2,128,256,64,8,1299.996667,1187.392398,-8.66
MATMUL,uint32_t,2,128,256,64,4,1521.973667,1336.708310,-12.17
MATMUL,uint32_t,2,128,128,512,4,6102.421333,5353.563058,-12.27
MATMUL,uint32_t,2,128,128,512,16,4847.170000,4518.458875,-6.78
MATMUL,uint32_t,2,128,256,64,16,1210.462000,1128.427003,-6.78
MATMUL,uint32_t,2,128,128,512,32,4692.417000,4396.266964,-6.31
MATMUL,uint32_t,2,128,128,512,128,4581.007333,4307.005185,-5.98
MATMUL,uint32_t,2,128,128,512,64,4619.625000,4335.986863,-6.14
MATMUL,uint32_t,2,128,256,64,32,1171.912333,1097.965212,-6.31
MATMUL,uint32_t,2,128,256,64,64,1153.973667,1082.938714,-6.16
MATMUL,uint32_t,2,128,256,128,16,2420.903667,2256.767629,-6.78
MATMUL,uint32_t,2,128,256,128,32,2343.752667,2195.845048,-6.31
MATMUL,uint32_t,2,128,256,128,128,2288.523000,2151.342502,-5.99
MATMUL,uint32_t,2,128,256,128,64,2307.875333,2165.791448,-6.16
MATMUL,uint32_t,2,128,256,128,8,2600.259667,2374.698455,-8.67
MATMUL,uint32_t,2,128,256,128,4,3043.234333,2673.330244,-12.15
MATMUL,uint32_t,2,128,256,256,8,5201.565000,4749.310569,-8.69
MATMUL,uint32_t,2,128,256,256,4,6097.784333,5346.574112,-12.32
MATMUL,uint32_t,2,128,256,256,128,4576.526000,4302.599425,-5.99
MATMUL,uint32_t,2,128,256,256,256,4558.911333,4289.087034,-5.92
MATMUL,uint32_t,2,128,256,256,64,4615.679333,4331.496916,-6.16
MATMUL,uint32_t,2,128,256,256,32,4686.418333,4391.604723,-6.29
MATMUL,uint32_t,2,128,256,256,16,4841.832000,4513.448882,-6.78
MATMUL,uint32_t,2,128,512,16,4,762.167667,667.960534,-12.36
MATMUL,uint32_t,2,128,512,16,8,649.777000,593.386601,-8.68
MATMUL,uint32_t,2,128,512,16,16,604.951667,563.943565,-6.78
MATMUL,uint32_t,2,128,512,32,4,1523.061333,1335.834692,-12.29
MATMUL,uint32_t,2,128,512,32,8,1299.274667,1186.686862,-8.67
MATMUL,uint32_t,2,128,512,32,16,1209.542333,1127.800754,-6.76
MATMUL,uint32_t,2,128,256,512,4,12181.583333,10693.061846,-12.22
MATMUL,uint32_t,2,128,512,32,32,1171.257667,1097.382342,-6.31
MATMUL,uint32_t,2,128,256,512,8,10401.678000,9498.534798,-8.68
MATMUL,uint32_t,2,128,256,512,16,9681.748000,9026.811387,-6.76
MATMUL,uint32_t,2,128,256,512,128,9153.821333,8605.113272,-5.99
MATMUL,uint32_t,2,128,256,512,256,9118.099667,8578.086604,-5.92
MATMUL,uint32_t,2,128,256,512,64,9231.150667,8662.907850,-6.16
MATMUL,uint32_t,2,128,256,512,32,9373.228333,8783.124074,-6.30
MATMUL,uint32_t,2,128,512,64,8,2597.824000,2373.287383,-8.64
MATMUL,uint32_t,2,128,512,64,4,3045.861333,2671.583008,-12.29
MATMUL,uint32_t,2,128,512,64,16,2419.328667,2255.515131,-6.77
MATMUL,uint32_t,2,128,512,64,32,2341.865667,2194.679319,-6.29
MATMUL,uint32_t,2,128,512,64,64,2306.870000,2164.668961,-6.16
MATMUL,uint32_t,2,128,512,128,16,4837.430667,4510.943885,-6.75
MATMUL,uint32_t,2,128,512,128,8,5196.219333,4746.488425,-8.65
MATMUL,uint32_t,2,128,512,128,32,4684.159000,4389.273265,-6.30
MATMUL,uint32_t,2,128,512,128,4,6087.925000,5343.079638,-12.23
MATMUL,uint32_t,2,128,512,128,64,4613.660333,4329.251942,-6.16
MATMUL,uint32_t,2,128,512,128,128,4574.397333,4300.396545,-5.99
MATMUL,uint32_t,2,128,512,256,8,10391.280333,9492.890510,-8.65
MATMUL,uint32_t,2,128,512,256,4,12181.402000,10686.072900,-12.28
MATMUL,uint32_t,2,128,512,256,32,9368.122667,8778.461163,-6.29
MATMUL,uint32_t,2,128,512,256,16,9674.824667,9021.801394,-6.75
MATMUL,uint32_t,2,128,512,256,64,9227.149333,8658.417903,-6.16
MATMUL,uint32_t,2,128,512,256,256,9115.450667,8573.717928,-5.94
MATMUL,uint32_t,2,128,512,256,128,9151.176333,8600.707512,-6.02
MATMUL,uint32_t,2,256,16,16,4,49.478667,42.694946,-13.71
MATMUL,uint32_t,2,256,16,16,8,41.921333,37.871212,-9.66
MATMUL,uint32_t,2,256,16,16,16,38.764000,35.954247,-7.25
MATMUL,uint32_t,2,256,16,32,4,98.758333,85.283399,-13.64
MATMUL,uint32_t,2,256,16,32,8,83.592333,75.635966,-9.52
MATMUL,uint32_t,2,256,16,32,16,77.326333,71.802000,-7.14
MATMUL,uint32_t,2,256,16,64,4,197.319000,170.460304,-13.61
MATMUL,uint32_t,2,256,16,64,8,166.974000,151.165475,-9.47
MATMUL,uint32_t,2,256,16,64,16,154.474667,143.497506,-7.11
MATMUL,uint32_t,2,256,16,128,4,394.483000,340.814114,-13.60
MATMUL,uint32_t,2,256,16,128,8,333.602000,302.224492,-9.41
MATMUL,uint32_t,2,256,16,128,16,308.707667,286.888519,-7.07
MATMUL,uint32_t,2,256,16,256,4,788.568667,681.521735,-13.57
MATMUL,uint32_t,2,256,16,256,8,667.235000,604.342526,-9.43
MATMUL,uint32_t,2,256,16,256,16,617.350667,573.670544,-7.08
MATMUL,uint32_t,2,256,16,512,4,1577.996667,1362.936976,-13.63
MATMUL,uint32_t,2,256,16,512,8,1335.046000,1208.578595,-9.47
MATMUL,uint32_t,2,256,16,512,16,1234.522000,1147.234594,-7.07
MATMUL,uint32_t,2,256,32,16,4,96.774667,84.409781,-12.78
MATMUL,uint32_t,2,256,32,16,8,82.490000,74.930430,-9.16
MATMUL,uint32_t,2,256,32,16,16,76.551000,71.175751,-7.02
MATMUL,uint32_t,2,256,32,32,4,193.789667,168.713068,-12.94
MATMUL,uint32_t,2,256,32,32,8,164.753667,149.754403,-9.10
MATMUL,uint32_t,2,256,32,32,16,152.883333,142.245008,-6.96
MATMUL,uint32_t,2,256,32,32,32,147.726333,138.360546,-6.34
MATMUL,uint32_t,2,256,32,64,4,386.708000,337.319641,-12.77
MATMUL,uint32_t,2,256,32,64,8,329.295000,299.402348,-9.08
MATMUL,uint32_t,2,256,32,64,16,305.611333,284.383522,-6.95
MATMUL,uint32_t,2,256,32,64,32,295.193000,276.615271,-6.29
MATMUL,uint32_t,2,256,32,128,4,773.750333,674.532789,-12.82
MATMUL,uint32_t,2,256,32,128,8,658.293000,598.698238,-9.05
MATMUL,uint32_t,2,256,32,128,16,610.936333,568.660551,-6.92
MATMUL,uint32_t,2,256,32,128,32,590.329667,553.124983,-6.30
MATMUL,uint32_t,2,128,512,512,4,24309.666333,21372.059424,-12.08
MATMUL,uint32_t,2,256,32,256,4,1545.079667,1348.959084,-12.69
MATMUL,uint32_t,2,256,32,256,8,1316.083667,1197.290019,-9.03
MATMUL,uint32_t,2,128,512,512,64,18454.214667,17316.749825,-6.16
MATMUL,uint32_t,2,256,32,256,16,1221.966333,1137.214608,-6.94
MATMUL,uint32_t,2,128,512,512,32,18738.115667,17556.836957,-6.30
MATMUL,uint32_t,2,128,512,512,8,20788.486667,18985.694679,-8.67
MATMUL,uint32_t,2,128,512,512,256,18231.526000,17147.348392,-5.95
MATMUL,uint32_t,2,128,512,512,128,18299.486667,17201.329446,-6.00
MATMUL,uint32_t,2,256,32,256,32,1180.066667,1106.144407,-6.26
MATMUL,uint32_t,2,128,512,512,16,19352.035333,18043.516411,-6.76
MATMUL,uint32_t,2,256,64,16,8,163.619000,149.048867,-8.90
MATMUL,uint32_t,2,256,64,16,4,192.075667,167.839449,-12.62
MATMUL,uint32_t,2,256,64,16,16,152.073000,141.618759,-6.87
MATMUL,uint32_t,2,256,64,32,4,383.751000,335.572405,-12.55
MATMUL,uint32_t,2,256,64,32,16,303.925333,283.131024,-6.84
MATMUL,uint32_t,2,256,64,32,8,327.062333,297.991276,-8.89
MATMUL,uint32_t,2,256,64,32,32,293.936333,275.449807,-6.29
MATMUL,uint32_t,2,256,64,64,16,607.658667,566.155554,-6.83
MATMUL,uint32_t,2,256,64,64,8,653.885333,595.876094,-8.87
MATMUL,uint32_t,2,256,64,64,32,587.663333,550.793792,-6.27
MATMUL,uint32_t,2,256,64,64,4,767.491333,671.038316,-12.57
MATMUL,uint32_t,2,256,64,64,64,578.510667,543.216195,-6.10
MATMUL,uint32_t,2,256,32,512,16,2443.415000,2274.322722,-6.92
MATMUL,uint32_t,2,256,32,512,32,2359.203667,2212.183255,-6.23
MATMUL,uint32_t,2,256,32,512,8,2633.198667,2394.473580,-9.07
MATMUL,uint32_t,2,256,64,128,8,1307.482333,1191.645731,-8.86
MATMUL,uint32_t,2,256,64,128,16,1215.220333,1132.204615,-6.83
MATMUL,uint32_t,2,256,32,512,4,3090.358333,2697.811673,-12.70
MATMUL,uint32_t,2,256,64,128,4,1535.553667,1341.970137,-12.61
MATMUL,uint32_t,2,256,64,128,32,1175.054000,1101.482025,-6.26
MATMUL,uint32_t,2,256,64,128,64,1156.984000,1086.326292,-6.11
MATMUL,uint32_t,2,256,64,256,8,2614.661000,2383.185004,-8.85
MATMUL,uint32_t,2,256,64,256,32,2350.244667,2202.858491,-6.27
MATMUL,uint32_t,2,256,64,256,64,2313.883000,2172.546486,-6.11
MATMUL,uint32_t,2,256,64,256,16,2430.378667,2264.302736,-6.83
MATMUL,uint32_t,2,256,64,256,4,3070.654667,2683.833781,-12.60
MATMUL,uint32_t,2,256,128,16,8,325.814000,297.285740,-8.76
MATMUL,uint32_t,2,256,128,16,4,381.932333,334.698786,-12.37
MATMUL,uint32_t,2,256,128,16,16,303.207333,282.504775,-6.83
MATMUL,uint32_t,2,256,128,32,8,651.453000,594.465022,-8.75
MATMUL,uint32_t,2,256,128,32,4,762.950667,669.291079,-12.28
MATMUL,uint32_t,2,256,128,32,16,606.073333,564.903056,-6.79
MATMUL,uint32_t,2,256,128,32,32,586.458667,549.628252,-6.28
MATMUL,uint32_t,2,256,128,64,8,1302.692000,1188.823587,-8.74
MATMUL,uint32_t,2,256,128,64,4,1527.164000,1338.475664,-12.36
MATMUL,uint32_t,2,256,128,64,16,1211.812000,1129.699618,-6.78
MATMUL,uint32_t,2,256,64,512,8,5227.515000,4766.263550,-8.82
MATMUL,uint32_t,2,256,64,512,16,4860.029000,4528.498978,-6.82
MATMUL,uint32_t,2,256,64,512,4,6136.947667,5367.561068,-12.54
MATMUL,uint32_t,2,256,128,64,32,1173.235000,1099.150984,-6.31
MATMUL,uint32_t,2,256,128,64,64,1154.968333,1084.081318,-6.14
MATMUL,uint32_t,2,256,64,512,64,4627.655000,4344.986875,-6.11
MATMUL,uint32_t,2,256,64,512,32,4701.059000,4405.611424,-6.28
MATMUL,uint32_t,2,256,128,128,16,2423.989000,2259.292743,-6.79
MATMUL,uint32_t,2,256,128,128,8,2605.537667,2377.540716,-8.75
MATMUL,uint32_t,2,256,128,128,4,3057.546000,2676.844834,-12.45
MATMUL,uint32_t,2,256,128,128,32,2345.728000,2198.196314,-6.29
MATMUL,uint32_t,2,256,128,128,64,2309.850333,2168.056539,-6.14
MATMUL,uint32_t,2,256,128,128,128,2290.736333,2153.565499,-5.99
MATMUL,uint32_t,2,256,128,256,8,5209.701667,4754.974974,-8.73
MATMUL,uint32_t,2,256,128,256,32,4692.201000,4396.287082,-6.31
MATMUL,uint32_t,2,256,128,256,16,4847.575333,4518.478992,-6.79
MATMUL,uint32_t,2,256,128,256,4,6103.615667,5353.583175,-12.29
MATMUL,uint32_t,2,256,128,256,64,4619.646333,4336.006980,-6.14
MATMUL,uint32_t,2,256,128,256,128,4580.391667,4307.025302,-5.97
MATMUL,uint32_t,2,256,256,16,8,650.318667,593.759486,-8.70
MATMUL,uint32_t,2,256,256,16,4,762.823000,668.417461,-12.38
MATMUL,uint32_t,2,256,256,16,16,605.298000,564.276807,-6.78
MATMUL,uint32_t,2,256,256,32,4,1524.052333,1336.728428,-12.29
MATMUL,uint32_t,2,256,256,32,8,1300.581000,1187.412515,-8.70
MATMUL,uint32_t,2,256,256,32,16,1210.397333,1128.447120,-6.77
MATMUL,uint32_t,2,256,256,32,32,1172.093333,1097.985327,-6.32
MATMUL,uint32_t,2,256,128,512,8,10420.635000,9509.843491,-8.74
MATMUL,uint32_t,2,256,256,64,8,2600.794000,2374.718572,-8.69
MATMUL,uint32_t,2,256,256,64,4,3049.488667,2673.350361,-12.33
MATMUL,uint32_t,2,256,128,512,4,12210.343000,10707.059856,-12.31
MATMUL,uint32_t,2,256,256,64,16,2420.265333,2256.787746,-6.75
MATMUL,uint32_t,2,256,128,512,16,9692.974000,9036.851490,-6.77
MATMUL,uint32_t,2,256,128,512,128,9160.162333,8613.944909,-5.96
MATMUL,uint32_t,2,256,128,512,64,9239.207000,8671.907862,-6.14
MATMUL,uint32_t,2,256,256,64,32,2343.096000,2195.865167,-6.28
MATMUL,uint32_t,2,256,256,64,64,2307.869667,2165.811565,-6.16
MATMUL,uint32_t,2,256,128,512,32,9384.571667,8792.468641,-6.31
MATMUL,uint32_t,2,256,256,128,8,5200.630667,4749.330686,-8.68
MATMUL,uint32_t,2,256,256,128,16,4840.538667,4513.468999,-6.76
MATMUL,uint32_t,2,256,256,128,128,4577.440667,4302.619542,-6.00
MATMUL,uint32_t,2,256,256,128,64,4615.660000,4331.517033,-6.16
MATMUL,uint32_t,2,256,256,128,32,4686.781000,4391.624840,-6.30
MATMUL,uint32_t,2,256,256,128,4,6086.877000,5346.594229,-12.16
MATMUL,uint32_t,2,256,256,256,8,10401.530667,9498.554915,-8.68
MATMUL,uint32_t,2,256,256,256,4,12200.686667,10693.081964,-12.36
MATMUL,uint32_t,2,256,256,256,128,9153.658667,8605.133389,-5.99
MATMUL,uint32_t,2,256,256,256,256,9117.872000,8578.106722,-5.92
MATMUL,uint32_t,2,256,256,256,64,9231.149667,8662.927968,-6.16
MATMUL,uint32_t,2,256,256,256,32,9372.884667,8783.144191,-6.29
MATMUL,uint32_t,2,256,256,256,16,9680.358000,9026.831504,-6.75
MATMUL,uint32_t,2,256,512,16,4,1519.770333,1335.854809,-12.10
MATMUL,uint32_t,2,256,512,16,8,1299.010333,1186.706979,-8.65
MATMUL,uint32_t,2,256,512,16,16,1209.552000,1127.820871,-6.76
MATMUL,uint32_t,2,256,512,32,4,3043.765667,2671.603125,-12.23
MATMUL,uint32_t,2,256,512,32,8,2597.908667,2373.307500,-8.65
MATMUL,uint32_t,2,256,512,32,16,2419.252333,2255.535248,-6.77
MATMUL,uint32_t,2,256,256,512,4,24351.065000,21386.057433,-12.18
MATMUL,uint32_t,2,256,512,32,32,2342.096667,2194.699434,-6.29
MATMUL,uint32_t,2,256,256,512,8,20805.075333,18997.003372,-8.69
MATMUL,uint32_t,2,256,256,512,16,19363.142667,18053.556514,-6.76
MATMUL,uint32_t,2,256,256,512,256,18235.076000,17156.105862,-5.92
MATMUL,uint32_t,2,256,256,512,128,18309.987333,17210.161083,-6.01
MATMUL,uint32_t,2,256,256,512,64,18462.245333,17325.749837,-6.16
MATMUL,uint32_t,2,256,256,512,32,18745.784333,17566.182892,-6.29
MATMUL,uint32_t,2,256,512,64,8,5194.568000,4746.508542,-8.63
MATMUL,uint32_t,2,256,512,64,4,6079.989000,5343.099756,-12.12
MATMUL,uint32_t,2,256,512,64,16,4838.365000,4510.964002,-6.77
MATMUL,uint32_t,2,256,512,64,32,4683.999667,4389.293385,-6.29
MATMUL,uint32_t,2,256,512,64,64,4613.639667,4329.272059,-6.16
MATMUL,uint32_t,2,256,512,128,16,9675.657667,9021.821511,-6.76
MATMUL,uint32_t,2,256,512,128,8,10394.013000,9492.910627,-8.67
MATMUL,uint32_t,2,256,512,128,32,9368.212667,8778.481280,-6.30
MATMUL,uint32_t,2,256,512,128,4,12150.228333,10686.093017,-12.05
MATMUL,uint32_t,2,256,512,128,64,9227.135333,8658.438020,-6.16
MATMUL,uint32_t,2,256,512,128,128,9151.705667,8600.727629,-6.02
MATMUL,uint32_t,2,256,512,256,8,20782.133000,18985.714796,-8.64
MATMUL,uint32_t,2,256,512,256,4,24317.958000,21372.079541,-12.11
MATMUL,uint32_t,2,256,512,256,32,18735.777000,17556.857074,-6.29
MATMUL,uint32_t,2,256,512,256,16,19350.045000,18043.536528,-6.75
MATMUL,uint32_t,2,256,512,256,64,18454.170333,17316.769942,-6.16
MATMUL,uint32_t,2,256,512,256,256,18227.633000,17147.368509,-5.93
MATMUL,uint32_t,2,256,512,256,128,18297.181000,17201.349563,-5.99
MATMUL,uint32_t,2,512,16,16,4,98.817333,85.323628,-13.66
MATMUL,uint32_t,2,512,16,16,8,83.778333,75.676195,-9.67
MATMUL,uint32_t,2,512,16,16,16,77.460667,71.842229,-7.25
MATMUL,uint32_t,2,512,16,32,4,197.454333,170.500533,-13.65
MATMUL,uint32_t,2,512,16,32,8,167.099000,151.205704,-9.51
MATMUL,uint32_t,2,512,16,32,16,154.586000,143.537735,-7.15
MATMUL,uint32_t,2,512,16,64,4,394.528000,340.854343,-13.60
MATMUL,uint32_t,2,512,16,64,8,333.931333,302.264721,-9.48
MATMUL,uint32_t,2,512,16,64,16,308.858333,286.928748,-7.10
MATMUL,uint32_t,2,512,16,128,4,789.649000,681.561964,-13.69
MATMUL,uint32_t,2,512,16,128,8,667.576667,604.382755,-9.47
MATMUL,uint32_t,2,512,16,128,16,617.457667,573.710773,-7.09
MATMUL,uint32_t,2,512,16,256,4,1577.431667,1362.977205,-13.60
MATMUL,uint32_t,2,512,16,256,8,1334.820667,1208.618824,-9.45
MATMUL,uint32_t,2,512,16,256,16,1234.455667,1147.274823,-7.06
MATMUL,uint32_t,2,512,16,512,4,3154.652000,2725.807687,-13.59
MATMUL,uint32_t,2,512,16,512,8,2668.715667,2417.090961,-9.43
MATMUL,uint32_t,2,512,16,512,16,2468.523333,2294.402924,-7.05
MATMUL,uint32_t,2,512,32,16,4,193.591000,168.753296,-12.83
MATMUL,uint32_t,2,512,32,16,8,164.916000,149.794632,-9.17
MATMUL,uint32_t,2,512,32,16,16,152.990000,142.285237,-7.00
MATMUL,uint32_t,2,512,32,32,4,386.912333,337.359870,-12.81
MATMUL,uint32_t,2,512,32,32,8,329.355667,299.442577,-9.08
MATMUL,uint32_t,2,512,32,32,16,305.687667,284.423751,-6.96
MATMUL,uint32_t,2,512,32,32,32,295.382333,276.655841,-6.34
MATMUL,uint32_t,2,512,32,64,4,772.873667,674.573017,-12.72
MATMUL,uint32_t,2,512,32,64,8,658.412667,598.738467,-9.06
MATMUL,uint32_t,2,512,32,64,16,611.040333,568.700780,-6.93
MATMUL,uint32_t,2,512,32,64,32,590.239333,553.165211,-6.28
MATMUL,uint32_t,2,512,32,128,4,1545.373667,1348.999312,-12.71
MATMUL,uint32_t,2,512,32,128,8,1316.418667,1197.330248,-9.05
MATMUL,uint32_t,2,512,32,128,16,1221.848000,1137.254837,-6.92
MATMUL,uint32_t,2,512,32,128,32,1180.153333,1106.184635,-6.27
MATMUL,uint32_t,2,256,512,512,4,48630.651667,42744.052588,-12.10
MATMUL,uint32_t,2,512,32,256,4,3089.672000,2697.851902,-12.68
MATMUL,uint32_t,2,512,32,256,16,2443.376667,2274.362951,-6.92
MATMUL,uint32_t,2,512,32,256,8,2633.360667,2394.513809,-9.07
MATMUL,uint32_t,2,256,512,512,64,36908.305333,34633.433787,-6.16
MATMUL,uint32_t,2,256,512,512,128,36594.729000,34402.593430,-5.99
MATMUL,uint32_t,2,256,512,512,32,37469.912000,35113.608663,-6.29
MATMUL,uint32_t,2,512,32,256,32,2359.896000,2212.223483,-6.26
MATMUL,uint32_t,2,256,512,512,256,36462.703000,34294.629437,-5.95
MATMUL,uint32_t,2,256,512,512,8,41563.212000,37971.323134,-8.64
MATMUL,uint32_t,2,256,512,512,16,38708.148667,36086.966562,-6.77
MATMUL,uint32_t,2,512,64,16,4,383.860667,335.612633,-12.57
MATMUL,uint32_t,2,512,64,16,8,327.143667,298.031505,-8.90
MATMUL,uint32_t,2,512,64,16,16,304.112333,283.171253,-6.89
MATMUL,uint32_t,2,512,64,32,8,654.075667,595.916323,-8.89
MATMUL,uint32_t,2,512,64,32,4,767.747000,671.078544,-12.59
MATMUL,uint32_t,2,512,64,32,16,607.763667,566.195783,-6.84
MATMUL,uint32_t,2,512,64,32,32,587.926667,550.834362,-6.31
MATMUL,uint32_t,2,512,64,64,32,1175.523000,1101.522253,-6.30
MATMUL,uint32_t,2,512,64,64,16,1215.251000,1132.244844,-6.83
MATMUL,uint32_t,2,512,64,64,8,1307.812333,1191.685960,-8.88
MATMUL,uint32_t,2,512,64,64,4,1534.999333,1342.010366,-12.57
MATMUL,uint32_t,2,512,64,64,64,1156.957000,1086.366521,-6.10
MATMUL,uint32_t,2,512,32,512,4,6194.789000,5395.557081,-12.90
MATMUL,uint32_t,2,512,32,512,32,4721.105667,4424.301179,-6.29
MATMUL,uint32_t,2,512,32,512,16,4885.591667,4548.579180,-6.90
MATMUL,uint32_t,2,512,32,512,8,5265.343667,4788.880931,-9.05
MATMUL,uint32_t,2,512,64,128,8,2615.005000,2383.225233,-8.86
MATMUL,uint32_t,2,512,64,128,16,2430.275667,2264.342965,-6.83
MATMUL,uint32_t,2,512,64,128,4,3070.314333,2683.874009,-12.59
MATMUL,uint32_t,2,512,64,128,32,2351.180333,2202.898720,-6.31
MATMUL,uint32_t,2,512,64,128,64,2313.845333,2172.586715,-6.10
MATMUL,uint32_t,2,512,64,256,16,4859.471333,4528.539207,-6.81
MATMUL,uint32_t,2,512,64,256,64,4627.618333,4345.027104,-6.11
MATMUL,uint32_t,2,512,64,256,32,4699.908000,4405.651652,-6.26
MATMUL,uint32_t,2,512,64,256,8,5229.173000,4766.303779,-8.85
MATMUL,uint32_t,2,512,128,16,4,763.236333,669.331308,-12.30
MATMUL,uint32_t,2,512,128,16,8,651.729000,594.505251,-8.78
MATMUL,uint32_t,2,512,64,256,4,6138.023333,5367.601296,-12.55
MATMUL,uint32_t,2,512,128,16,16,606.154333,564.943285,-6.80
MATMUL,uint32_t,2,512,128,32,8,1303.442000,1188.863816,-8.79
MATMUL,uint32_t,2,512,128,32,4,1524.959000,1338.515893,-12.23
MATMUL,uint32_t,2,512,128,32,16,1212.025000,1129.739847,-6.79
MATMUL,uint32_t,2,512,128,32,32,1172.964667,1099.191231,-6.29
MATMUL,uint32_t,2,512,128,64,8,2604.712667,2377.580945,-8.72
MATMUL,uint32_t,2,512,128,64,4,3051.117333,2676.885063,-12.27
MATMUL,uint32_t,2,512,128,64,16,2424.399667,2259.332972,-6.81
MATMUL,uint32_t,2,512,64,512,16,9721.911333,9056.931692,-6.84
MATMUL,uint32_t,2,512,64,512,8,10458.705667,9532.460872,-8.86
MATMUL,uint32_t,2,512,128,64,32,2345.490333,2198.236692,-6.28
MATMUL,uint32_t,2,512,128,64,64,2309.849333,2168.096768,-6.14
MATMUL,uint32_t,2,512,64,512,4,12280.609667,10735.055870,-12.59
MATMUL,uint32_t,2,512,64,512,32,9399.922000,8811.157517,-6.26
MATMUL,uint32_t,2,512,64,512,64,9255.226333,8689.907881,-6.11
MATMUL,uint32_t,2,512,128,128,8,5210.547333,4755.015203,-8.74
MATMUL,uint32_t,2,512,128,128,16,4847.165667,4518.519221,-6.78
MATMUL,uint32_t,2,512,128,128,4,6107.782333,5353.623404,-12.35
MATMUL,uint32_t,2,512,128,128,128,4581.142333,4307.065531,-5.98
MATMUL,uint32_t,2,512,128,128,32,4690.896333,4396.327335,-6.28
MATMUL,uint32_t,2,512,128,128,64,4619.657667,4336.047209,-6.14
MATMUL,uint32_t,2,512,128,256,8,10420.411000,9509.883720,-8.74
MATMUL,uint32_t,2,512,128,256,32,9380.984667,8792.508870,-6.27
MATMUL,uint32_t,2,512,128,256,16,9693.482000,9036.891719,-6.77
MATMUL,uint32_t,2,512,128,256,64,9239.162333,8671.948091,-6.14
MATMUL,uint32_t,2,512,128,256,4,12232.741667,10707.100085,-12.47
MATMUL,uint32_t,2,512,128,256,128,9162.662333,8613.985138,-5.99
MATMUL,uint32_t,2,512,256,16,4,1526.135000,1336.768656,-12.41
MATMUL,uint32_t,2,512,256,16,8,1300.451000,1187.452744,-8.69
MATMUL,uint32_t,2,512,256,16,16,1210.434333,1128.487349,-6.77
MATMUL,uint32_t,2,512,256,32,4,3043.897667,2673.390590,-12.17
MATMUL,uint32_t,2,512,256,32,8,2600.982667,2374.758801,-8.70
MATMUL,uint32_t,2,512,256,32,16,2420.920667,2256.827975,-6.78
MATMUL,uint32_t,2,512,256,32,32,2344.138333,2195.905393,-6.32
MATMUL,uint32_t,2,512,128,512,8,20840.221667,19019.620753,-8.74
MATMUL,uint32_t,2,512,256,64,8,5202.291000,4749.370915,-8.71
MATMUL,uint32_t,2,512,256,64,4,6084.728000,5346.634457,-12.13
MATMUL,uint32_t,2,512,128,512,4,24450.850333,21414.053447,-12.42
MATMUL,uint32_t,2,512,256,64,16,4841.097000,4513.509228,-6.77
MATMUL,uint32_t,2,512,128,512,16,19387.087333,18073.636716,-6.77
MATMUL,uint32_t,2,512,256,64,32,4686.489000,4391.665071,-6.29
MATMUL,uint32_t,2,512,256,64,64,4615.640000,4331.557261,-6.15
MATMUL,uint32_t,2,512,128,512,64,18478.240333,17343.749856,-6.14
MATMUL,uint32_t,2,512,128,512,32,18768.451000,17584.871989,-6.31
MATMUL,uint32_t,2,512,128,512,128,18319.144667,17227.824351,-5.96
MATMUL,uint32_t,2,512,256,128,128,9154.176000,8605.173618,-6.00
MATMUL,uint32_t,2,512,256,128,8,10399.249667,9498.595144,-8.66
MATMUL,uint32_t,2,512,256,128,16,9682.128667,9026.871733,-6.77
MATMUL,uint32_t,2,512,256,128,64,9231.169000,8662.968196,-6.16
MATMUL,uint32_t,2,512,256,128,32,9374.754000,8783.184420,-6.31
MATMUL,uint32_t,2,512,256,128,4,12176.714333,10693.122192,-12.18
MATMUL,uint32_t,2,512,256,256,8,20797.763667,18997.043601,-8.66
MATMUL,uint32_t,2,512,256,256,4,24363.122000,21386.097662,-12.22
MATMUL,uint32_t,2,512,256,256,256,18239.419000,17156.146091,-5.94
MATMUL,uint32_t,2,512,256,256,128,18308.971333,17210.201311,-6.00
MATMUL,uint32_t,2,512,256,256,64,18462.207667,17325.790066,-6.16
MATMUL,uint32_t,2,512,256,256,32,18744.840000,17566.223121,-6.29
MATMUL,uint32_t,2,512,256,256,16,19364.576667,18053.596743,-6.77
MATMUL,uint32_t,2,512,512,16,4,3042.481667,2671.643353,-12.19
MATMUL,uint32_t,2,512,512,16,8,2598.265333,2373.347729,-8.66
MATMUL,uint32_t,2,512,512,16,16,2419.707333,2255.575477,-6.78
MATMUL,uint32_t,2,512,512,32,4,6082.381000,5343.139984,-12.15
MATMUL,uint32_t,2,512,512,32,8,5196.019333,4746.548771,-8.65
MATMUL,uint32_t,2,512,512,32,16,4838.225333,4511.004231,-6.76
MATMUL,uint32_t,2,512,512,32,32,4684.777333,4389.333611,-6.31
MATMUL,uint32_t,2,512,256,512,4,48701.943333,42772.048601,-12.18
MATMUL,uint32_t,2,512,256,512,8,41608.243667,37993.940515,-8.69
MATMUL,uint32_t,2,512,256,512,16,38727.128000,36107.046764,-6.77
MATMUL,uint32_t,2,512,256,512,128,36611.586000,34420.256699,-5.99
MATMUL,uint32_t,2,512,256,512,256,36468.625667,34312.144372,-5.91
MATMUL,uint32_t,2,512,256,512,64,36924.276333,34651.433805,-6.16
MATMUL,uint32_t,2,512,256,512,32,37484.648333,35132.300524,-6.28
MATMUL,uint32_t,2,512,512,64,8,10394.553333,9492.950856,-8.67
MATMUL,uint32_t,2,512,512,64,4,12172.104333,10686.133246,-12.21
MATMUL,uint32_t,2,512,512,64,16,9675.116667,9021.861740,-6.75
MATMUL,uint32_t,2,512,512,64,32,9369.021667,8778.521511,-6.30
MATMUL,uint32_t,2,512,512,64,64,9227.156667,8658.478249,-6.16
MATMUL,uint32_t,2,512,512,128,16,19353.925667,18043.576757,-6.77
MATMUL,uint32_t,2,512,512,128,8,20784.126667,18985.755025,-8.65
MATMUL,uint32_t,2,512,512,128,32,18730.292667,17556.897303,-6.26
MATMUL,uint32_t,2,512,512,128,64,18454.228667,17316.810171,-6.16
MATMUL,uint32_t,2,512,512,128,4,24304.048333,21372.119769,-12.06
MATMUL,uint32_t,2,512,512,128,128,18299.441333,17201.389791,-6.00
MATMUL,uint32_t,2,512,512,256,8,41563.522667,37971.363363,-8.64
MATMUL,uint32_t,2,512,512,256,4,48696.726333,42744.092816,-12.22
MATMUL,uint32_t,2,512,512,256,32,37478.939333,35113.648891,-6.31
MATMUL,uint32_t,2,512,512,256,16,38705.443667,36087.006791,-6.77
MATMUL,uint32_t,2,512,512,256,64,36908.272333,34633.474016,-6.16
MATMUL,uint32_t,2,512,512,256,256,36463.388000,34294.669666,-5.95
MATMUL,uint32_t,2,512,512,256,128,36601.244667,34402.633659,-6.01
MATMUL,uint32_t,4,16,16,16,4,3.180000,2.734663,-14.00
MATMUL,uint32_t,4,16,16,16,8,2.678333,2.430358,-9.26
MATMUL,uint32_t,4,16,16,16,16,2.472667,2.313189,-6.45
MATMUL,uint32_t,4,16,16,32,4,6.266000,5.395887,-13.89
MATMUL,uint32_t,4,16,16,32,8,5.291333,4.790693,-9.46
MATMUL,uint32_t,4,16,16,32,16,4.889333,4.555568,-6.83
MATMUL,uint32_t,4,16,16,64,4,12.492000,10.734267,-14.07
MATMUL,uint32_t,4,16,16,64,8,10.504667,9.511397,-9.46
MATMUL,uint32_t,4,16,16,64,16,9.710667,9.039612,-6.91
MATMUL,uint32_t,4,16,16,128,4,24.861333,21.429376,-13.80
MATMUL,uint32_t,4,16,16,128,8,20.964333,18.952739,-9.60
MATMUL,uint32_t,4,16,16,128,16,19.358000,18.022399,-6.90
MATMUL,uint32_t,4,16,16,256,4,49.660667,42.787557,-13.84
MATMUL,uint32_t,4,16,16,256,8,41.875000,37.835510,-9.65
MATMUL,uint32_t,4,16,16,256,16,38.658333,35.969560,-6.96
MATMUL,uint32_t,4,16,16,512,4,99.248333,85.503549,-13.85
MATMUL,uint32_t,4,16,16,512,8,83.631000,75.600852,-9.60
MATMUL,uint32_t,4,16,16,512,16,77.245000,71.843537,-6.99
MATMUL,uint32_t,4,16,32,16,4,6.150000,5.361438,-12.82
MATMUL,uint32_t,4,16,32,16,8,5.208000,4.746694,-8.86
MATMUL,uint32_t,4,16,32,16,16,4.835667,4.517993,-6.57
MATMUL,uint32_t,4,16,32,32,4,12.276333,10.652630,-13.23
MATMUL,uint32_t,4,16,32,32,8,10.356667,9.423250,-9.01
MATMUL,uint32_t,4,16,32,32,16,9.611333,8.965298,-6.72
MATMUL,uint32_t,4,16,32,32,32,9.271667,8.710242,-6.06
MATMUL,uint32_t,4,16,32,64,4,24.436333,21.234961,-13.10
MATMUL,uint32_t,4,16,32,64,8,20.683333,18.776363,-9.22
MATMUL,uint32_t,4,16,32,64,16,19.168667,17.857497,-6.84
MATMUL,uint32_t,4,16,32,64,32,18.503333,17.349571,-6.24
MATMUL,uint32_t,4,16,32,128,4,48.748333,42.399622,-13.02
MATMUL,uint32_t,4,16,32,128,8,41.277333,37.482649,-9.19
MATMUL,uint32_t,4,16,32,128,16,38.262667,35.636472,-6.86
MATMUL,uint32_t,4,16,32,128,32,36.962333,34.625135,-6.32
MATMUL,uint32_t,4,16,32,256,4,97.509333,84.728944,-13.11
MATMUL,uint32_t,4,16,32,256,8,82.452333,74.895226,-9.17
MATMUL,uint32_t,4,16,32,256,16,76.453667,71.197803,-6.87
MATMUL,uint32_t,4,16,32,256,32,73.853333,69.173718,-6.34
MATMUL,uint32_t,4,16,32,512,4,195.031667,169.387589,-13.15
MATMUL,uint32_t,4,16,32,512,8,164.842667,149.720383,-9.17
MATMUL,uint32_t,4,16,32,512,16,152.828667,142.317867,-6.88
MATMUL,uint32_t,4,16,32,512,32,147.620000,138.276826,-6.33
MATMUL,uint32_t,4,16,64,16,4,12.148667,10.598768,-12.76
MATMUL,uint32_t,4,16,64,16,8,10.283000,9.378941,-8.79
MATMUL,uint32_t,4,16,64,16,16,9.560333,8.926151,-6.63
MATMUL,uint32_t,4,16,64,32,4,24.190667,21.127187,-12.66
MATMUL,uint32_t,4,16,64,32,8,20.514667,18.687895,-8.90
MATMUL,uint32_t,4,16,64,32,16,19.058667,17.779142,-6.71
MATMUL,uint32_t,4,16,64,32,32,18.440667,17.276817,-6.31
MATMUL,uint32_t,4,16,64,64,4,48.407333,42.183969,-12.86
MATMUL,uint32_t,4,16,64,64,8,40.962000,37.305764,-8.93
MATMUL,uint32_t,4,16,64,64,16,38.061667,35.478918,-6.79
MATMUL,uint32_t,4,16,64,64,32,36.806000,34.478545,-6.32
MATMUL,uint32_t,4,16,64,64,64,36.219667,34.017133,-6.08
MATMUL,uint32_t,4,16,64,128,4,96.493333,84.297534,-12.64
MATMUL,uint32_t,4,16,64,128,8,81.865000,74.541488,-8.95
MATMUL,uint32_t,4,16,64,128,16,76.029667,70.878313,-6.78
MATMUL,uint32_t,4,16,64,128,32,73.553333,68.881707,-6.35
MATMUL,uint32_t,4,16,64,128,64,72.371667,67.958265,-6.10
MATMUL,uint32_t,4,16,64,256,4,192.725667,168.524665,-12.56
MATMUL,uint32_t,4,16,64,256,8,163.722667,149.012941,-8.98
MATMUL,uint32_t,4,16,64,256,16,152.001000,141.677415,-6.79
MATMUL,uint32_t,4,16,64,256,32,147.003000,137.681811,-6.34
MATMUL,uint32_t,4,16,64,256,64,144.673667,135.840582,-6.11
MATMUL,uint32_t,4,16,64,512,4,385.875667,336.978926,-12.67
MATMUL,uint32_t,4,16,64,512,8,327.295000,297.955854,-8.96
MATMUL,uint32_t,4,16,64,512,16,303.960667,283.275618,-6.81
MATMUL,uint32_t,4,16,64,512,32,293.899333,275.281889,-6.33
MATMUL,uint32_t,4,16,64,512,64,289.288000,271.603903,-6.11
MATMUL,uint32_t,4,16,128,16,4,24.145667,21.087421,-12.67
MATMUL,uint32_t,4,16,128,16,8,20.437333,18.643803,-8.78
MATMUL,uint32_t,4,16,128,16,16,19.013000,17.756550,-6.61
MATMUL,uint32_t,4,16,128,32,4,48.225333,42.105665,-12.69
MATMUL,uint32_t,4,16,128,32,8,40.821000,37.217646,-8.83
MATMUL,uint32_t,4,16,128,32,16,37.951667,35.431784,-6.64
MATMUL,uint32_t,4,16,128,32,32,36.739333,34.405889,-6.35
MATMUL,uint32_t,4,16,128,64,4,96.190667,84.142153,-12.53
MATMUL,uint32_t,4,16,128,64,8,81.556667,74.365266,-8.82
MATMUL,uint32_t,4,16,128,64,16,75.826667,70.812181,-6.61
MATMUL,uint32_t,4,16,128,64,32,73.380667,68.735963,-6.33
MATMUL,uint32_t,4,16,128,64,64,72.246333,67.819077,-6.13
MATMUL,uint32_t,4,16,128,128,4,192.408333,168.215129,-12.57
MATMUL,uint32_t,4,16,128,128,8,163.067000,148.660529,-8.83
MATMUL,uint32_t,4,16,128,128,16,151.625333,141.550114,-6.64
MATMUL,uint32_t,4,16,128,128,32,146.686000,137.390211,-6.34
MATMUL,uint32_t,4,16,128,128,64,144.440333,135.560201,-6.15
MATMUL,uint32_t,4,16,128,128,128,143.208000,134.656318,-5.97
MATMUL,uint32_t,4,16,128,256,4,384.492667,336.361080,-12.52
MATMUL,uint32_t,4,16,128,256,8,325.991667,297.251051,-8.82
MATMUL,uint32_t,4,16,128,256,16,303.165667,283.025980,-6.64
MATMUL,uint32_t,4,16,128,256,32,293.374333,274.698704,-6.37
MATMUL,uint32_t,4,16,128,256,64,288.798000,271.037394,-6.15
MATMUL,uint32_t,4,16,128,256,128,286.397667,269.231576,-5.99
MATMUL,uint32_t,4,16,128,512,4,769.081667,672.652982,-12.54
MATMUL,uint32_t,4,16,128,512,8,652.096000,594.432095,-8.84
MATMUL,uint32_t,4,16,128,512,16,606.184333,565.977713,-6.63
MATMUL,uint32_t,4,16,128,512,32,586.704333,549.315757,-6.37
MATMUL,uint32_t,4,16,128,512,64,577.511667,541.981603,-6.15
MATMUL,uint32_t,4,16,128,512,128,572.716000,538.382091,-5.99
MATMUL,uint32_t,4,16,256,16,4,48.132667,42.051064,-12.64
MATMUL,uint32_t,4,16,256,16,8,40.741000,37.173835,-8.76
MATMUL,uint32_t,4,16,256,16,16,37.899667,35.392665,-6.61
MATMUL,uint32_t,4,16,256,32,4,96.166333,84.032951,-12.62
MATMUL,uint32_t,4,16,256,32,8,81.441000,74.277674,-8.80
MATMUL,uint32_t,4,16,256,32,16,75.728333,70.733894,-6.60
MATMUL,uint32_t,4,16,256,32,32,73.334000,68.663089,-6.37
MATMUL,uint32_t,4,16,256,64,4,192.166333,167.996724,-12.58
MATMUL,uint32_t,4,16,256,64,8,162.803667,148.485382,-8.79
MATMUL,uint32_t,4,16,256,64,16,151.406333,141.393546,-6.61
MATMUL,uint32_t,4,16,256,64,32,146.544000,137.244337,-6.35
MATMUL,uint32_t,4,16,256,64,64,144.304333,135.434420,-6.15
MATMUL,uint32_t,4,16,256,128,4,383.635667,335.924271,-12.44
MATMUL,uint32_t,4,16,256,128,8,325.489333,296.900778,-8.78
MATMUL,uint32_t,4,16,256,128,16,302.755667,282.712850,-6.62
MATMUL,uint32_t,4,16,256,128,32,293.066333,274.407273,-6.37
MATMUL,uint32_t,4,16,256,128,64,288.536000,270.787454,-6.15
MATMUL,uint32_t,4,16,256,128,128,286.174000,268.955839,-6.02
MATMUL,uint32_t,4,16,256,256,4,767.795333,671.779364,-12.51
MATMUL,uint32_t,4,16,256,256,8,650.834000,593.731594,-8.77
MATMUL,uint32_t,4,16,256,256,16,605.331000,565.351457,-6.60
MATMUL,uint32_t,4,16,256,256,32,586.111333,548.732890,-6.38
MATMUL,uint32_t,4,16,256,256,64,577.002000,541.472373,-6.16
MATMUL,uint32_t,4,16,256,256,128,572.106000,537.823317,-5.99
MATMUL,uint32_t,4,16,256,256,256,569.994333,536.239301,-5.92
MATMUL,uint32_t,4,16,256,512,4,1535.679333,1343.489550,-12.51
MATMUL,uint32_t,4,16,256,512,8,1301.718667,1187.393206,-8.78
MATMUL,uint32_t,4,16,256,512,16,1210.864667,1130.628672,-6.63
MATMUL,uint32_t,4,16,256,512,32,1172.061333,1097.384135,-6.37
MATMUL,uint32_t,4,16,256,512,64,1153.990333,1082.746793,-6.17
MATMUL,uint32_t,4,16,256,512,128,1144.156667,1075.552235,-6.00
MATMUL,uint32_t,4,16,256,512,256,1140.076667,1072.404116,-5.94
MATMUL,uint32_t,4,16,512,16,4,96.046333,83.978350,-12.56
MATMUL,uint32_t,4,16,512,16,8,81.328000,74.233445,-8.72
MATMUL,uint32_t,4,16,512,16,16,75.670333,70.694695,-6.58
MATMUL,uint32_t,4,16,512,32,4,191.828667,167.887522,-12.48
MATMUL,uint32_t,4,16,512,32,8,162.638000,148.396902,-8.76
MATMUL,uint32_t,4,16,512,32,16,151.334333,141.315206,-6.62
MATMUL,uint32_t,4,16,512,32,32,146.482333,137.171345,-6.36
MATMUL,uint32_t,4,16,512,64,4,384.073667,335.705866,-12.59
MATMUL,uint32_t,4,16,512,64,8,325.160333,296.723837,-8.75
MATMUL,uint32_t,4,16,512,64,16,302.510000,282.556228,-6.60
MATMUL,uint32_t,4,16,512,64,32,292.862000,274.261267,-6.35
MATMUL,uint32_t,4,16,512,64,64,288.410000,270.647097,-6.16
MATMUL,uint32_t,4,16,512,128,4,767.988000,671.342554,-12.58
MATMUL,uint32_t,4,16,512,128,8,650.310333,593.377664,-8.75
MATMUL,uint32_t,4,16,512,128,16,605.025667,565.038274,-6.61
MATMUL,uint32_t,4,16,512,128,32,585.748333,548.441174,-6.37
MATMUL,uint32_t,4,16,512,128,64,576.761000,541.191664,-6.17
MATMUL,uint32_t,4,16,512,128,128,572.049667,537.582414,-6.03
MATMUL,uint32_t,4,16,512,256,4,1533.764333,1342.615931,-12.46
MATMUL,uint32_t,4,16,512,256,8,1300.390000,1186.685316,-8.74
MATMUL,uint32_t,4,16,512,256,16,1209.699333,1130.002364,-6.59
MATMUL,uint32_t,4,16,512,256,32,1171.272000,1096.800995,-6.36
MATMUL,uint32_t,4,16,512,256,64,1153.471333,1082.185434,-6.18
MATMUL,uint32_t,4,16,512,256,128,1143.876000,1075.000527,-6.02
MATMUL,uint32_t,4,16,512,256,256,1139.515000,1071.856577,-5.94
MATMUL,uint32_t,4,16,512,512,4,3067.568667,2685.162685,-12.47
MATMUL,uint32_t,4,16,512,512,8,2600.805000,2373.300620,-8.75
MATMUL,uint32_t,4,16,512,512,16,2419.451333,2259.930545,-6.59
MATMUL,uint32_t,2,512,512,512,4,97320.953667,85488.038910,-12.16
MATMUL,uint32_t,4,16,512,512,32,2343.026667,2193.520651,-6.38
MATMUL,uint32_t,4,16,512,512,64,2306.862667,2164.278469,-6.18
MATMUL,uint32_t,4,16,512,512,128,2287.633333,2149.891171,-6.02
MATMUL,uint32_t,4,32,16,16,4,6.275333,5.401122,-13.93
MATMUL,uint32_t,4,32,16,16,8,5.296000,4.793242,-9.49
MATMUL,uint32_t,4,32,16,16,16,4.885000,4.559873,-6.66
MATMUL,uint32_t,4,32,16,32,4,12.446333,10.722978,-13.85
MATMUL,uint32_t,4,32,16,32,8,10.524667,9.513892,-9.60
MATMUL,uint32_t,4,32,16,32,16,9.717333,9.041880,-6.95
MATMUL,uint32_t,4,32,16,64,4,24.876333,21.399441,-13.98
MATMUL,uint32_t,4,32,16,64,8,20.978000,18.955255,-9.64
MATMUL,uint32_t,4,32,16,64,16,19.376667,18.010480,-7.05
MATMUL,uint32_t,4,32,16,128,4,49.745000,42.790070,-13.98
MATMUL,uint32_t,4,32,16,128,8,41.884667,37.837938,-9.66
MATMUL,uint32_t,4,32,16,128,16,38.672000,35.971155,-6.98
MATMUL,uint32_t,4,32,16,256,4,99.398667,85.506618,-13.98
MATMUL,uint32_t,4,32,16,256,8,83.707333,75.603495,-9.68
MATMUL,uint32_t,4,32,16,256,16,77.258333,71.864916,-6.98
MATMUL,uint32_t,4,16,512,512,256,2278.517333,2143.632985,-5.92
MATMUL,uint32_t,4,32,16,512,4,199.130333,170.938612,-14.16
MATMUL,uint32_t,4,32,16,512,8,167.259667,151.134163,-9.64
MATMUL,uint32_t,4,32,32,16,4,12.271667,10.655144,-13.17
MATMUL,uint32_t,4,32,16,512,16,154.382000,143.615998,-6.97
MATMUL,uint32_t,4,32,32,16,8,10.372000,9.425776,-9.12
MATMUL,uint32_t,4,32,32,16,16,9.613000,8.967954,-6.71
MATMUL,uint32_t,4,32,32,32,4,24.432333,21.237475,-13.08
MATMUL,uint32_t,4,32,32,32,8,20.659333,18.778874,-9.10
MATMUL,uint32_t,4,32,32,32,16,19.170667,17.859899,-6.84
MATMUL,uint32_t,4,32,32,32,32,18.532000,17.350934,-6.37
MATMUL,uint32_t,4,32,32,64,4,48.777000,42.402136,-13.07
MATMUL,uint32_t,4,32,32,64,8,41.265667,37.485172,-9.16
MATMUL,uint32_t,4,32,32,64,16,38.259667,35.638985,-6.85
MATMUL,uint32_t,4,32,32,64,32,36.962667,34.627841,-6.32
MATMUL,uint32_t,4,32,32,128,4,97.366667,84.731458,-12.98
MATMUL,uint32_t,4,32,32,128,8,82.467667,74.897743,-9.18
MATMUL,uint32_t,4,32,32,128,16,76.454333,71.196932,-6.88
MATMUL,uint32_t,4,32,32,128,32,73.875000,69.176234,-6.36
MATMUL,uint32_t,4,32,32,256,8,164.860667,149.722897,-9.18
MATMUL,uint32_t,4,32,32,256,4,194.606667,169.390103,-12.96
MATMUL,uint32_t,4,32,32,256,16,152.824000,142.320381,-6.87
MATMUL,uint32_t,4,32,32,256,32,147.649000,138.267542,-6.35
MATMUL,uint32_t,4,32,32,512,8,329.557000,299.373211,-9.16
MATMUL,uint32_t,4,32,32,512,4,388.796667,338.707392,-12.88
MATMUL,uint32_t,4,32,32,512,16,305.532333,284.560508,-6.86
MATMUL,uint32_t,4,32,32,512,32,295.136667,276.480468,-6.32
MATMUL,uint32_t,4,32,64,16,4,24.230000,21.129701,-12.80
MATMUL,uint32_t,4,32,64,16,8,20.535333,18.690335,-8.98
MATMUL,uint32_t,4,32,64,16,16,19.067000,17.781497,-6.74
MATMUL,uint32_t,4,32,64,32,4,48.284333,42.186484,-12.63
MATMUL,uint32_t,4,32,64,32,8,40.978667,37.308272,-8.96
MATMUL,uint32_t,4,32,64,32,16,38.052333,35.481432,-6.76
MATMUL,uint32_t,4,32,64,32,32,36.818667,34.482253,-6.35
MATMUL,uint32_t,4,32,64,64,4,96.490000,84.300049,-12.63
MATMUL,uint32_t,4,32,64,64,8,81.857333,74.544003,-8.93
MATMUL,uint32_t,4,32,64,64,16,76.043000,70.880982,-6.79
MATMUL,uint32_t,4,32,64,64,32,73.535000,68.883977,-6.32
MATMUL,uint32_t,4,32,64,64,64,72.373667,67.960479,-6.10
MATMUL,uint32_t,4,32,64,128,4,193.108333,168.527179,-12.73
MATMUL,uint32_t,4,32,64,128,8,163.656000,149.015452,-8.95
MATMUL,uint32_t,4,32,64,128,16,152.013000,141.679929,-6.80
MATMUL,uint32_t,4,32,64,128,32,147.002000,137.684163,-6.34
MATMUL,uint32_t,4,32,64,128,64,144.684667,135.844677,-6.11
MATMUL,uint32_t,4,32,64,256,4,385.159667,336.981440,-12.51
MATMUL,uint32_t,4,32,64,256,8,327.144333,297.958357,-8.92
MATMUL,uint32_t,2,512,512,512,64,73816.440333,69266.801705,-6.16
MATMUL,uint32_t,4,32,64,256,16,303.903000,283.278132,-6.79
MATMUL,uint32_t,4,32,64,256,32,293.960333,275.284246,-6.35
MATMUL,uint32_t,4,32,64,256,64,289.305000,271.606415,-6.12
MATMUL,uint32_t,2,512,512,512,128,73196.450667,68805.121394,-6.00
MATMUL,uint32_t,2,512,512,512,32,74950.728000,70227.152068,-6.30
MATMUL,uint32_t,4,32,64,512,8,654.500000,595.844183,-8.96
MATMUL,uint32_t,4,32,64,512,4,769.966000,673.889961,-12.48
MATMUL,uint32_t,4,32,128,16,4,48.179667,42.108180,-12.60
MATMUL,uint32_t,4,32,128,16,8,40.841333,37.220117,-8.87
MATMUL,uint32_t,4,32,64,512,16,607.871000,566.474538,-6.81
MATMUL,uint32_t,4,32,128,16,16,37.967000,35.434298,-6.67
MATMUL,uint32_t,4,32,128,32,4,96.342667,84.144667,-12.66
MATMUL,uint32_t,4,32,128,32,16,75.861333,70.784766,-6.69
MATMUL,uint32_t,4,32,128,32,8,81.600333,74.367810,-8.86
MATMUL,uint32_t,2,512,512,512,256,72919.314667,68589.191522,-5.94
MATMUL,uint32_t,4,32,128,32,32,73.401667,68.738477,-6.35
MATMUL,uint32_t,4,32,64,512,32,587.715000,550.484245,-6.33
MATMUL,uint32_t,2,512,512,512,8,83125.279667,75942.580040,-8.64
MATMUL,uint32_t,4,32,128,64,8,163.051333,148.663039,-8.82
MATMUL,uint32_t,4,32,128,64,16,151.606333,141.552629,-6.63
MATMUL,uint32_t,4,32,128,64,4,192.292333,168.217643,-12.52
MATMUL,uint32_t,4,32,64,512,64,578.537667,543.133056,-6.12
MATMUL,uint32_t,4,32,128,64,32,146.748333,137.392725,-6.38
MATMUL,uint32_t,4,32,128,64,64,144.435667,135.562890,-6.14
MATMUL,uint32_t,2,512,512,512,16,77405.409667,72173.866860,-6.76
MATMUL,uint32_t,4,32,128,128,16,303.101667,283.028495,-6.62
MATMUL,uint32_t,4,32,128,128,32,293.366333,274.701235,-6.36
MATMUL,uint32_t,4,32,128,128,4,384.696000,336.363594,-12.56
MATMUL,uint32_t,4,32,128,128,8,326.066000,297.253564,-8.84
MATMUL,uint32_t,4,32,128,128,64,288.795333,271.040068,-6.15
MATMUL,uint32_t,4,32,128,128,128,286.407333,269.234090,-6.00
MATMUL,uint32_t,4,32,128,256,4,769.199667,672.655496,-12.55
MATMUL,uint32_t,4,32,128,256,64,577.519000,541.984118,-6.15
MATMUL,uint32_t,4,32,128,256,32,586.721000,549.318271,-6.37
MATMUL,uint32_t,4,32,128,256,128,572.687000,538.384606,-5.99
MATMUL,uint32_t,4,32,128,256,8,652.106667,594.434607,-8.84
MATMUL,uint32_t,4,32,128,256,16,606.176333,565.980227,-6.63
MATMUL,uint32_t,4,32,256,16,4,96.091333,84.035465,-12.55
MATMUL,uint32_t,4,32,256,16,8,81.430333,74.280218,-8.78
MATMUL,uint32_t,4,32,256,16,16,75.750667,70.706538,-6.66
MATMUL,uint32_t,4,32,256,32,4,191.944667,167.999238,-12.48
MATMUL,uint32_t,4,32,256,32,8,162.822333,148.487892,-8.80
MATMUL,uint32_t,4,32,256,32,16,151.426667,141.396060,-6.62
MATMUL,uint32_t,4,32,256,32,32,146.579667,137.247005,-6.37
MATMUL,uint32_t,4,32,128,512,8,1303.836667,1188.796696,-8.82
MATMUL,uint32_t,4,32,128,512,4,1537.277667,1345.239300,-12.49
MATMUL,uint32_t,4,32,256,64,4,384.354000,335.926785,-12.60
MATMUL,uint32_t,4,32,256,64,8,325.487667,296.903296,-8.78
MATMUL,uint32_t,4,32,256,64,16,302.746667,282.715364,-6.62
MATMUL,uint32_t,4,32,128,512,128,1145.173333,1076.683547,-5.98
MATMUL,uint32_t,4,32,128,512,64,1155.017667,1083.872544,-6.16
MATMUL,uint32_t,4,32,128,512,16,1212.292000,1131.883691,-6.63
MATMUL,uint32_t,4,32,128,512,32,1173.245000,1098.552377,-6.37
MATMUL,uint32_t,4,32,256,64,32,293.035333,274.409658,-6.36
MATMUL,uint32_t,4,32,256,64,64,288.551333,270.789968,-6.16
MATMUL,uint32_t,4,32,256,128,8,650.747000,593.734091,-8.76
MATMUL,uint32_t,4,32,256,128,64,577.025333,541.474887,-6.16
MATMUL,uint32_t,4,32,256,128,32,586.036000,548.735404,-6.36
MATMUL,uint32_t,4,32,256,128,128,572.119667,537.826459,-5.99
MATMUL,uint32_t,4,32,256,128,16,605.436333,565.353972,-6.62
MATMUL,uint32_t,4,32,256,128,4,767.727667,671.781878,-12.50
MATMUL,uint32_t,4,32,256,256,8,1301.591667,1187.395720,-8.77
MATMUL,uint32_t,4,32,256,256,4,1536.766000,1343.492064,-12.58
MATMUL,uint32_t,4,32,256,256,128,1144.516333,1075.554278,-6.03
MATMUL,uint32_t,4,32,256,256,64,1153.991000,1082.844714,-6.17
MATMUL,uint32_t,4,32,256,256,256,1140.024000,1072.406630,-5.93
MATMUL,uint32_t,4,32,256,256,32,1171.982667,1097.386650,-6.36
MATMUL,uint32_t,4,32,256,256,16,1210.587000,1130.631187,-6.60
MATMUL,uint32_t,4,32,512,16,4,192.128333,167.890036,-12.62
MATMUL,uint32_t,4,32,512,16,8,162.606000,148.399424,-8.74
MATMUL,uint32_t,4,32,512,16,16,151.300667,141.317720,-6.60
MATMUL,uint32_t,4,32,512,32,4,384.052000,335.708380,-12.59
MATMUL,uint32_t,4,32,512,32,8,325.190667,296.726330,-8.75
MATMUL,uint32_t,4,32,512,32,16,302.499333,282.558743,-6.59
MATMUL,uint32_t,4,32,256,512,4,3070.513000,2686.912436,-12.49
MATMUL,uint32_t,4,32,512,32,32,292.995000,274.263815,-6.39
MATMUL,uint32_t,4,32,256,512,16,2420.700333,2261.185617,-6.59
MATMUL,uint32_t,4,32,256,512,256,2279.509000,2144.729352,-5.91
MATMUL,uint32_t,4,32,256,512,128,2288.711333,2150.996115,-6.02
MATMUL,uint32_t,4,32,256,512,64,2307.884333,2165.403662,-6.17
MATMUL,uint32_t,4,32,256,512,8,2602.898333,2374.718945,-8.77
MATMUL,uint32_t,4,32,256,512,32,2343.385667,2194.689140,-6.35
MATMUL,uint32_t,4,32,512,64,4,767.811333,671.345069,-12.56
MATMUL,uint32_t,4,32,512,64,64,576.778000,541.194179,-6.17
MATMUL,uint32_t,4,32,512,64,32,585.681000,548.443688,-6.36
MATMUL,uint32_t,4,32,512,64,16,604.896000,565.040788,-6.59
MATMUL,uint32_t,4,32,512,64,8,650.341667,593.380177,-8.76
MATMUL,uint32_t,4,32,512,128,16,1209.731333,1130.004879,-6.59
MATMUL,uint32_t,4,32,512,128,8,1300.398667,1186.687830,-8.74
MATMUL,uint32_t,4,32,512,128,4,1536.763000,1342.618446,-12.63
MATMUL,uint32_t,4,32,512,128,32,1171.476000,1096.803509,-6.37
MATMUL,uint32_t,4,32,512,128,128,1143.874333,1075.073269,-6.01
MATMUL,uint32_t,4,32,512,128,64,1153.476000,1082.283314,-6.17
MATMUL,uint32_t,4,32,512,256,8,2600.555667,2373.303135,-8.74
MATMUL,uint32_t,4,32,512,256,4,3070.809333,2685.165199,-12.56
MATMUL,uint32_t,4,32,512,256,32,2343.219667,2193.523166,-6.39
MATMUL,uint32_t,4,32,512,256,16,2420.032000,2259.933060,-6.62
MATMUL,uint32_t,4,32,512,256,64,2306.857333,2164.280983,-6.18
MATMUL,uint32_t,4,32,512,256,128,2287.356000,2149.893686,-6.01
MATMUL,uint32_t,4,32,512,256,256,2278.694667,2143.635656,-5.93
MATMUL,uint32_t,4,64,16,16,4,12.509333,10.734037,-14.19
MATMUL,uint32_t,4,64,16,16,8,10.535667,9.518976,-9.65
MATMUL,uint32_t,4,64,16,16,16,9.736000,9.051450,-7.03
MATMUL,uint32_t,4,64,16,32,4,24.916333,21.377158,-14.20
MATMUL,uint32_t,4,64,16,32,8,20.991000,18.960219,-9.67
MATMUL,uint32_t,4,64,16,32,16,19.384000,18.013443,-7.07
MATMUL,uint32_t,4,64,16,64,4,49.723667,42.729791,-14.07
MATMUL,uint32_t,4,64,16,64,8,41.883000,37.842972,-9.65
MATMUL,uint32_t,4,64,16,64,16,38.689000,35.949772,-7.08
MATMUL,uint32_t,4,64,16,128,4,99.403667,85.511460,-13.98
MATMUL,uint32_t,4,64,16,128,8,83.646000,75.608335,-9.61
MATMUL,uint32_t,4,64,16,128,16,77.279333,71.868669,-7.00
MATMUL,uint32_t,4,64,16,256,4,198.389667,170.944739,-13.83
MATMUL,uint32_t,4,64,16,256,8,167.280000,151.139465,-9.65
MATMUL,uint32_t,4,64,16,256,16,154.415333,143.655627,-6.97
MATMUL,uint32_t,4,64,16,512,4,396.604000,341.808739,-13.82
MATMUL,uint32_t,4,64,16,512,8,334.414333,302.200785,-9.63
MATMUL,uint32_t,4,64,16,512,16,308.774333,287.160919,-7.00
MATMUL,uint32_t,4,64,32,16,4,24.450000,21.242504,-13.12
MATMUL,uint32_t,4,64,32,16,8,20.685333,18.783935,-9.19
MATMUL,uint32_t,4,64,32,16,16,19.183667,17.865526,-6.87
MATMUL,uint32_t,4,64,32,32,4,48.869000,42.407165,-13.22
MATMUL,uint32_t,4,64,32,32,8,41.288333,37.490113,-9.20
MATMUL,uint32_t,4,64,32,32,16,38.288667,35.643535,-6.91
MATMUL,uint32_t,4,64,32,32,32,36.985333,34.631718,-6.36
MATMUL,uint32_t,4,32,512,512,4,6139.095333,5370.258707,-12.52
MATMUL,uint32_t,4,64,32,64,4,97.440667,84.736487,-13.04
MATMUL,uint32_t,4,64,32,64,8,82.487667,74.902790,-9.20
MATMUL,uint32_t,4,64,32,64,16,76.471000,71.201958,-6.89
MATMUL,uint32_t,4,64,32,64,32,73.892000,69.181454,-6.37
MATMUL,uint32_t,4,32,512,512,64,4613.648000,4328.467056,-6.18
MATMUL,uint32_t,4,32,512,512,32,4685.553333,4386.962479,-6.37
MATMUL,uint32_t,4,64,32,128,4,195.016333,169.395132,-13.14
MATMUL,uint32_t,4,64,32,128,8,164.889667,149.727932,-9.20
MATMUL,uint32_t,4,32,512,512,8,5202.658667,4746.533743,-8.77
MATMUL,uint32_t,4,32,512,512,128,4575.653000,4299.674991,-6.03
MATMUL,uint32_t,4,32,512,512,16,4839.940000,4519.789422,-6.61
MATMUL,uint32_t,4,32,512,512,256,4557.470667,4287.160244,-5.93
MATMUL,uint32_t,4,64,32,128,16,152.842667,142.317852,-6.89
MATMUL,uint32_t,4,64,32,128,32,147.685667,138.272574,-6.37
MATMUL,uint32_t,4,64,32,256,8,329.663000,299.378240,-9.19
MATMUL,uint32_t,4,64,32,256,16,305.596667,284.565537,-6.88
MATMUL,uint32_t,4,64,32,256,32,295.150667,276.455190,-6.33
MATMUL,uint32_t,4,64,32,256,4,389.308000,338.712421,-13.00
MATMUL,uint32_t,4,64,64,16,8,41.005667,37.313116,-9.00
MATMUL,uint32_t,4,64,64,16,4,48.347000,42.191512,-12.73
MATMUL,uint32_t,4,64,64,16,16,38.084667,35.486301,-6.82
MATMUL,uint32_t,4,64,64,32,4,96.647000,84.305077,-12.77
MATMUL,uint32_t,4,64,64,32,16,76.071000,70.886011,-6.82
MATMUL,uint32_t,4,64,64,32,8,81.891333,74.549019,-8.97
MATMUL,uint32_t,4,64,64,32,32,73.596667,68.890184,-6.39
MATMUL,uint32_t,4,64,32,512,16,611.203000,569.045791,-6.90
MATMUL,uint32_t,4,64,64,64,4,192.701000,168.532208,-12.54
MATMUL,uint32_t,4,64,64,64,16,152.019000,141.685108,-6.80
MATMUL,uint32_t,4,64,32,512,8,659.262000,598.678867,-9.19
MATMUL,uint32_t,4,64,32,512,32,590.196333,552.887751,-6.32
MATMUL,uint32_t,4,64,64,64,8,163.698667,149.020482,-8.97
MATMUL,uint32_t,4,64,64,64,32,147.073667,137.688951,-6.38
MATMUL,uint32_t,4,64,32,512,4,778.085000,677.346999,-12.95
MATMUL,uint32_t,4,64,64,64,64,144.686667,135.847169,-6.11
MATMUL,uint32_t,4,64,64,128,64,289.302667,271.616546,-6.11
MATMUL,uint32_t,4,64,64,128,32,293.998667,275.289108,-6.36
MATMUL,uint32_t,4,64,64,128,16,303.909667,283.283161,-6.79
MATMUL,uint32_t,4,64,64,128,8,327.270000,297.963380,-8.95
MATMUL,uint32_t,4,64,64,128,4,385.301667,336.986468,-12.54
MATMUL,uint32_t,4,64,64,256,8,654.561667,595.849190,-8.97
MATMUL,uint32_t,4,64,64,256,4,769.998333,673.894990,-12.48
MATMUL,uint32_t,4,64,64,256,16,607.797667,566.479567,-6.80
MATMUL,uint32_t,4,64,64,256,64,578.534333,543.138074,-6.12
MATMUL,uint32_t,4,64,64,256,32,587.803667,550.489116,-6.35
MATMUL,uint32_t,4,64,128,16,4,96.293000,84.149696,-12.61
MATMUL,uint32_t,4,64,128,16,8,81.606000,74.372739,-8.86
MATMUL,uint32_t,4,64,128,16,16,75.872000,70.789795,-6.70
MATMUL,uint32_t,4,64,128,32,4,192.437000,168.222671,-12.58
MATMUL,uint32_t,4,64,128,32,16,151.659667,141.490732,-6.71
MATMUL,uint32_t,4,64,128,32,8,163.128000,148.668130,-8.86
MATMUL,uint32_t,4,64,128,32,32,146.731667,137.397754,-6.36
MATMUL,uint32_t,4,64,64,512,16,1215.452000,1132.872379,-6.79
MATMUL,uint32_t,4,64,128,64,8,326.042667,297.258585,-8.83
MATMUL,uint32_t,4,64,64,512,8,1308.760000,1191.620841,-8.95
MATMUL,uint32_t,4,64,128,64,4,384.924000,336.368623,-12.61
MATMUL,uint32_t,4,64,128,64,16,303.131667,283.033523,-6.63
MATMUL,uint32_t,4,64,64,512,4,1540.143333,1347.712033,-12.49
MATMUL,uint32_t,4,64,64,512,64,1157.007667,1086.191362,-6.12
MATMUL,uint32_t,4,64,64,512,32,1175.293000,1100.888956,-6.33
MATMUL,uint32_t,4,64,128,64,32,293.417667,274.706250,-6.38
MATMUL,uint32_t,4,64,128,64,64,288.818000,271.045271,-6.15
MATMUL,uint32_t,4,64,128,128,16,606.138000,565.985255,-6.62
MATMUL,uint32_t,4,64,128,128,8,652.102000,594.439633,-8.84
MATMUL,uint32_t,4,64,128,128,4,769.023333,672.660525,-12.53
MATMUL,uint32_t,4,64,128,128,32,586.600333,549.323305,-6.35
MATMUL,uint32_t,4,64,128,128,64,577.529000,541.989303,-6.15
MATMUL,uint32_t,4,64,128,128,128,572.775667,538.389634,-6.00
MATMUL,uint32_t,4,64,128,256,8,1304.070667,1188.801719,-8.84
MATMUL,uint32_t,4,64,128,256,4,1536.723333,1345.244329,-12.46
MATMUL,uint32_t,4,64,128,256,32,1173.312000,1098.557406,-6.37
MATMUL,uint32_t,4,64,128,256,16,1212.425333,1131.888720,-6.64
MATMUL,uint32_t,4,64,128,256,64,1154.994667,1083.877573,-6.16
MATMUL,uint32_t,4,64,128,256,128,1145.404333,1076.688576,-6.00
MATMUL,uint32_t,4,64,256,16,8,162.814667,148.492982,-8.80
MATMUL,uint32_t,4,64,256,16,4,192.493333,168.004267,-12.72
MATMUL,uint32_t,4,64,256,16,16,151.477667,141.334283,-6.70
MATMUL,uint32_t,4,64,256,32,4,384.188333,335.931813,-12.56
MATMUL,uint32_t,4,64,256,32,8,325.474667,296.908316,-8.78
MATMUL,uint32_t,4,64,256,32,16,302.775000,282.720393,-6.62
MATMUL,uint32_t,4,64,256,32,32,293.061000,274.414837,-6.36
MATMUL,uint32_t,4,64,128,512,8,2607.687667,2377.525897,-8.83
MATMUL,uint32_t,4,64,256,64,4,767.263667,671.786906,-12.44
MATMUL,uint32_t,4,64,256,64,8,650.859667,593.739123,-8.78
MATMUL,uint32_t,4,64,128,512,4,3073.576667,2690.411938,-12.47
MATMUL,uint32_t,4,64,128,512,16,2424.410333,2263.695648,-6.63
MATMUL,uint32_t,4,64,256,64,16,605.332000,565.359000,-6.60
MATMUL,uint32_t,4,64,128,512,32,2346.011333,2197.025617,-6.35
MATMUL,uint32_t,4,64,128,512,64,2309.880667,2167.654427,-6.16
MATMUL,uint32_t,4,64,128,512,128,2290.479667,2153.280771,-5.99
MATMUL,uint32_t,4,64,256,64,32,586.125333,548.740304,-6.38
MATMUL,uint32_t,4,64,256,64,64,577.029333,541.479916,-6.16
MATMUL,uint32_t,4,64,256,128,32,1171.968000,1097.391678,-6.36
MATMUL,uint32_t,4,64,256,128,16,1210.875000,1130.636215,-6.63
MATMUL,uint32_t,4,64,256,128,8,1301.461333,1187.400717,-8.76
MATMUL,uint32_t,4,64,256,128,128,1144.521333,1075.559935,-6.03
MATMUL,uint32_t,4,64,256,128,64,1153.998667,1082.849743,-6.17
MATMUL,uint32_t,4,64,256,128,4,1535.288000,1343.497092,-12.49
MATMUL,uint32_t,4,64,256,256,8,2602.841333,2374.723974,-8.76
MATMUL,uint32_t,4,64,256,256,4,3071.078667,2686.917465,-12.51
MATMUL,uint32_t,4,64,256,256,128,2288.865333,2151.000672,-6.02
MATMUL,uint32_t,4,64,256,256,256,2279.744000,2144.734381,-5.92
MATMUL,uint32_t,4,64,256,256,64,2307.881667,2165.589376,-6.17
MATMUL,uint32_t,4,64,256,256,32,2344.070000,2194.694169,-6.37
MATMUL,uint32_t,4,64,256,256,16,2420.805000,2261.190645,-6.59
MATMUL,uint32_t,4,64,512,16,4,383.671000,335.713409,-12.50
MATMUL,uint32_t,4,64,512,16,8,325.218000,296.731400,-8.76
MATMUL,uint32_t,4,64,512,16,16,302.629667,282.563771,-6.63
MATMUL,uint32_t,4,64,512,32,4,767.757000,671.350097,-12.56
MATMUL,uint32_t,4,64,512,32,8,650.146000,593.385170,-8.73
MATMUL,uint32_t,4,64,512,32,16,605.022000,565.045817,-6.61
MATMUL,uint32_t,4,64,256,512,4,6143.533000,5373.758209,-12.53
MATMUL,uint32_t,4,64,512,32,32,585.803667,548.448755,-6.38
MATMUL,uint32_t,4,64,256,512,8,5207.141667,4749.370424,-8.79
MATMUL,uint32_t,4,64,256,512,128,4577.236000,4301.883876,-6.02
MATMUL,uint32_t,4,64,256,512,256,4559.959000,4289.351422,-5.93
MATMUL,uint32_t,4,64,256,512,64,4615.663000,4330.717400,-6.17
MATMUL,uint32_t,4,64,256,512,16,4842.089000,4522.299506,-6.60
MATMUL,uint32_t,4,64,256,512,32,4687.001000,4389.299150,-6.35
MATMUL,uint32_t,4,64,512,64,4,1534.250667,1342.623474,-12.49
MATMUL,uint32_t,4,64,512,64,8,1300.500333,1186.692855,-8.75
MATMUL,uint32_t,4,64,512,64,64,1153.480333,1082.288342,-6.17
MATMUL,uint32_t,4,64,512,64,32,1171.419333,1096.808538,-6.37
MATMUL,uint32_t,4,64,512,64,16,1209.743667,1130.009907,-6.59
MATMUL,uint32_t,4,64,512,128,16,2419.488333,2259.938088,-6.59
MATMUL,uint32_t,4,64,512,128,8,2600.779667,2373.308161,-8.75
MATMUL,uint32_t,4,64,512,128,4,3067.977667,2685.170228,-12.48
MATMUL,uint32_t,4,64,512,128,64,2306.892667,2164.466619,-6.17
MATMUL,uint32_t,4,64,512,128,32,2342.385000,2193.528194,-6.35
MATMUL,uint32_t,4,64,512,128,128,2287.430333,2150.015963,-6.01
MATMUL,uint32_t,4,64,512,256,8,5201.599333,4746.538771,-8.75
MATMUL,uint32_t,4,64,512,256,4,6137.920000,5370.263736,-12.51
MATMUL,uint32_t,4,64,512,256,16,4839.301333,4519.794450,-6.60
MATMUL,uint32_t,4,64,512,256,32,4685.710667,4386.967508,-6.38
MATMUL,uint32_t,4,64,512,256,64,4613.658333,4328.472085,-6.18
MATMUL,uint32_t,4,64,512,256,256,4557.559333,4287.165429,-5.93
MATMUL,uint32_t,4,64,512,256,128,4575.031667,4299.680019,-6.02
MATMUL,uint32_t,4,128,16,16,4,24.970667,21.399868,-14.30
MATMUL,uint32_t,4,128,16,16,8,21.031333,18.970417,-9.80
MATMUL,uint32_t,4,128,16,16,16,19.427000,18.034604,-7.17
MATMUL,uint32_t,4,128,16,32,4,49.761667,42.685519,-14.22
MATMUL,uint32_t,4,128,16,32,8,41.929333,37.852872,-9.72
MATMUL,uint32_t,4,128,16,32,16,38.720000,35.954447,-7.14
MATMUL,uint32_t,4,128,16,64,4,99.440333,85.390490,-14.13
MATMUL,uint32_t,4,128,16,64,8,83.707333,75.618405,-9.66
MATMUL,uint32_t,4,128,16,64,16,77.296000,71.828356,-7.07
MATMUL,uint32_t,4,128,16,128,4,198.788333,170.954238,-14.00
MATMUL,uint32_t,4,128,16,128,8,167.316000,151.149128,-9.66
MATMUL,uint32_t,4,128,16,128,16,154.495000,143.663696,-7.01
MATMUL,uint32_t,4,128,16,256,4,397.532667,341.820971,-14.01
MATMUL,uint32_t,4,128,16,256,8,334.564000,302.211405,-9.67
MATMUL,uint32_t,4,128,16,256,16,308.841667,287.237048,-7.00
MATMUL,uint32_t,4,128,16,512,4,793.342333,683.548975,-13.84
MATMUL,uint32_t,4,128,16,512,8,668.844333,604.334030,-9.65
MATMUL,uint32_t,4,128,16,512,16,617.374667,574.250762,-6.99
MATMUL,uint32_t,4,128,32,16,4,48.792667,42.417222,-13.07
MATMUL,uint32_t,4,128,32,16,8,41.319000,37.500244,-9.24
MATMUL,uint32_t,4,128,32,16,16,38.322333,35.656118,-6.96
MATMUL,uint32_t,4,128,32,32,4,97.513000,84.746544,-13.09
MATMUL,uint32_t,4,128,32,32,8,82.526333,74.912590,-9.23
MATMUL,uint32_t,4,128,32,32,16,76.503667,71.210812,-6.92
MATMUL,uint32_t,4,128,32,32,32,73.901667,69.193286,-6.37
MATMUL,uint32_t,4,128,32,64,4,194.854333,169.405189,-13.06
MATMUL,uint32_t,4,128,32,64,8,164.891667,149.738027,-9.19
MATMUL,uint32_t,4,128,32,64,16,152.872667,142.327904,-6.90
MATMUL,uint32_t,4,128,32,64,32,147.660333,138.282823,-6.35
MATMUL,uint32_t,4,128,32,128,4,389.859667,338.722478,-13.12
MATMUL,uint32_t,4,128,32,128,8,329.700333,299.388309,-9.19
MATMUL,uint32_t,4,64,512,512,4,12282.231667,10740.450751,-12.55
MATMUL,uint32_t,4,128,32,128,16,305.647000,284.559693,-6.90
MATMUL,uint32_t,4,128,32,128,32,295.152333,276.465254,-6.33
MATMUL,uint32_t,4,64,512,512,64,9227.158000,8656.844231,-6.18
MATMUL,uint32_t,4,64,512,512,32,9370.751333,8773.846134,-6.37
MATMUL,uint32_t,4,64,512,512,8,10403.898667,9492.999987,-8.76
MATMUL,uint32_t,4,128,32,256,8,659.272333,598.688924,-9.19
MATMUL,uint32_t,4,128,32,256,4,780.325000,677.357056,-13.20
MATMUL,uint32_t,4,64,512,512,128,9151.414667,8599.242661,-6.03
MATMUL,uint32_t,4,64,512,512,256,9114.951333,8574.157994,-5.93
MATMUL,uint32_t,4,64,512,512,16,9677.776000,9039.507174,-6.60
MATMUL,uint32_t,4,128,64,16,4,96.475667,84.315134,-12.60
MATMUL,uint32_t,4,128,64,16,8,81.930000,74.558672,-9.00
MATMUL,uint32_t,4,128,64,16,16,76.109667,70.895907,-6.85
MATMUL,uint32_t,4,128,32,256,16,611.024000,569.055848,-6.87
MATMUL,uint32_t,4,128,32,256,32,590.381333,552.830486,-6.36
MATMUL,uint32_t,4,128,64,32,4,192.942333,168.542265,-12.65
MATMUL,uint32_t,4,128,64,32,8,163.733000,149.030515,-8.98
MATMUL,uint32_t,4,128,64,32,16,152.059000,141.695165,-6.82
MATMUL,uint32_t,4,128,64,32,32,147.084000,137.700174,-6.38
MATMUL,uint32_t,4,128,64,64,4,386.189333,336.996526,-12.74
MATMUL,uint32_t,4,128,64,64,8,327.306333,297.973440,-8.96
MATMUL,uint32_t,4,128,64,64,16,303.962333,283.293359,-6.80
MATMUL,uint32_t,4,128,64,64,32,294.052667,275.298930,-6.38
MATMUL,uint32_t,4,128,32,512,32,1180.587333,1105.702318,-6.34
MATMUL,uint32_t,4,128,32,512,16,1222.046667,1138.016356,-6.88
MATMUL,uint32_t,4,128,64,64,64,289.298000,271.620550,-6.11
MATMUL,uint32_t,4,128,32,512,8,1318.502000,1197.290179,-9.19
MATMUL,uint32_t,4,128,32,512,4,1558.784333,1354.626213,-13.10
MATMUL,uint32_t,4,128,64,128,8,654.423000,595.859235,-8.95
MATMUL,uint32_t,4,128,64,128,16,607.807333,566.489624,-6.80
MATMUL,uint32_t,4,128,64,128,4,769.765667,673.905047,-12.45
MATMUL,uint32_t,4,128,64,128,32,587.911000,550.498996,-6.36
MATMUL,uint32_t,4,128,64,128,64,578.521667,543.157809,-6.11
MATMUL,uint32_t,4,128,64,256,8,1309.135667,1191.630855,-8.98
MATMUL,uint32_t,4,128,64,256,16,1215.792667,1132.882436,-6.82
MATMUL,uint32_t,4,128,64,256,4,1540.521333,1347.722090,-12.52
MATMUL,uint32_t,4,128,64,256,32,1175.838667,1100.898856,-6.37
MATMUL,uint32_t,4,128,64,256,64,1157.023000,1086.201391,-6.12
MATMUL,uint32_t,4,128,128,16,8,163.144667,148.677968,-8.87
MATMUL,uint32_t,4,128,128,16,4,192.448000,168.232729,-12.58
MATMUL,uint32_t,4,128,128,16,16,151.674667,141.500789,-6.71
MATMUL,uint32_t,4,128,128,32,16,303.280000,282.902662,-6.72
MATMUL,uint32_t,4,128,128,32,8,326.166000,297.268768,-8.86
MATMUL,uint32_t,4,128,128,32,4,384.527000,336.378680,-12.52
MATMUL,uint32_t,4,128,128,32,32,293.507667,274.716321,-6.40
MATMUL,uint32_t,4,128,128,64,8,652.044333,594.449677,-8.83
MATMUL,uint32_t,4,128,128,64,4,768.663000,672.670582,-12.49
MATMUL,uint32_t,4,128,64,512,16,2430.905000,2265.668060,-6.80
MATMUL,uint32_t,4,128,64,512,8,2617.788333,2383.174157,-8.96
MATMUL,uint32_t,4,128,128,64,16,606.384333,565.995313,-6.66
MATMUL,uint32_t,4,128,64,512,4,3078.975333,2695.356176,-12.46
MATMUL,uint32_t,4,128,128,64,32,586.594667,549.333308,-6.35
MATMUL,uint32_t,4,128,128,64,64,577.534333,541.999536,-6.15
MATMUL,uint32_t,4,128,64,512,32,2351.263000,2201.698379,-6.36
MATMUL,uint32_t,4,128,64,512,64,2313.864667,2172.307975,-6.12
MATMUL,uint32_t,4,128,128,128,16,1212.193333,1131.898777,-6.62
MATMUL,uint32_t,4,128,128,128,8,1304.094000,1188.811771,-8.84
MATMUL,uint32_t,4,128,128,128,4,1537.097333,1345.254386,-12.48
MATMUL,uint32_t,4,128,128,128,32,1173.143000,1098.567444,-6.36
MATMUL,uint32_t,4,128,128,128,64,1154.988333,1083.887782,-6.16
MATMUL,uint32_t,4,128,128,128,128,1145.329333,1076.700212,-5.99
MATMUL,uint32_t,4,128,128,256,8,2608.725667,2377.535944,-8.86
MATMUL,uint32_t,4,128,128,256,4,3074.920333,2690.421995,-12.50
MATMUL,uint32_t,4,128,128,256,16,2424.819000,2263.705705,-6.64
MATMUL,uint32_t,4,128,128,256,32,2346.423000,2197.035675,-6.37
MATMUL,uint32_t,4,128,128,256,64,2309.886000,2167.664484,-6.16
MATMUL,uint32_t,4,128,128,256,128,2290.121000,2153.290793,-5.97
MATMUL,uint32_t,4,128,256,16,4,384.381333,335.941871,-12.60
MATMUL,uint32_t,4,128,256,16,8,325.531667,296.918499,-8.79
MATMUL,uint32_t,4,128,256,16,16,302.793000,282.589774,-6.67
MATMUL,uint32_t,4,128,256,32,4,767.881000,671.796964,-12.51
MATMUL,uint32_t,4,128,256,32,8,650.937667,593.749164,-8.79
MATMUL,uint32_t,4,128,256,32,16,605.417667,565.369057,-6.62
MATMUL,uint32_t,4,128,256,32,32,586.094333,548.750507,-6.37
MATMUL,uint32_t,4,128,128,512,8,5216.539667,4754.984299,-8.85
MATMUL,uint32_t,4,128,256,64,8,1301.613333,1187.410779,-8.77
MATMUL,uint32_t,4,128,256,64,4,1535.446667,1343.507150,-12.50
MATMUL,uint32_t,4,128,128,512,4,6151.191333,5380.757212,-12.52
MATMUL,uint32_t,4,128,128,512,16,4849.174000,4527.319562,-6.64
MATMUL,uint32_t,4,128,256,64,16,1210.663333,1130.646272,-6.61
MATMUL,uint32_t,4,128,128,512,128,4580.676333,4306.475218,-5.99
MATMUL,uint32_t,4,128,128,512,32,4691.872667,4393.972098,-6.35
MATMUL,uint32_t,4,128,128,512,64,4619.617667,4335.218191,-6.16
MATMUL,uint32_t,4,128,256,64,32,1171.772000,1097.401606,-6.35
MATMUL,uint32_t,4,128,256,64,64,1153.986667,1082.859803,-6.16
MATMUL,uint32_t,4,128,256,128,16,2421.126333,2261.200703,-6.61
MATMUL,uint32_t,4,128,256,128,128,2288.716667,2151.011358,-6.02
MATMUL,uint32_t,4,128,256,128,64,2307.877000,2165.599433,-6.16
MATMUL,uint32_t,4,128,256,128,32,2344.267667,2194.704226,-6.38
MATMUL,uint32_t,4,128,256,128,8,2602.496000,2374.733969,-8.75
MATMUL,uint32_t,4,128,256,128,4,3071.145333,2686.927522,-12.51
MATMUL,uint32_t,4,128,256,256,8,5207.533000,4749.380480,-8.80
MATMUL,uint32_t,4,128,256,256,4,6139.494000,5373.768266,-12.47
MATMUL,uint32_t,4,128,256,256,128,4577.572667,4301.893462,-6.02
MATMUL,uint32_t,4,128,256,256,64,4615.662333,4331.078699,-6.17
MATMUL,uint32_t,4,128,256,256,256,4558.850333,4289.361479,-5.91
MATMUL,uint32_t,4,128,256,256,32,4688.103667,4389.309207,-6.37
MATMUL,uint32_t,4,128,256,256,16,4842.671000,4522.309563,-6.62
MATMUL,uint32_t,4,128,512,16,4,766.919333,671.360154,-12.46
MATMUL,uint32_t,4,128,512,16,8,650.366000,593.395440,-8.76
MATMUL,uint32_t,4,128,512,16,16,604.953000,565.055874,-6.60
MATMUL,uint32_t,4,128,512,32,4,1534.491000,1342.633531,-12.50
MATMUL,uint32_t,4,128,512,32,8,1300.276667,1186.702849,-8.73
MATMUL,uint32_t,4,128,512,32,16,1209.942000,1130.019964,-6.61
MATMUL,uint32_t,4,128,256,512,4,12282.700667,10747.449754,-12.50
MATMUL,uint32_t,4,128,512,32,32,1171.336333,1096.818642,-6.36
MATMUL,uint32_t,4,128,256,512,8,10412.414000,9498.673380,-8.78
MATMUL,uint32_t,4,128,256,512,16,9684.020333,9044.527284,-6.60
MATMUL,uint32_t,4,128,256,512,128,9153.520667,8603.659397,-6.01
MATMUL,uint32_t,4,128,256,512,256,9118.692000,8578.538757,-5.92
MATMUL,uint32_t,4,128,256,512,64,9231.186667,8661.344876,-6.17
MATMUL,uint32_t,4,128,256,512,32,9374.575667,8778.519169,-6.36
MATMUL,uint32_t,4,128,512,64,8,2601.230000,2373.318213,-8.76
MATMUL,uint32_t,4,128,512,64,4,3067.445333,2685.180285,-12.46
MATMUL,uint32_t,4,128,512,64,16,2420.161000,2259.948145,-6.62
MATMUL,uint32_t,4,128,512,64,32,2342.956333,2193.538251,-6.38
MATMUL,uint32_t,4,128,512,64,64,2306.882000,2164.476676,-6.17
MATMUL,uint32_t,4,128,512,128,16,4839.108667,4519.804507,-6.60
MATMUL,uint32_t,4,128,512,128,8,5202.238333,4746.548825,-8.76
MATMUL,uint32_t,4,128,512,128,32,4684.757667,4386.977565,-6.36
MATMUL,uint32_t,4,128,512,128,4,6138.392000,5370.273793,-12.51
MATMUL,uint32_t,4,128,512,128,64,4613.649333,4328.833242,-6.17
MATMUL,uint32_t,4,128,512,128,128,4574.174000,4299.901320,-6.00
MATMUL,uint32_t,4,128,512,256,8,10403.640333,9493.010044,-8.75
MATMUL,uint32_t,4,128,512,256,4,12267.164667,10740.460808,-12.45
MATMUL,uint32_t,4,128,512,256,32,9372.528000,8773.856191,-6.39
MATMUL,uint32_t,4,128,512,256,16,9679.825333,9039.517231,-6.61
MATMUL,uint32_t,4,128,512,256,64,9227.178000,8656.854288,-6.18
MATMUL,uint32_t,4,128,512,256,128,9149.925000,8599.252718,-6.02
MATMUL,uint32_t,4,128,512,256,256,9113.602000,8574.168208,-5.92
MATMUL,uint32_t,4,256,16,16,4,49.910333,42.731529,-14.38
MATMUL,uint32_t,4,256,16,16,8,41.988000,37.873298,-9.80
MATMUL,uint32_t,4,256,16,16,16,38.766333,36.000911,-7.13
MATMUL,uint32_t,4,256,16,32,4,99.439000,85.302242,-14.22
MATMUL,uint32_t,4,256,16,32,8,83.786000,75.638179,-9.72
MATMUL,uint32_t,4,256,16,32,16,77.351333,71.836458,-7.13
MATMUL,uint32_t,4,256,16,64,4,198.593000,170.711887,-14.04
MATMUL,uint32_t,4,256,16,64,8,167.332333,151.169271,-9.66
MATMUL,uint32_t,4,256,16,64,16,154.556000,143.585524,-7.10
MATMUL,uint32_t,4,256,16,128,4,397.098333,341.839795,-13.92
MATMUL,uint32_t,4,256,16,128,8,334.575000,302.230716,-9.67
MATMUL,uint32_t,4,256,16,128,16,308.880000,287.253750,-7.00
MATMUL,uint32_t,4,256,16,256,4,792.725333,683.573418,-13.77
MATMUL,uint32_t,4,256,16,256,8,669.048333,604.355284,-9.67
MATMUL,uint32_t,4,256,16,256,16,617.457000,574.399892,-6.97
MATMUL,uint32_t,4,256,16,512,4,1589.645333,1367.029415,-14.00
MATMUL,uint32_t,4,256,16,512,8,1337.760333,1208.600518,-9.65
MATMUL,uint32_t,4,256,16,512,16,1235.049667,1148.430448,-7.01
MATMUL,uint32_t,4,256,32,16,4,97.460667,84.766658,-13.02
MATMUL,uint32_t,4,256,32,16,8,82.577333,74.932862,-9.26
MATMUL,uint32_t,4,256,32,16,16,76.554333,71.237342,-6.95
MATMUL,uint32_t,4,256,32,32,4,194.938333,169.425303,-13.09
MATMUL,uint32_t,4,256,32,32,8,164.965000,149.757543,-9.22
MATMUL,uint32_t,4,256,32,32,16,152.931333,142.345365,-6.92
MATMUL,uint32_t,4,256,32,32,32,147.719667,138.316421,-6.37
MATMUL,uint32_t,4,256,32,64,4,389.127000,338.742592,-12.95
MATMUL,uint32_t,4,256,32,64,8,329.792000,299.408500,-9.21
MATMUL,uint32_t,4,256,32,64,16,305.696333,284.579796,-6.91
MATMUL,uint32_t,4,256,32,64,32,295.307333,276.485560,-6.37
MATMUL,uint32_t,4,256,32,128,4,777.940333,677.377170,-12.93
MATMUL,uint32_t,4,256,32,128,8,659.353667,598.709063,-9.20
MATMUL,uint32_t,4,256,32,128,16,611.256667,569.043375,-6.91
MATMUL,uint32_t,4,256,32,128,32,590.232333,552.850615,-6.33
MATMUL,uint32_t,4,128,512,512,4,24532.691000,21480.834839,-12.44
MATMUL,uint32_t,4,256,32,256,4,1558.017000,1354.646327,-13.05
MATMUL,uint32_t,4,256,32,256,8,1318.428667,1197.310294,-9.19
MATMUL,uint32_t,4,128,512,512,64,18454.212000,17313.598579,-6.18
MATMUL,uint32_t,4,128,512,512,32,18742.232333,17547.613445,-6.37
MATMUL,uint32_t,4,128,512,512,8,20807.830667,18985.932476,-8.76
MATMUL,uint32_t,4,128,512,512,256,18231.534667,17148.153494,-5.94
MATMUL,uint32_t,4,256,32,256,16,1222.130000,1138.036470,-6.88
MATMUL,uint32_t,4,128,512,512,128,18301.916667,17198.378002,-6.03
MATMUL,uint32_t,4,128,512,512,16,19356.527333,18078.942680,-6.60
MATMUL,uint32_t,4,256,64,16,8,163.825000,149.049784,-9.02
MATMUL,uint32_t,4,256,64,16,4,193.027667,168.562379,-12.67
MATMUL,uint32_t,4,256,32,256,32,1180.499333,1105.581079,-6.35
MATMUL,uint32_t,4,256,64,16,16,152.134667,141.715110,-6.85
MATMUL,uint32_t,4,256,64,32,8,327.320333,297.993506,-8.96
MATMUL,uint32_t,4,256,64,32,4,385.627333,337.016640,-12.61
MATMUL,uint32_t,4,256,64,32,16,304.135333,283.313474,-6.85
MATMUL,uint32_t,4,256,64,32,32,294.055000,275.320165,-6.37
MATMUL,uint32_t,4,256,64,64,16,607.864000,566.509862,-6.80
MATMUL,uint32_t,4,256,64,64,8,654.577333,595.879355,-8.97
MATMUL,uint32_t,4,256,64,64,32,587.842667,550.518886,-6.35
MATMUL,uint32_t,4,256,64,64,4,770.285000,673.925161,-12.51
MATMUL,uint32_t,4,256,64,64,64,578.526333,543.167312,-6.11
MATMUL,uint32_t,4,256,32,512,32,2361.122000,2211.331452,-6.34
MATMUL,uint32_t,4,256,32,512,16,2444.236333,2275.957487,-6.88
MATMUL,uint32_t,4,256,32,512,8,2636.620333,2394.512804,-9.18
MATMUL,uint32_t,4,256,64,128,16,1215.496000,1132.902550,-6.80
MATMUL,uint32_t,4,256,32,512,4,3114.192333,2709.184640,-13.01
MATMUL,uint32_t,4,256,64,128,8,1309.164000,1191.650946,-8.98
MATMUL,uint32_t,4,256,64,128,4,1540.552333,1347.742204,-12.52
MATMUL,uint32_t,4,256,64,128,32,1175.543667,1100.918773,-6.35
MATMUL,uint32_t,4,256,64,128,64,1156.996667,1086.240304,-6.12
MATMUL,uint32_t,4,256,64,256,32,2351.468333,2201.718337,-6.37
MATMUL,uint32_t,4,256,64,256,64,2313.851667,2172.328025,-6.12
MATMUL,uint32_t,4,256,64,256,8,2617.983667,2383.194186,-8.97
MATMUL,uint32_t,4,256,64,256,16,2431.071000,2265.688174,-6.80
MATMUL,uint32_t,4,256,64,256,4,3086.613333,2695.376290,-12.68
MATMUL,uint32_t,4,256,128,16,8,326.102000,297.288428,-8.84
MATMUL,uint32_t,4,256,128,16,4,384.603333,336.398794,-12.53
MATMUL,uint32_t,4,256,128,16,16,303.249667,282.922776,-6.70
MATMUL,uint32_t,4,256,128,32,8,652.095333,594.470046,-8.84
MATMUL,uint32_t,4,256,128,32,4,769.072000,672.690696,-12.53
MATMUL,uint32_t,4,256,128,32,16,606.273667,565.726522,-6.69
MATMUL,uint32_t,4,256,128,32,32,586.765667,549.353476,-6.38
MATMUL,uint32_t,4,256,128,64,8,1304.154667,1188.831860,-8.84
MATMUL,uint32_t,4,256,128,64,4,1537.226667,1345.274500,-12.49
MATMUL,uint32_t,4,256,128,64,16,1212.422333,1131.918891,-6.64
MATMUL,uint32_t,4,256,64,512,8,5236.306333,4766.280789,-8.98
MATMUL,uint32_t,4,256,64,512,16,4862.231667,4531.259423,-6.81
MATMUL,uint32_t,4,256,64,512,4,6165.942333,5390.644462,-12.57
MATMUL,uint32_t,4,256,128,64,32,1173.235000,1098.587424,-6.36
MATMUL,uint32_t,4,256,128,64,64,1154.989000,1083.908075,-6.15
MATMUL,uint32_t,4,256,64,512,64,4627.652667,4344.541199,-6.12
MATMUL,uint32_t,4,256,64,512,32,4701.732667,4403.317226,-6.35
MATMUL,uint32_t,4,256,128,128,16,2425.027667,2263.725819,-6.65
MATMUL,uint32_t,4,256,128,128,8,2607.865667,2377.556048,-8.83
MATMUL,uint32_t,4,256,128,128,4,3075.658000,2690.442109,-12.52
MATMUL,uint32_t,4,256,128,128,32,2345.794667,2197.055724,-6.34
MATMUL,uint32_t,4,256,128,128,64,2309.872667,2167.684739,-6.16
MATMUL,uint32_t,4,256,128,128,128,2290.264000,2153.319466,-5.98
MATMUL,uint32_t,4,256,128,256,8,5217.889000,4755.004392,-8.87
MATMUL,uint32_t,4,256,128,256,16,4849.871333,4527.339676,-6.65
MATMUL,uint32_t,4,256,128,256,32,4692.162333,4393.992212,-6.35
MATMUL,uint32_t,4,256,128,256,4,6145.909667,5380.777327,-12.45
MATMUL,uint32_t,4,256,128,256,64,4619.669667,4335.238306,-6.16
MATMUL,uint32_t,4,256,128,256,128,4580.200333,4306.495158,-5.98
MATMUL,uint32_t,4,256,256,16,4,768.215667,671.817078,-12.55
MATMUL,uint32_t,4,256,256,16,8,650.990333,593.769533,-8.79
MATMUL,uint32_t,4,256,256,16,16,605.428333,565.100755,-6.66
MATMUL,uint32_t,4,256,256,32,4,1534.653333,1343.527264,-12.45
MATMUL,uint32_t,4,256,256,32,8,1301.477000,1187.430860,-8.76
MATMUL,uint32_t,4,256,256,32,16,1210.645667,1130.666387,-6.61
MATMUL,uint32_t,4,256,256,32,32,1171.984000,1097.421862,-6.36
MATMUL,uint32_t,4,256,128,512,8,10433.410667,9509.901103,-8.85
MATMUL,uint32_t,4,256,256,64,8,2603.037000,2374.754090,-8.77
MATMUL,uint32_t,4,256,256,64,4,3070.149667,2686.947636,-12.48
MATMUL,uint32_t,4,256,128,512,4,12297.701000,10761.447761,-12.49
MATMUL,uint32_t,4,256,256,64,16,2421.683667,2261.220817,-6.63
MATMUL,uint32_t,4,256,128,512,16,9698.213000,9054.567390,-6.64
MATMUL,uint32_t,4,256,128,512,64,9239.149667,8670.345721,-6.16
MATMUL,uint32_t,4,256,128,512,128,9161.641333,8612.864113,-5.99
MATMUL,uint32_t,4,256,256,64,32,2343.987667,2194.724211,-6.37
MATMUL,uint32_t,4,256,128,512,32,9384.212000,8787.865060,-6.35
MATMUL,uint32_t,4,256,256,64,64,2307.889667,2165.619563,-6.16
MATMUL,uint32_t,4,256,256,128,16,4842.208667,4522.329677,-6.61
MATMUL,uint32_t,4,256,256,128,8,5206.056667,4749.400473,-8.77
MATMUL,uint32_t,4,256,256,128,64,4615.599333,4331.098814,-6.16
MATMUL,uint32_t,4,256,256,128,128,4577.146333,4301.914204,-6.01
MATMUL,uint32_t,4,256,256,128,32,4687.861667,4389.329321,-6.37
MATMUL,uint32_t,4,256,256,128,4,6139.642333,5373.788380,-12.47
MATMUL,uint32_t,4,256,256,256,8,10414.790333,9498.693493,-8.80
MATMUL,uint32_t,4,256,256,256,4,12274.498333,10747.469869,-12.44
MATMUL,uint32_t,4,256,256,256,256,9119.590000,8578.558872,-5.93
MATMUL,uint32_t,4,256,256,256,128,9153.177000,8603.679040,-6.00
MATMUL,uint32_t,4,256,256,256,64,9231.152667,8662.057346,-6.16
MATMUL,uint32_t,4,256,256,256,32,9374.035000,8778.539284,-6.35
MATMUL,uint32_t,4,256,256,256,16,9684.136000,9044.547398,-6.60
MATMUL,uint32_t,4,256,512,16,4,1533.835000,1342.653646,-12.46
MATMUL,uint32_t,4,256,512,16,8,1300.568333,1186.723522,-8.75
MATMUL,uint32_t,4,256,512,16,16,1209.931667,1130.040079,-6.60
MATMUL,uint32_t,4,256,512,32,4,3067.148000,2685.200399,-12.45
MATMUL,uint32_t,4,256,512,32,8,2600.787333,2373.338207,-8.75
MATMUL,uint32_t,4,256,512,32,16,2420.166000,2259.968260,-6.62
MATMUL,uint32_t,4,256,512,32,32,2342.730000,2193.558430,-6.37
MATMUL,uint32_t,4,256,256,512,4,24555.279000,21494.832846,-12.46
MATMUL,uint32_t,4,256,256,512,8,20825.444667,18997.279293,-8.78
MATMUL,uint32_t,4,256,256,512,16,19366.537000,18088.982839,-6.60
MATMUL,uint32_t,4,256,256,512,256,18239.169667,17156.913428,-5.93
MATMUL,uint32_t,4,256,256,512,128,18307.580000,17207.210440,-6.01
MATMUL,uint32_t,4,256,256,512,64,18462.189667,17322.599827,-6.17
MATMUL,uint32_t,4,256,256,512,32,18748.927000,17556.959208,-6.36
MATMUL,uint32_t,4,256,512,64,8,5202.363667,4746.568927,-8.76
MATMUL,uint32_t,4,256,512,64,4,6135.829000,5370.293907,-12.48
MATMUL,uint32_t,4,256,512,64,16,4840.165667,4519.824622,-6.62
MATMUL,uint32_t,4,256,512,64,32,4685.147333,4386.997679,-6.36
MATMUL,uint32_t,4,256,512,64,64,4613.647333,4328.853357,-6.17
MATMUL,uint32_t,4,256,512,128,16,9676.883667,9039.537346,-6.59
MATMUL,uint32_t,4,256,512,128,8,10402.245333,9493.030151,-8.74
MATMUL,uint32_t,4,256,512,128,32,9370.852667,8773.876306,-6.37
MATMUL,uint32_t,4,256,512,128,4,12280.402000,10740.480922,-12.54
MATMUL,uint32_t,4,256,512,128,64,9227.156333,8657.566489,-6.17
MATMUL,uint32_t,4,256,512,128,128,9151.315333,8599.671971,-6.03
MATMUL,uint32_t,4,256,512,256,8,20809.489333,18985.952591,-8.76
MATMUL,uint32_t,4,256,512,256,4,24540.377000,21480.854953,-12.47
MATMUL,uint32_t,4,256,512,256,32,18744.222333,17547.633559,-6.38
MATMUL,uint32_t,4,256,512,256,16,19355.107000,18078.962794,-6.59
MATMUL,uint32_t,4,256,512,256,64,18454.194000,17313.618694,-6.18
MATMUL,uint32_t,4,256,512,256,128,18301.958333,17198.398116,-6.03
MATMUL,uint32_t,4,256,512,256,256,18228.278667,17148.173765,-5.93
MATMUL,uint32_t,4,512,16,16,4,99.615000,85.394853,-14.28
MATMUL,uint32_t,4,512,16,16,8,83.954000,75.679064,-9.86
MATMUL,uint32_t,4,512,16,16,16,77.503000,71.933529,-7.19
MATMUL,uint32_t,4,512,16,32,4,198.893333,170.535689,-14.26
MATMUL,uint32_t,4,512,16,32,8,167.567333,151.208796,-9.76
MATMUL,uint32_t,4,512,16,32,16,154.649000,143.600480,-7.14
MATMUL,uint32_t,4,512,16,64,4,397.832000,341.354685,-14.20
MATMUL,uint32_t,4,512,16,64,8,334.663667,302.271005,-9.68
MATMUL,uint32_t,4,512,16,64,16,309.048667,287.099863,-7.10
MATMUL,uint32_t,4,512,16,128,4,793.930333,683.610913,-13.90
MATMUL,uint32_t,4,512,16,128,8,669.313667,604.393895,-9.70
MATMUL,uint32_t,4,512,16,128,16,617.660667,574.433861,-7.00
MATMUL,uint32_t,4,512,16,256,4,1589.564667,1367.078315,-14.00
MATMUL,uint32_t,4,512,16,256,8,1338.096333,1208.643047,-9.67
MATMUL,uint32_t,4,512,16,256,16,1234.843667,1148.725581,-6.97
MATMUL,uint32_t,4,512,16,512,4,3182.242333,2733.990297,-14.09
MATMUL,uint32_t,4,512,16,512,8,2675.364000,2417.133498,-9.65
MATMUL,uint32_t,4,512,16,512,16,2469.985000,2296.789822,-7.01
MATMUL,uint32_t,4,512,32,16,4,195.045333,169.465534,-13.11
MATMUL,uint32_t,4,512,32,16,8,165.090667,149.798102,-9.26
MATMUL,uint32_t,4,512,32,16,16,153.112000,142.399792,-7.00
MATMUL,uint32_t,4,512,32,32,4,390.315667,338.782824,-13.20
MATMUL,uint32_t,4,512,32,32,8,329.926333,299.447453,-9.24
MATMUL,uint32_t,4,512,32,32,16,305.804000,284.614474,-6.93
MATMUL,uint32_t,4,512,32,32,32,295.449667,276.562695,-6.39
MATMUL,uint32_t,4,512,32,64,4,780.545000,677.417402,-13.21
MATMUL,uint32_t,4,512,32,64,8,659.500333,598.749449,-9.21
MATMUL,uint32_t,4,512,32,64,16,611.394000,569.083581,-6.92
MATMUL,uint32_t,4,512,32,64,32,590.348333,552.891038,-6.34
MATMUL,uint32_t,4,512,32,128,4,1556.951333,1354.686558,-12.99
MATMUL,uint32_t,4,512,32,128,8,1318.504000,1197.350574,-9.19
MATMUL,uint32_t,4,512,32,128,16,1222.328000,1138.010742,-6.90
MATMUL,uint32_t,4,512,32,128,32,1180.874667,1105.621338,-6.37
MATMUL,uint32_t,4,256,512,512,4,49119.089000,42961.603014,-12.54
MATMUL,uint32_t,4,512,32,256,4,3111.515000,2709.224872,-12.93
MATMUL,uint32_t,4,512,32,256,16,2444.052000,2275.997718,-6.88
MATMUL,uint32_t,4,512,32,256,8,2637.470000,2394.553035,-9.21
MATMUL,uint32_t,4,256,512,512,64,36908.293333,34627.107277,-6.18
MATMUL,uint32_t,4,256,512,512,32,37487.765000,35095.148066,-6.38
MATMUL,uint32_t,4,256,512,512,128,36597.542333,34396.648683,-6.01
MATMUL,uint32_t,4,256,512,512,8,41601.008000,37971.797455,-8.72
MATMUL,uint32_t,4,256,512,512,256,36454.476333,34296.144494,-5.92
MATMUL,uint32_t,4,512,32,256,32,2361.383667,2211.082267,-6.36
MATMUL,uint32_t,4,256,512,512,16,38719.121667,36157.813690,-6.62
MATMUL,uint32_t,4,512,64,16,8,327.488667,298.032011,-8.99
MATMUL,uint32_t,4,512,64,16,4,386.150333,337.056871,-12.71
MATMUL,uint32_t,4,512,64,16,16,304.228333,283.353518,-6.86
MATMUL,uint32_t,4,512,64,32,16,608.106667,566.550093,-6.83
MATMUL,uint32_t,4,512,64,32,8,654.692333,595.919492,-8.98
MATMUL,uint32_t,4,512,64,32,4,771.489667,673.965393,-12.64
MATMUL,uint32_t,4,512,64,32,32,588.199000,550.560150,-6.40
MATMUL,uint32_t,4,512,64,64,8,1309.197000,1191.691188,-8.98
MATMUL,uint32_t,4,512,64,64,16,1215.869000,1132.942869,-6.82
MATMUL,uint32_t,4,512,64,64,32,1175.940000,1100.958802,-6.38
MATMUL,uint32_t,4,512,64,64,4,1542.520000,1347.782436,-12.62
MATMUL,uint32_t,4,512,64,64,64,1156.978333,1086.260838,-6.11
MATMUL,uint32_t,4,512,32,512,4,6236.589667,5418.301498,-13.12
MATMUL,uint32_t,4,512,32,512,32,4722.254667,4422.589723,-6.35
MATMUL,uint32_t,4,512,32,512,8,5272.766333,4788.958055,-9.18
MATMUL,uint32_t,4,512,32,512,16,4888.809000,4551.839751,-6.89
MATMUL,uint32_t,4,512,64,128,16,2431.081333,2265.728406,-6.80
MATMUL,uint32_t,4,512,64,128,8,2618.084000,2383.234371,-8.97
MATMUL,uint32_t,4,512,64,128,4,3079.902333,2695.416521,-12.48
MATMUL,uint32_t,4,512,64,128,32,2351.731667,2201.758330,-6.38
MATMUL,uint32_t,4,512,64,128,64,2313.874667,2172.405295,-6.11
MATMUL,uint32_t,4,512,64,256,16,4861.346000,4531.299654,-6.79
MATMUL,uint32_t,4,512,64,256,8,5236.437667,4766.320850,-8.98
MATMUL,uint32_t,4,512,64,256,64,4627.652667,4344.581295,-6.12
MATMUL,uint32_t,4,512,64,256,32,4701.379667,4403.357300,-6.34
MATMUL,uint32_t,4,512,128,16,8,652.198333,594.509350,-8.85
MATMUL,uint32_t,4,512,128,16,4,768.986333,672.730928,-12.52
MATMUL,uint32_t,4,512,64,256,4,6166.871667,5390.684693,-12.59
MATMUL,uint32_t,4,512,128,16,16,606.412333,565.766754,-6.70
MATMUL,uint32_t,4,512,128,32,8,1304.210333,1188.872605,-8.84
MATMUL,uint32_t,4,512,128,32,4,1538.005667,1345.314732,-12.53
MATMUL,uint32_t,4,512,128,32,16,1212.698333,1131.374246,-6.71
MATMUL,uint32_t,4,512,128,32,32,1173.462667,1098.627790,-6.38
MATMUL,uint32_t,4,512,128,64,8,2608.522333,2377.596230,-8.85
MATMUL,uint32_t,4,512,128,64,4,3073.840000,2690.482341,-12.47
MATMUL,uint32_t,4,512,128,64,16,2424.175667,2263.766051,-6.62
MATMUL,uint32_t,4,512,64,512,16,9722.947333,9062.442151,-6.79
MATMUL,uint32_t,4,512,64,512,8,10471.701667,9532.494056,-8.97
MATMUL,uint32_t,4,512,128,64,32,2347.068667,2197.095659,-6.39
MATMUL,uint32_t,4,512,128,64,64,2309.873000,2167.725156,-6.15
MATMUL,uint32_t,4,512,64,512,4,12324.624333,10781.221036,-12.52
MATMUL,uint32_t,4,512,64,512,32,9403.006667,8806.554922,-6.34
MATMUL,uint32_t,4,512,64,512,64,9255.240667,8689.007650,-6.12
MATMUL,uint32_t,4,512,128,128,16,4848.873000,4527.379908,-6.63
MATMUL,uint32_t,4,512,128,128,8,5215.108000,4755.044605,-8.82
MATMUL,uint32_t,4,512,128,128,4,6147.306000,5380.817558,-12.47
MATMUL,uint32_t,4,512,128,128,32,4692.692000,4394.032285,-6.36
MATMUL,uint32_t,4,512,128,128,64,4619.651000,4335.278657,-6.16
MATMUL,uint32_t,4,512,128,128,128,4581.147667,4306.557976,-5.99
MATMUL,uint32_t,4,512,128,256,8,10433.131667,9509.941292,-8.85
MATMUL,uint32_t,4,512,128,256,32,9383.751333,8787.905291,-6.35
MATMUL,uint32_t,4,512,128,256,16,9698.799333,9054.607622,-6.64
MATMUL,uint32_t,4,512,128,256,4,12291.670667,10761.487993,-12.45
MATMUL,uint32_t,4,512,128,256,64,9239.151667,8670.385952,-6.16
MATMUL,uint32_t,4,512,128,256,128,9162.744667,8612.903891,-6.00
MATMUL,uint32_t,4,512,256,16,4,1535.341667,1343.567495,-12.49
MATMUL,uint32_t,4,512,256,16,8,1301.827000,1187.471604,-8.78
MATMUL,uint32_t,4,512,256,16,16,1210.844333,1130.122720,-6.67
MATMUL,uint32_t,4,512,256,32,4,3071.406667,2686.987867,-12.52
MATMUL,uint32_t,4,512,256,32,8,2603.845667,2374.794256,-8.80
MATMUL,uint32_t,4,512,256,32,16,2421.793000,2261.261048,-6.63
MATMUL,uint32_t,4,512,256,32,32,2344.675000,2194.764576,-6.39
MATMUL,uint32_t,4,512,128,512,8,20863.387667,19019.734714,-8.84
MATMUL,uint32_t,4,512,256,64,8,5208.273000,4749.440716,-8.81
MATMUL,uint32_t,4,512,256,64,4,6139.194000,5373.828612,-12.47
MATMUL,uint32_t,4,512,128,512,4,24584.277333,21522.828862,-12.45
MATMUL,uint32_t,4,512,256,64,16,4842.396667,4522.369909,-6.61
MATMUL,uint32_t,4,512,128,512,16,19395.740000,18109.063049,-6.63
MATMUL,uint32_t,4,512,256,64,32,4688.815667,4389.369423,-6.39
MATMUL,uint32_t,4,512,256,64,64,4615.620333,4331.139085,-6.16
MATMUL,uint32_t,4,512,128,512,128,18324.500000,17225.641906,-6.00
MATMUL,uint32_t,4,512,128,512,64,18478.188000,17340.600782,-6.16
MATMUL,uint32_t,4,512,128,512,32,18772.574667,17575.650985,-6.38
MATMUL,uint32_t,4,512,256,128,16,9685.793333,9044.587629,-6.62
MATMUL,uint32_t,4,512,256,128,32,9375.615667,8778.579515,-6.37
MATMUL,uint32_t,4,512,256,128,8,10414.359333,9498.733484,-8.79
MATMUL,uint32_t,4,512,256,128,128,9154.888000,8603.719900,-6.02
MATMUL,uint32_t,4,512,256,128,64,9231.161000,8662.097578,-6.16
MATMUL,uint32_t,4,512,256,128,4,12274.092667,10747.510100,-12.44
MATMUL,uint32_t,4,512,256,256,8,20830.247667,18997.319522,-8.80
MATMUL,uint32_t,4,512,256,256,4,24568.096000,21494.873077,-12.51
MATMUL,uint32_t,4,512,256,256,256,18237.915333,17156.953660,-5.93
MATMUL,uint32_t,4,512,256,256,128,18310.546333,17207.250200,-6.03
MATMUL,uint32_t,4,512,256,256,64,18462.183333,17324.014642,-6.16
MATMUL,uint32_t,4,512,256,256,32,18752.695333,17556.999440,-6.38
MATMUL,uint32_t,4,512,256,256,16,19371.762667,18089.023071,-6.62
MATMUL,uint32_t,4,512,512,16,4,3068.907333,2685.240631,-12.50
MATMUL,uint32_t,4,512,512,16,8,2601.153333,2373.379687,-8.76
MATMUL,uint32_t,4,512,512,16,16,2419.803000,2260.008491,-6.60
MATMUL,uint32_t,4,512,512,32,4,6131.248000,5370.334139,-12.41
MATMUL,uint32_t,4,512,512,32,8,5201.879333,4746.608926,-8.75
MATMUL,uint32_t,4,512,512,32,16,4839.256667,4519.864853,-6.60
MATMUL,uint32_t,4,512,512,32,32,4686.171667,4387.038007,-6.38
MATMUL,uint32_t,4,512,256,512,4,49132.334000,42989.599031,-12.50
MATMUL,uint32_t,4,512,256,512,8,41653.843000,37994.491123,-8.79
MATMUL,uint32_t,4,512,256,512,16,38737.983667,36177.893953,-6.61
MATMUL,uint32_t,4,512,256,512,128,36614.993333,34414.312529,-6.01
MATMUL,uint32_t,4,512,256,512,256,36473.512667,34313.662773,-5.92
MATMUL,uint32_t,4,512,256,512,64,36924.307667,34645.109733,-6.17
MATMUL,uint32_t,4,512,256,512,32,37494.401667,35113.839289,-6.35
MATMUL,uint32_t,4,512,512,64,8,10402.084000,9493.070359,-8.74
MATMUL,uint32_t,4,512,512,64,4,12277.217333,10740.521154,-12.52
MATMUL,uint32_t,4,512,512,64,16,9678.271000,9039.577577,-6.60
MATMUL,uint32_t,4,512,512,64,32,9369.777000,8773.916537,-6.36
MATMUL,uint32_t,4,512,512,64,64,9227.142333,8657.606720,-6.17
MATMUL,uint32_t,4,512,512,128,16,19359.492000,18079.003025,-6.61
MATMUL,uint32_t,4,512,512,128,8,20804.616333,18985.992807,-8.74
MATMUL,uint32_t,4,512,512,128,32,18738.429667,17547.673791,-6.35
MATMUL,uint32_t,4,512,512,128,64,18454.227333,17315.032985,-6.17
MATMUL,uint32_t,4,512,512,128,4,24564.779667,21480.895184,-12.55
MATMUL,uint32_t,4,512,512,128,128,18297.817000,17199.213274,-6.00
MATMUL,uint32_t,4,512,512,256,8,41613.179000,37971.837686,-8.75
MATMUL,uint32_t,4,512,512,256,4,49079.861333,42961.643246,-12.47
MATMUL,uint32_t,4,512,512,256,32,37487.742333,35095.188298,-6.38
MATMUL,uint32_t,4,512,512,256,16,38717.483000,36157.853922,-6.61
MATMUL,uint32_t,4,512,512,256,64,36908.307333,34627.147508,-6.18
MATMUL,uint32_t,4,512,512,256,256,36457.352333,34296.184882,-5.93
MATMUL,uint32_t,4,512,512,256,128,36602.676000,34396.688915,-6.03
MATMUL,uint32_t,8,16,16,16,4,3.181333,2.746001,-13.68
MATMUL,uint32_t,8,16,16,16,8,2.694667,2.439515,-9.47
MATMUL,uint32_t,8,16,16,16,16,2.490667,2.316258,-7.00
MATMUL,uint32_t,8,16,16,32,4,6.316667,5.435050,-13.96
MATMUL,uint32_t,8,16,16,32,8,5.307667,4.805004,-9.47
MATMUL,uint32_t,8,16,16,32,16,4.897333,4.559702,-6.89
MATMUL,uint32_t,8,16,16,64,4,12.564333,10.766141,-14.31
MATMUL,uint32_t,8,16,16,64,8,10.557667,9.527871,-9.75
MATMUL,uint32_t,8,16,16,64,16,9.727000,9.048187,-6.98
MATMUL,uint32_t,8,16,16,128,4,25.059333,21.417897,-14.53
MATMUL,uint32_t,8,16,16,128,16,19.390667,18.022384,-7.06
MATMUL,uint32_t,8,16,16,256,4,50.077333,42.762147,-14.61
MATMUL,uint32_t,8,16,16,256,8,42.042000,37.899603,-9.85
MATMUL,uint32_t,8,16,16,256,16,38.698000,35.981521,-7.02
MATMUL,uint32_t,8,16,16,512,4,100.108000,85.448690,-14.64
MATMUL,uint32_t,8,16,16,512,8,84.015667,75.747046,-9.84
MATMUL,uint32_t,8,16,16,512,16,77.337333,71.923981,-7.00
MATMUL,uint32_t,8,16,32,16,4,6.200333,5.369126,-13.41
MATMUL,uint32_t,8,16,32,16,8,5.245000,4.755201,-9.34
MATMUL,uint32_t,8,16,32,16,16,4.841667,4.520588,-6.63
MATMUL,uint32_t,8,16,32,32,4,12.319333,10.665883,-13.42
MATMUL,uint32_t,8,16,32,32,8,10.402333,9.436044,-9.29
MATMUL,uint32_t,8,16,32,32,16,9.620333,8.968285,-6.78
MATMUL,uint32_t,8,16,32,32,32,9.293000,8.715451,-6.21
MATMUL,uint32_t,8,16,32,64,4,24.577667,21.260220,-13.50
MATMUL,uint32_t,8,16,32,64,8,20.737333,18.793146,-9.38
MATMUL,uint32_t,8,16,32,64,16,19.188000,17.853322,-6.96
MATMUL,uint32_t,8,16,32,64,32,18.536000,17.356024,-6.37
MATMUL,uint32_t,8,16,32,128,4,49.347333,42.443542,-13.99
MATMUL,uint32_t,8,16,32,128,8,41.440000,37.510794,-9.48
MATMUL,uint32_t,8,16,32,128,16,38.297333,35.640393,-6.94
MATMUL,uint32_t,8,16,32,128,32,37.008667,34.641206,-6.40
MATMUL,uint32_t,8,16,32,256,4,98.127333,84.811184,-13.57
MATMUL,uint32_t,8,16,32,256,8,82.759000,74.948516,-9.44
MATMUL,uint32_t,8,16,32,256,16,76.514333,71.195045,-6.95
MATMUL,uint32_t,8,16,32,256,32,73.896667,69.208514,-6.34
MATMUL,uint32_t,8,16,32,512,4,196.168000,169.545195,-13.57
MATMUL,uint32_t,8,16,32,512,8,165.460000,149.821156,-9.45
MATMUL,uint32_t,8,16,32,512,16,152.930333,142.356559,-6.91
MATMUL,uint32_t,8,16,32,512,32,147.696333,138.361919,-6.32
MATMUL,uint32_t,8,16,64,16,4,12.204000,10.591319,-13.21
MATMUL,uint32_t,8,16,64,16,8,10.319333,9.389701,-9.01
MATMUL,uint32_t,8,16,64,16,16,9.578333,8.923951,-6.83
MATMUL,uint32_t,8,16,64,32,4,24.336000,21.062027,-13.45
MATMUL,uint32_t,8,16,64,32,8,20.597333,18.702236,-9.20
MATMUL,uint32_t,8,16,64,32,16,19.082333,17.774396,-6.85
MATMUL,uint32_t,8,16,64,32,32,18.459333,17.282081,-6.38
MATMUL,uint32_t,8,16,64,64,4,48.583333,42.048628,-13.45
MATMUL,uint32_t,8,16,64,64,8,41.113000,37.333944,-9.19
MATMUL,uint32_t,8,16,64,64,16,38.100000,35.463317,-6.92
MATMUL,uint32_t,8,16,64,64,32,36.847000,34.496182,-6.38
MATMUL,uint32_t,8,16,64,64,64,36.229667,34.022257,-6.09
MATMUL,uint32_t,8,16,64,128,4,97.126333,84.023285,-13.49
MATMUL,uint32_t,8,16,64,128,8,82.183667,74.597264,-9.23
MATMUL,uint32_t,8,16,64,128,16,76.124333,70.841594,-6.94
MATMUL,uint32_t,8,16,64,128,32,73.588000,68.908961,-6.36
MATMUL,uint32_t,8,16,64,128,64,72.380000,67.961474,-6.10
MATMUL,uint32_t,8,16,64,256,4,194.179333,167.969557,-13.50
MATMUL,uint32_t,8,16,64,256,8,164.287667,149.120369,-9.23
MATMUL,uint32_t,8,16,64,256,16,152.158000,141.608736,-6.93
MATMUL,uint32_t,8,16,64,256,32,147.115333,137.725790,-6.38
MATMUL,uint32_t,8,16,64,256,64,144.688667,135.843663,-6.11
MATMUL,uint32_t,8,16,64,512,4,388.248667,335.863731,-13.49
MATMUL,uint32_t,8,16,64,512,8,328.555333,298.166567,-9.25
MATMUL,uint32_t,8,16,64,512,16,304.167333,283.145885,-6.91
MATMUL,uint32_t,8,16,64,512,32,294.104667,275.361248,-6.37
MATMUL,uint32_t,8,16,64,512,64,289.325333,271.608821,-6.12
MATMUL,uint32_t,8,16,128,16,4,24.205000,21.045790,-13.05
MATMUL,uint32_t,8,16,128,16,8,20.517000,18.654728,-9.08
MATMUL,uint32_t,8,16,128,16,16,19.033667,17.753189,-6.73
MATMUL,uint32_t,8,16,128,32,4,48.348667,42.014319,-13.10
MATMUL,uint32_t,8,16,128,32,8,40.970000,37.236063,-9.11
MATMUL,uint32_t,8,16,128,32,16,37.980667,35.438825,-6.69
MATMUL,uint32_t,8,16,128,32,32,36.766667,34.420434,-6.38
MATMUL,uint32_t,8,16,128,64,4,96.629333,83.953415,-13.12
MATMUL,uint32_t,8,16,128,64,8,81.866667,74.396904,-9.12
MATMUL,uint32_t,8,16,128,64,16,75.925000,70.801914,-6.75
MATMUL,uint32_t,8,16,128,64,32,73.429000,68.751898,-6.37
MATMUL,uint32_t,8,16,128,64,64,72.251000,67.822065,-6.13
MATMUL,uint32_t,8,16,128,128,4,193.201333,167.826519,-13.13
MATMUL,uint32_t,8,16,128,128,8,163.679000,148.719590,-9.14
MATMUL,uint32_t,8,16,128,128,16,151.716667,141.528104,-6.72
MATMUL,uint32_t,8,16,128,128,32,146.809333,137.433160,-6.39
MATMUL,uint32_t,8,16,128,128,64,144.449000,135.577771,-6.14
MATMUL,uint32_t,8,16,128,128,128,143.293667,134.670331,-6.02
MATMUL,uint32_t,8,16,128,256,4,386.330000,335.577898,-13.14
MATMUL,uint32_t,8,16,128,256,8,327.284000,297.365719,-9.14
MATMUL,uint32_t,8,16,128,256,16,303.432000,282.980527,-6.74
MATMUL,uint32_t,8,16,128,256,32,293.559333,274.764978,-6.40
MATMUL,uint32_t,8,16,128,256,64,288.809000,271.049013,-6.15
MATMUL,uint32_t,8,16,128,256,128,286.458333,269.250827,-6.01
MATMUL,uint32_t,8,16,128,512,4,772.595000,671.077158,-13.14
MATMUL,uint32_t,8,16,128,512,8,654.540667,594.657409,-9.15
MATMUL,uint32_t,8,16,128,512,16,606.671333,565.885303,-6.72
MATMUL,uint32_t,8,16,128,512,32,586.970000,549.459376,-6.39
MATMUL,uint32_t,8,16,128,512,64,577.536667,541.986084,-6.16
MATMUL,uint32_t,8,16,128,512,128,572.698333,538.411326,-5.99
MATMUL,uint32_t,8,16,256,16,4,48.222667,41.959767,-12.99
MATMUL,uint32_t,8,16,256,16,8,40.887000,37.190657,-9.04
MATMUL,uint32_t,8,16,256,16,16,37.946667,35.399637,-6.71
MATMUL,uint32_t,8,16,256,32,4,96.363333,83.843631,-12.99
MATMUL,uint32_t,8,16,256,32,8,81.727667,74.307159,-9.08
MATMUL,uint32_t,8,16,256,32,16,75.788667,70.723652,-6.68
MATMUL,uint32_t,8,16,256,32,32,73.380000,68.658559,-6.43
MATMUL,uint32_t,8,16,256,64,4,192.687000,167.608494,-13.02
MATMUL,uint32_t,8,16,256,64,8,163.367333,148.540997,-9.08
MATMUL,uint32_t,8,16,256,64,16,151.530333,141.371703,-6.70
MATMUL,uint32_t,8,16,256,64,32,146.657000,137.292463,-6.39
MATMUL,uint32_t,8,16,256,64,64,144.323333,135.432096,-6.16
MATMUL,uint32_t,8,16,256,128,4,385.300000,335.141040,-13.02
MATMUL,uint32_t,8,16,256,128,8,326.627000,297.010183,-9.07
MATMUL,uint32_t,8,16,256,128,16,303.008000,282.667782,-6.71
MATMUL,uint32_t,8,16,256,128,32,293.226333,274.496565,-6.39
MATMUL,uint32_t,8,16,256,128,64,288.554000,270.729426,-6.18
MATMUL,uint32_t,8,16,256,128,128,286.163333,268.976631,-6.01
MATMUL,uint32_t,8,16,256,256,4,770.629333,670.207289,-13.03
MATMUL,uint32_t,8,16,256,256,8,653.337667,593.944067,-9.09
MATMUL,uint32_t,8,16,256,256,16,605.794333,565.259921,-6.69
MATMUL,uint32_t,8,16,256,256,32,586.237333,548.904867,-6.37
MATMUL,uint32_t,8,16,256,256,64,577.036333,541.373438,-6.18
MATMUL,uint32_t,8,16,256,256,128,572.216333,537.860322,-6.00
MATMUL,uint32_t,8,16,256,256,256,569.985667,536.237154,-5.92
MATMUL,uint32_t,8,16,256,512,4,1540.857333,1340.338229,-13.01
MATMUL,uint32_t,8,16,256,512,8,1306.335333,1187.816132,-9.07
MATMUL,uint32_t,8,16,256,512,16,1211.721000,1130.444198,-6.71
MATMUL,uint32_t,8,16,256,512,32,1172.479667,1097.721492,-6.38
MATMUL,uint32_t,8,16,256,512,64,1154.013667,1082.722442,-6.18
MATMUL,uint32_t,8,16,256,512,128,1144.339000,1075.616613,-6.01
MATMUL,uint32_t,8,16,256,512,256,1140.110333,1072.372220,-5.94
MATMUL,uint32_t,8,16,512,16,4,96.260333,83.880454,-12.86
MATMUL,uint32_t,8,16,512,16,8,81.660000,74.264369,-9.06
MATMUL,uint32_t,8,16,512,16,16,75.767667,70.684528,-6.71
MATMUL,uint32_t,8,16,512,32,4,192.429667,167.683685,-12.86
MATMUL,uint32_t,8,16,512,32,8,163.194333,148.454048,-9.03
MATMUL,uint32_t,8,16,512,32,16,151.401000,141.293501,-6.68
MATMUL,uint32_t,8,16,512,32,32,146.554667,137.170132,-6.40
MATMUL,uint32_t,8,16,512,64,4,384.776333,335.292466,-12.86
MATMUL,uint32_t,8,16,512,64,8,326.362333,296.836383,-9.05
MATMUL,uint32_t,8,16,512,64,16,302.730667,282.511434,-6.68
MATMUL,uint32_t,8,16,512,64,32,293.031000,274.297741,-6.39
MATMUL,uint32_t,8,16,512,64,64,288.444333,270.629424,-6.18
MATMUL,uint32_t,8,16,512,128,4,769.526667,670.510232,-12.87
MATMUL,uint32_t,8,16,512,128,8,652.730667,593.596683,-9.06
MATMUL,uint32_t,8,16,512,128,16,605.369667,564.947281,-6.68
MATMUL,uint32_t,8,16,512,128,32,586.091000,548.546373,-6.41
MATMUL,uint32_t,8,16,512,128,64,576.773333,541.131046,-6.18
MATMUL,uint32_t,8,16,512,128,128,572.037667,537.585475,-6.02
MATMUL,uint32_t,8,16,512,256,4,1538.983667,1340.946379,-12.87
MATMUL,uint32_t,8,16,512,256,8,1305.349333,1187.120220,-9.06
MATMUL,uint32_t,8,16,512,256,16,1210.525000,1129.818954,-6.67
MATMUL,uint32_t,8,16,512,256,32,1171.881000,1097.002797,-6.39
MATMUL,uint32_t,8,16,512,256,64,1153.466667,1082.166592,-6.18
MATMUL,uint32_t,8,16,512,256,128,1143.902667,1075.060332,-6.02
MATMUL,uint32_t,8,16,512,256,256,1139.653333,1071.826929,-5.95
MATMUL,uint32_t,8,16,512,512,4,3077.944333,2681.816656,-12.87
MATMUL,uint32_t,8,16,512,512,8,2610.378000,2374.167703,-9.05
MATMUL,uint32_t,8,16,512,512,16,2421.052333,2259.562299,-6.67
MATMUL,uint32_t,4,512,512,512,4,98198.375333,85923.139368,-12.50
MATMUL,uint32_t,8,16,512,512,32,2343.488000,2193.915590,-6.38
MATMUL,uint32_t,8,16,512,512,64,2306.884000,2164.237736,-6.18
MATMUL,uint32_t,8,16,512,512,128,2287.983000,2149.972648,-6.03
MATMUL,uint32_t,8,32,16,16,4,6.315667,5.419609,-14.19
MATMUL,uint32_t,8,32,16,16,8,5.323000,4.805779,-9.72
MATMUL,uint32_t,8,32,16,16,16,4.910667,4.562443,-7.09
MATMUL,uint32_t,8,32,16,32,4,12.560333,10.798220,-14.03
MATMUL,uint32_t,8,32,16,32,8,10.561333,9.533475,-9.73
MATMUL,uint32_t,8,32,16,32,16,9.734667,9.051413,-7.02
MATMUL,uint32_t,8,32,16,64,4,25.081333,21.460543,-14.44
MATMUL,uint32_t,8,32,16,64,8,21.067000,18.980222,-9.91
MATMUL,uint32_t,8,32,16,64,16,19.397333,18.025145,-7.07
MATMUL,uint32_t,8,32,16,128,4,50.081000,42.763482,-14.61
MATMUL,uint32_t,8,32,16,128,8,42.031000,37.880247,-9.88
MATMUL,uint32_t,8,32,16,128,16,38.712333,35.974637,-7.07
MATMUL,uint32_t,8,32,16,256,4,100.104333,85.452064,-14.64
MATMUL,uint32_t,8,32,16,256,8,84.000333,75.721999,-9.86
MATMUL,uint32_t,8,32,16,256,16,77.330000,71.892683,-7.03
MATMUL,uint32_t,8,32,16,512,4,200.165333,170.825074,-14.66
MATMUL,uint32_t,8,16,512,512,256,2279.366333,2143.566392,-5.96
MATMUL,uint32_t,8,32,16,512,8,167.971667,151.419939,-9.85
MATMUL,uint32_t,8,32,16,512,16,154.577000,143.780136,-6.98
MATMUL,uint32_t,8,32,32,16,4,12.321667,10.665697,-13.44
MATMUL,uint32_t,8,32,32,16,8,10.408333,9.436432,-9.34
MATMUL,uint32_t,8,32,32,16,16,9.629333,8.972654,-6.82
MATMUL,uint32_t,8,32,32,32,4,24.582000,21.258624,-13.52
MATMUL,uint32_t,8,32,32,32,8,20.758000,18.798276,-9.44
MATMUL,uint32_t,8,32,32,32,16,19.200667,17.862310,-6.97
MATMUL,uint32_t,8,32,32,32,32,18.540667,17.358492,-6.38
MATMUL,uint32_t,8,32,32,64,8,41.437667,37.513195,-9.47
MATMUL,uint32_t,8,32,32,64,4,49.101667,42.447060,-13.55
MATMUL,uint32_t,8,32,32,64,16,38.304333,35.630570,-6.98
MATMUL,uint32_t,8,32,32,64,32,37.003000,34.642463,-6.38
MATMUL,uint32_t,8,32,32,128,8,82.774333,74.948386,-9.45
MATMUL,uint32_t,8,32,32,128,4,98.109667,84.813796,-13.55
MATMUL,uint32_t,8,32,32,128,16,76.510667,71.203027,-6.94
MATMUL,uint32_t,8,32,32,128,32,73.895333,69.211127,-6.34
MATMUL,uint32_t,8,32,32,256,8,165.521000,149.823795,-9.48
MATMUL,uint32_t,8,32,32,256,4,196.180333,169.549279,-13.57
MATMUL,uint32_t,8,32,32,256,16,152.933333,142.312224,-6.94
MATMUL,uint32_t,8,32,32,256,32,147.727000,138.344121,-6.35
MATMUL,uint32_t,8,32,32,512,8,330.926333,299.569064,-9.48
MATMUL,uint32_t,8,32,32,512,4,392.252000,339.017216,-13.57
MATMUL,uint32_t,8,32,32,512,16,305.821333,284.635967,-6.93
MATMUL,uint32_t,8,32,32,512,32,295.287667,276.650692,-6.31
MATMUL,uint32_t,8,32,64,16,4,24.338667,21.112294,-13.26
MATMUL,uint32_t,8,32,64,16,8,20.611333,18.707233,-9.24
MATMUL,uint32_t,8,32,64,16,16,19.096000,17.778493,-6.90
MATMUL,uint32_t,8,32,64,32,4,48.582667,42.053255,-13.44
MATMUL,uint32_t,8,32,64,32,8,41.124000,37.332626,-9.22
MATMUL,uint32_t,8,32,64,32,16,38.102000,35.474893,-6.89
MATMUL,uint32_t,8,32,64,32,32,36.847333,34.491721,-6.39
MATMUL,uint32_t,8,32,64,64,4,97.126667,84.026601,-13.49
MATMUL,uint32_t,8,32,64,64,8,82.178000,74.596119,-9.23
MATMUL,uint32_t,8,32,64,64,16,76.106333,70.851551,-6.90
MATMUL,uint32_t,8,32,64,64,32,73.616333,68.921856,-6.38
MATMUL,uint32_t,8,32,64,64,64,72.384000,67.965708,-6.10
MATMUL,uint32_t,8,32,64,128,4,194.214333,167.975978,-13.51
MATMUL,uint32_t,8,32,64,128,8,164.274667,149.122911,-9.22
MATMUL,uint32_t,8,32,64,128,16,152.133667,141.607432,-6.92
MATMUL,uint32_t,8,32,64,128,32,147.107667,137.730748,-6.37
MATMUL,uint32_t,4,512,512,512,64,73816.493667,69254.124674,-6.18
MATMUL,uint32_t,8,32,64,128,64,144.702667,135.846371,-6.12
MATMUL,uint32_t,8,32,64,256,8,328.440000,298.169104,-9.22
MATMUL,uint32_t,8,32,64,256,4,388.280333,335.868556,-13.50
MATMUL,uint32_t,8,32,64,256,16,304.253333,283.141187,-6.94
MATMUL,uint32_t,8,32,64,256,64,289.309000,271.610941,-6.12
MATMUL,uint32_t,8,32,64,256,32,294.151000,275.368468,-6.39
MATMUL,uint32_t,4,512,512,512,32,74972.830667,70190.217312,-6.38
MATMUL,uint32_t,4,512,512,512,128,73190.703667,68793.190049,-6.01
MATMUL,uint32_t,8,32,64,512,4,776.445333,671.656937,-13.50
MATMUL,uint32_t,8,32,128,16,4,48.349333,42.019113,-13.09
MATMUL,uint32_t,8,32,64,512,16,608.427667,566.215842,-6.94
MATMUL,uint32_t,8,32,64,512,8,656.987000,596.261497,-9.24
MATMUL,uint32_t,4,512,512,512,8,83222.234000,75943.527415,-8.75
MATMUL,uint32_t,8,32,128,16,8,40.981667,37.238157,-9.13
MATMUL,uint32_t,8,32,64,512,32,588.062000,550.638243,-6.36
MATMUL,uint32_t,4,512,512,512,256,72929.426333,68592.126497,-5.95
MATMUL,uint32_t,8,32,128,16,16,38.005000,35.420256,-6.80
MATMUL,uint32_t,8,32,128,32,8,81.909667,74.400659,-9.17
MATMUL,uint32_t,8,32,128,32,4,96.637000,83.955478,-13.12
MATMUL,uint32_t,8,32,128,32,16,75.931333,70.804437,-6.75
MATMUL,uint32_t,8,32,128,32,32,73.466667,68.762078,-6.40
MATMUL,uint32_t,8,32,128,64,8,163.681333,148.722327,-9.14
MATMUL,uint32_t,8,32,128,64,4,193.217667,167.833905,-13.14
MATMUL,uint32_t,8,32,128,64,64,144.484667,135.571075,-6.17
MATMUL,uint32_t,8,32,128,64,32,146.841667,137.418165,-6.42
MATMUL,uint32_t,8,32,128,64,16,151.746667,141.530618,-6.73
MATMUL,uint32_t,8,32,64,512,64,578.555667,543.138837,-6.12
MATMUL,uint32_t,8,32,128,128,4,386.330667,335.580408,-13.14
MATMUL,uint32_t,8,32,128,128,16,303.364333,282.982992,-6.72
MATMUL,uint32_t,8,32,128,128,8,327.243333,297.367717,-9.13
MATMUL,uint32_t,8,32,128,128,128,286.470333,269.252297,-6.01
MATMUL,uint32_t,8,32,128,128,32,293.582000,274.774083,-6.41
MATMUL,uint32_t,8,32,128,128,64,288.819000,271.076537,-6.14
MATMUL,uint32_t,4,512,512,512,16,77412.555333,72315.555715,-6.58
MATMUL,uint32_t,8,32,128,256,4,772.635333,671.083308,-13.14
MATMUL,uint32_t,8,32,128,256,16,606.716667,565.887817,-6.73
MATMUL,uint32_t,8,32,128,256,32,587.122333,549.445969,-6.42
MATMUL,uint32_t,8,32,128,256,8,654.390333,594.660009,-9.13
MATMUL,uint32_t,8,32,128,256,128,572.782667,538.412246,-6.00
MATMUL,uint32_t,8,32,128,256,64,577.537000,541.988598,-6.16
MATMUL,uint32_t,8,32,256,16,8,81.735333,74.310138,-9.08
MATMUL,uint32_t,8,32,256,16,4,96.391667,83.847389,-13.01
MATMUL,uint32_t,8,32,256,16,16,75.813667,70.726182,-6.71
MATMUL,uint32_t,8,32,256,32,4,192.711000,167.614371,-13.02
MATMUL,uint32_t,8,32,256,32,8,163.435000,148.543521,-9.11
MATMUL,uint32_t,8,32,256,32,16,151.550000,141.374217,-6.71
MATMUL,uint32_t,8,32,256,32,32,146.706333,137.239214,-6.45
MATMUL,uint32_t,8,32,128,512,8,1309.312667,1189.243465,-9.17
MATMUL,uint32_t,8,32,128,512,4,1544.603333,1342.081881,-13.11
MATMUL,uint32_t,8,32,256,64,4,385.367000,335.144648,-13.03
MATMUL,uint32_t,8,32,256,64,8,326.732333,297.011179,-9.10
MATMUL,uint32_t,8,32,128,512,16,1213.447333,1131.697370,-6.74
MATMUL,uint32_t,8,32,128,512,64,1155.035667,1083.863084,-6.16
MATMUL,uint32_t,8,32,128,512,128,1145.405333,1076.731476,-6.00
MATMUL,uint32_t,8,32,128,512,32,1173.593000,1098.833393,-6.37
MATMUL,uint32_t,8,32,256,64,16,303.019667,282.670301,-6.72
MATMUL,uint32_t,8,32,256,64,32,293.236667,274.499166,-6.39
MATMUL,uint32_t,8,32,256,64,64,288.558667,270.784681,-6.16
MATMUL,uint32_t,8,32,256,128,32,586.354333,548.907382,-6.39
MATMUL,uint32_t,8,32,256,128,64,577.021333,541.375952,-6.18
MATMUL,uint32_t,8,32,256,128,16,605.772000,565.262435,-6.69
MATMUL,uint32_t,8,32,256,128,128,572.252000,537.865369,-6.01
MATMUL,uint32_t,8,32,256,128,8,653.310667,593.949364,-9.09
MATMUL,uint32_t,8,32,256,128,4,770.400000,670.209809,-13.00
MATMUL,uint32_t,8,32,256,256,8,1306.860667,1187.817271,-9.11
MATMUL,uint32_t,8,32,256,256,4,1540.753333,1340.342362,-13.01
MATMUL,uint32_t,8,32,256,256,64,1154.006333,1082.663985,-6.18
MATMUL,uint32_t,8,32,256,256,32,1172.600000,1097.724009,-6.39
MATMUL,uint32_t,8,32,256,256,128,1144.536000,1075.619122,-6.02
MATMUL,uint32_t,8,32,256,256,256,1139.942667,1072.374734,-5.93
MATMUL,uint32_t,8,32,256,256,16,1211.476333,1130.446712,-6.69
MATMUL,uint32_t,8,32,512,16,4,192.446000,167.689565,-12.86
MATMUL,uint32_t,8,32,512,16,8,163.245000,148.458219,-9.06
MATMUL,uint32_t,8,32,512,16,16,151.395333,141.296016,-6.67
MATMUL,uint32_t,8,32,512,32,4,384.791333,335.295859,-12.86
MATMUL,uint32_t,8,32,512,32,8,326.380333,296.837515,-9.05
MATMUL,uint32_t,8,32,512,32,16,302.712000,282.513960,-6.67
MATMUL,uint32_t,8,32,256,512,4,3081.258000,2680.604217,-13.00
MATMUL,uint32_t,8,32,512,32,32,293.079000,274.259786,-6.42
MATMUL,uint32_t,8,32,256,512,16,2422.779000,2260.815266,-6.69
MATMUL,uint32_t,8,32,256,512,64,2307.865000,2165.344089,-6.18
MATMUL,uint32_t,8,32,256,512,256,2279.567667,2144.644865,-5.92
MATMUL,uint32_t,8,32,256,512,128,2289.149000,2151.098580,-6.03
MATMUL,uint32_t,8,32,256,512,8,2613.269333,2375.561536,-9.10
MATMUL,uint32_t,8,32,256,512,32,2344.976000,2195.357261,-6.38
MATMUL,uint32_t,8,32,512,64,4,769.472667,670.513674,-12.86
MATMUL,uint32_t,8,32,512,64,16,605.615000,564.949795,-6.71
MATMUL,uint32_t,8,32,512,64,64,576.798667,541.166347,-6.18
MATMUL,uint32_t,8,32,512,64,32,585.969000,548.506044,-6.39
MATMUL,uint32_t,8,32,512,64,8,652.612667,593.602240,-9.04
MATMUL,uint32_t,8,32,512,128,16,1210.923333,1129.821468,-6.70
MATMUL,uint32_t,8,32,512,128,8,1305.401000,1187.122736,-9.06
MATMUL,uint32_t,8,32,512,128,4,1539.166667,1340.949298,-12.88
MATMUL,uint32_t,8,32,512,128,32,1172.056333,1097.005311,-6.40
MATMUL,uint32_t,8,32,512,128,128,1143.809333,1075.062661,-6.01
MATMUL,uint32_t,8,32,512,128,64,1153.503333,1082.169128,-6.18
MATMUL,uint32_t,8,32,512,256,8,2610.648000,2374.169794,-9.06
MATMUL,uint32_t,8,32,512,256,4,3077.893667,2681.821640,-12.87
MATMUL,uint32_t,8,32,512,256,32,2344.291000,2193.918104,-6.41
MATMUL,uint32_t,8,32,512,256,16,2421.547667,2259.564813,-6.69
MATMUL,uint32_t,8,32,512,256,64,2306.885000,2164.240249,-6.18
MATMUL,uint32_t,8,32,512,256,128,2287.727000,2149.978574,-6.02
MATMUL,uint32_t,8,32,512,256,256,2279.089000,2143.554623,-5.95
MATMUL,uint32_t,8,64,16,16,4,12.567667,10.766814,-14.33
MATMUL,uint32_t,8,64,16,16,8,10.577667,9.535093,-9.86
MATMUL,uint32_t,8,64,16,16,16,9.751667,9.057073,-7.12
MATMUL,uint32_t,8,64,16,32,4,25.090667,21.524561,-14.21
MATMUL,uint32_t,8,64,16,32,8,21.084333,18.990517,-9.93
MATMUL,uint32_t,8,64,16,32,16,19.403000,18.036168,-7.04
MATMUL,uint32_t,8,64,16,64,4,50.083000,42.849346,-14.44
MATMUL,uint32_t,8,64,16,64,8,42.050333,37.884924,-9.91
MATMUL,uint32_t,8,64,16,64,16,38.731000,35.978468,-7.11
MATMUL,uint32_t,8,64,16,128,4,100.129333,85.454652,-14.66
MATMUL,uint32_t,8,64,16,128,8,84.013000,75.682613,-9.92
MATMUL,uint32_t,8,64,16,128,16,77.338000,71.879144,-7.06
MATMUL,uint32_t,8,64,16,256,4,200.150667,170.831896,-14.65
MATMUL,uint32_t,8,64,16,256,8,167.999000,151.366792,-9.90
MATMUL,uint32_t,8,64,16,256,16,154.579333,143.715006,-7.03
MATMUL,uint32_t,8,64,16,512,4,400.112667,341.577844,-14.63
MATMUL,uint32_t,8,64,16,512,8,335.838667,302.765724,-9.85
MATMUL,uint32_t,8,64,16,512,16,309.017000,287.492447,-6.97
MATMUL,uint32_t,8,64,32,16,4,24.576000,21.258305,-13.50
MATMUL,uint32_t,8,64,32,16,8,20.773667,18.798903,-9.51
MATMUL,uint32_t,8,64,32,16,16,19.207333,17.873089,-6.95
MATMUL,uint32_t,8,64,32,32,4,49.098000,42.444106,-13.55
MATMUL,uint32_t,8,64,32,32,8,41.448667,37.522734,-9.47
MATMUL,uint32_t,8,64,32,32,16,38.322667,35.644528,-6.99
MATMUL,uint32_t,8,64,32,32,32,37.016000,34.649478,-6.39
MATMUL,uint32_t,8,32,512,512,4,6155.116333,5363.562180,-12.86
MATMUL,uint32_t,8,64,32,64,4,98.130000,84.820741,-13.56
MATMUL,uint32_t,8,64,32,64,8,82.778000,74.953291,-9.45
MATMUL,uint32_t,8,64,32,64,16,76.535667,71.185102,-6.99
MATMUL,uint32_t,8,64,32,64,32,73.925000,69.215236,-6.37
MATMUL,uint32_t,8,32,512,512,64,4613.661000,4328.382549,-6.18
MATMUL,uint32_t,8,32,512,512,32,4687.355333,4387.743692,-6.39
MATMUL,uint32_t,8,64,32,128,8,165.503333,149.823572,-9.47
MATMUL,uint32_t,8,64,32,128,4,196.184333,169.554303,-13.57
MATMUL,uint32_t,8,32,512,512,128,4575.499667,4299.801041,-6.03
MATMUL,uint32_t,8,32,512,512,8,5221.739000,4748.264781,-9.07
MATMUL,uint32_t,8,32,512,512,256,4557.678333,4286.989432,-5.94
MATMUL,uint32_t,8,64,32,128,16,152.976667,142.328295,-6.96
MATMUL,uint32_t,8,32,512,512,16,4843.137000,4519.051503,-6.69
MATMUL,uint32_t,8,64,32,128,32,147.722333,138.348931,-6.35
MATMUL,uint32_t,8,64,32,256,32,295.349333,276.615337,-6.34
MATMUL,uint32_t,8,64,32,256,8,330.900333,299.574355,-9.47
MATMUL,uint32_t,8,64,32,256,16,305.800333,284.546582,-6.95
MATMUL,uint32_t,8,64,32,256,4,392.234000,339.025467,-13.57
MATMUL,uint32_t,8,64,64,16,8,41.149667,37.342295,-9.25
MATMUL,uint32_t,8,64,64,16,16,38.125333,35.479278,-6.94
MATMUL,uint32_t,8,64,64,16,4,48.610000,42.152847,-13.28
MATMUL,uint32_t,8,64,64,32,4,97.122000,84.035711,-13.47
MATMUL,uint32_t,8,64,64,32,16,76.137333,70.875910,-6.91
MATMUL,uint32_t,8,64,64,32,32,73.643000,68.906291,-6.43
MATMUL,uint32_t,8,64,64,32,8,82.232333,74.593380,-9.29
MATMUL,uint32_t,8,64,32,512,16,611.488667,569.194785,-6.92
MATMUL,uint32_t,8,64,32,512,32,590.618667,553.228238,-6.33
MATMUL,uint32_t,8,64,32,512,8,661.848000,599.064879,-9.49
MATMUL,uint32_t,8,64,64,64,32,147.142667,137.771093,-6.37
MATMUL,uint32_t,8,64,64,64,16,152.149000,141.627977,-6.91
MATMUL,uint32_t,8,64,64,64,4,194.154667,167.982547,-13.48
MATMUL,uint32_t,8,64,64,64,8,164.325000,149.120471,-9.25
MATMUL,uint32_t,8,64,32,512,4,784.360333,677.961257,-13.57
MATMUL,uint32_t,8,64,64,64,64,144.706667,135.852611,-6.12
MATMUL,uint32_t,8,64,64,128,32,294.213667,275.374249,-6.40
MATMUL,uint32_t,8,64,64,128,64,289.314667,271.616163,-6.12
MATMUL,uint32_t,8,64,64,128,16,304.246667,283.139109,-6.94
MATMUL,uint32_t,8,64,64,128,8,328.505333,298.174205,-9.23
MATMUL,uint32_t,8,64,64,128,4,388.279333,335.881364,-13.49
MATMUL,uint32_t,8,64,64,256,16,608.398000,566.206088,-6.93
MATMUL,uint32_t,8,64,64,256,8,657.081000,596.266572,-9.26
MATMUL,uint32_t,8,64,64,256,4,776.410333,671.666559,-13.49
MATMUL,uint32_t,8,64,64,256,64,578.562333,543.145497,-6.12
MATMUL,uint32_t,8,64,128,16,4,96.633667,83.964646,-13.11
MATMUL,uint32_t,8,64,64,256,32,588.164333,550.653825,-6.38
MATMUL,uint32_t,8,64,128,16,16,75.921000,70.754391,-6.81
MATMUL,uint32_t,8,64,128,16,8,81.921000,74.405024,-9.17
MATMUL,uint32_t,8,64,128,32,4,193.207000,167.837795,-13.13
MATMUL,uint32_t,8,64,128,32,16,151.757333,141.535663,-6.74
MATMUL,uint32_t,8,64,128,32,8,163.704333,148.729850,-9.15
MATMUL,uint32_t,8,64,128,32,32,146.856000,137.440009,-6.41
MATMUL,uint32_t,8,64,64,512,16,1216.524667,1132.355757,-6.92
MATMUL,uint32_t,8,64,128,64,8,327.307667,297.373172,-9.15
MATMUL,uint32_t,8,64,64,512,8,1313.903333,1192.451356,-9.24
MATMUL,uint32_t,8,64,128,64,4,386.285333,335.594886,-13.12
MATMUL,uint32_t,8,64,128,64,16,303.408000,282.988021,-6.73
MATMUL,uint32_t,8,64,64,512,4,1552.801667,1343.243351,-13.50
MATMUL,uint32_t,8,64,64,512,64,1157.007667,1086.198868,-6.12
MATMUL,uint32_t,8,64,64,512,32,1176.407333,1101.192232,-6.39
MATMUL,uint32_t,8,64,128,64,32,293.557333,274.750679,-6.41
MATMUL,uint32_t,8,64,128,64,64,288.831000,271.056818,-6.15
MATMUL,uint32_t,8,64,128,128,16,606.694667,565.892769,-6.73
MATMUL,uint32_t,8,64,128,128,8,654.779333,594.663971,-9.18
MATMUL,uint32_t,8,64,128,128,4,772.432667,671.088185,-13.12
MATMUL,uint32_t,8,64,128,128,32,586.950000,549.455931,-6.39
MATMUL,uint32_t,8,64,128,128,64,577.544000,542.055463,-6.14
MATMUL,uint32_t,8,64,128,128,128,572.755333,538.416230,-6.00
MATMUL,uint32_t,8,64,128,256,8,1309.318333,1189.248590,-9.17
MATMUL,uint32_t,8,64,128,256,4,1544.579000,1342.094129,-13.11
MATMUL,uint32_t,8,64,128,256,32,1173.911667,1098.807951,-6.40
MATMUL,uint32_t,8,64,128,256,16,1213.251000,1131.702398,-6.72
MATMUL,uint32_t,8,64,128,256,64,1155.006333,1083.868113,-6.16
MATMUL,uint32_t,8,64,128,256,128,1145.568667,1076.734950,-6.01
MATMUL,uint32_t,8,64,256,16,8,163.397333,148.549102,-9.09
MATMUL,uint32_t,8,64,256,16,4,192.687000,167.621611,-13.01
MATMUL,uint32_t,8,64,256,16,16,151.541000,141.379270,-6.71
MATMUL,uint32_t,8,64,256,32,4,385.325000,335.155852,-13.02
MATMUL,uint32_t,8,64,256,32,8,326.722000,297.016228,-9.09
MATMUL,uint32_t,8,64,256,32,16,303.043333,282.675330,-6.72
MATMUL,uint32_t,8,64,256,32,32,293.247000,274.400528,-6.43
MATMUL,uint32_t,8,64,128,512,8,2618.498000,2378.415578,-9.17
MATMUL,uint32_t,8,64,256,64,4,770.540667,670.216955,-13.02
MATMUL,uint32_t,8,64,256,64,8,653.527667,593.951544,-9.12
MATMUL,uint32_t,8,64,128,512,4,3089.669000,2684.091326,-13.13
MATMUL,uint32_t,8,64,128,512,16,2426.180333,2263.321503,-6.71
MATMUL,uint32_t,8,64,256,64,16,605.916000,565.267473,-6.71
MATMUL,uint32_t,8,64,128,512,32,2347.339667,2197.581427,-6.38
MATMUL,uint32_t,8,64,128,512,64,2309.896667,2167.617086,-6.16
MATMUL,uint32_t,8,64,128,512,128,2290.879333,2153.371918,-6.00
MATMUL,uint32_t,8,64,256,64,32,586.383000,548.912572,-6.39
MATMUL,uint32_t,8,64,256,64,64,577.045667,541.476122,-6.16
MATMUL,uint32_t,8,64,256,128,16,1211.781333,1130.451741,-6.71
MATMUL,uint32_t,8,64,256,128,32,1172.874333,1097.729041,-6.41
MATMUL,uint32_t,8,64,256,128,8,1306.713333,1187.827726,-9.10
MATMUL,uint32_t,8,64,256,128,128,1144.467667,1075.623051,-6.02
MATMUL,uint32_t,8,64,256,128,64,1153.999333,1082.669014,-6.18
MATMUL,uint32_t,8,64,256,128,4,1540.695333,1340.347346,-13.00
MATMUL,uint32_t,8,64,256,256,8,2612.547667,2375.563681,-9.07
MATMUL,uint32_t,8,64,256,256,4,3081.544000,2680.612510,-13.01
MATMUL,uint32_t,8,64,256,256,256,2280.022667,2144.649894,-5.94
MATMUL,uint32_t,8,64,256,256,128,2288.767667,2151.103593,-6.01
MATMUL,uint32_t,8,64,256,256,64,2307.891000,2165.245093,-6.18
MATMUL,uint32_t,8,64,256,256,32,2344.839333,2195.362294,-6.37
MATMUL,uint32_t,8,64,256,256,16,2423.612000,2260.820295,-6.72
MATMUL,uint32_t,8,64,512,16,4,384.819333,335.306534,-12.87
MATMUL,uint32_t,8,64,512,16,8,326.416667,296.845507,-9.06
MATMUL,uint32_t,8,64,512,16,16,302.861667,282.518988,-6.72
MATMUL,uint32_t,8,64,512,32,4,769.655333,670.520233,-12.88
MATMUL,uint32_t,8,64,512,32,8,652.668667,593.604410,-9.05
MATMUL,uint32_t,8,64,512,32,16,605.421333,564.954847,-6.68
MATMUL,uint32_t,8,64,256,512,4,6161.923667,5361.136193,-13.00
MATMUL,uint32_t,8,64,512,32,32,586.072333,548.439093,-6.42
MATMUL,uint32_t,8,64,256,512,128,4577.702667,4302.062456,-6.02
MATMUL,uint32_t,8,64,256,512,256,4560.257000,4289.189223,-5.94
MATMUL,uint32_t,8,64,256,512,8,5226.664000,4751.052346,-9.10
MATMUL,uint32_t,8,64,256,512,64,4615.644000,4330.587384,-6.18
MATMUL,uint32_t,8,64,256,512,16,4845.659000,4521.557403,-6.69
MATMUL,uint32_t,8,64,256,512,32,4689.516333,4390.628799,-6.37
MATMUL,uint32_t,8,64,512,64,4,1538.596667,1340.956122,-12.85
MATMUL,uint32_t,8,64,512,64,8,1305.259000,1187.133952,-9.05
MATMUL,uint32_t,8,64,512,64,64,1153.484000,1082.240196,-6.18
MATMUL,uint32_t,8,64,512,64,32,1172.095667,1096.922659,-6.41
MATMUL,uint32_t,8,64,512,64,16,1210.986000,1129.826496,-6.70
MATMUL,uint32_t,8,64,512,128,16,2421.481333,2259.569842,-6.69
MATMUL,uint32_t,8,64,512,128,8,2610.833333,2374.174842,-9.06
MATMUL,uint32_t,8,64,512,128,4,3077.348000,2681.827436,-12.85
MATMUL,uint32_t,8,64,512,128,32,2344.087333,2193.923133,-6.41
MATMUL,uint32_t,8,64,512,128,64,2306.861333,2164.245306,-6.18
MATMUL,uint32_t,8,64,512,128,128,2288.105000,2149.983445,-6.04
MATMUL,uint32_t,8,64,512,256,8,5220.935333,4748.268944,-9.05
MATMUL,uint32_t,8,64,512,256,4,6155.152667,5363.572161,-12.86
MATMUL,uint32_t,8,64,512,256,16,4843.549667,4519.056532,-6.70
MATMUL,uint32_t,8,64,512,256,32,4687.640333,4387.748720,-6.40
MATMUL,uint32_t,8,64,512,256,64,4613.638333,4328.387572,-6.18
MATMUL,uint32_t,8,64,512,256,128,4575.845667,4299.815104,-6.03
MATMUL,uint32_t,8,64,512,256,256,4558.153667,4286.983951,-5.95
MATMUL,uint32_t,8,128,16,16,4,25.090333,21.461224,-14.46
MATMUL,uint32_t,8,128,16,16,8,21.091000,18.993805,-9.94
MATMUL,uint32_t,8,128,16,16,16,19.455000,18.052538,-7.21
MATMUL,uint32_t,8,128,16,32,4,50.088000,42.977242,-14.20
MATMUL,uint32_t,8,128,16,32,8,42.073667,37.904601,-9.91
MATMUL,uint32_t,8,128,16,32,16,38.762000,36.003165,-7.12
MATMUL,uint32_t,8,128,16,64,4,100.121000,85.626953,-14.48
MATMUL,uint32_t,8,128,16,64,8,84.040667,75.694329,-9.93
MATMUL,uint32_t,8,128,16,64,16,77.384333,71.885116,-7.11
MATMUL,uint32_t,8,128,16,128,4,200.171667,170.836991,-14.65
MATMUL,uint32_t,8,128,16,128,8,168.020000,151.287343,-9.96
MATMUL,uint32_t,8,128,16,128,16,154.593667,143.688156,-7.05
MATMUL,uint32_t,8,128,16,256,4,400.160333,341.591560,-14.64
MATMUL,uint32_t,8,128,16,256,8,335.863667,302.656377,-9.89
MATMUL,uint32_t,8,128,16,256,16,309.057667,287.359651,-7.02
MATMUL,uint32_t,8,128,16,512,4,800.253333,683.083384,-14.64
MATMUL,uint32_t,8,128,16,512,8,671.681667,605.457293,-9.86
MATMUL,uint32_t,8,128,16,512,16,617.925000,574.917068,-6.96
MATMUL,uint32_t,8,128,32,16,4,49.091000,42.443537,-13.54
MATMUL,uint32_t,8,128,32,16,8,41.468333,37.523841,-9.51
MATMUL,uint32_t,8,128,32,16,16,38.350000,35.667141,-7.00
MATMUL,uint32_t,8,128,32,32,4,98.124000,84.815069,-13.56
MATMUL,uint32_t,8,128,32,32,8,82.819667,74.971650,-9.48
MATMUL,uint32_t,8,128,32,32,16,76.574667,71.208976,-7.01
MATMUL,uint32_t,8,128,32,32,32,73.963667,69.232255,-6.40
MATMUL,uint32_t,8,128,32,64,4,196.160667,169.568102,-13.56
MATMUL,uint32_t,8,128,32,64,8,165.542000,149.833485,-9.49
MATMUL,uint32_t,8,128,32,64,16,152.997667,142.294168,-7.00
MATMUL,uint32_t,8,128,32,64,32,147.754000,138.360441,-6.36
MATMUL,uint32_t,8,128,32,128,4,392.293000,339.035318,-13.58
MATMUL,uint32_t,8,128,32,128,8,330.832333,299.573943,-9.45
MATMUL,uint32_t,8,128,32,128,16,305.854000,284.578830,-6.96
MATMUL,uint32_t,8,128,32,128,32,295.430000,276.624539,-6.37
MATMUL,uint32_t,8,128,32,256,4,784.395667,677.977845,-13.57
MATMUL,uint32_t,8,128,32,256,8,661.745667,599.075473,-9.47
MATMUL,uint32_t,8,128,32,256,16,611.574667,569.015297,-6.96
MATMUL,uint32_t,8,128,32,256,32,590.669667,553.157769,-6.35
MATMUL,uint32_t,8,128,32,512,4,1568.459000,1355.849340,-13.56
MATMUL,uint32_t,8,64,512,512,256,9114.039667,8573.778556,-5.93
MATMUL,uint32_t,8,64,512,512,128,9149.496333,8599.457948,-6.01
MATMUL,uint32_t,8,64,512,512,64,9227.200000,8656.672176,-6.18
MATMUL,uint32_t,8,64,512,512,32,9375.147000,8775.399894,-6.40
MATMUL,uint32_t,8,128,64,16,4,97.149333,84.234007,-13.29
MATMUL,uint32_t,8,128,64,16,8,82.234667,74.612419,-9.27
MATMUL,uint32_t,8,128,64,16,16,76.147333,70.880850,-6.92
MATMUL,uint32_t,8,64,512,512,16,9687.349333,9038.029912,-6.70
MATMUL,uint32_t,8,128,64,32,8,164.364000,149.114887,-9.28
MATMUL,uint32_t,8,128,64,32,4,194.214333,168.000622,-13.50
MATMUL,uint32_t,8,128,64,32,16,152.175000,141.677990,-6.90
MATMUL,uint32_t,8,128,64,32,32,147.170000,137.726229,-6.42
MATMUL,uint32_t,8,128,32,512,8,1323.440333,1198.056510,-9.47
MATMUL,uint32_t,8,128,64,64,4,388.284667,335.894439,-13.49
MATMUL,uint32_t,8,128,64,64,8,328.527333,298.169173,-9.24
MATMUL,uint32_t,8,128,64,64,16,304.258000,283.180828,-6.93
MATMUL,uint32_t,8,128,64,64,32,294.234333,275.469538,-6.38
MATMUL,uint32_t,8,128,32,512,32,1181.181667,1106.383331,-6.33
MATMUL,uint32_t,8,128,32,512,16,1222.865333,1138.312419,-6.91
MATMUL,uint32_t,8,64,512,512,8,10444.193667,9496.458935,-9.07
MATMUL,uint32_t,8,128,64,64,64,289.317333,271.626417,-6.11
MATMUL,uint32_t,8,128,64,128,16,608.361333,566.202461,-6.93
MATMUL,uint32_t,8,128,64,128,64,578.536667,543.155747,-6.12
MATMUL,uint32_t,8,128,64,128,32,588.214000,550.661253,-6.38
MATMUL,uint32_t,8,128,64,128,8,657.109333,596.276792,-9.26
MATMUL,uint32_t,8,128,64,128,4,776.676333,671.692136,-13.52
MATMUL,uint32_t,8,128,64,256,8,1313.762667,1192.461489,-9.23
MATMUL,uint32_t,8,128,64,256,4,1552.560667,1343.262559,-13.48
MATMUL,uint32_t,8,128,64,256,64,1157.009333,1086.214609,-6.12
MATMUL,uint32_t,8,64,512,512,4,12309.228667,10727.053229,-12.85
MATMUL,uint32_t,8,128,64,256,32,1176.363333,1101.224539,-6.39
MATMUL,uint32_t,8,128,64,256,16,1216.499000,1132.335891,-6.92
MATMUL,uint32_t,8,128,128,16,8,163.739333,148.738725,-9.16
MATMUL,uint32_t,8,128,128,16,16,151.772667,141.422660,-6.82
MATMUL,uint32_t,8,128,128,16,4,193.187333,167.855713,-13.11
MATMUL,uint32_t,8,128,128,32,16,303.461000,282.998109,-6.74
MATMUL,uint32_t,8,128,128,32,8,327.366333,297.388232,-9.16
MATMUL,uint32_t,8,128,128,32,4,386.343000,335.602430,-13.13
MATMUL,uint32_t,8,128,128,32,32,293.622333,274.795846,-6.41
MATMUL,uint32_t,8,128,128,64,8,654.602000,594.674895,-9.15
MATMUL,uint32_t,8,128,128,64,4,772.393000,671.116847,-13.11
MATMUL,uint32_t,8,128,64,512,8,2628.010667,2384.831058,-9.25
MATMUL,uint32_t,8,128,128,64,16,606.618667,565.902826,-6.71
MATMUL,uint32_t,8,128,64,512,4,3104.974667,2686.416177,-13.48
MATMUL,uint32_t,8,128,128,64,32,586.976667,549.415661,-6.40
MATMUL,uint32_t,8,128,128,64,64,577.534000,542.003900,-6.15
MATMUL,uint32_t,8,128,64,512,32,2352.611000,2202.300211,-6.39
MATMUL,uint32_t,8,128,64,512,16,2432.736333,2264.635586,-6.91
MATMUL,uint32_t,8,128,64,512,64,2313.877000,2172.318930,-6.12
MATMUL,uint32_t,8,128,128,128,8,1308.888000,1189.256479,-9.14
MATMUL,uint32_t,8,128,128,128,4,1544.817000,1342.103739,-13.12
MATMUL,uint32_t,8,128,128,128,16,1213.190667,1131.712322,-6.72
MATMUL,uint32_t,8,128,128,128,32,1173.819000,1098.819625,-6.39
MATMUL,uint32_t,8,128,128,128,64,1155.008667,1084.013325,-6.15
MATMUL,uint32_t,8,128,128,128,128,1145.585000,1076.744176,-6.01
MATMUL,uint32_t,8,128,128,256,8,2619.005333,2378.425751,-9.19
MATMUL,uint32_t,8,128,128,256,4,3089.120000,2684.115770,-13.11
MATMUL,uint32_t,8,128,128,256,16,2426.660667,2263.331561,-6.73
MATMUL,uint32_t,8,128,128,256,32,2347.749000,2197.531914,-6.40
MATMUL,uint32_t,8,128,128,256,64,2309.904667,2167.627143,-6.16
MATMUL,uint32_t,8,128,128,256,128,2290.546667,2153.380087,-5.99
MATMUL,uint32_t,8,128,256,16,4,385.338000,335.170045,-13.02
MATMUL,uint32_t,8,128,256,16,8,326.765000,297.027029,-9.10
MATMUL,uint32_t,8,128,256,16,16,303.069667,282.685434,-6.73
MATMUL,uint32_t,8,128,256,32,4,770.633333,670.238813,-13.03
MATMUL,uint32_t,8,128,256,32,8,653.250000,593.961642,-9.08
MATMUL,uint32_t,8,128,256,32,16,605.882667,565.277531,-6.70
MATMUL,uint32_t,8,128,256,32,32,586.504000,548.723113,-6.44
MATMUL,uint32_t,8,128,128,512,8,5237.106667,4756.759804,-9.17
MATMUL,uint32_t,8,128,256,64,8,1306.482667,1187.832263,-9.08
MATMUL,uint32_t,8,128,256,64,4,1540.666333,1340.361570,-13.00
MATMUL,uint32_t,8,128,128,512,4,6178.632333,5368.110217,-13.12
MATMUL,uint32_t,8,128,128,512,16,4852.019000,4526.569771,-6.71
MATMUL,uint32_t,8,128,256,64,16,1211.795667,1130.461817,-6.71
MATMUL,uint32_t,8,128,128,512,32,4693.792000,4395.077495,-6.36
MATMUL,uint32_t,8,128,128,512,128,4580.920667,4306.652803,-5.99
MATMUL,uint32_t,8,128,128,512,64,4619.669667,4335.125088,-6.16
MATMUL,uint32_t,8,128,256,64,64,1154.001333,1082.859042,-6.16
MATMUL,uint32_t,8,128,256,64,32,1172.855333,1097.739380,-6.40
MATMUL,uint32_t,8,128,256,128,16,2423.289333,2260.830352,-6.70
MATMUL,uint32_t,8,128,256,128,32,2345.224000,2195.372358,-6.39
MATMUL,uint32_t,8,128,256,128,128,2289.169000,2151.109904,-6.03
MATMUL,uint32_t,8,128,256,128,64,2307.907667,2165.255150,-6.18
MATMUL,uint32_t,8,128,256,128,8,2612.776000,2375.584451,-9.08
MATMUL,uint32_t,8,128,256,128,4,3081.232667,2680.622420,-13.00
MATMUL,uint32_t,8,128,256,256,8,5226.139667,4751.056499,-9.09
MATMUL,uint32_t,8,128,256,256,4,6162.017333,5361.152805,-13.00
MATMUL,uint32_t,8,128,256,256,128,4577.059333,4302.072454,-6.01
MATMUL,uint32_t,8,128,256,256,64,4615.639667,4330.407309,-6.18
MATMUL,uint32_t,8,128,256,256,32,4690.704333,4390.638864,-6.40
MATMUL,uint32_t,8,128,256,256,256,4559.201333,4289.200501,-5.92
MATMUL,uint32_t,8,128,256,256,16,4845.743333,4521.567460,-6.69
MATMUL,uint32_t,8,128,512,16,4,769.660333,670.540474,-12.88
MATMUL,uint32_t,8,128,512,16,8,652.652000,593.619335,-9.05
MATMUL,uint32_t,8,128,512,16,16,605.440000,564.964910,-6.69
MATMUL,uint32_t,8,128,512,32,4,1538.887667,1340.968996,-12.86
MATMUL,uint32_t,8,128,512,32,8,1305.139667,1187.138199,-9.04
MATMUL,uint32_t,8,128,512,32,16,1210.808333,1129.836601,-6.69
MATMUL,uint32_t,8,128,256,512,4,12326.162333,10722.200146,-13.01
MATMUL,uint32_t,8,128,512,32,32,1171.736333,1096.797739,-6.40
MATMUL,uint32_t,8,128,256,512,8,10453.652667,9502.033964,-9.10
MATMUL,uint32_t,8,128,256,512,16,9693.422000,9043.041676,-6.71
MATMUL,uint32_t,8,128,256,512,256,9119.469333,8578.274846,-5.93
MATMUL,uint32_t,8,128,256,512,128,9153.745667,8603.990208,-6.01
MATMUL,uint32_t,8,128,256,512,64,9231.204667,8661.073973,-6.18
MATMUL,uint32_t,8,128,256,512,32,9379.387333,8781.171875,-6.38
MATMUL,uint32_t,8,128,512,64,8,2610.391333,2374.197377,-9.05
MATMUL,uint32_t,8,128,512,64,4,3078.161333,2681.841015,-12.88
MATMUL,uint32_t,8,128,512,64,16,2421.763000,2259.579899,-6.70
MATMUL,uint32_t,8,128,512,64,32,2343.698000,2193.755910,-6.40
MATMUL,uint32_t,8,128,512,64,64,2306.902000,2164.387864,-6.18
MATMUL,uint32_t,8,128,512,128,16,4843.569333,4519.066589,-6.70
MATMUL,uint32_t,8,128,512,128,8,5221.278667,4748.279053,-9.06
MATMUL,uint32_t,8,128,512,128,32,4687.051000,4387.758778,-6.39
MATMUL,uint32_t,8,128,512,128,4,6155.948333,5363.583731,-12.87
MATMUL,uint32_t,8,128,512,128,64,4613.638000,4328.397673,-6.18
MATMUL,uint32_t,8,128,512,128,128,4575.981667,4299.825075,-6.03
MATMUL,uint32_t,8,128,512,256,8,10443.231667,9496.467243,-9.07
MATMUL,uint32_t,8,128,512,256,4,12306.796000,10727.073203,-12.84
MATMUL,uint32_t,8,128,512,256,32,9374.479667,8775.409951,-6.39
MATMUL,uint32_t,8,128,512,256,16,9687.216667,9038.039969,-6.70
MATMUL,uint32_t,8,128,512,256,128,9151.896333,8599.488253,-6.04
MATMUL,uint32_t,8,128,512,256,64,9227.171333,8656.682217,-6.18
MATMUL,uint32_t,8,128,512,256,256,9115.097000,8573.791872,-5.94
MATMUL,uint32_t,8,256,16,16,4,50.098333,42.850045,-14.47
MATMUL,uint32_t,8,256,16,16,8,42.110000,37.911228,-9.97
MATMUL,uint32_t,8,256,16,16,16,38.826000,36.043243,-7.17
MATMUL,uint32_t,8,256,16,32,4,100.143000,85.882603,-14.24
MATMUL,uint32_t,8,256,16,32,8,84.092333,75.732769,-9.94
MATMUL,uint32_t,8,256,16,32,16,77.450667,71.937151,-7.12
MATMUL,uint32_t,8,256,16,64,4,200.149000,171.182167,-14.47
MATMUL,uint32_t,8,256,16,64,8,168.028000,151.313138,-9.95
MATMUL,uint32_t,8,256,16,64,16,154.703667,143.698411,-7.11
MATMUL,uint32_t,8,256,16,128,4,400.354333,341.601670,-14.68
MATMUL,uint32_t,8,256,16,128,8,335.983667,302.496804,-9.97
MATMUL,uint32_t,8,256,16,128,16,309.179667,287.306181,-7.07
MATMUL,uint32_t,8,256,16,256,4,800.311000,683.110888,-14.64
MATMUL,uint32_t,8,256,16,256,8,671.803333,605.235549,-9.91
MATMUL,uint32_t,8,256,16,256,16,618.120667,574.648943,-7.03
MATMUL,uint32_t,8,256,16,512,4,1600.504333,1366.094464,-14.65
MATMUL,uint32_t,8,256,16,512,8,1343.363000,1210.840433,-9.86
MATMUL,uint32_t,8,256,16,512,16,1235.859000,1149.766310,-6.97
MATMUL,uint32_t,8,256,32,16,4,98.135667,84.813972,-13.57
MATMUL,uint32_t,8,256,32,16,8,82.870000,74.973717,-9.53
MATMUL,uint32_t,8,256,32,16,16,76.633667,71.255290,-7.02
MATMUL,uint32_t,8,256,32,32,4,196.207667,169.556995,-13.58
MATMUL,uint32_t,8,256,32,32,8,165.586000,149.869482,-9.49
MATMUL,uint32_t,8,256,32,32,16,153.105667,142.337871,-7.03
MATMUL,uint32_t,8,256,32,32,32,147.847667,138.397799,-6.39
MATMUL,uint32_t,8,256,32,64,4,392.210667,339.062825,-13.55
MATMUL,uint32_t,8,256,32,64,8,330.951667,299.593872,-9.48
MATMUL,uint32_t,8,256,32,64,16,305.959000,284.512299,-7.01
MATMUL,uint32_t,8,256,32,64,32,295.392667,276.650844,-6.34
MATMUL,uint32_t,8,256,32,128,4,784.412333,677.997348,-13.57
MATMUL,uint32_t,8,256,32,128,8,661.682333,599.074685,-9.46
MATMUL,uint32_t,8,256,32,128,16,611.611000,569.079901,-6.95
MATMUL,uint32_t,8,256,32,128,32,590.729333,553.175755,-6.36
MATMUL,uint32_t,8,128,512,512,4,24615.045667,21454.035325,-12.84
MATMUL,uint32_t,8,256,32,256,4,1568.617333,1355.882599,-13.56
MATMUL,uint32_t,8,256,32,256,8,1323.129333,1198.077711,-9.45
MATMUL,uint32_t,8,128,512,512,64,18454.197000,17313.251431,-6.18
MATMUL,uint32_t,8,128,512,512,32,18747.242000,17550.712300,-6.38
MATMUL,uint32_t,8,128,512,512,256,18228.773000,17147.356927,-5.93
MATMUL,uint32_t,8,128,512,512,128,18299.477333,17198.771763,-6.01
MATMUL,uint32_t,8,128,512,512,8,20885.365333,18992.847244,-9.06
MATMUL,uint32_t,8,256,32,256,16,1222.866000,1137.952728,-6.94
MATMUL,uint32_t,8,256,64,16,4,194.212333,168.396323,-13.29
MATMUL,uint32_t,8,128,512,512,16,19372.920000,18075.986731,-6.69
MATMUL,uint32_t,8,256,32,256,32,1180.927333,1106.242632,-6.32
MATMUL,uint32_t,8,256,64,16,8,164.363667,149.152667,-9.25
MATMUL,uint32_t,8,256,64,16,16,152.246000,141.683991,-6.94
MATMUL,uint32_t,8,256,64,32,4,388.292667,335.930445,-13.49
MATMUL,uint32_t,8,256,64,32,16,304.367333,283.282149,-6.93
MATMUL,uint32_t,8,256,64,32,8,328.621667,298.157901,-9.27
MATMUL,uint32_t,8,256,64,32,32,294.269667,275.366120,-6.42
MATMUL,uint32_t,8,256,64,64,16,608.368667,566.286530,-6.92
MATMUL,uint32_t,8,256,64,64,32,588.353333,550.866430,-6.37
MATMUL,uint32_t,8,256,64,64,8,657.062000,596.266578,-9.25
MATMUL,uint32_t,8,256,64,64,4,776.691000,671.718223,-13.52
MATMUL,uint32_t,8,256,64,64,64,578.535667,543.174029,-6.11
MATMUL,uint32_t,8,256,32,512,32,2361.919333,2212.693515,-6.32
MATMUL,uint32_t,8,256,32,512,16,2445.903000,2276.547688,-6.92
MATMUL,uint32_t,8,256,32,512,8,2646.788667,2396.039771,-9.47
MATMUL,uint32_t,8,256,32,512,4,3136.975667,2711.625506,-13.56
MATMUL,uint32_t,8,256,64,128,8,1314.109000,1192.481968,-9.26
MATMUL,uint32_t,8,256,64,128,16,1216.824667,1132.329167,-6.94
MATMUL,uint32_t,8,256,64,128,4,1552.620000,1343.313679,-13.48
MATMUL,uint32_t,8,256,64,128,32,1176.150000,1101.235261,-6.37
MATMUL,uint32_t,8,256,64,128,64,1157.016000,1086.234916,-6.12
MATMUL,uint32_t,8,256,64,256,8,2627.771667,2384.851288,-9.24
MATMUL,uint32_t,8,256,64,256,16,2432.838000,2264.595496,-6.92
MATMUL,uint32_t,8,256,64,256,64,2313.872333,2172.352832,-6.12
MATMUL,uint32_t,8,256,64,256,32,2353.082000,2202.365967,-6.41
MATMUL,uint32_t,8,256,64,256,4,3105.915000,2686.454550,-13.51
MATMUL,uint32_t,8,256,128,16,8,327.423333,297.406125,-9.17
MATMUL,uint32_t,8,256,128,16,4,386.309000,335.637847,-13.12
MATMUL,uint32_t,8,256,128,16,16,303.480667,282.759198,-6.83
MATMUL,uint32_t,8,256,128,32,8,654.483000,594.704996,-9.13
MATMUL,uint32_t,8,256,128,32,4,772.504333,671.131699,-13.12
MATMUL,uint32_t,8,256,128,32,16,606.783333,565.922999,-6.73
MATMUL,uint32_t,8,256,128,32,32,587.027667,549.507467,-6.39
MATMUL,uint32_t,8,256,128,64,8,1309.471333,1189.278316,-9.18
MATMUL,uint32_t,8,256,128,64,4,1544.903667,1342.160769,-13.12
MATMUL,uint32_t,8,256,128,64,16,1213.158333,1131.732436,-6.71
MATMUL,uint32_t,8,256,64,512,16,4866.196000,4529.195244,-6.93
MATMUL,uint32_t,8,256,64,512,8,5255.877333,4769.590426,-9.25
MATMUL,uint32_t,8,256,128,64,32,1173.941333,1098.745626,-6.41
MATMUL,uint32_t,8,256,64,512,4,6211.709667,5372.761830,-13.51
MATMUL,uint32_t,8,256,128,64,64,1154.989667,1083.898354,-6.16
MATMUL,uint32_t,8,256,64,512,64,4627.680000,4344.559055,-6.12
MATMUL,uint32_t,8,256,64,512,32,4705.217667,4404.516170,-6.39
MATMUL,uint32_t,8,256,128,128,16,2426.170667,2263.351428,-6.71
MATMUL,uint32_t,8,256,128,128,8,2618.623667,2378.441495,-9.17
MATMUL,uint32_t,8,256,128,128,4,3089.360333,2684.134847,-13.12
MATMUL,uint32_t,8,256,128,128,128,2290.692667,2153.400227,-5.99
MATMUL,uint32_t,8,256,128,128,32,2348.127667,2197.547015,-6.41
MATMUL,uint32_t,8,256,128,128,64,2309.893667,2167.929049,-6.15
MATMUL,uint32_t,8,256,128,256,8,5235.961333,4756.780075,-9.15
MATMUL,uint32_t,8,256,128,256,32,4695.605667,4394.979841,-6.40
MATMUL,uint32_t,8,256,128,256,16,4851.778000,4526.589885,-6.70
MATMUL,uint32_t,8,256,128,256,4,6178.554333,5368.159053,-13.12
MATMUL,uint32_t,8,256,128,256,64,4619.650000,4335.145203,-6.16
MATMUL,uint32_t,8,256,128,256,128,4581.805667,4306.670346,-6.00
MATMUL,uint32_t,8,256,256,16,4,770.672333,670.266891,-13.03
MATMUL,uint32_t,8,256,256,16,8,653.480667,593.982881,-9.10
MATMUL,uint32_t,8,256,256,16,16,605.905000,565.297747,-6.70
MATMUL,uint32_t,8,256,256,32,4,1540.829333,1340.404736,-13.01
MATMUL,uint32_t,8,256,256,32,8,1306.747333,1187.852470,-9.10
MATMUL,uint32_t,8,256,256,32,16,1211.808667,1130.481932,-6.71
MATMUL,uint32_t,8,256,256,32,32,1172.564333,1097.368198,-6.41
MATMUL,uint32_t,8,256,128,512,8,10474.064667,9513.448256,-9.17
MATMUL,uint32_t,8,256,256,64,8,2613.354667,2375.593682,-9.10
MATMUL,uint32_t,8,256,256,64,4,3082.312333,2680.650799,-13.03
MATMUL,uint32_t,8,256,128,512,4,12357.070333,10736.147998,-13.12
MATMUL,uint32_t,8,256,256,64,16,2423.739000,2260.850506,-6.72
MATMUL,uint32_t,8,256,128,512,16,9706.829333,9053.066305,-6.74
MATMUL,uint32_t,8,256,128,512,64,9239.166333,8670.141093,-6.16
MATMUL,uint32_t,8,256,128,512,128,9163.369667,8613.214571,-6.00
MATMUL,uint32_t,8,256,128,512,32,9391.780667,8790.069632,-6.41
MATMUL,uint32_t,8,256,256,64,32,2344.871333,2195.392995,-6.37
MATMUL,uint32_t,8,256,256,64,64,2307.891333,2165.624949,-6.16
MATMUL,uint32_t,8,256,256,128,16,4846.671667,4521.587574,-6.71
MATMUL,uint32_t,8,256,256,128,8,5226.870333,4751.097901,-9.10
MATMUL,uint32_t,8,256,256,128,64,4615.627667,4330.427424,-6.18
MATMUL,uint32_t,8,256,256,128,128,4576.838333,4302.083693,-6.00
MATMUL,uint32_t,8,256,256,128,32,4691.119000,4390.658991,-6.40
MATMUL,uint32_t,8,256,256,128,4,6164.070667,5361.172569,-13.03
MATMUL,uint32_t,8,256,256,256,8,10452.528000,9502.042137,-9.09
MATMUL,uint32_t,8,256,256,256,4,12325.445333,10722.233395,-13.01
MATMUL,uint32_t,8,256,256,256,128,9156.100333,8604.010175,-6.03
MATMUL,uint32_t,8,256,256,256,256,9120.194667,8578.301066,-5.94
MATMUL,uint32_t,8,256,256,256,64,9231.150667,8660.731741,-6.18
MATMUL,uint32_t,8,256,256,256,32,9379.294000,8781.192004,-6.38
MATMUL,uint32_t,8,256,256,256,16,9693.682667,9043.061791,-6.71
MATMUL,uint32_t,8,256,512,16,4,1539.017333,1341.008353,-12.87
MATMUL,uint32_t,8,256,512,16,8,1305.431667,1187.166991,-9.06
MATMUL,uint32_t,8,256,512,16,16,1210.691000,1129.856744,-6.68
MATMUL,uint32_t,8,256,512,32,4,3077.927667,2681.866501,-12.87
MATMUL,uint32_t,8,256,512,32,8,2610.477333,2374.205777,-9.05
MATMUL,uint32_t,8,256,512,32,16,2421.750333,2259.600109,-6.70
MATMUL,uint32_t,8,256,512,32,32,2344.596667,2193.515092,-6.44
MATMUL,uint32_t,8,256,256,512,4,24647.359000,21444.328052,-13.00
MATMUL,uint32_t,8,256,256,512,8,20905.301667,19003.997201,-9.09
MATMUL,uint32_t,8,256,256,512,16,19386.725000,18086.010223,-6.71
MATMUL,uint32_t,8,256,256,512,128,18307.675000,17207.845712,-6.01
MATMUL,uint32_t,8,256,256,512,256,18235.752667,17156.446076,-5.92
MATMUL,uint32_t,8,256,256,512,64,18462.236000,17322.047152,-6.18
MATMUL,uint32_t,8,256,256,512,32,18760.949333,17562.258026,-6.39
MATMUL,uint32_t,8,256,512,64,8,5221.763667,4748.324227,-9.07
MATMUL,uint32_t,8,256,512,64,4,6152.856333,5363.610778,-12.83
MATMUL,uint32_t,8,256,512,64,16,4843.987000,4519.086703,-6.71
MATMUL,uint32_t,8,256,512,64,32,4686.768333,4387.422410,-6.39
MATMUL,uint32_t,8,256,512,64,64,4613.659667,4328.683135,-6.18
MATMUL,uint32_t,8,256,512,128,16,9685.068000,9038.060084,-6.68
MATMUL,uint32_t,8,256,512,128,8,10444.352333,9496.487476,-9.08
MATMUL,uint32_t,8,256,512,128,32,9374.180667,8775.430066,-6.39
MATMUL,uint32_t,8,256,512,128,4,12308.939333,10727.096333,-12.85
MATMUL,uint32_t,8,256,512,128,64,9227.171000,8656.702406,-6.18
MATMUL,uint32_t,8,256,512,128,128,9152.263000,8599.508453,-6.04
MATMUL,uint32_t,8,256,512,256,8,20885.474667,18992.863841,-9.06
MATMUL,uint32_t,8,256,512,256,4,24624.550333,21454.075288,-12.88
MATMUL,uint32_t,8,256,512,256,32,18752.891000,17550.732414,-6.41
MATMUL,uint32_t,8,256,512,256,16,19367.885000,18076.006845,-6.67
MATMUL,uint32_t,8,256,512,256,64,18454.188333,17313.271508,-6.18
MATMUL,uint32_t,8,256,512,256,128,18300.670333,17198.834553,-6.02
MATMUL,uint32_t,8,256,512,256,256,18229.450000,17147.408507,-5.94
MATMUL,uint32_t,8,512,16,16,4,100.154000,85.627687,-14.50
MATMUL,uint32_t,8,512,16,16,8,84.171333,75.746075,-10.01
MATMUL,uint32_t,8,512,16,16,16,77.603333,72.024654,-7.19
MATMUL,uint32_t,8,512,16,32,4,200.187333,171.693327,-14.23
MATMUL,uint32_t,8,512,16,32,8,168.109667,151.389104,-9.95
MATMUL,uint32_t,8,512,16,32,16,154.824000,143.805124,-7.12
MATMUL,uint32_t,8,512,16,64,4,400.351000,342.292594,-14.50
MATMUL,uint32_t,8,512,16,64,8,335.980000,302.550757,-9.95
MATMUL,uint32_t,8,512,16,64,16,309.307000,287.325000,-7.11
MATMUL,uint32_t,8,512,16,128,4,800.540000,683.131028,-14.67
MATMUL,uint32_t,8,512,16,128,8,671.690667,604.915725,-9.94
MATMUL,uint32_t,8,512,16,128,16,618.346333,574.542231,-7.08
MATMUL,uint32_t,8,512,16,256,4,1600.485000,1366.149546,-14.64
MATMUL,uint32_t,8,512,16,256,8,1343.331667,1210.393891,-9.90
MATMUL,uint32_t,8,512,16,256,16,1236.031000,1149.227526,-7.02
MATMUL,uint32_t,8,512,16,512,4,3201.165667,2732.116624,-14.65
MATMUL,uint32_t,8,512,16,512,8,2686.895000,2421.606712,-9.87
MATMUL,uint32_t,8,512,16,512,16,2471.961333,2299.464795,-6.98
MATMUL,uint32_t,8,512,32,16,4,196.202667,169.554842,-13.58
MATMUL,uint32_t,8,512,32,16,8,165.666333,149.873470,-9.53
MATMUL,uint32_t,8,512,32,16,16,153.208333,142.431586,-7.03
MATMUL,uint32_t,8,512,32,32,4,392.283000,339.040847,-13.57
MATMUL,uint32_t,8,512,32,32,8,331.185333,299.665147,-9.52
MATMUL,uint32_t,8,512,32,32,16,306.135333,284.595661,-7.04
MATMUL,uint32_t,8,512,32,32,32,295.640333,276.728888,-6.40
MATMUL,uint32_t,8,512,32,64,4,784.504000,678.052270,-13.57
MATMUL,uint32_t,8,512,32,64,8,661.994000,599.114646,-9.50
MATMUL,uint32_t,8,512,32,64,16,611.773333,568.948561,-7.00
MATMUL,uint32_t,8,512,32,64,32,590.959000,553.231650,-6.38
MATMUL,uint32_t,8,512,32,128,4,1568.411000,1355.921407,-13.55
MATMUL,uint32_t,8,512,32,128,8,1323.483667,1198.076170,-9.48
MATMUL,uint32_t,8,512,32,128,16,1223.165000,1138.082042,-6.96
MATMUL,uint32_t,8,512,32,128,32,1181.444333,1106.278188,-6.36
MATMUL,uint32_t,8,256,512,512,4,49237.542000,42907.999517,-12.86
MATMUL,uint32_t,8,512,32,256,4,3138.150333,2711.692108,-13.59
MATMUL,uint32_t,8,512,32,256,8,2646.627000,2396.082186,-9.47
MATMUL,uint32_t,8,512,32,256,16,2445.806000,2275.827591,-6.95
MATMUL,uint32_t,8,256,512,512,64,36908.312667,34626.409940,-6.18
MATMUL,uint32_t,8,256,512,512,32,37506.358333,35101.337111,-6.41
MATMUL,uint32_t,8,256,512,512,128,36608.767000,34397.399392,-6.04
MATMUL,uint32_t,8,256,512,512,256,36459.601333,34294.513667,-5.94
MATMUL,uint32_t,8,256,512,512,8,41771.322000,37985.623862,-9.06
MATMUL,uint32_t,8,512,64,16,4,388.281000,336.720954,-13.28
MATMUL,uint32_t,8,256,512,512,16,38737.840333,36151.900367,-6.68
MATMUL,uint32_t,8,512,64,16,8,328.645333,298.233163,-9.25
MATMUL,uint32_t,8,512,32,256,32,2361.975667,2212.412358,-6.33
MATMUL,uint32_t,8,512,64,16,16,304.410333,283.290273,-6.94
MATMUL,uint32_t,8,512,64,32,8,657.183667,596.243930,-9.27
MATMUL,uint32_t,8,512,64,32,16,608.496000,566.490467,-6.90
MATMUL,uint32_t,8,512,64,32,4,776.602333,671.790092,-13.50
MATMUL,uint32_t,8,512,64,32,32,588.442667,550.645903,-6.42
MATMUL,uint32_t,8,512,64,64,8,1313.754667,1192.461389,-9.23
MATMUL,uint32_t,8,512,64,64,16,1216.583333,1132.497934,-6.91
MATMUL,uint32_t,8,512,64,64,32,1176.761667,1101.660212,-6.38
MATMUL,uint32_t,8,512,64,64,4,1552.885667,1343.365791,-13.49
MATMUL,uint32_t,8,512,64,64,64,1156.984000,1086.269253,-6.11
MATMUL,uint32_t,8,512,32,512,8,5292.872667,4792.006294,-9.46
MATMUL,uint32_t,8,512,32,512,16,4891.175000,4553.018225,-6.91
MATMUL,uint32_t,8,512,32,512,4,6275.044000,5423.177836,-13.58
MATMUL,uint32_t,8,512,32,512,32,4723.484667,4425.313885,-6.31
MATMUL,uint32_t,8,512,64,128,16,2432.929333,2264.582577,-6.92
MATMUL,uint32_t,8,512,64,128,8,2627.492667,2384.892319,-9.23
MATMUL,uint32_t,8,512,64,128,4,3105.750667,2686.556766,-13.50
MATMUL,uint32_t,8,512,64,128,32,2352.279333,2202.383275,-6.37
MATMUL,uint32_t,8,512,64,128,64,2313.895667,2172.393254,-6.12
MATMUL,uint32_t,8,512,64,256,16,4865.487000,4529.114706,-6.91
MATMUL,uint32_t,8,512,64,256,8,5255.989667,4769.630885,-9.25
MATMUL,uint32_t,8,512,64,256,64,4627.653333,4344.629279,-6.12
MATMUL,uint32_t,8,512,64,256,32,4704.886000,4404.648822,-6.38
MATMUL,uint32_t,8,512,128,16,8,654.758000,594.740927,-9.17
MATMUL,uint32_t,8,512,64,256,4,6210.565333,5372.838532,-13.49
MATMUL,uint32_t,8,512,128,16,4,772.307333,671.202116,-13.09
MATMUL,uint32_t,8,512,128,16,16,606.782000,565.432274,-6.81
MATMUL,uint32_t,8,512,128,32,8,1309.313333,1189.338524,-9.16
MATMUL,uint32_t,8,512,128,32,4,1545.047667,1342.190238,-13.13
MATMUL,uint32_t,8,512,128,32,16,1213.426333,1131.772781,-6.73
MATMUL,uint32_t,8,512,128,32,32,1173.934000,1098.930709,-6.39
MATMUL,uint32_t,8,512,128,64,8,2617.758000,2378.485157,-9.14
MATMUL,uint32_t,8,512,128,64,4,3088.445333,2684.248613,-13.09
MATMUL,uint32_t,8,512,128,64,16,2426.663333,2263.391657,-6.73
MATMUL,uint32_t,8,512,64,512,16,9733.017667,9058.314560,-6.93
MATMUL,uint32_t,8,512,64,512,8,10510.293000,9539.109163,-9.24
MATMUL,uint32_t,8,512,128,64,32,2348.283667,2197.405555,-6.43
MATMUL,uint32_t,8,512,128,64,64,2309.876333,2167.687261,-6.16
MATMUL,uint32_t,8,512,64,512,4,12419.346333,10745.453137,-13.48
MATMUL,uint32_t,8,512,64,512,32,9409.721000,8808.948086,-6.38
MATMUL,uint32_t,8,512,64,512,64,9255.247667,8689.039306,-6.12
MATMUL,uint32_t,8,512,128,128,16,4852.272333,4526.629640,-6.71
MATMUL,uint32_t,8,512,128,128,8,5237.736667,4756.811528,-9.18
MATMUL,uint32_t,8,512,128,128,4,6178.588000,5368.197064,-13.12
MATMUL,uint32_t,8,512,128,128,32,4694.722667,4395.001794,-6.38
MATMUL,uint32_t,8,512,128,128,64,4619.644000,4335.760496,-6.15
MATMUL,uint32_t,8,512,128,128,128,4580.985667,4306.712330,-5.99
MATMUL,uint32_t,8,512,128,256,8,10473.583667,9513.488721,-9.17
MATMUL,uint32_t,8,512,128,256,4,12357.589000,10736.245618,-13.12
MATMUL,uint32_t,8,512,128,256,32,9391.482000,8789.875695,-6.41
MATMUL,uint32_t,8,512,128,256,16,9704.707333,9053.106533,-6.71
MATMUL,uint32_t,8,512,128,256,64,9239.173667,8670.181322,-6.16
MATMUL,uint32_t,8,512,128,256,128,9163.410667,8613.250866,-6.00
MATMUL,uint32_t,8,512,256,16,4,1540.934667,1340.460582,-13.01
MATMUL,uint32_t,8,512,256,16,8,1306.777000,1187.894587,-9.10
MATMUL,uint32_t,8,512,256,16,16,1211.674333,1130.522372,-6.70
MATMUL,uint32_t,8,512,256,32,4,3081.902333,2680.736582,-13.02
MATMUL,uint32_t,8,512,256,32,8,2613.608667,2375.634125,-9.11
MATMUL,uint32_t,8,512,256,32,16,2423.592667,2260.890734,-6.71
MATMUL,uint32_t,8,512,256,32,32,2345.033333,2194.658368,-6.41
MATMUL,uint32_t,8,512,128,512,8,20952.943000,19026.825160,-9.19
MATMUL,uint32_t,8,512,256,64,8,5227.174333,4751.116521,-9.11
MATMUL,uint32_t,8,512,256,64,4,6162.342333,5361.229257,-13.00
MATMUL,uint32_t,8,512,128,512,4,24715.642000,21472.223561,-13.12
MATMUL,uint32_t,8,512,256,64,16,4847.189333,4521.627882,-6.72
MATMUL,uint32_t,8,512,128,512,16,19407.291667,18106.059374,-6.70
MATMUL,uint32_t,8,512,128,512,128,18322.235667,17226.338108,-5.98
MATMUL,uint32_t,8,512,256,64,32,4691.360667,4390.700227,-6.41
MATMUL,uint32_t,8,512,128,512,64,18478.260000,17340.173104,-6.16
MATMUL,uint32_t,8,512,256,64,64,4615.640333,4331.156762,-6.16
MATMUL,uint32_t,8,512,128,512,32,18775.696667,17580.053906,-6.37
MATMUL,uint32_t,8,512,256,128,16,9692.457000,9043.102019,-6.70
MATMUL,uint32_t,8,512,256,128,64,9231.150333,8660.771973,-6.18
MATMUL,uint32_t,8,512,256,128,128,9153.383667,8604.031270,-6.00
MATMUL,uint32_t,8,512,256,128,8,10452.654667,9502.124800,-9.09
MATMUL,uint32_t,8,512,256,128,32,9382.054333,8781.232259,-6.40
MATMUL,uint32_t,8,512,256,128,4,12325.200333,10722.272866,-13.01
MATMUL,uint32_t,8,512,256,256,8,20906.713333,19004.013411,-9.10
MATMUL,uint32_t,8,512,256,256,4,24644.257667,21444.394575,-12.98
MATMUL,uint32_t,8,512,256,256,256,18238.507333,17156.502197,-5.93
MATMUL,uint32_t,8,512,256,256,128,18310.435667,17207.885616,-6.02
MATMUL,uint32_t,8,512,256,256,64,18462.195667,17321.380605,-6.18
MATMUL,uint32_t,8,512,256,256,32,18763.700000,17562.298283,-6.40
MATMUL,uint32_t,8,512,256,256,16,19383.748667,18086.050452,-6.69
MATMUL,uint32_t,8,512,512,16,4,3078.278000,2681.944111,-12.88
MATMUL,uint32_t,8,512,512,16,8,2610.188333,2374.262303,-9.04
MATMUL,uint32_t,8,512,512,16,16,2421.981333,2259.640411,-6.70
MATMUL,uint32_t,8,512,512,32,4,6156.358667,5363.661512,-12.88
MATMUL,uint32_t,8,512,512,32,8,5220.375667,4748.340934,-9.04
MATMUL,uint32_t,8,512,512,32,16,4842.069333,4519.127125,-6.67
MATMUL,uint32_t,8,512,512,32,32,4687.164667,4386.949797,-6.41
MATMUL,uint32_t,8,512,256,512,4,49290.736333,42888.583863,-12.99
MATMUL,uint32_t,8,512,256,512,8,41805.966667,38007.923675,-9.08
MATMUL,uint32_t,8,512,256,512,16,38775.569000,36171.947316,-6.71
MATMUL,uint32_t,8,512,256,512,128,36619.526333,34415.556720,-6.02
MATMUL,uint32_t,8,512,256,512,256,36478.030333,34312.788537,-5.94
MATMUL,uint32_t,8,512,256,512,64,36924.312000,34643.993509,-6.18
MATMUL,uint32_t,8,512,256,512,32,37513.944667,35124.430328,-6.37
MATMUL,uint32_t,8,512,512,64,8,10442.887667,9496.577927,-9.06
MATMUL,uint32_t,8,512,512,64,4,12311.861000,10727.150303,-12.87
MATMUL,uint32_t,8,512,512,64,16,9686.199000,9038.100312,-6.69
MATMUL,uint32_t,8,512,512,64,32,9375.449000,8774.755411,-6.41
MATMUL,uint32_t,8,512,512,64,64,9227.194000,8657.273676,-6.18
MATMUL,uint32_t,8,512,512,128,16,19374.327333,18076.047073,-6.70
MATMUL,uint32_t,8,512,512,128,8,20883.774000,18992.904321,-9.05
MATMUL,uint32_t,8,512,512,128,32,18748.407667,17550.772644,-6.39
MATMUL,uint32_t,8,512,512,128,4,24624.210000,21454.121537,-12.87
MATMUL,uint32_t,8,512,512,128,64,18454.234000,17313.311873,-6.18
MATMUL,uint32_t,8,512,512,128,128,18301.170333,17198.875209,-6.02
MATMUL,uint32_t,8,512,512,256,8,41770.340000,37985.657036,-9.06
MATMUL,uint32_t,8,512,512,256,4,49219.742333,42908.079458,-12.82
MATMUL,uint32_t,8,512,512,256,32,37494.595000,35101.377339,-6.38
MATMUL,uint32_t,8,512,512,256,16,38746.691000,36151.940596,-6.70
MATMUL,uint32_t,8,512,512,256,64,36908.282667,34626.450091,-6.18
MATMUL,uint32_t,8,512,512,256,128,36604.678667,34397.527153,-6.03
MATMUL,uint32_t,8,512,512,256,256,36460.316333,34294.641777,-5.94
MATMUL,uint32_t,16,16,16,16,4,4.308333,3.489258,-19.01
MATMUL,uint32_t,16,16,16,16,8,3.753333,3.292708,-12.27
MATMUL,uint32_t,16,16,16,16,16,3.517333,3.206332,-8.84
MATMUL,uint32_t,16,16,16,32,4,8.515667,6.856085,-19.49
MATMUL,uint32_t,16,16,16,32,8,7.411333,6.486084,-12.48
MATMUL,uint32_t,16,16,16,32,16,6.940000,6.314227,-9.02
MATMUL,uint32_t,16,16,16,64,4,16.956000,13.620838,-19.67
MATMUL,uint32_t,16,16,16,64,8,14.726667,12.871449,-12.60
MATMUL,uint32_t,16,16,16,64,16,13.840333,12.530620,-9.46
MATMUL,uint32_t,16,16,16,128,4,33.817333,27.132441,-19.77
MATMUL,uint32_t,16,16,16,128,8,29.363333,25.630671,-12.71
MATMUL,uint32_t,16,16,16,128,16,27.504333,24.959524,-9.25
MATMUL,uint32_t,16,16,16,256,4,67.513000,54.167313,-19.77
MATMUL,uint32_t,16,16,16,256,8,58.632000,51.148595,-12.76
MATMUL,uint32_t,16,16,16,256,16,54.923333,49.813274,-9.30
MATMUL,uint32_t,16,16,16,512,4,134.922667,108.236268,-19.78
MATMUL,uint32_t,16,16,16,512,8,117.183667,102.196733,-12.79
MATMUL,uint32_t,16,16,16,512,16,109.746667,99.532508,-9.31
MATMUL,uint32_t,16,16,32,16,4,8.349667,6.813976,-18.39
MATMUL,uint32_t,16,16,32,16,8,7.312333,6.451619,-11.77
MATMUL,uint32_t,16,16,32,16,16,6.874667,6.275124,-8.72
MATMUL,uint32_t,16,16,32,32,4,16.614000,13.528876,-18.57
MATMUL,uint32_t,16,16,32,32,8,14.528000,12.784184,-12.00
MATMUL,uint32_t,16,16,32,32,16,13.669333,12.455082,-8.88
MATMUL,uint32_t,16,16,32,32,32,13.283000,12.148782,-8.54
MATMUL,uint32_t,16,16,32,64,4,33.136333,26.964809,-18.62
MATMUL,uint32_t,16,16,32,64,8,28.965333,25.467894,-12.07
MATMUL,uint32_t,16,16,32,64,16,27.225333,24.812303,-8.86
MATMUL,uint32_t,16,16,32,64,32,26.478333,24.184831,-8.66
MATMUL,uint32_t,16,16,32,128,4,66.181333,53.834613,-18.66
MATMUL,uint32_t,16,16,32,128,8,57.841000,50.846430,-12.09
MATMUL,uint32_t,16,16,32,128,16,54.363667,49.510163,-8.93
MATMUL,uint32_t,16,16,32,128,32,52.837000,48.254196,-8.67
MATMUL,uint32_t,16,16,32,256,4,132.270333,107.574542,-18.67
MATMUL,uint32_t,16,16,32,256,8,115.563333,101.579789,-12.10
MATMUL,uint32_t,16,16,32,256,16,108.672667,98.939091,-8.96
MATMUL,uint32_t,16,16,32,256,32,105.571333,96.394322,-8.69
MATMUL,uint32_t,16,16,32,512,4,264.397000,215.054030,-18.66
MATMUL,uint32_t,16,16,32,512,8,231.030000,203.061894,-12.11
MATMUL,uint32_t,16,16,32,512,16,217.185333,197.774151,-8.94
MATMUL,uint32_t,16,16,32,512,32,211.048333,192.674754,-8.71
MATMUL,uint32_t,16,16,64,16,4,16.453667,13.471806,-18.12
MATMUL,uint32_t,16,16,64,16,8,14.430333,12.724425,-11.82
MATMUL,uint32_t,16,16,64,16,16,13.594000,12.405735,-8.74
MATMUL,uint32_t,16,16,64,32,4,32.803000,26.861483,-18.11
MATMUL,uint32_t,16,16,64,32,8,28.763667,25.341868,-11.90
MATMUL,uint32_t,16,16,64,32,16,27.107333,24.720586,-8.80
MATMUL,uint32_t,16,16,64,32,32,26.361000,24.082495,-8.64
MATMUL,uint32_t,16,16,64,64,4,65.516333,53.628788,-18.14
MATMUL,uint32_t,16,16,64,64,8,57.433333,50.595008,-11.91
MATMUL,uint32_t,16,16,64,64,16,54.092000,49.340083,-8.78
MATMUL,uint32_t,16,16,64,64,32,52.634000,48.050813,-8.71
MATMUL,uint32_t,16,16,64,64,64,51.933000,48.228748,-7.13
MATMUL,uint32_t,16,16,64,128,4,130.954333,107.163611,-18.17
MATMUL,uint32_t,16,16,64,128,8,114.742667,101.103570,-11.89
MATMUL,uint32_t,16,16,64,128,16,108.128667,98.633686,-8.78
MATMUL,uint32_t,16,16,64,128,32,105.180333,95.988895,-8.74
MATMUL,uint32_t,16,16,64,128,64,103.790667,96.342390,-7.18
MATMUL,uint32_t,16,16,64,256,4,261.762333,214.234073,-18.16
MATMUL,uint32_t,16,16,64,256,8,229.419667,202.106549,-11.91
MATMUL,uint32_t,16,16,64,256,16,216.151000,197.101230,-8.81
MATMUL,uint32_t,16,16,64,256,32,210.201000,191.850451,-8.73
MATMUL,uint32_t,16,16,64,256,64,207.441000,192.571605,-7.17
MATMUL,uint32_t,16,16,64,512,4,523.457000,428.375019,-18.16
MATMUL,uint32_t,16,16,64,512,8,458.740000,404.121804,-11.91
MATMUL,uint32_t,16,16,64,512,16,432.146000,394.076711,-8.81
MATMUL,uint32_t,16,16,64,512,32,420.310667,383.579441,-8.74
MATMUL,uint32_t,16,16,64,512,64,414.739667,385.028959,-7.16
MATMUL,uint32_t,16,16,128,16,4,32.636000,26.878957,-17.64
MATMUL,uint32_t,16,16,128,16,8,28.661000,25.368179,-11.49
MATMUL,uint32_t,16,16,128,16,16,27.033667,24.690675,-8.67
MATMUL,uint32_t,16,16,128,32,4,65.179667,53.664158,-17.67
MATMUL,uint32_t,16,16,128,32,8,57.227667,50.668137,-11.46
MATMUL,uint32_t,16,16,128,32,16,53.975333,49.311409,-8.64
MATMUL,uint32_t,16,16,128,32,32,52.530000,47.970155,-8.68
MATMUL,uint32_t,16,16,128,64,4,130.298333,107.233510,-17.70
MATMUL,uint32_t,16,16,128,64,8,114.375000,101.188946,-11.53
MATMUL,uint32_t,16,16,128,64,16,107.866333,98.511295,-8.67
MATMUL,uint32_t,16,16,128,64,32,104.975667,95.845048,-8.70
MATMUL,uint32_t,16,16,128,64,64,103.597667,96.189634,-7.15
MATMUL,uint32_t,16,16,128,128,4,260.460333,214.373726,-17.69
MATMUL,uint32_t,16,16,128,128,8,228.652333,202.282806,-11.53
MATMUL,uint32_t,16,16,128,128,16,215.588000,196.924764,-8.66
MATMUL,uint32_t,16,16,128,128,32,209.844000,191.546137,-8.72
MATMUL,uint32_t,16,16,128,128,64,207.123667,192.271412,-7.17
MATMUL,uint32_t,16,16,128,128,128,205.802667,191.818942,-6.79
MATMUL,uint32_t,16,16,128,256,4,520.799333,428.651821,-17.69
MATMUL,uint32_t,16,16,128,256,8,457.113333,404.470616,-11.52
MATMUL,uint32_t,16,16,128,256,16,431.096667,393.778479,-8.66
MATMUL,uint32_t,16,16,128,256,32,419.543333,383.009858,-8.71
MATMUL,uint32_t,16,16,128,256,64,414.129333,384.440544,-7.17
MATMUL,uint32_t,16,16,128,256,128,411.501667,383.479681,-6.81
MATMUL,uint32_t,16,16,128,512,4,1041.489000,857.208274,-17.69
MATMUL,uint32_t,16,16,128,512,8,914.121333,808.848030,-11.52
MATMUL,uint32_t,16,16,128,512,16,861.910333,787.460733,-8.64
MATMUL,uint32_t,16,16,128,512,32,838.792333,765.811593,-8.70
MATMUL,uint32_t,16,16,128,512,64,827.982000,768.717681,-7.16
MATMUL,uint32_t,16,16,128,512,128,822.826667,766.834624,-6.80
MATMUL,uint32_t,16,16,256,16,4,65.014000,53.693385,-17.41
MATMUL,uint32_t,16,16,256,16,8,57.125000,50.667758,-11.30
MATMUL,uint32_t,16,16,256,16,16,53.895333,49.264399,-8.59
MATMUL,uint32_t,16,16,256,32,4,129.926333,107.295770,-17.42
MATMUL,uint32_t,16,16,256,32,8,114.173667,101.090975,-11.46
MATMUL,uint32_t,16,16,256,32,16,107.728000,98.434454,-8.63
MATMUL,uint32_t,16,16,256,32,32,104.881000,95.772403,-8.68
MATMUL,uint32_t,16,16,256,64,4,259.803000,214.500987,-17.44
MATMUL,uint32_t,16,16,256,64,8,228.160333,202.085749,-11.43
MATMUL,uint32_t,16,16,256,64,16,215.293333,196.762286,-8.61
MATMUL,uint32_t,16,16,256,64,32,209.613667,191.409971,-8.68
MATMUL,uint32_t,16,16,256,64,64,206.931000,192.139175,-7.15
MATMUL,uint32_t,16,16,256,128,4,519.435667,428.908550,-17.43
MATMUL,uint32_t,16,16,256,128,8,456.357667,404.074829,-11.46
MATMUL,uint32_t,16,16,256,128,16,430.536333,393.418474,-8.62
MATMUL,uint32_t,16,16,256,128,32,419.116667,382.687857,-8.69
MATMUL,uint32_t,16,16,256,128,64,413.775667,384.140025,-7.16
MATMUL,uint32_t,16,16,256,128,128,411.152667,383.197496,-6.80
MATMUL,uint32_t,16,16,256,256,4,1038.723000,857.727600,-17.42
MATMUL,uint32_t,16,16,256,256,8,912.595667,808.053465,-11.46
MATMUL,uint32_t,16,16,256,256,16,860.883667,786.738259,-8.61
MATMUL,uint32_t,16,16,256,256,32,838.129667,765.275460,-8.69
MATMUL,uint32_t,16,16,256,256,64,827.324333,768.134083,-7.15
MATMUL,uint32_t,16,16,256,256,128,822.270667,766.246745,-6.81
MATMUL,uint32_t,16,16,256,512,4,2077.288667,1715.364866,-17.42
MATMUL,uint32_t,16,16,256,512,8,1824.722000,1616.006904,-11.44
MATMUL,uint32_t,16,16,256,512,16,1721.621333,1573.377796,-8.61
MATMUL,uint32_t,16,16,256,512,32,1676.244000,1530.423804,-8.70
MATMUL,uint32_t,16,16,256,512,64,1654.547667,1536.140594,-7.16
MATMUL,uint32_t,16,16,256,512,128,1644.094000,1532.294559,-6.80
MATMUL,uint32_t,16,16,512,16,4,129.784000,106.983326,-17.57
MATMUL,uint32_t,16,16,512,16,8,114.045000,101.144914,-11.31
MATMUL,uint32_t,16,16,512,16,16,107.674667,98.394437,-8.62
MATMUL,uint32_t,16,16,512,32,4,259.437667,213.880425,-17.56
MATMUL,uint32_t,16,16,512,32,8,227.997333,202.197640,-11.32
MATMUL,uint32_t,16,16,512,32,16,215.188333,196.688025,-8.60
MATMUL,uint32_t,16,16,512,32,32,209.505000,191.341374,-8.67
MATMUL,uint32_t,16,16,512,64,4,518.802000,427.658674,-17.57
MATMUL,uint32_t,16,16,512,64,8,455.932000,404.296128,-11.33
MATMUL,uint32_t,16,16,512,64,16,430.234667,393.309305,-8.58
MATMUL,uint32_t,16,16,512,64,32,418.952667,382.548991,-8.69
MATMUL,uint32_t,16,16,512,64,64,413.597000,383.987125,-7.16
MATMUL,uint32_t,16,16,512,128,4,1037.296667,855.231404,-17.55
MATMUL,uint32_t,16,16,512,128,8,911.593000,808.497054,-11.31
MATMUL,uint32_t,16,16,512,128,16,860.303667,786.522361,-8.58
MATMUL,uint32_t,16,16,512,128,32,837.608000,764.934406,-8.68
MATMUL,uint32_t,16,16,512,128,64,827.055333,767.823721,-7.16
MATMUL,uint32_t,16,16,512,128,128,821.960667,765.969762,-6.81
MATMUL,uint32_t,16,16,512,256,4,2074.929000,1710.364590,-17.57
MATMUL,uint32_t,16,16,512,256,8,1823.010333,1616.880786,-11.31
MATMUL,uint32_t,16,16,512,256,16,1720.829000,1572.948648,-8.59
MATMUL,uint32_t,16,16,512,256,32,1675.446333,1529.745781,-8.70
MATMUL,uint32_t,8,512,512,512,4,98443.934667,85815.927902,-12.83
MATMUL,uint32_t,16,16,512,256,64,1653.720000,1535.545933,-7.15
MATMUL,uint32_t,16,16,512,256,128,1643.355333,1531.753040,-6.79
MATMUL,uint32_t,16,16,512,512,8,3646.070000,3233.651192,-11.31
MATMUL,uint32_t,16,16,512,512,4,4149.134333,3420.638354,-17.56
MATMUL,uint32_t,8,512,512,512,64,73816.447667,69252.726958,-6.18
MATMUL,uint32_t,8,512,512,512,32,74988.124000,70202.586732,-6.38
MATMUL,uint32_t,16,16,512,512,32,3350.286333,3059.367064,-8.68
MATMUL,uint32_t,16,16,512,512,16,3440.606333,3145.803092,-8.57
MATMUL,uint32_t,16,32,16,16,4,8.539000,6.883736,-19.38
MATMUL,uint32_t,16,32,16,16,8,7.415667,6.490131,-12.48
MATMUL,uint32_t,8,512,512,512,128,73200.283000,68794.654650,-6.02
MATMUL,uint32_t,16,32,16,16,16,6.960000,6.316911,-9.24
MATMUL,uint32_t,16,32,16,32,4,16.975667,13.616231,-19.79
MATMUL,uint32_t,16,32,16,32,8,14.747333,12.874212,-12.70
MATMUL,uint32_t,16,32,16,32,16,13.810000,12.531527,-9.26
MATMUL,uint32_t,16,32,16,64,4,33.836000,27.146206,-19.77
MATMUL,uint32_t,8,512,512,512,256,72932.203333,68588.827146,-5.96
MATMUL,uint32_t,16,32,16,64,8,29.382667,25.641915,-12.73
MATMUL,uint32_t,16,32,16,64,16,27.524000,24.962992,-9.30
MATMUL,uint32_t,16,32,16,128,8,58.654333,51.162175,-12.77
MATMUL,uint32_t,16,32,16,128,4,67.562333,54.169864,-19.82
MATMUL,uint32_t,16,32,16,128,16,54.940667,49.817145,-9.33
MATMUL,uint32_t,16,32,16,256,4,134.977667,108.239596,-19.81
MATMUL,uint32_t,8,512,512,512,8,83546.839000,75971.177097,-9.07
MATMUL,uint32_t,16,32,16,256,16,109.783667,99.523765,-9.35
MATMUL,uint32_t,16,32,16,256,8,117.182333,102.197026,-12.79
MATMUL,uint32_t,16,32,32,16,4,16.632667,13.535736,-18.62
MATMUL,uint32_t,16,32,32,16,8,14.540333,12.809354,-11.90
MATMUL,uint32_t,16,32,32,16,16,13.680000,12.459630,-8.92
MATMUL,uint32_t,16,32,16,512,4,269.776000,216.377490,-19.79
MATMUL,uint32_t,16,32,32,32,4,33.155667,26.964663,-18.67
MATMUL,uint32_t,16,32,16,512,8,234.282333,204.293249,-12.80
MATMUL,uint32_t,16,32,32,32,8,28.982333,25.473701,-12.11
MATMUL,uint32_t,16,32,16,512,16,219.405000,198.965035,-9.32
MATMUL,uint32_t,16,32,32,32,16,27.250000,24.812836,-8.94
MATMUL,uint32_t,16,32,32,32,32,26.485667,24.188467,-8.67
MATMUL,uint32_t,16,32,32,64,8,57.841000,50.840762,-12.10
MATMUL,uint32_t,16,32,32,64,16,54.374667,49.524353,-8.92
MATMUL,uint32_t,16,32,32,64,4,66.201667,53.837120,-18.68
MATMUL,uint32_t,16,32,32,64,32,52.853000,48.257846,-8.69
MATMUL,uint32_t,16,32,32,128,4,132.275667,107.576696,-18.67
MATMUL,uint32_t,16,32,32,128,16,108.658667,98.918925,-8.96
MATMUL,uint32_t,16,32,32,128,8,115.570333,101.597379,-12.09
MATMUL,uint32_t,16,32,32,128,32,105.620333,96.393762,-8.74
MATMUL,uint32_t,8,512,512,512,16,77495.149667,72303.727640,-6.70
MATMUL,uint32_t,16,32,32,256,4,264.439000,215.056574,-18.67
MATMUL,uint32_t,16,32,32,256,8,231.018000,203.063836,-12.10
MATMUL,uint32_t,16,32,32,256,32,211.047667,192.670244,-8.71
MATMUL,uint32_t,16,32,32,256,16,217.266667,197.777263,-8.97
MATMUL,uint32_t,16,32,64,16,8,28.769667,25.354831,-11.87
MATMUL,uint32_t,16,32,64,16,4,32.821333,26.853701,-18.18
MATMUL,uint32_t,16,32,64,16,16,27.111333,24.719439,-8.82
MATMUL,uint32_t,16,32,64,32,4,65.520000,53.632280,-18.14
MATMUL,uint32_t,16,32,64,32,8,57.450667,50.590788,-11.94
MATMUL,uint32_t,16,32,32,512,4,528.796333,430.015594,-18.68
MATMUL,uint32_t,16,32,32,512,8,461.941333,406.028317,-12.10
MATMUL,uint32_t,16,32,64,32,16,54.117333,49.344504,-8.82
MATMUL,uint32_t,16,32,32,512,16,434.332333,395.448408,-8.95
MATMUL,uint32_t,16,32,64,32,32,52.654333,48.051520,-8.74
MATMUL,uint32_t,16,32,32,512,32,422.052667,385.232884,-8.72
MATMUL,uint32_t,16,32,64,64,8,114.764667,101.096119,-11.91
MATMUL,uint32_t,16,32,64,64,4,130.964667,107.167150,-18.17
MATMUL,uint32_t,16,32,64,64,16,108.138000,98.585374,-8.83
MATMUL,uint32_t,16,32,64,64,32,105.210333,95.985322,-8.77
MATMUL,uint32_t,16,32,64,64,64,103.805667,96.349709,-7.18
MATMUL,uint32_t,16,16,512,512,64,3308.187000,3071.048569,-7.17
MATMUL,uint32_t,16,32,64,128,4,261.815667,214.236836,-18.17
MATMUL,uint32_t,16,32,64,128,32,210.252333,191.858332,-8.75
MATMUL,uint32_t,16,32,64,128,16,216.145667,197.171778,-8.78
MATMUL,uint32_t,16,32,64,128,8,229.432667,202.114227,-11.91
MATMUL,uint32_t,16,32,64,128,64,207.434000,192.572513,-7.16
MATMUL,uint32_t,16,32,64,256,4,523.462000,428.377852,-18.16
MATMUL,uint32_t,16,32,64,256,8,458.771333,404.119442,-11.91
MATMUL,uint32_t,16,32,64,256,64,414.780667,385.022475,-7.17
MATMUL,uint32_t,16,32,64,256,16,432.218667,394.105760,-8.82
MATMUL,uint32_t,16,32,64,256,32,420.353333,383.581653,-8.75
MATMUL,uint32_t,16,32,128,16,8,57.259000,50.645675,-11.55
MATMUL,uint32_t,16,32,128,16,4,65.194000,53.668418,-17.68
MATMUL,uint32_t,16,32,128,16,16,53.975000,49.287334,-8.68
MATMUL,uint32_t,16,32,128,32,4,130.279000,107.237941,-17.69
MATMUL,uint32_t,16,16,512,512,128,3287.220333,3063.285047,-6.81
MATMUL,uint32_t,16,32,128,32,8,114.363667,101.244452,-11.47
MATMUL,uint32_t,16,32,128,32,16,107.891333,98.531277,-8.68
MATMUL,uint32_t,16,32,128,32,32,104.983667,95.829283,-8.72
MATMUL,uint32_t,16,32,64,512,8,917.407667,808.150402,-11.91
MATMUL,uint32_t,16,32,64,512,4,1046.815333,856.659792,-18.17
MATMUL,uint32_t,16,32,128,64,4,260.446667,214.376820,-17.69
MATMUL,uint32_t,16,32,128,64,8,228.591667,202.286110,-11.51
MATMUL,uint32_t,16,32,128,64,16,215.590333,196.927263,-8.66
MATMUL,uint32_t,16,32,128,64,32,209.841333,191.566051,-8.71
MATMUL,uint32_t,16,32,64,512,16,864.204333,788.057616,-8.81
MATMUL,uint32_t,16,32,64,512,64,829.489667,769.928207,-7.18
MATMUL,uint32_t,16,32,64,512,32,840.577667,767.038114,-8.75
MATMUL,uint32_t,16,32,128,64,64,207.089667,192.268075,-7.16
MATMUL,uint32_t,16,32,128,128,16,431.087333,393.754183,-8.66
MATMUL,uint32_t,16,32,128,128,8,457.055667,404.474085,-11.50
MATMUL,uint32_t,16,32,128,128,32,419.608667,382.970864,-8.73
MATMUL,uint32_t,16,32,128,128,64,414.162333,384.425699,-7.18
MATMUL,uint32_t,16,32,128,128,4,520.760000,428.657333,-17.69
MATMUL,uint32_t,16,32,128,128,128,411.515000,383.499367,-6.81
MATMUL,uint32_t,16,32,128,256,8,914.140667,808.849805,-11.52
MATMUL,uint32_t,16,32,128,256,4,1041.394333,857.213555,-17.69
MATMUL,uint32_t,16,32,128,256,64,828.119667,768.739122,-7.17
MATMUL,uint32_t,16,32,128,256,128,822.839000,766.811188,-6.81
MATMUL,uint32_t,16,32,128,256,16,861.943667,787.462938,-8.64
MATMUL,uint32_t,16,32,128,256,32,838.879000,765.896639,-8.70
MATMUL,uint32_t,16,32,256,16,8,114.181333,101.244161,-11.33
MATMUL,uint32_t,16,32,256,16,4,129.983667,107.300263,-17.45
MATMUL,uint32_t,16,32,256,16,16,107.749000,98.432850,-8.65
MATMUL,uint32_t,16,32,256,32,4,259.810667,214.504423,-17.44
MATMUL,uint32_t,16,32,256,32,8,228.231333,202.089262,-11.45
MATMUL,uint32_t,16,32,256,32,16,215.359000,196.773910,-8.63
MATMUL,uint32_t,16,32,256,32,32,209.630333,191.415594,-8.69
MATMUL,uint32_t,16,32,128,512,8,1828.218333,1617.604812,-11.52
MATMUL,uint32_t,16,32,128,512,4,2082.863667,1714.326459,-17.69
MATMUL,uint32_t,16,32,256,64,4,519.513333,428.915029,-17.44
MATMUL,uint32_t,16,32,256,64,8,456.282667,404.078129,-11.44
MATMUL,uint32_t,16,32,128,512,16,1723.947000,1574.827517,-8.65
MATMUL,uint32_t,16,32,128,512,32,1677.602333,1531.506358,-8.71
MATMUL,uint32_t,16,32,256,64,16,430.574333,393.428630,-8.63
MATMUL,uint32_t,16,32,128,512,128,1645.558333,1533.509657,-6.81
MATMUL,uint32_t,16,32,128,512,64,1655.991000,1537.299526,-7.17
MATMUL,uint32_t,16,32,256,64,32,419.177000,382.702293,-8.70
MATMUL,uint32_t,16,32,256,64,64,413.705667,384.163894,-7.14
MATMUL,uint32_t,16,32,256,128,32,838.137333,765.252939,-8.70
MATMUL,uint32_t,16,32,256,128,8,912.629000,808.056765,-11.46
MATMUL,uint32_t,16,32,256,128,16,860.872667,786.740811,-8.61
MATMUL,uint32_t,16,32,256,128,4,1038.672000,857.730201,-17.42
MATMUL,uint32_t,16,32,256,128,64,827.442000,768.149007,-7.17
MATMUL,uint32_t,16,32,256,128,128,822.248333,766.252545,-6.81
MATMUL,uint32_t,16,32,256,256,8,1824.877667,1616.013909,-11.45
MATMUL,uint32_t,16,32,256,256,4,2077.467333,1715.368357,-17.43
MATMUL,uint32_t,16,32,256,256,64,1654.442000,1536.135244,-7.15
MATMUL,uint32_t,16,32,256,256,32,1676.239000,1530.425178,-8.70
MATMUL,uint32_t,16,32,256,256,16,1721.963333,1573.380358,-8.63
MATMUL,uint32_t,16,32,256,256,128,1644.082667,1532.332629,-6.80
MATMUL,uint32_t,16,32,512,16,4,259.471333,213.880039,-17.57
MATMUL,uint32_t,16,32,512,16,8,228.030000,202.197599,-11.33
MATMUL,uint32_t,16,32,512,16,16,215.150000,196.693929,-8.58
MATMUL,uint32_t,16,32,512,32,4,518.849667,427.673149,-17.57
MATMUL,uint32_t,16,32,512,32,8,455.939667,404.303343,-11.33
MATMUL,uint32_t,16,32,512,32,16,430.231667,393.280754,-8.59
MATMUL,uint32_t,16,32,512,32,32,418.926000,382.554566,-8.68
MATMUL,uint32_t,16,32,256,512,8,3649.206667,3231.920856,-11.43
MATMUL,uint32_t,16,32,512,64,4,1037.590667,855.230695,-17.58
MATMUL,uint32_t,16,32,256,512,4,4154.363000,3430.642910,-17.42
MATMUL,uint32_t,16,32,512,64,8,911.798000,808.498751,-11.33
MATMUL,uint32_t,16,32,256,512,16,3443.895000,3146.659423,-8.63
MATMUL,uint32_t,16,32,512,64,16,860.466000,786.524900,-8.59
MATMUL,uint32_t,16,32,256,512,32,3351.998667,3060.721868,-8.69
MATMUL,uint32_t,16,32,256,512,128,3288.583000,3064.394494,-6.82
MATMUL,uint32_t,16,32,256,512,64,3309.172667,3072.148419,-7.16
MATMUL,uint32_t,16,32,512,64,32,837.679000,764.969469,-8.68
MATMUL,uint32_t,16,32,512,64,64,826.983667,767.842938,-7.15
MATMUL,uint32_t,16,32,512,128,4,2075.170667,1710.376134,-17.58
MATMUL,uint32_t,16,32,512,128,32,1675.332667,1529.746888,-8.69
MATMUL,uint32_t,16,32,512,128,16,1720.901000,1572.951059,-8.60
MATMUL,uint32_t,16,32,512,128,8,1823.138333,1616.901868,-11.31
MATMUL,uint32_t,16,32,512,128,128,1643.674000,1531.767648,-6.81
MATMUL,uint32_t,16,32,512,128,64,1654.167667,1535.522852,-7.17
MATMUL,uint32_t,16,32,512,256,8,3646.156333,3233.669371,-11.31
MATMUL,uint32_t,16,32,512,256,4,4149.310000,3420.642490,-17.56
MATMUL,uint32_t,16,32,512,256,64,3307.696000,3070.962222,-7.16
MATMUL,uint32_t,16,32,512,256,32,3349.920333,3059.369583,-8.67
MATMUL,uint32_t,16,32,512,256,128,3286.666333,3063.297448,-6.80
MATMUL,uint32_t,16,32,512,256,16,3441.669333,3145.803695,-8.60
MATMUL,uint32_t,16,64,16,16,4,16.996000,13.671846,-19.56
MATMUL,uint32_t,16,64,16,16,8,14.763333,12.879904,-12.76
MATMUL,uint32_t,16,64,16,16,16,13.828667,12.537753,-9.34
MATMUL,uint32_t,16,64,16,32,4,33.861667,27.136524,-19.86
MATMUL,uint32_t,16,64,16,32,8,29.398333,25.650156,-12.75
MATMUL,uint32_t,16,64,16,32,16,27.539667,24.964525,-9.35
MATMUL,uint32_t,16,64,16,64,4,67.566667,54.196942,-19.79
MATMUL,uint32_t,16,64,16,64,8,58.680000,51.182847,-12.78
MATMUL,uint32_t,16,64,16,64,16,54.962667,49.826871,-9.34
MATMUL,uint32_t,16,64,16,128,4,134.965000,108.244711,-19.80
MATMUL,uint32_t,16,64,16,128,8,117.205667,102.225183,-12.78
MATMUL,uint32_t,16,64,16,128,16,109.785667,99.532387,-9.34
MATMUL,uint32_t,16,64,16,256,4,269.764333,216.384162,-19.79
MATMUL,uint32_t,16,64,16,256,8,234.249000,204.293889,-12.79
MATMUL,uint32_t,16,64,16,256,16,219.386333,198.944748,-9.32
MATMUL,uint32_t,16,64,16,512,4,539.380333,432.659934,-19.79
MATMUL,uint32_t,16,64,16,512,8,468.334667,408.486281,-12.78
MATMUL,uint32_t,16,64,32,16,4,33.171667,26.978515,-18.67
MATMUL,uint32_t,16,64,32,16,8,29.001667,25.524818,-11.99
MATMUL,uint32_t,16,64,32,16,16,27.271667,24.825470,-8.97
MATMUL,uint32_t,16,64,16,512,16,438.752000,397.830089,-9.33
MATMUL,uint32_t,16,64,32,32,4,66.220333,53.836237,-18.70
MATMUL,uint32_t,16,64,32,32,8,57.875667,50.852728,-12.13
MATMUL,uint32_t,16,64,32,32,16,54.403000,49.524756,-8.97
MATMUL,uint32_t,16,64,32,32,32,52.871000,48.269780,-8.70
MATMUL,uint32_t,16,64,32,64,4,132.319000,107.581742,-18.70
MATMUL,uint32_t,16,64,32,64,8,115.602333,101.586500,-12.12
MATMUL,uint32_t,16,64,32,64,16,108.703333,98.948658,-8.97
MATMUL,uint32_t,16,64,32,64,32,105.634667,96.401071,-8.74
MATMUL,uint32_t,16,64,32,128,4,264.464333,215.060862,-18.68
MATMUL,uint32_t,16,64,32,128,8,231.030667,203.099277,-12.09
MATMUL,uint32_t,16,64,32,128,16,217.248333,197.736449,-8.98
MATMUL,uint32_t,16,64,32,128,32,211.079000,192.667587,-8.72
MATMUL,uint32_t,16,64,32,256,8,462.013000,406.031930,-12.12
MATMUL,uint32_t,16,64,32,256,4,528.739667,430.020639,-18.67
MATMUL,uint32_t,16,32,512,512,8,7292.959333,6467.209748,-11.32
MATMUL,uint32_t,16,64,32,256,16,434.300000,395.453606,-8.94
MATMUL,uint32_t,16,64,32,256,32,422.023667,385.222088,-8.72
MATMUL,uint32_t,16,32,512,512,4,8299.527000,6841.190064,-17.57
MATMUL,uint32_t,16,64,32,512,4,1057.414000,859.938721,-18.68
MATMUL,uint32_t,16,64,32,512,16,868.467667,790.796924,-8.94
MATMUL,uint32_t,16,64,64,16,4,65.555667,53.616655,-18.21
MATMUL,uint32_t,16,64,32,512,8,923.745333,811.961164,-12.10
MATMUL,uint32_t,16,64,64,16,8,57.468000,50.615606,-11.92
MATMUL,uint32_t,16,64,64,16,16,54.141000,49.344593,-8.86
MATMUL,uint32_t,16,64,64,32,4,130.968667,107.173872,-18.17
MATMUL,uint32_t,16,64,64,32,16,108.175667,98.592293,-8.86
MATMUL,uint32_t,16,64,64,32,8,114.769333,101.088597,-11.92
MATMUL,uint32_t,16,64,64,32,32,105.206000,95.988873,-8.76
MATMUL,uint32_t,16,32,512,512,16,6882.744667,6291.513024,-8.59
MATMUL,uint32_t,16,64,64,64,8,229.443667,202.098341,-11.92
MATMUL,uint32_t,16,64,64,64,4,261.793333,214.243873,-18.16
MATMUL,uint32_t,16,64,32,512,32,843.784333,770.349145,-8.70
MATMUL,uint32_t,16,64,64,64,16,216.168333,197.075902,-8.83
MATMUL,uint32_t,16,64,64,64,32,210.274333,191.850085,-8.76
MATMUL,uint32_t,16,32,512,512,32,6700.492000,6118.612147,-8.68
MATMUL,uint32_t,16,64,64,64,64,207.493000,192.596645,-7.18
MATMUL,uint32_t,16,64,64,128,8,458.736667,404.135540,-11.90
MATMUL,uint32_t,16,64,64,128,16,432.249000,394.247961,-8.79
MATMUL,uint32_t,16,32,512,512,128,6574.527000,6126.371203,-6.82
MATMUL,uint32_t,16,64,64,128,32,420.424667,383.597216,-8.76
MATMUL,uint32_t,16,64,64,128,4,523.417000,428.383286,-18.16
MATMUL,uint32_t,16,32,512,512,64,6615.064333,6141.961934,-7.15
MATMUL,uint32_t,16,64,64,128,64,414.855000,385.022909,-7.19
MATMUL,uint32_t,16,64,64,256,4,1046.787667,856.665410,-18.16
MATMUL,uint32_t,16,64,64,256,32,840.570000,767.044057,-8.75
MATMUL,uint32_t,16,64,64,256,16,864.318000,788.114822,-8.82
MATMUL,uint32_t,16,64,64,256,64,829.337667,769.908970,-7.17
MATMUL,uint32_t,16,64,64,256,8,917.428667,808.145228,-11.91
MATMUL,uint32_t,16,64,128,16,4,130.307000,107.246379,-17.70
MATMUL,uint32_t,16,64,128,16,8,114.384667,101.200306,-11.53
MATMUL,uint32_t,16,64,128,16,16,107.911667,98.480728,-8.74
MATMUL,uint32_t,16,64,128,32,8,228.644000,202.396464,-11.48
MATMUL,uint32_t,16,64,128,32,16,215.592667,196.971377,-8.64
MATMUL,uint32_t,16,64,128,32,4,260.458667,214.385505,-17.69
MATMUL,uint32_t,16,64,128,32,32,209.824667,191.544154,-8.71
MATMUL,uint32_t,16,64,64,512,16,1728.409000,1576.019428,-8.82
MATMUL,uint32_t,16,64,64,512,8,1834.675000,1616.207599,-11.91
MATMUL,uint32_t,16,64,128,64,8,457.142667,404.480439,-11.52
MATMUL,uint32_t,16,64,128,64,4,520.862000,428.663441,-17.70
MATMUL,uint32_t,16,64,128,64,16,431.186333,393.759260,-8.68
MATMUL,uint32_t,16,64,64,512,4,2093.346667,1713.229337,-18.16
MATMUL,uint32_t,16,64,128,64,32,419.617333,383.008026,-8.72
MATMUL,uint32_t,16,64,128,64,64,414.181667,384.419615,-7.19
MATMUL,uint32_t,16,64,64,512,32,1680.723667,1533.955461,-8.73
MATMUL,uint32_t,16,64,64,512,64,1659.075333,1539.726704,-7.19
MATMUL,uint32_t,16,64,128,128,8,914.230000,808.856642,-11.53
MATMUL,uint32_t,16,64,128,128,4,1041.320333,857.224560,-17.68
MATMUL,uint32_t,16,64,128,128,32,839.098667,765.820324,-8.73
MATMUL,uint32_t,16,64,128,128,16,862.181667,787.413020,-8.67
MATMUL,uint32_t,16,64,128,128,64,828.132667,768.717576,-7.17
MATMUL,uint32_t,16,64,128,128,128,822.948333,766.860349,-6.82
MATMUL,uint32_t,16,64,128,256,8,1827.988333,1617.608183,-11.51
MATMUL,uint32_t,16,64,128,256,4,2082.392667,1714.337023,-17.67
MATMUL,uint32_t,16,64,128,256,16,1723.825667,1574.831856,-8.64
MATMUL,uint32_t,16,64,128,256,32,1677.594667,1531.670201,-8.70
MATMUL,uint32_t,16,64,128,256,128,1645.694000,1533.463250,-6.82
MATMUL,uint32_t,16,64,128,256,64,1656.169000,1537.336365,-7.18
MATMUL,uint32_t,16,64,256,16,8,228.258667,202.397156,-11.33
MATMUL,uint32_t,16,64,256,16,4,259.848333,214.513135,-17.45
MATMUL,uint32_t,16,64,256,16,16,215.354000,196.769751,-8.63
MATMUL,uint32_t,16,64,256,32,4,519.443667,428.921730,-17.43
MATMUL,uint32_t,16,64,256,32,8,456.257333,404.085246,-11.43
MATMUL,uint32_t,16,64,256,32,16,430.582667,393.452845,-8.62
MATMUL,uint32_t,16,64,256,32,32,419.174333,382.701965,-8.70
MATMUL,uint32_t,16,64,128,512,8,3655.880333,3235.118374,-11.51
MATMUL,uint32_t,16,64,256,64,4,1038.949000,857.743142,-17.44
MATMUL,uint32_t,16,64,256,64,8,912.593667,808.062891,-11.45
MATMUL,uint32_t,16,64,128,512,4,4164.906000,3428.562831,-17.68
MATMUL,uint32_t,16,64,256,64,16,861.026000,786.761307,-8.63
MATMUL,uint32_t,16,64,128,512,16,3448.142000,3149.561086,-8.66
MATMUL,uint32_t,16,64,128,512,32,3355.077667,3062.895888,-8.71
MATMUL,uint32_t,16,64,128,512,64,3312.086333,3074.463216,-7.17
MATMUL,uint32_t,16,64,128,512,128,3290.981000,3066.814923,-6.81
MATMUL,uint32_t,16,64,256,64,32,838.101000,765.286909,-8.69
MATMUL,uint32_t,16,64,256,64,64,827.546000,768.190556,-7.17
MATMUL,uint32_t,16,64,256,128,4,2077.351667,1715.373504,-17.42
MATMUL,uint32_t,16,64,256,128,16,1722.021333,1573.385487,-8.63
MATMUL,uint32_t,16,64,256,128,8,1824.640000,1616.020638,-11.43
MATMUL,uint32_t,16,64,256,128,32,1676.326000,1530.383062,-8.71
MATMUL,uint32_t,16,64,256,128,64,1654.793667,1536.166959,-7.17
MATMUL,uint32_t,16,64,256,128,128,1644.164667,1532.338077,-6.80
MATMUL,uint32_t,16,64,256,256,8,3650.093333,3231.934796,-11.46
MATMUL,uint32_t,16,64,256,256,4,4155.115333,3430.649876,-17.44
MATMUL,uint32_t,16,64,256,256,16,3442.902000,3146.664558,-8.60
MATMUL,uint32_t,16,64,256,256,64,3309.401667,3072.137642,-7.17
MATMUL,uint32_t,16,64,256,256,128,3288.884000,3064.461066,-6.82
MATMUL,uint32_t,16,64,256,256,32,3351.462667,3060.724614,-8.67
MATMUL,uint32_t,16,64,512,16,8,455.900667,404.302335,-11.32
MATMUL,uint32_t,16,64,512,16,4,518.826667,427.671981,-17.57
MATMUL,uint32_t,16,64,512,16,16,430.318667,393.292914,-8.60
MATMUL,uint32_t,16,64,512,32,4,1037.296333,855.258617,-17.55
MATMUL,uint32_t,16,64,512,32,8,911.635333,808.508183,-11.31
MATMUL,uint32_t,16,64,512,32,16,860.333333,786.466325,-8.59
MATMUL,uint32_t,16,64,512,32,32,837.598333,764.980951,-8.67
MATMUL,uint32_t,16,64,256,512,8,7298.348000,6463.748759,-11.44
MATMUL,uint32_t,16,64,512,64,4,2074.652000,1710.374737,-17.56
MATMUL,uint32_t,16,64,512,64,8,1822.999667,1616.903997,-11.31
MATMUL,uint32_t,16,64,256,512,4,8310.459000,6861.198999,-17.44
MATMUL,uint32_t,16,64,256,512,16,6885.949000,6293.222675,-8.61
MATMUL,uint32_t,16,64,512,64,16,1720.657333,1572.956211,-8.58
MATMUL,uint32_t,16,64,256,512,32,6703.500333,6121.317994,-8.68
MATMUL,uint32_t,16,64,256,512,64,6617.344333,6144.164069,-7.15
MATMUL,uint32_t,16,64,512,64,32,1675.180333,1529.810387,-8.68
MATMUL,uint32_t,16,64,256,512,128,6577.149333,6128.594496,-6.82
MATMUL,uint32_t,16,64,512,64,64,1653.730333,1535.554561,-7.15
MATMUL,uint32_t,16,64,512,128,4,4149.447000,3420.665595,-17.56
MATMUL,uint32_t,16,64,512,128,16,3440.843000,3145.808455,-8.57
MATMUL,uint32_t,16,64,512,128,32,3350.468667,3059.371866,-8.69
MATMUL,uint32_t,16,64,512,128,8,3646.865667,3233.711496,-11.33
MATMUL,uint32_t,16,64,512,128,64,3307.352333,3070.921111,-7.15
MATMUL,uint32_t,16,64,512,128,128,3286.922000,3063.333464,-6.80
MATMUL,uint32_t,16,64,512,256,8,7291.680667,6467.246540,-11.31
MATMUL,uint32_t,16,64,512,256,4,8297.763333,6841.198291,-17.55
MATMUL,uint32_t,16,64,512,256,128,6573.823667,6126.386260,-6.81
MATMUL,uint32_t,16,64,512,256,32,6701.374000,6118.617188,-8.70
MATMUL,uint32_t,16,64,512,256,64,6616.355667,6141.794775,-7.17
MATMUL,uint32_t,16,64,512,256,16,6882.814333,6291.513790,-8.59
MATMUL,uint32_t,16,128,16,16,4,33.896667,27.248066,-19.61
MATMUL,uint32_t,16,128,16,16,8,29.460000,25.658465,-12.90
MATMUL,uint32_t,16,128,16,16,16,27.595667,24.979490,-9.48
MATMUL,uint32_t,16,128,16,32,4,67.623667,54.177134,-19.88
MATMUL,uint32_t,16,128,16,32,8,58.722667,51.202045,-12.81
MATMUL,uint32_t,16,128,16,32,16,55.018667,49.827772,-9.43
MATMUL,uint32_t,16,128,16,64,4,135.020333,108.298415,-19.79
MATMUL,uint32_t,16,128,16,64,8,117.268000,102.264710,-12.79
MATMUL,uint32_t,16,128,16,64,16,109.847333,99.554631,-9.37
MATMUL,uint32_t,16,128,16,128,4,269.855333,216.394404,-19.81
MATMUL,uint32_t,16,128,16,128,8,234.328333,204.351200,-12.79
MATMUL,uint32_t,16,128,16,128,16,219.470667,198.962870,-9.34
MATMUL,uint32_t,16,128,16,256,4,539.473333,432.673294,-19.80
MATMUL,uint32_t,16,128,16,256,8,468.400333,408.487616,-12.79
MATMUL,uint32_t,16,128,16,256,16,438.711667,397.786714,-9.33
MATMUL,uint32_t,16,128,16,512,4,1078.543333,865.224822,-19.78
MATMUL,uint32_t,16,128,16,512,8,936.692667,816.872346,-12.79
MATMUL,uint32_t,16,128,32,16,4,66.265667,53.864073,-18.71
MATMUL,uint32_t,16,128,32,16,8,57.921000,50.955736,-12.03
MATMUL,uint32_t,16,128,32,16,16,54.471333,49.549953,-9.03
MATMUL,uint32_t,16,128,32,32,4,132.349000,107.579398,-18.72
MATMUL,uint32_t,16,128,16,512,16,877.388000,795.560196,-9.33
MATMUL,uint32_t,16,128,32,32,8,115.655667,101.610782,-12.14
MATMUL,uint32_t,16,128,32,32,16,108.772333,98.948811,-9.03
MATMUL,uint32_t,16,128,32,32,32,105.669000,96.439083,-8.73
MATMUL,uint32_t,16,128,32,64,8,231.120000,203.077974,-12.13
MATMUL,uint32_t,16,128,32,64,4,264.523333,215.070986,-18.69
MATMUL,uint32_t,16,128,32,64,16,217.295667,197.797267,-8.97
MATMUL,uint32_t,16,128,32,64,32,211.101000,192.680028,-8.73
MATMUL,uint32_t,16,128,32,128,8,462.024000,406.103074,-12.10
MATMUL,uint32_t,16,128,32,128,4,528.781333,430.029193,-18.68
MATMUL,uint32_t,16,128,32,128,16,434.471000,395.371496,-9.00
MATMUL,uint32_t,16,128,32,128,32,422.038667,385.215238,-8.73
MATMUL,uint32_t,16,128,32,256,8,923.766667,811.968119,-12.10
MATMUL,uint32_t,16,128,32,256,4,1057.462333,859.948767,-18.68
MATMUL,uint32_t,16,128,32,256,16,868.513667,790.806291,-8.95
MATMUL,uint32_t,16,128,32,256,32,843.992333,770.325777,-8.73
MATMUL,uint32_t,16,64,512,512,8,14585.524000,12934.326862,-11.32
MATMUL,uint32_t,16,128,32,512,8,1847.432667,1623.826857,-12.10
MATMUL,uint32_t,16,128,32,512,4,2114.724333,1719.784976,-18.68
MATMUL,uint32_t,16,128,64,16,4,130.993000,107.142556,-18.21
MATMUL,uint32_t,16,128,64,16,8,114.859333,101.137065,-11.95
MATMUL,uint32_t,16,128,32,512,16,1736.897333,1581.493954,-8.95
MATMUL,uint32_t,16,128,64,16,16,108.220333,98.594899,-8.89
MATMUL,uint32_t,16,64,512,512,4,16595.596000,13682.293485,-17.55
MATMUL,uint32_t,16,128,64,32,4,261.850333,214.257058,-18.18
MATMUL,uint32_t,16,128,64,32,16,216.239000,197.087817,-8.86
MATMUL,uint32_t,16,128,64,32,8,229.476000,202.084217,-11.94
MATMUL,uint32_t,16,128,64,32,32,210.261667,191.855525,-8.75
MATMUL,uint32_t,16,128,64,64,8,458.763667,404.102785,-11.91
MATMUL,uint32_t,16,128,64,64,4,523.564333,428.397320,-18.18
MATMUL,uint32_t,16,128,64,64,16,432.261667,394.056959,-8.84
MATMUL,uint32_t,16,128,32,512,32,1687.817667,1540.581667,-8.72
MATMUL,uint32_t,16,64,512,512,16,13765.647000,12582.932889,-8.59
MATMUL,uint32_t,16,128,64,64,32,420.505667,383.579560,-8.78
MATMUL,uint32_t,16,128,64,64,64,414.884667,385.082432,-7.18
MATMUL,uint32_t,16,64,512,512,32,13399.945000,12237.102312,-8.68
MATMUL,uint32_t,16,128,64,128,8,917.533000,808.178166,-11.92
MATMUL,uint32_t,16,128,64,128,4,1046.737667,856.676184,-18.16
MATMUL,uint32_t,16,128,64,128,16,864.331000,788.400328,-8.78
MATMUL,uint32_t,16,128,64,128,32,840.778333,767.074984,-8.77
MATMUL,uint32_t,16,128,64,128,64,829.477333,769.910421,-7.18
MATMUL,uint32_t,16,64,512,512,128,13149.564000,12252.543424,-6.82
MATMUL,uint32_t,16,64,512,512,64,13230.650333,12283.788664,-7.16
MATMUL,uint32_t,16,128,64,256,8,1834.643667,1616.196799,-11.91
MATMUL,uint32_t,16,128,64,256,16,1728.224333,1576.132944,-8.80
MATMUL,uint32_t,16,128,64,256,32,1681.237667,1533.968866,-8.76
MATMUL,uint32_t,16,128,64,256,64,1658.966333,1539.681958,-7.19
MATMUL,uint32_t,16,128,64,256,4,2093.435667,1713.240526,-18.16
MATMUL,uint32_t,16,128,128,16,4,260.581000,214.402301,-17.72
MATMUL,uint32_t,16,128,128,16,8,228.708333,202.308307,-11.54
MATMUL,uint32_t,16,128,128,16,16,215.659667,196.867367,-8.71
MATMUL,uint32_t,16,128,128,32,16,431.129000,393.852009,-8.65
MATMUL,uint32_t,16,128,128,32,8,457.236333,404.700487,-11.49
MATMUL,uint32_t,16,128,128,32,4,520.919000,428.680635,-17.71
MATMUL,uint32_t,16,128,128,32,32,419.610000,382.973883,-8.73
MATMUL,uint32_t,16,128,128,64,8,914.151000,808.869096,-11.52
MATMUL,uint32_t,16,128,128,64,4,1041.593667,857.236683,-17.70
MATMUL,uint32_t,16,128,128,64,16,862.213667,787.423253,-8.67
MATMUL,uint32_t,16,128,64,512,16,3456.252000,3151.943051,-8.80
MATMUL,uint32_t,16,128,64,512,8,3668.351333,3232.321992,-11.89
MATMUL,uint32_t,16,128,64,512,4,4186.365000,3426.368428,-18.15
MATMUL,uint32_t,16,128,128,64,32,839.132667,765.891913,-8.73
MATMUL,uint32_t,16,128,128,64,64,828.265000,768.707980,-7.19
MATMUL,uint32_t,16,128,64,512,64,3317.960000,3079.323696,-7.19
MATMUL,uint32_t,16,128,64,512,32,3361.674667,3067.790155,-8.74
MATMUL,uint32_t,16,128,128,128,8,1827.898333,1617.621755,-11.50
MATMUL,uint32_t,16,128,128,128,16,1723.800000,1574.730695,-8.65
MATMUL,uint32_t,16,128,128,128,32,1677.619333,1531.519245,-8.71
MATMUL,uint32_t,16,128,128,128,4,2082.987667,1714.359001,-17.70
MATMUL,uint32_t,16,128,128,128,64,1656.361000,1537.301464,-7.19
MATMUL,uint32_t,16,128,128,128,128,1645.437667,1533.573860,-6.80
MATMUL,uint32_t,16,128,128,256,8,3655.976000,3235.124939,-11.51
MATMUL,uint32_t,16,128,128,256,4,4165.130333,3428.583959,-17.68
MATMUL,uint32_t,16,128,128,256,64,3312.325000,3074.530851,-7.18
MATMUL,uint32_t,16,128,128,256,32,3355.635667,3063.217325,-8.71
MATMUL,uint32_t,16,128,128,256,128,3291.236333,3066.745411,-6.82
MATMUL,uint32_t,16,128,128,256,16,3447.681333,3149.569691,-8.65
MATMUL,uint32_t,16,128,256,16,8,456.390000,404.702521,-11.33
MATMUL,uint32_t,16,128,256,16,4,519.568667,428.938875,-17.44
MATMUL,uint32_t,16,128,256,16,16,430.583000,393.443625,-8.63
MATMUL,uint32_t,16,128,256,32,4,1038.798667,857.756344,-17.43
MATMUL,uint32_t,16,128,256,32,8,912.701000,808.077213,-11.46
MATMUL,uint32_t,16,128,256,32,16,861.124333,786.810790,-8.63
MATMUL,uint32_t,16,128,256,32,32,838.129333,765.274749,-8.69
MATMUL,uint32_t,16,128,128,512,8,7312.768333,6470.145499,-11.52
MATMUL,uint32_t,16,128,256,64,4,2077.420667,1715.399365,-17.43
MATMUL,uint32_t,16,128,256,64,8,1825.159000,1616.032413,-11.46
MATMUL,uint32_t,16,128,128,512,4,8330.342333,6857.035574,-17.69
MATMUL,uint32_t,16,128,256,64,16,1722.073667,1573.426661,-8.63
MATMUL,uint32_t,16,128,128,512,16,6895.608000,6299.028223,-8.65
MATMUL,uint32_t,16,128,128,512,32,6709.973000,6125.674947,-8.71
MATMUL,uint32_t,16,128,256,64,32,1676.200000,1530.456022,-8.69
MATMUL,uint32_t,16,128,128,512,128,6582.102333,6133.425454,-6.82
MATMUL,uint32_t,16,128,256,64,64,1654.876000,1536.243853,-7.17
MATMUL,uint32_t,16,128,128,512,64,6623.188333,6148.790596,-7.16
MATMUL,uint32_t,16,128,256,128,4,4155.064333,3430.660109,-17.43
MATMUL,uint32_t,16,128,256,128,8,3650.058000,3231.948384,-11.45
MATMUL,uint32_t,16,128,256,128,16,3443.878000,3146.674838,-8.63
MATMUL,uint32_t,16,128,256,128,128,3288.554333,3064.460032,-6.81
MATMUL,uint32_t,16,128,256,128,64,3309.363333,3072.202838,-7.17
MATMUL,uint32_t,16,128,256,128,32,3352.253667,3060.643309,-8.70
MATMUL,uint32_t,16,128,256,256,8,7298.482667,6463.776571,-11.44
MATMUL,uint32_t,16,128,256,256,4,8310.448333,6861.212904,-17.44
MATMUL,uint32_t,16,128,256,256,16,6887.481333,6293.232956,-8.63
MATMUL,uint32_t,16,128,256,256,32,6704.810667,6121.323487,-8.70
MATMUL,uint32_t,16,128,256,256,64,6618.714000,6144.142438,-7.17
MATMUL,uint32_t,16,128,256,256,128,6575.668333,6128.718046,-6.80
MATMUL,uint32_t,16,128,512,16,8,911.668000,808.509763,-11.32
MATMUL,uint32_t,16,128,512,16,4,1037.632333,855.255848,-17.58
MATMUL,uint32_t,16,128,512,16,16,860.489333,786.491053,-8.60
MATMUL,uint32_t,16,128,512,32,4,2075.167667,1710.429533,-17.58
MATMUL,uint32_t,16,128,512,32,8,1823.255667,1616.917864,-11.32
MATMUL,uint32_t,16,128,512,32,16,1720.625000,1572.837691,-8.59
MATMUL,uint32_t,16,128,512,32,32,1675.271667,1529.833763,-8.68
MATMUL,uint32_t,16,128,256,512,8,14597.503667,12927.404566,-11.44
MATMUL,uint32_t,16,128,512,64,4,4148.885667,3420.662821,-17.55
MATMUL,uint32_t,16,128,512,64,8,3646.087667,3233.714490,-11.31
MATMUL,uint32_t,16,128,256,512,4,16617.722333,13722.311165,-17.42
MATMUL,uint32_t,16,128,256,512,16,13771.448333,12586.349181,-8.61
MATMUL,uint32_t,16,128,512,64,16,3441.806667,3145.818832,-8.60
MATMUL,uint32_t,16,128,256,512,32,13408.119000,12242.510248,-8.69
MATMUL,uint32_t,16,128,512,64,32,3350.729667,3059.492153,-8.69
MATMUL,uint32_t,16,128,512,64,64,3307.549000,3070.977837,-7.15
MATMUL,uint32_t,16,128,256,512,64,13237.873667,12288.195369,-7.17
MATMUL,uint32_t,16,128,256,512,128,13154.956333,12256.994499,-6.83
MATMUL,uint32_t,16,128,512,128,4,8298.866667,6841.244516,-17.56
MATMUL,uint32_t,16,128,512,128,16,6882.045333,6291.523246,-8.58
MATMUL,uint32_t,16,128,512,128,8,7292.287667,6467.330752,-11.31
MATMUL,uint32_t,16,128,512,128,32,6701.671000,6118.621820,-8.70
MATMUL,uint32_t,16,128,512,128,64,6616.380000,6141.717623,-7.17
MATMUL,uint32_t,16,128,512,128,128,6574.927000,6126.465159,-6.82
MATMUL,uint32_t,16,128,512,256,8,14584.253333,12934.400878,-11.31
MATMUL,uint32_t,16,128,512,256,4,16596.687000,13682.309876,-17.56
MATMUL,uint32_t,16,128,512,256,128,13149.197000,12252.563878,-6.82
MATMUL,uint32_t,16,128,512,256,64,13229.978000,12283.459881,-7.15
MATMUL,uint32_t,16,128,512,256,32,13402.148667,12237.112397,-8.69
MATMUL,uint32_t,16,128,512,256,16,13764.173333,12582.933978,-8.58
MATMUL,uint32_t,16,256,16,16,4,67.707333,54.400507,-19.65
MATMUL,uint32_t,16,256,16,16,16,55.082333,49.862854,-9.48
MATMUL,uint32_t,16,256,16,16,8,58.812333,51.215571,-12.92
MATMUL,uint32_t,16,256,16,32,8,117.370667,102.305822,-12.84
MATMUL,uint32_t,16,256,16,32,4,135.117333,108.258372,-19.88
MATMUL,uint32_t,16,256,16,32,16,109.935000,99.554350,-9.44
MATMUL,uint32_t,16,256,16,64,4,269.966000,216.501361,-19.80
MATMUL,uint32_t,16,256,16,64,8,234.389333,204.428438,-12.78
MATMUL,uint32_t,16,256,16,64,16,219.559667,199.010150,-9.36
MATMUL,uint32_t,16,256,16,128,4,539.560000,432.693790,-19.81
MATMUL,uint32_t,16,256,16,128,8,468.540333,408.603234,-12.79
MATMUL,uint32_t,16,256,16,128,16,438.895333,397.823836,-9.36
MATMUL,uint32_t,16,256,16,256,4,1078.749667,865.251559,-19.79
MATMUL,uint32_t,16,256,16,256,8,936.566333,816.875068,-12.78
MATMUL,uint32_t,16,256,16,256,16,877.358667,795.470645,-9.33
MATMUL,uint32_t,16,256,16,512,4,2157.185333,1730.354598,-19.79
MATMUL,uint32_t,16,256,16,512,8,1873.250000,1633.644476,-12.79
MATMUL,uint32_t,16,256,32,16,4,132.446000,107.635188,-18.73
MATMUL,uint32_t,16,256,32,16,8,115.738667,101.817571,-12.03
MATMUL,uint32_t,16,256,32,16,16,108.857333,98.999067,-9.06
MATMUL,uint32_t,16,256,32,32,4,264.576000,215.065743,-18.71
MATMUL,uint32_t,16,256,32,32,8,231.217333,203.126890,-12.15
MATMUL,uint32_t,16,256,16,512,16,1754.341667,1591.020412,-9.31
MATMUL,uint32_t,16,256,32,32,16,217.356000,197.796916,-9.00
MATMUL,uint32_t,16,256,32,32,32,211.206000,192.776398,-8.73
MATMUL,uint32_t,16,256,32,64,4,528.811667,430.049474,-18.68
MATMUL,uint32_t,16,256,32,64,8,462.140667,406.060923,-12.13
MATMUL,uint32_t,16,256,32,64,16,434.538667,395.494486,-8.99
MATMUL,uint32_t,16,256,32,64,32,422.179333,385.237877,-8.75
MATMUL,uint32_t,16,256,32,128,4,1057.387333,859.965855,-18.67
MATMUL,uint32_t,16,256,32,128,8,923.843667,812.110667,-12.09
MATMUL,uint32_t,16,256,32,128,16,868.767333,790.641592,-8.99
MATMUL,uint32_t,16,256,32,128,32,844.140667,770.310540,-8.75
MATMUL,uint32_t,16,256,32,256,8,1847.339667,1623.840497,-12.10
MATMUL,uint32_t,16,256,32,256,4,2114.244667,1719.805024,-18.66
MATMUL,uint32_t,16,256,32,256,16,1737.169667,1581.511663,-8.96
MATMUL,uint32_t,16,256,32,256,32,1687.840333,1540.533154,-8.73
MATMUL,uint32_t,16,128,512,512,8,29170.538000,25868.561088,-11.32
MATMUL,uint32_t,16,256,32,512,8,3695.005667,3247.558244,-12.11
MATMUL,uint32_t,16,256,32,512,4,4229.447000,3439.477486,-18.68
MATMUL,uint32_t,16,256,64,16,4,261.970667,214.194310,-18.24
MATMUL,uint32_t,16,256,64,16,8,229.587000,202.179981,-11.94
MATMUL,uint32_t,16,256,64,16,16,216.318667,197.095510,-8.89
MATMUL,uint32_t,16,256,64,32,4,523.586667,428.423428,-18.18
MATMUL,uint32_t,16,256,32,512,16,3473.668667,3162.888014,-8.95
MATMUL,uint32_t,16,128,512,512,4,33194.294333,27364.500325,-17.56
MATMUL,uint32_t,16,256,64,32,8,458.975667,404.075455,-11.96
MATMUL,uint32_t,16,256,64,32,16,432.391667,394.078865,-8.86
MATMUL,uint32_t,16,256,64,32,32,420.499333,383.588782,-8.78
MATMUL,uint32_t,16,256,32,512,32,3375.324000,3081.046710,-8.72
MATMUL,uint32_t,16,256,64,64,8,917.624667,808.111672,-11.93
MATMUL,uint32_t,16,256,64,64,4,1046.980000,856.704213,-18.17
MATMUL,uint32_t,16,256,64,64,16,864.341333,788.019072,-8.83
MATMUL,uint32_t,16,256,64,64,32,840.634000,767.038509,-8.75
MATMUL,uint32_t,16,256,64,64,64,829.729000,770.035760,-7.19
MATMUL,uint32_t,16,128,512,512,16,27528.814333,25165.772617,-8.58
MATMUL,uint32_t,16,256,64,128,4,2093.243333,1713.261982,-18.15
MATMUL,uint32_t,16,256,64,128,8,1834.993667,1616.263419,-11.92
MATMUL,uint32_t,16,128,512,512,32,26802.838000,24474.082643,-8.69
MATMUL,uint32_t,16,256,64,128,32,1681.381000,1534.030521,-8.76
MATMUL,uint32_t,16,256,64,128,16,1728.600333,1576.705062,-8.79
MATMUL,uint32_t,16,256,64,128,64,1658.753333,1539.685415,-7.18
MATMUL,uint32_t,16,128,512,512,128,26294.090000,24504.887867,-6.80
MATMUL,uint32_t,16,128,512,512,64,26463.117667,24567.442123,-7.16
MATMUL,uint32_t,16,256,64,256,8,3668.599000,3232.299942,-11.89
MATMUL,uint32_t,16,256,64,256,64,3317.864333,3079.227935,-7.19
MATMUL,uint32_t,16,256,64,256,32,3361.791333,3067.818484,-8.74
MATMUL,uint32_t,16,256,64,256,16,3456.270333,3152.169188,-8.80
MATMUL,uint32_t,16,256,64,256,4,4187.292333,3426.390758,-18.17
MATMUL,uint32_t,16,256,128,16,4,520.970333,428.714145,-17.71
MATMUL,uint32_t,16,256,128,16,8,457.309000,404.524313,-11.54
MATMUL,uint32_t,16,256,128,16,16,431.225667,393.640702,-8.72
MATMUL,uint32_t,16,256,128,32,8,914.289333,809.308533,-11.48
MATMUL,uint32_t,16,256,128,32,4,1041.693000,857.270894,-17.70
MATMUL,uint32_t,16,256,128,32,16,862.387667,787.613266,-8.67
MATMUL,uint32_t,16,256,128,32,32,839.045333,765.833340,-8.73
MATMUL,uint32_t,16,256,128,64,8,1828.527667,1617.646411,-11.53
MATMUL,uint32_t,16,256,128,64,4,2083.302333,1714.383166,-17.71
MATMUL,uint32_t,16,256,128,64,16,1724.264000,1574.751239,-8.67
MATMUL,uint32_t,16,256,64,512,16,6912.736000,6303.790297,-8.81
MATMUL,uint32_t,16,256,128,64,32,1677.921000,1531.659688,-8.72
MATMUL,uint32_t,16,256,64,512,4,8372.966000,6852.646609,-18.16
MATMUL,uint32_t,16,256,128,64,64,1656.101000,1537.284799,-7.17
MATMUL,uint32_t,16,256,64,512,8,7336.677667,6464.550779,-11.89
MATMUL,uint32_t,16,256,64,512,32,6723.477667,6135.459543,-8.75
MATMUL,uint32_t,16,256,64,512,64,6634.282000,6158.517681,-7.17
MATMUL,uint32_t,16,256,128,128,4,4165.590333,3428.627862,-17.69
MATMUL,uint32_t,16,256,128,128,32,3355.822333,3062.917086,-8.73
MATMUL,uint32_t,16,256,128,128,16,3448.247000,3149.366044,-8.67
MATMUL,uint32_t,16,256,128,128,64,3312.490000,3074.469240,-7.19
MATMUL,uint32_t,16,256,128,128,128,3290.598333,3066.983389,-6.80
MATMUL,uint32_t,16,256,128,128,8,3656.191333,3235.151983,-11.52
MATMUL,uint32_t,16,256,128,256,8,7311.692333,6470.158451,-11.51
MATMUL,uint32_t,16,256,128,256,4,8330.061000,6857.077831,-17.68
MATMUL,uint32_t,16,256,128,256,16,6894.670667,6299.045362,-8.64
MATMUL,uint32_t,16,256,128,256,128,6580.971333,6133.309615,-6.80
MATMUL,uint32_t,16,256,128,256,64,6623.621333,6148.919823,-7.17
MATMUL,uint32_t,16,256,128,256,32,6710.710667,6126.311573,-8.71
MATMUL,uint32_t,16,256,256,16,8,912.754000,809.313222,-11.33
MATMUL,uint32_t,16,256,256,16,4,1038.908667,857.790347,-17.43
MATMUL,uint32_t,16,256,256,16,16,861.206667,786.791519,-8.64
MATMUL,uint32_t,16,256,256,32,4,2077.625333,1715.425571,-17.43
MATMUL,uint32_t,16,256,256,32,8,1824.858667,1616.061148,-11.44
MATMUL,uint32_t,16,256,256,32,16,1721.736667,1573.526680,-8.61
MATMUL,uint32_t,16,256,256,32,32,1676.140333,1530.420348,-8.69
MATMUL,uint32_t,16,256,128,512,8,14623.093333,12940.199748,-11.51
MATMUL,uint32_t,16,256,256,64,4,4154.355333,3430.711805,-17.42
MATMUL,uint32_t,16,256,256,64,8,3649.667000,3231.971458,-11.44
MATMUL,uint32_t,16,256,128,512,4,16662.006667,13713.981060,-17.69
MATMUL,uint32_t,16,256,256,64,16,3443.973333,3146.757370,-8.63
MATMUL,uint32_t,16,256,128,512,16,13790.706667,12597.962496,-8.65
MATMUL,uint32_t,16,256,128,512,32,13422.199000,12251.233066,-8.72
MATMUL,uint32_t,16,256,256,64,32,3351.771333,3060.794247,-8.68
MATMUL,uint32_t,16,256,256,64,64,3308.995333,3072.350397,-7.15
MATMUL,uint32_t,16,256,128,512,64,13247.407667,12297.445357,-7.17
MATMUL,uint32_t,16,256,128,512,128,13163.875667,12266.646516,-6.82
MATMUL,uint32_t,16,256,256,128,4,8308.179667,6861.233320,-17.42
MATMUL,uint32_t,16,256,256,128,8,7298.644333,6463.803875,-11.44
MATMUL,uint32_t,16,256,256,128,16,6887.598000,6293.253541,-8.63
MATMUL,uint32_t,16,256,256,128,128,6576.972333,6128.704231,-6.82
MATMUL,uint32_t,16,256,256,128,64,6619.051667,6144.274596,-7.17
MATMUL,uint32_t,16,256,256,128,32,6703.499667,6121.163802,-8.69
MATMUL,uint32_t,16,256,256,256,8,14597.615667,12927.460121,-11.44
MATMUL,uint32_t,16,256,256,256,4,16620.768667,13722.338939,-17.44
MATMUL,uint32_t,16,256,256,256,16,13773.261000,12586.369753,-8.62
MATMUL,uint32_t,16,256,256,256,32,13408.075000,12242.521231,-8.69
MATMUL,uint32_t,16,256,256,256,64,13236.749000,12288.152030,-7.17
MATMUL,uint32_t,16,256,256,256,128,13153.356333,12257.232005,-6.81
MATMUL,uint32_t,16,256,512,16,8,1823.115000,1616.924619,-11.31
MATMUL,uint32_t,16,256,512,16,4,2074.757333,1710.423539,-17.56
MATMUL,uint32_t,16,256,512,16,16,1720.823667,1572.887676,-8.60
MATMUL,uint32_t,16,256,512,32,4,4148.847000,3420.771322,-17.55
MATMUL,uint32_t,16,256,512,32,8,3646.262000,3233.737225,-11.31
MATMUL,uint32_t,16,256,512,32,16,3441.647667,3145.580424,-8.60
MATMUL,uint32_t,16,256,512,32,32,3350.224333,3059.539475,-8.68
MATMUL,uint32_t,16,256,256,512,8,29193.974333,25854.716181,-11.44
MATMUL,uint32_t,16,256,512,64,4,8300.043333,6841.238989,-17.58
MATMUL,uint32_t,16,256,512,64,8,7291.917000,6467.335475,-11.31
MATMUL,uint32_t,16,256,256,512,4,33240.585333,27444.535476,-17.44
MATMUL,uint32_t,16,256,256,512,16,27541.972000,25172.602192,-8.60
MATMUL,uint32_t,16,256,512,64,16,6882.274333,6291.544074,-8.58
MATMUL,uint32_t,16,256,256,512,32,26813.540667,24484.894755,-8.68
MATMUL,uint32_t,16,256,512,64,32,6701.113000,6118.855684,-8.69
MATMUL,uint32_t,16,256,512,64,64,6614.643667,6141.824408,-7.15
MATMUL,uint32_t,16,256,256,512,64,26469.824000,24576.257969,-7.15
MATMUL,uint32_t,16,256,256,512,128,26306.456333,24513.794505,-6.81
MATMUL,uint32_t,16,256,512,128,4,16597.797333,13682.402359,-17.56
MATMUL,uint32_t,16,256,512,128,16,13766.342333,12582.952829,-8.60
MATMUL,uint32_t,16,256,512,128,8,14583.250333,12934.569263,-11.31
MATMUL,uint32_t,16,256,512,128,32,13401.319000,12237.121730,-8.69
MATMUL,uint32_t,16,256,512,128,64,13230.113333,12283.310648,-7.16
MATMUL,uint32_t,16,256,512,128,128,13146.907667,12252.728678,-6.80
MATMUL,uint32_t,16,256,512,256,8,29172.165000,25868.709555,-11.32
MATMUL,uint32_t,16,256,512,256,4,33196.791000,27364.533010,-17.57
MATMUL,uint32_t,16,256,512,256,128,26297.199000,24504.919114,-6.82
MATMUL,uint32_t,16,256,512,256,32,26800.935000,24474.102816,-8.68
MATMUL,uint32_t,16,256,512,256,64,26457.246333,24566.790092,-7.15
MATMUL,uint32_t,16,512,16,16,4,135.326667,108.705389,-19.67
MATMUL,uint32_t,16,256,512,256,16,27529.702667,25165.774354,-8.59
MATMUL,uint32_t,16,512,16,16,8,117.540333,102.329784,-12.94
MATMUL,uint32_t,16,512,16,16,16,110.121000,99.629582,-9.53
MATMUL,uint32_t,16,512,16,32,4,270.192667,216.420848,-19.90
MATMUL,uint32_t,16,512,16,32,8,234.564667,204.513377,-12.81
MATMUL,uint32_t,16,512,16,32,16,219.753667,199.007505,-9.44
MATMUL,uint32_t,16,512,16,64,4,539.785667,432.907252,-19.80
MATMUL,uint32_t,16,512,16,64,8,468.743333,408.755893,-12.80
MATMUL,uint32_t,16,512,16,64,16,438.989333,397.921187,-9.36
MATMUL,uint32_t,16,512,16,128,4,1078.969333,865.292562,-19.80
MATMUL,uint32_t,16,512,16,128,8,936.832000,817.107301,-12.78
MATMUL,uint32_t,16,512,16,128,16,877.636333,795.545768,-9.35
MATMUL,uint32_t,16,512,16,256,4,2157.628000,1730.408088,-19.80
MATMUL,uint32_t,16,512,16,256,8,1873.036667,1633.649972,-12.78
MATMUL,uint32_t,16,512,16,256,16,1754.453333,1590.838506,-9.33
MATMUL,uint32_t,16,512,16,512,4,4314.541000,3460.614150,-19.79
MATMUL,uint32_t,16,512,16,512,8,3745.661000,3267.188735,-12.77
MATMUL,uint32_t,16,512,32,16,4,264.780667,215.177418,-18.73
MATMUL,uint32_t,16,512,32,16,8,231.369667,203.541241,-12.03
MATMUL,uint32_t,16,512,32,16,16,217.579333,197.897296,-9.05
MATMUL,uint32_t,16,512,32,32,4,529.111333,430.038434,-18.72
MATMUL,uint32_t,16,512,32,32,8,462.370333,406.159105,-12.16
MATMUL,uint32_t,16,512,32,32,16,434.730667,395.493126,-9.03
MATMUL,uint32_t,16,512,16,512,16,3508.549667,3181.940842,-9.31
MATMUL,uint32_t,16,512,32,32,32,422.322000,385.451027,-8.73
MATMUL,uint32_t,16,512,32,64,4,1057.530000,860.006451,-18.68
MATMUL,uint32_t,16,512,32,64,8,924.047000,812.026821,-12.12
MATMUL,uint32_t,16,512,32,64,16,868.941667,790.888924,-8.98
MATMUL,uint32_t,16,512,32,64,32,844.226000,770.353575,-8.75
MATMUL,uint32_t,16,512,32,128,8,1847.830333,1624.125853,-12.11
MATMUL,uint32_t,16,512,32,128,4,2114.791333,1719.839179,-18.68
MATMUL,uint32_t,16,512,32,128,16,1737.022000,1581.181784,-8.97
MATMUL,uint32_t,16,512,32,128,32,1688.103000,1540.501145,-8.74
MATMUL,uint32_t,16,512,32,256,8,3694.842000,3247.585253,-12.10
MATMUL,uint32_t,16,512,32,256,4,4228.499333,3439.517538,-18.66
MATMUL,uint32_t,16,512,32,256,16,3474.334333,3162.922407,-8.96
MATMUL,uint32_t,16,512,32,256,32,3374.717000,3080.947907,-8.70
MATMUL,uint32_t,16,256,512,512,8,58338.374667,51737.029541,-11.32
MATMUL,uint32_t,16,512,32,512,8,7388.794000,6495.021017,-12.10
MATMUL,uint32_t,16,512,32,512,4,8458.336333,6878.862507,-18.67
MATMUL,uint32_t,16,512,64,16,4,523.791333,428.297818,-18.23
MATMUL,uint32_t,16,512,64,16,8,459.082000,404.265814,-11.94
MATMUL,uint32_t,16,512,64,16,16,432.507333,394.096733,-8.88
MATMUL,uint32_t,16,512,64,32,4,1046.992667,856.756169,-18.17
MATMUL,uint32_t,16,512,64,32,8,917.793000,808.057932,-11.96
MATMUL,uint32_t,16,512,32,512,16,6947.540667,6325.676134,-8.95
MATMUL,uint32_t,16,512,64,32,16,864.587333,788.060961,-8.85
MATMUL,uint32_t,16,256,512,512,4,66377.535667,54728.914007,-17.55
MATMUL,uint32_t,16,512,64,32,32,840.861000,767.055295,-8.78
MATMUL,uint32_t,16,512,32,512,32,6749.985667,6161.976796,-8.71
MATMUL,uint32_t,16,512,64,64,8,1834.665667,1616.129448,-11.91
MATMUL,uint32_t,16,512,64,64,16,1728.617333,1575.943299,-8.83
MATMUL,uint32_t,16,512,64,64,4,2093.565333,1713.318000,-18.16
MATMUL,uint32_t,16,512,64,64,32,1681.087333,1533.956407,-8.75
MATMUL,uint32_t,16,512,64,64,64,1659.163667,1539.942415,-7.19
MATMUL,uint32_t,16,256,512,512,16,55052.656667,50331.452073,-8.58
MATMUL,uint32_t,16,512,64,128,8,3669.061333,3232.433925,-11.90
MATMUL,uint32_t,16,512,64,128,4,4186.546000,3426.433578,-18.16
MATMUL,uint32_t,16,512,64,128,16,3456.556333,3153.314529,-8.77
MATMUL,uint32_t,16,512,64,128,32,3361.813333,3067.941593,-8.74
MATMUL,uint32_t,16,256,512,512,32,53607.058333,48948.043305,-8.69
MATMUL,uint32_t,16,512,64,128,64,3317.802000,3079.235402,-7.19
MATMUL,uint32_t,16,256,512,512,128,52596.067000,49009.576752,-6.82
MATMUL,uint32_t,16,256,512,512,64,52921.948000,49134.749042,-7.16
MATMUL,uint32_t,16,512,64,256,16,6913.570333,6304.241676,-8.81
MATMUL,uint32_t,16,512,64,256,8,7338.534333,6464.506228,-11.91
MATMUL,uint32_t,16,512,64,256,32,6723.892333,6135.517719,-8.75
MATMUL,uint32_t,16,512,64,256,4,8374.086000,6852.691222,-18.17
MATMUL,uint32_t,16,512,64,256,64,6635.586000,6158.319890,-7.19
MATMUL,uint32_t,16,512,128,16,4,1041.713000,857.337833,-17.70
MATMUL,uint32_t,16,512,128,16,8,914.464000,808.956325,-11.54
MATMUL,uint32_t,16,512,128,16,16,862.302333,787.187374,-8.71
MATMUL,uint32_t,16,512,128,32,8,1828.694333,1618.524625,-11.49
MATMUL,uint32_t,16,512,128,32,4,2083.028667,1714.451412,-17.69
MATMUL,uint32_t,16,512,128,32,16,1724.153333,1575.135780,-8.64
MATMUL,uint32_t,16,512,128,32,32,1677.985667,1531.552254,-8.73
MATMUL,uint32_t,16,512,128,64,8,3656.890333,3235.201041,-11.53
MATMUL,uint32_t,16,512,128,64,4,4165.997000,3428.676134,-17.70
MATMUL,uint32_t,16,512,128,64,16,3448.111000,3149.407211,-8.66
MATMUL,uint32_t,16,512,128,64,32,3356.095667,3063.195237,-8.73
MATMUL,uint32_t,16,512,128,64,64,3311.828333,3074.438437,-7.17
MATMUL,uint32_t,16,512,64,512,4,16743.930667,13705.202971,-18.15
MATMUL,uint32_t,16,512,64,512,16,13824.571333,12607.484790,-8.80
MATMUL,uint32_t,16,512,64,512,8,14674.841000,12929.008352,-11.90
MATMUL,uint32_t,16,512,64,512,64,13268.079000,12316.905651,-7.17
MATMUL,uint32_t,16,512,64,512,32,13447.162667,12270.798318,-8.75
MATMUL,uint32_t,16,512,128,128,4,8329.900000,6857.165583,-17.68
MATMUL,uint32_t,16,512,128,128,16,6895.852333,6298.636742,-8.66
MATMUL,uint32_t,16,512,128,128,8,7311.719333,6470.212438,-11.51
MATMUL,uint32_t,16,512,128,128,64,6623.749667,6148.804792,-7.17
MATMUL,uint32_t,16,512,128,128,32,6710.631000,6125.712769,-8.72
MATMUL,uint32_t,16,512,128,128,128,6582.090333,6133.802445,-6.81
MATMUL,uint32_t,16,512,128,256,8,14624.419000,12940.225476,-11.52
MATMUL,uint32_t,16,512,128,256,4,16659.588000,13714.065575,-17.68
MATMUL,uint32_t,16,512,128,256,16,13788.994000,12597.996704,-8.64
MATMUL,uint32_t,16,512,128,256,64,13248.266000,12297.697768,-7.18
MATMUL,uint32_t,16,512,128,256,32,13421.680667,12252.500070,-8.71
MATMUL,uint32_t,16,512,128,256,128,13163.331000,12266.438023,-6.81
MATMUL,uint32_t,16,512,256,16,8,1825.040333,1618.534624,-11.32
MATMUL,uint32_t,16,512,256,16,4,2078.029333,1715.493289,-17.45
MATMUL,uint32_t,16,512,256,16,16,1721.990333,1573.487308,-8.62
MATMUL,uint32_t,16,512,256,32,4,4155.497667,3430.764025,-17.44
MATMUL,uint32_t,16,512,256,32,8,3649.371333,3232.029017,-11.44
MATMUL,uint32_t,16,512,256,32,16,3443.539667,3146.958461,-8.61
MATMUL,uint32_t,16,512,256,32,32,3351.847333,3060.711544,-8.69
MATMUL,uint32_t,16,512,128,512,8,29250.197667,25880.308248,-11.52
MATMUL,uint32_t,16,512,256,64,4,8310.233667,6861.336686,-17.44
MATMUL,uint32_t,16,512,256,64,8,7298.947667,6463.849549,-11.44
MATMUL,uint32_t,16,512,128,512,4,33323.245000,27427.872032,-17.69
MATMUL,uint32_t,16,512,256,64,16,6887.747000,6293.418786,-8.63
MATMUL,uint32_t,16,512,128,512,16,27583.691000,25195.831044,-8.66
MATMUL,uint32_t,16,512,128,512,32,26838.921667,24502.349303,-8.71
MATMUL,uint32_t,16,512,256,64,32,6704.010333,6121.470698,-8.69
MATMUL,uint32_t,16,512,256,64,64,6617.497333,6144.563485,-7.15
MATMUL,uint32_t,16,512,128,512,64,26491.549333,24594.754877,-7.16
MATMUL,uint32_t,16,512,128,512,128,26327.092667,24533.088640,-6.81
MATMUL,uint32_t,16,512,256,128,4,16619.049667,13722.379742,-17.43
MATMUL,uint32_t,16,512,256,128,16,13774.112000,12586.410945,-8.62
MATMUL,uint32_t,16,512,256,128,8,14598.745667,12927.514857,-11.45
MATMUL,uint32_t,16,512,256,128,32,13409.104000,12242.204789,-8.70
MATMUL,uint32_t,16,512,256,128,64,13236.688333,12288.418113,-7.16
MATMUL,uint32_t,16,512,256,128,128,13152.358000,12257.192630,-6.81
MATMUL,uint32_t,16,512,256,256,8,29197.561667,25854.827219,-11.45
MATMUL,uint32_t,16,512,256,256,4,33232.146667,27444.591010,-17.42
MATMUL,uint32_t,16,512,256,256,16,27547.683667,25172.643347,-8.62
MATMUL,uint32_t,16,512,256,256,32,26816.198333,24484.916720,-8.69
MATMUL,uint32_t,16,512,256,256,128,26307.746333,24514.259923,-6.82
MATMUL,uint32_t,16,512,256,256,64,26475.143333,24576.171214,-7.17
MATMUL,uint32_t,16,512,512,16,8,3647.012333,3233.754331,-11.33
MATMUL,uint32_t,16,512,512,16,4,4149.850000,3420.758923,-17.57
MATMUL,uint32_t,16,512,512,16,16,3441.926667,3145.680922,-8.61
MATMUL,uint32_t,16,512,512,32,4,8299.947667,6841.454899,-17.57
MATMUL,uint32_t,16,512,512,32,8,7292.297667,6467.375948,-11.31
MATMUL,uint32_t,16,512,512,32,16,6883.298333,6291.065889,-8.60
MATMUL,uint32_t,16,512,512,32,32,6701.610333,6118.950900,-8.69
MATMUL,uint32_t,16,512,256,512,8,58383.637000,51709.339409,-11.43
MATMUL,uint32_t,16,512,512,64,4,16599.333333,13682.391325,-17.57
MATMUL,uint32_t,16,512,512,64,8,14583.958000,12934.577445,-11.31
MATMUL,uint32_t,16,512,256,512,4,66467.639000,54888.984099,-17.42
MATMUL,uint32_t,16,512,256,512,16,55088.984000,50345.108214,-8.61
MATMUL,uint32_t,16,512,512,64,16,13766.705000,12582.994559,-8.60
MATMUL,uint32_t,16,512,256,512,32,53627.551667,48969.663770,-8.69
MATMUL,uint32_t,16,512,512,64,64,13230.429667,12283.517550,-7.16
MATMUL,uint32_t,16,512,512,64,32,13400.130667,12237.582745,-8.68
MATMUL,uint32_t,16,512,256,512,128,52606.404667,49027.394517,-6.80
MATMUL,uint32_t,16,512,256,512,64,52937.593333,49152.383169,-7.15
MATMUL,uint32_t,16,512,512,128,4,33192.495333,27364.718045,-17.56
MATMUL,uint32_t,16,512,512,128,16,27532.549667,25165.811994,-8.60
MATMUL,uint32_t,16,512,512,128,32,26801.789000,24474.121549,-8.68
MATMUL,uint32_t,16,512,512,128,8,29173.620333,25869.046287,-11.33
MATMUL,uint32_t,16,512,512,128,128,26296.990000,24505.255715,-6.81
MATMUL,uint32_t,16,512,512,128,64,26460.745667,24566.496698,-7.16
MATMUL,uint32_t,16,512,512,256,8,58333.769000,51737.326908,-11.31
MATMUL,uint32_t,16,512,512,256,4,66384.060667,54728.979277,-17.56
MATMUL,uint32_t,16,512,512,256,32,53599.739000,48948.083653,-8.68
MATMUL,uint32_t,16,512,512,256,128,52596.175667,49009.629586,-6.82
MATMUL,uint32_t,16,512,512,256,64,52915.643667,49133.450515,-7.15
MATMUL,uint32_t,16,512,512,256,16,55053.620667,50331.455106,-8.58
MATMUL,uint32_t,16,512,512,512,8,116674.060667,103473.966447,-11.31
MATMUL,uint32_t,16,512,512,512,4,132766.560333,109457.741370,-17.56
MATMUL,uint32_t,16,512,512,512,16,110119.392000,100662.810986,-8.59
MATMUL,uint32_t,16,512,512,512,32,107199.104667,97895.964629,-8.68
MATMUL,uint32_t,16,512,512,512,128,105189.326000,98018.954522,-6.82
MATMUL,uint32_t,16,512,512,512,64,105836.207000,98269.362879,-7.15
