operation,data_type,thread,iteration,vec_length,n_length,buffer_size,measured,predicted,error_percent
MATMUL,uint32_t,1,16,16,16,16,2.466000,2.343707,-4.96
MATMUL,uint32_t,1,16,16,16,8,2.678667,2.515108,-6.11
MATMUL,uint32_t,1,16,16,16,4,3.125667,2.959606,-5.31
MATMUL,uint32_t,1,16,16,32,4,6.220000,5.846665,-6.00
MATMUL,uint32_t,1,16,16,32,16,4.879667,4.614866,-5.43
MATMUL,uint32_t,1,16,16,32,8,5.283333,4.957668,-6.16
MATMUL,uint32_t,1,16,16,64,8,10.474667,9.842788,-6.03
MATMUL,uint32_t,1,16,16,64,4,12.354333,11.620781,-5.94
MATMUL,uint32_t,1,16,16,64,16,9.705333,9.157184,-5.65
MATMUL,uint32_t,1,16,16,128,16,19.351667,18.241819,-5.74
MATMUL,uint32_t,1,16,16,128,4,24.645333,23.169014,-5.99
MATMUL,uint32_t,1,16,16,128,8,20.905667,19.613028,-6.18
MATMUL,uint32_t,1,16,16,256,16,38.633333,36.411090,-5.75
MATMUL,uint32_t,1,16,16,256,4,49.240667,46.265481,-6.04
MATMUL,uint32_t,1,16,16,256,8,41.725333,39.153508,-6.16
MATMUL,uint32_t,1,16,32,16,4,6.065667,5.735744,-5.44
MATMUL,uint32_t,1,16,32,16,8,5.202000,4.889435,-6.01
MATMUL,uint32_t,1,16,32,16,16,4.829333,4.567680,-5.42
MATMUL,uint32_t,1,16,32,32,8,10.410667,9.706322,-6.77
MATMUL,uint32_t,1,16,32,32,4,12.111000,11.398939,-5.88
MATMUL,uint32_t,1,16,16,512,4,98.460333,92.458413,-6.10
MATMUL,uint32_t,1,16,32,32,16,9.604333,9.062811,-5.64
MATMUL,uint32_t,1,16,32,32,32,9.270667,8.746203,-5.66
MATMUL,uint32_t,1,16,16,512,16,77.210667,72.749632,-5.78
MATMUL,uint32_t,1,16,16,512,8,83.412333,78.234468,-6.21
MATMUL,uint32_t,1,16,32,64,4,24.151667,22.725330,-5.91
MATMUL,uint32_t,1,16,32,64,16,19.156000,18.053074,-5.76
MATMUL,uint32_t,1,16,32,64,8,20.617667,19.340096,-6.20
MATMUL,uint32_t,1,16,32,64,32,18.502000,17.419858,-5.85
MATMUL,uint32_t,1,16,32,128,8,41.144000,38.607643,-6.16
MATMUL,uint32_t,1,16,32,128,4,48.256333,45.378112,-5.96
MATMUL,uint32_t,1,16,32,128,32,36.934667,34.767168,-5.87
MATMUL,uint32_t,1,16,32,128,16,38.246000,36.033600,-5.78
MATMUL,uint32_t,1,16,32,256,8,82.313000,77.142738,-6.28
MATMUL,uint32_t,1,16,32,256,16,76.417333,71.994651,-5.79
MATMUL,uint32_t,1,16,32,256,4,96.366667,90.683675,-5.90
MATMUL,uint32_t,1,16,32,256,32,73.803333,69.461787,-5.88
MATMUL,uint32_t,1,16,64,16,4,12.009000,11.288018,-6.00
MATMUL,uint32_t,1,16,64,16,16,9.543000,9.015625,-5.53
MATMUL,uint32_t,1,16,64,16,8,10.271000,9.638089,-6.16
MATMUL,uint32_t,1,16,64,32,4,23.988000,22.503488,-6.19
MATMUL,uint32_t,1,16,32,512,32,147.611000,138.851026,-5.93
MATMUL,uint32_t,1,16,32,512,16,152.734000,143.916754,-5.77
MATMUL,uint32_t,1,16,64,32,16,19.047333,17.958701,-5.72
MATMUL,uint32_t,1,16,64,32,8,20.487000,19.203629,-6.26
MATMUL,uint32_t,1,16,64,32,32,18.424333,17.347021,-5.85
MATMUL,uint32_t,1,16,32,512,8,164.469333,154.212928,-6.24
MATMUL,uint32_t,1,16,32,512,4,192.671000,181.294802,-5.90
MATMUL,uint32_t,1,16,64,64,4,47.887333,44.934427,-6.17
MATMUL,uint32_t,1,16,64,64,8,40.899333,38.334710,-6.27
MATMUL,uint32_t,1,16,64,64,64,36.209333,34.062916,-5.93
MATMUL,uint32_t,1,16,64,64,16,38.020667,35.844854,-5.72
MATMUL,uint32_t,1,16,64,64,32,36.792667,34.621494,-5.90
MATMUL,uint32_t,1,16,64,128,8,81.746667,76.596873,-6.30
MATMUL,uint32_t,1,16,64,128,4,95.661667,89.796306,-6.13
MATMUL,uint32_t,1,16,64,128,16,75.998667,71.617161,-5.77
MATMUL,uint32_t,1,16,64,128,32,73.533667,69.170441,-5.93
MATMUL,uint32_t,1,16,64,128,64,72.381667,68.053284,-5.98
MATMUL,uint32_t,1,16,64,256,16,151.894667,143.161773,-5.75
MATMUL,uint32_t,1,16,64,256,8,163.410667,153.121197,-6.30
MATMUL,uint32_t,1,16,64,256,4,191.430667,179.520064,-6.22
MATMUL,uint32_t,1,16,64,256,32,146.926667,138.268333,-5.89
MATMUL,uint32_t,1,16,64,256,64,144.703000,136.034020,-5.99
MATMUL,uint32_t,1,16,128,16,4,23.837000,22.392566,-6.06
MATMUL,uint32_t,1,16,128,16,8,20.412667,19.135396,-6.26
MATMUL,uint32_t,1,16,128,16,16,18.997000,17.911515,-5.71
MATMUL,uint32_t,1,16,128,32,4,47.574667,44.712585,-6.02
MATMUL,uint32_t,1,16,128,32,8,40.748000,38.198244,-6.26
MATMUL,uint32_t,1,16,128,32,16,37.948667,35.750482,-5.79
MATMUL,uint32_t,1,16,64,512,8,326.656667,306.169846,-6.27
MATMUL,uint32_t,1,16,64,512,16,303.755000,286.250998,-5.76
MATMUL,uint32_t,1,16,64,512,4,382.701667,358.967579,-6.20
MATMUL,uint32_t,1,16,128,32,32,36.728667,34.548658,-5.94
MATMUL,uint32_t,1,16,64,512,32,293.873667,276.464118,-5.92
MATMUL,uint32_t,1,16,64,512,64,289.320333,271.995492,-5.99
MATMUL,uint32_t,1,16,128,64,8,81.467333,76.323940,-6.31
MATMUL,uint32_t,1,16,128,64,4,95.174000,89.352621,-6.12
MATMUL,uint32_t,1,16,128,64,16,75.799000,71.428416,-5.77
MATMUL,uint32_t,1,16,128,64,32,73.363667,69.024768,-5.91
MATMUL,uint32_t,1,16,128,64,64,72.252000,67.929065,-5.98
MATMUL,uint32_t,1,16,128,128,16,151.512000,142.784283,-5.76
MATMUL,uint32_t,1,16,128,128,4,190.243000,178.632694,-6.10
MATMUL,uint32_t,1,16,128,128,8,162.824000,152.575332,-6.29
MATMUL,uint32_t,1,16,128,128,32,146.661000,137.976987,-5.92
MATMUL,uint32_t,1,16,128,128,64,144.448333,135.785581,-6.00
MATMUL,uint32_t,1,16,128,128,128,143.267667,134.723510,-5.96
MATMUL,uint32_t,1,16,128,256,8,325.598667,305.078116,-6.30
MATMUL,uint32_t,1,16,128,256,4,380.997333,357.192841,-6.25
MATMUL,uint32_t,1,16,128,256,64,288.786000,271.498614,-5.99
MATMUL,uint32_t,1,16,128,256,128,286.370333,269.374473,-5.93
MATMUL,uint32_t,1,16,128,256,32,293.246000,275.881426,-5.92
MATMUL,uint32_t,1,16,128,256,16,303.031333,285.496018,-5.79
MATMUL,uint32_t,1,16,256,16,4,47.507333,44.601664,-6.12
MATMUL,uint32_t,1,16,256,16,8,40.685000,38.130011,-6.28
MATMUL,uint32_t,1,16,256,16,16,37.883000,35.703296,-5.75
MATMUL,uint32_t,1,16,256,32,4,94.908333,89.130779,-6.09
MATMUL,uint32_t,1,16,256,32,8,81.293333,76.187474,-6.28
MATMUL,uint32_t,1,16,256,32,16,75.718333,71.334043,-5.79
MATMUL,uint32_t,1,16,128,512,8,651.189333,610.083684,-6.31
MATMUL,uint32_t,1,16,256,32,32,73.309667,68.951931,-5.94
MATMUL,uint32_t,1,16,128,512,4,760.746000,714.313133,-6.10
MATMUL,uint32_t,1,16,128,512,16,605.819667,570.919488,-5.76
MATMUL,uint32_t,1,16,128,512,32,586.602000,551.690304,-5.95
MATMUL,uint32_t,1,16,256,64,8,162.547667,152.302400,-6.30
MATMUL,uint32_t,1,16,128,512,128,572.660000,538.676397,-5.93
MATMUL,uint32_t,1,16,128,512,64,577.531667,542.924681,-5.99
MATMUL,uint32_t,1,16,256,64,4,190.212333,178.189010,-6.32
MATMUL,uint32_t,1,16,256,64,16,151.354000,142.595538,-5.79
MATMUL,uint32_t,1,16,256,64,32,146.569667,137.831314,-5.96
MATMUL,uint32_t,1,16,256,64,64,144.325333,135.661362,-6.00
MATMUL,uint32_t,1,16,256,128,32,292.890000,275.590080,-5.91
MATMUL,uint32_t,1,16,256,128,16,302.586000,285.118528,-5.77
MATMUL,uint32_t,1,16,256,128,64,288.524333,271.250176,-5.99
MATMUL,uint32_t,1,16,256,128,8,325.045000,304.532251,-6.31
MATMUL,uint32_t,1,16,256,128,4,379.464000,356.305472,-6.10
MATMUL,uint32_t,1,16,256,128,128,286.159667,269.147387,-5.95
MATMUL,uint32_t,1,16,256,256,8,649.925667,608.991954,-6.30
MATMUL,uint32_t,1,16,256,256,4,759.346333,712.538395,-6.16
MATMUL,uint32_t,1,16,256,256,32,585.876333,551.107611,-5.93
MATMUL,uint32_t,1,16,256,256,64,577.032000,542.427803,-6.00
MATMUL,uint32_t,1,16,256,256,128,572.181000,538.222226,-5.93
MATMUL,uint32_t,1,16,256,256,256,570.010333,536.336333,-5.91
MATMUL,uint32_t,1,16,256,256,16,605.221000,570.164507,-5.79
MATMUL,uint32_t,1,16,512,16,4,94.819333,89.019858,-6.12
MATMUL,uint32_t,1,16,512,16,8,81.234667,76.119241,-6.30
MATMUL,uint32_t,1,16,512,16,16,75.663667,71.286857,-5.78
MATMUL,uint32_t,1,16,512,32,4,189.676000,177.967168,-6.17
MATMUL,uint32_t,1,16,512,32,8,162.381333,152.165933,-6.29
MATMUL,uint32_t,1,16,256,512,4,1518.017000,1425.004242,-6.13
MATMUL,uint32_t,1,16,512,32,16,151.213000,142.501165,-5.76
MATMUL,uint32_t,1,16,256,512,16,1210.210000,1140.256466,-5.78
MATMUL,uint32_t,1,16,512,32,32,146.445667,137.758477,-5.93
MATMUL,uint32_t,1,16,256,512,8,1299.644667,1217.911360,-6.29
MATMUL,uint32_t,1,16,256,512,128,1144.240333,1076.371904,-5.93
MATMUL,uint32_t,1,16,256,512,256,1139.834667,1072.600118,-5.90
MATMUL,uint32_t,1,16,256,512,64,1153.985000,1084.783058,-6.00
MATMUL,uint32_t,1,16,256,512,32,1171.911333,1102.142674,-5.95
MATMUL,uint32_t,1,16,512,64,8,324.780333,304.259318,-6.32
MATMUL,uint32_t,1,16,512,64,16,302.372000,284.929782,-5.77
MATMUL,uint32_t,1,16,512,64,32,292.769667,275.444406,-5.92
MATMUL,uint32_t,1,16,512,64,64,288.430667,271.125956,-6.00
MATMUL,uint32_t,1,16,512,64,4,379.059333,355.861787,-6.12
MATMUL,uint32_t,1,16,512,128,16,604.718000,569.787017,-5.78
MATMUL,uint32_t,1,16,512,128,8,649.489667,608.446089,-6.32
MATMUL,uint32_t,1,16,512,128,4,758.420000,711.651026,-6.17
MATMUL,uint32_t,1,16,512,128,64,576.767000,542.179364,-6.00
MATMUL,uint32_t,1,16,512,128,128,571.896000,537.995140,-5.93
MATMUL,uint32_t,1,16,512,128,32,585.489667,550.816265,-5.92
MATMUL,uint32_t,1,16,512,256,8,1298.801000,1216.819629,-6.31
MATMUL,uint32_t,1,16,512,256,4,1515.217333,1423.229504,-6.07
MATMUL,uint32_t,1,16,512,256,32,1171.253333,1101.559981,-5.95
MATMUL,uint32_t,1,16,512,256,16,1209.501333,1139.501485,-5.79
MATMUL,uint32_t,1,16,512,256,64,1153.470000,1084.286180,-6.00
MATMUL,uint32_t,1,16,512,256,128,1143.782333,1075.917732,-5.93
MATMUL,uint32_t,1,16,512,256,256,1139.389667,1072.166674,-5.90
MATMUL,uint32_t,1,32,16,16,4,6.202667,5.853202,-5.63
MATMUL,uint32_t,1,32,16,16,8,5.274333,4.964205,-5.88
MATMUL,uint32_t,1,32,16,16,16,4.878667,4.621403,-5.27
MATMUL,uint32_t,1,32,16,32,4,12.366667,11.627318,-5.98
MATMUL,uint32_t,1,32,16,32,8,10.492667,9.849325,-6.13
MATMUL,uint32_t,1,32,16,32,16,9.716333,9.163721,-5.69
MATMUL,uint32_t,1,32,16,64,4,24.660333,23.175552,-6.02
MATMUL,uint32_t,1,32,16,64,8,20.917000,19.619565,-6.20
MATMUL,uint32_t,1,32,16,64,16,19.350333,18.248356,-5.69
MATMUL,uint32_t,1,32,16,128,4,49.268667,46.272018,-6.08
MATMUL,uint32_t,1,32,16,128,8,41.744333,39.160045,-6.19
MATMUL,uint32_t,1,32,16,128,16,38.631667,36.417627,-5.73
MATMUL,uint32_t,1,32,16,256,4,98.453000,92.464950,-6.08
MATMUL,uint32_t,1,32,16,256,8,83.420667,78.241005,-6.21
MATMUL,uint32_t,1,32,16,256,16,77.188333,72.756169,-5.74
MATMUL,uint32_t,1,32,16,512,4,196.739667,184.850816,-6.04
MATMUL,uint32_t,1,32,16,512,8,166.737000,156.402925,-6.20
MATMUL,uint32_t,1,16,512,512,4,3032.264333,2846.386459,-6.13
MATMUL,uint32_t,1,32,32,16,4,12.097667,11.405476,-5.72
MATMUL,uint32_t,1,32,32,16,8,10.345667,9.712859,-6.12
MATMUL,uint32_t,1,32,16,512,16,154.345667,145.433252,-5.77
MATMUL,uint32_t,1,32,32,16,16,9.600333,9.069348,-5.53
MATMUL,uint32_t,1,16,512,512,64,2306.881667,2168.499812,-6.00
MATMUL,uint32_t,1,32,32,32,8,20.644000,19.346633,-6.28
MATMUL,uint32_t,1,32,32,32,4,24.179333,22.731867,-5.99
MATMUL,uint32_t,1,16,512,512,32,2341.788333,2203.047414,-5.92
MATMUL,uint32_t,1,16,512,512,8,2597.615667,2433.566710,-6.32
MATMUL,uint32_t,1,16,512,512,128,2287.223667,2151.762916,-5.92
MATMUL,uint32_t,1,16,512,512,16,2418.231333,2278.930422,-5.76
MATMUL,uint32_t,1,32,32,32,16,19.168000,18.059611,-5.78
MATMUL,uint32_t,1,32,32,32,32,18.506000,17.426395,-5.83
MATMUL,uint32_t,1,32,32,64,8,41.180333,38.614180,-6.23
MATMUL,uint32_t,1,32,32,64,4,48.234000,45.384649,-5.91
MATMUL,uint32_t,1,32,32,64,16,38.245667,36.040137,-5.77
MATMUL,uint32_t,1,32,32,64,32,36.940000,34.773705,-5.86
MATMUL,uint32_t,1,16,512,512,256,2279.020000,2144.260800,-5.91
MATMUL,uint32_t,1,32,32,128,8,82.268333,77.149275,-6.22
MATMUL,uint32_t,1,32,32,128,16,76.435333,72.001188,-5.80
MATMUL,uint32_t,1,32,32,128,4,96.422667,90.690212,-5.95
MATMUL,uint32_t,1,32,32,128,32,73.819000,69.468324,-5.89
MATMUL,uint32_t,1,32,32,256,16,152.711000,143.923291,-5.75
MATMUL,uint32_t,1,32,32,256,8,164.504667,154.219465,-6.25
MATMUL,uint32_t,1,32,32,256,4,192.720333,181.301339,-5.93
MATMUL,uint32_t,1,32,32,256,32,147.555333,138.857563,-5.89
MATMUL,uint32_t,1,32,64,16,4,23.975333,22.510025,-6.11
MATMUL,uint32_t,1,32,64,16,8,20.482000,19.210166,-6.21
MATMUL,uint32_t,1,32,64,16,16,19.048333,17.965238,-5.69
MATMUL,uint32_t,1,32,64,32,4,47.895667,44.940964,-6.17
MATMUL,uint32_t,1,32,64,32,16,38.053333,35.851392,-5.79
MATMUL,uint32_t,1,32,64,32,8,40.906000,38.341248,-6.27
MATMUL,uint32_t,1,32,64,32,32,36.812000,34.628032,-5.93
MATMUL,uint32_t,1,32,32,512,16,305.374000,287.767497,-5.77
MATMUL,uint32_t,1,32,32,512,32,295.038333,277.636041,-5.90
MATMUL,uint32_t,1,32,32,512,8,328.968333,308.359844,-6.26
MATMUL,uint32_t,1,32,64,64,4,95.786667,89.802843,-6.25
MATMUL,uint32_t,1,32,32,512,4,385.140000,362.523593,-5.87
MATMUL,uint32_t,1,32,64,64,16,76.004333,71.623698,-5.76
MATMUL,uint32_t,1,32,64,64,8,81.737667,76.603410,-6.28
MATMUL,uint32_t,1,32,64,64,32,73.520000,69.176978,-5.91
MATMUL,uint32_t,1,32,64,64,64,72.380333,68.059821,-5.97
MATMUL,uint32_t,1,32,64,128,8,163.398333,153.127734,-6.29
MATMUL,uint32_t,1,32,64,128,4,191.446000,179.526601,-6.23
MATMUL,uint32_t,1,32,64,128,16,151.951667,143.168310,-5.78
MATMUL,uint32_t,1,32,64,128,32,146.992000,138.274870,-5.93
MATMUL,uint32_t,1,32,64,128,64,144.687667,136.040557,-5.98
MATMUL,uint32_t,1,32,64,256,8,326.714000,306.176384,-6.29
MATMUL,uint32_t,1,32,64,256,16,303.775000,286.257536,-5.77
MATMUL,uint32_t,1,32,64,256,4,382.244333,358.974116,-6.09
MATMUL,uint32_t,1,32,64,256,32,293.926667,276.470656,-5.94
MATMUL,uint32_t,1,32,64,256,64,289.297000,272.002029,-5.98
MATMUL,uint32_t,1,32,128,16,4,47.626333,44.719122,-6.10
MATMUL,uint32_t,1,32,128,16,8,40.760667,38.204781,-6.27
MATMUL,uint32_t,1,32,128,16,16,37.941333,35.757019,-5.76
MATMUL,uint32_t,1,32,128,32,4,95.185333,89.359158,-6.12
MATMUL,uint32_t,1,32,128,32,8,81.476333,76.330477,-6.32
MATMUL,uint32_t,1,32,128,32,16,75.794667,71.434953,-5.75
MATMUL,uint32_t,1,32,128,32,32,73.369000,69.031305,-5.91
MATMUL,uint32_t,1,32,64,512,16,607.444333,572.435986,-5.76
MATMUL,uint32_t,1,32,64,512,8,653.348000,612.273682,-6.29
MATMUL,uint32_t,1,32,128,64,8,162.876333,152.581869,-6.32
MATMUL,uint32_t,1,32,128,64,4,190.369667,178.639232,-6.16
MATMUL,uint32_t,1,32,64,512,4,764.722333,717.869147,-6.13
MATMUL,uint32_t,1,32,64,512,32,587.701667,552.862226,-5.93
MATMUL,uint32_t,1,32,128,64,16,151.554667,142.790820,-5.78
MATMUL,uint32_t,1,32,64,512,64,578.506333,543.924973,-5.98
MATMUL,uint32_t,1,32,128,64,32,146.701667,137.983524,-5.94
MATMUL,uint32_t,1,32,128,64,64,144.443333,135.792118,-5.99
MATMUL,uint32_t,1,32,128,128,16,303.013000,285.502555,-5.78
MATMUL,uint32_t,1,32,128,128,8,325.706667,305.084653,-6.33
MATMUL,uint32_t,1,32,128,128,32,293.281667,275.887963,-5.93
MATMUL,uint32_t,1,32,128,128,128,286.340333,269.381010,-5.92
MATMUL,uint32_t,1,32,128,128,64,288.791667,271.505152,-5.99
MATMUL,uint32_t,1,32,128,128,4,380.587000,357.199378,-6.15
MATMUL,uint32_t,1,32,128,256,8,651.196000,610.090221,-6.31
MATMUL,uint32_t,1,32,128,256,4,760.885667,714.319670,-6.12
MATMUL,uint32_t,1,32,128,256,32,586.425333,551.696841,-5.92
MATMUL,uint32_t,1,32,128,256,64,577.512333,542.931218,-5.99
MATMUL,uint32_t,1,32,128,256,128,572.674000,538.682934,-5.94
MATMUL,uint32_t,1,32,128,256,16,606.050667,570.926025,-5.80
MATMUL,uint32_t,1,32,256,16,8,81.314333,76.194011,-6.30
MATMUL,uint32_t,1,32,256,16,4,94.969667,89.137316,-6.14
MATMUL,uint32_t,1,32,256,16,16,75.698667,71.340580,-5.76
MATMUL,uint32_t,1,32,256,32,4,189.792000,178.195547,-6.11
MATMUL,uint32_t,1,32,256,32,8,162.529333,152.308937,-6.29
MATMUL,uint32_t,1,32,256,32,16,151.337333,142.602075,-5.77
MATMUL,uint32_t,1,32,256,32,32,146.499000,137.837851,-5.91
MATMUL,uint32_t,1,32,128,512,8,1302.181667,1220.101357,-6.30
MATMUL,uint32_t,1,32,128,512,4,1524.667667,1428.560256,-6.30
MATMUL,uint32_t,1,32,256,64,4,379.325667,356.312009,-6.07
MATMUL,uint32_t,1,32,128,512,16,1211.739333,1141.772964,-5.77
MATMUL,uint32_t,1,32,256,64,8,325.104667,304.538788,-6.33
MATMUL,uint32_t,1,32,128,512,32,1172.703667,1103.314596,-5.92
MATMUL,uint32_t,1,32,256,64,16,302.649333,285.125065,-5.79
MATMUL,uint32_t,1,32,128,512,128,1145.318333,1077.286784,-5.94
MATMUL,uint32_t,1,32,128,512,64,1155.010333,1085.783350,-5.99
MATMUL,uint32_t,1,32,256,64,32,292.932667,275.596617,-5.92
MATMUL,uint32_t,1,32,256,64,64,288.530333,271.256713,-5.99
MATMUL,uint32_t,1,32,256,128,32,585.933000,551.114148,-5.94
MATMUL,uint32_t,1,32,256,128,16,605.098000,570.171044,-5.77
MATMUL,uint32_t,1,32,256,128,8,650.043333,608.998491,-6.31
MATMUL,uint32_t,1,32,256,128,64,577.029000,542.434340,-6.00
MATMUL,uint32_t,1,32,256,128,128,572.176000,538.228763,-5.93
MATMUL,uint32_t,1,32,256,128,4,759.061000,712.544932,-6.13
MATMUL,uint32_t,1,32,256,256,8,1299.887333,1217.917897,-6.31
MATMUL,uint32_t,1,32,256,256,4,1518.115667,1425.010779,-6.13
MATMUL,uint32_t,1,32,256,256,32,1171.319333,1102.149211,-5.91
MATMUL,uint32_t,1,32,256,256,64,1153.979667,1084.789595,-6.00
MATMUL,uint32_t,1,32,256,256,256,1140.040000,1072.606656,-5.91
MATMUL,uint32_t,1,32,256,256,16,1210.039000,1140.263003,-5.77
MATMUL,uint32_t,1,32,256,256,128,1144.170333,1076.378441,-5.92
MATMUL,uint32_t,1,32,512,16,4,189.970333,177.973705,-6.32
MATMUL,uint32_t,1,32,512,16,8,162.440000,152.172470,-6.32
MATMUL,uint32_t,1,32,512,16,16,151.221333,142.507702,-5.76
MATMUL,uint32_t,1,32,512,32,4,379.595333,355.868324,-6.25
MATMUL,uint32_t,1,32,512,32,8,324.765000,304.265856,-6.31
MATMUL,uint32_t,1,32,512,32,16,302.352000,284.936320,-5.76
MATMUL,uint32_t,1,32,256,512,4,3035.394667,2849.942473,-6.11
MATMUL,uint32_t,1,32,512,32,32,292.763667,275.450944,-5.91
MATMUL,uint32_t,1,32,256,512,16,2419.914667,2280.446921,-5.76
MATMUL,uint32_t,1,32,256,512,256,2279.530333,2145.134226,-5.90
MATMUL,uint32_t,1,32,256,512,128,2288.527333,2152.677796,-5.94
MATMUL,uint32_t,1,32,256,512,64,2307.866667,2169.500105,-6.00
MATMUL,uint32_t,1,32,256,512,32,2343.078333,2204.219337,-5.93
MATMUL,uint32_t,1,32,256,512,8,2600.208000,2435.756708,-6.32
MATMUL,uint32_t,1,32,512,64,4,757.887333,711.657563,-6.10
MATMUL,uint32_t,1,32,512,64,8,649.301667,608.452626,-6.29
MATMUL,uint32_t,1,32,512,64,32,585.687667,550.822802,-5.95
MATMUL,uint32_t,1,32,512,64,16,604.616333,569.793554,-5.76
MATMUL,uint32_t,1,32,512,64,64,576.776000,542.185901,-6.00
MATMUL,uint32_t,1,32,512,128,16,1209.432333,1139.508022,-5.78
MATMUL,uint32_t,1,32,512,128,8,1298.807000,1216.826166,-6.31
MATMUL,uint32_t,1,32,512,128,4,1515.764333,1423.236041,-6.10
MATMUL,uint32_t,1,32,512,128,32,1171.333667,1101.566518,-5.96
MATMUL,uint32_t,1,32,512,128,64,1153.483667,1084.292717,-6.00
MATMUL,uint32_t,1,32,512,128,128,1143.731000,1075.924269,-5.93
MATMUL,uint32_t,1,32,512,256,8,2597.793667,2433.573248,-6.32
MATMUL,uint32_t,1,32,512,256,4,3032.034333,2846.392996,-6.12
MATMUL,uint32_t,1,32,512,256,16,2418.877000,2278.936960,-5.79
MATMUL,uint32_t,1,32,512,256,32,2341.329333,2203.053952,-5.91
MATMUL,uint32_t,1,32,512,256,64,2306.892667,2168.506349,-6.00
MATMUL,uint32_t,1,32,512,256,128,2287.238333,2151.769453,-5.92
MATMUL,uint32_t,1,32,512,256,256,2278.397333,2144.267337,-5.89
MATMUL,uint32_t,1,64,16,16,4,12.359333,11.640393,-5.82
MATMUL,uint32_t,1,64,16,16,8,10.492333,9.862400,-6.00
MATMUL,uint32_t,1,64,16,16,16,9.724000,9.176795,-5.63
MATMUL,uint32_t,1,64,16,32,4,24.669333,23.188626,-6.00
MATMUL,uint32_t,1,64,16,32,8,20.926000,19.632640,-6.18
MATMUL,uint32_t,1,64,16,32,16,19.368667,18.261430,-5.72
MATMUL,uint32_t,1,64,16,64,4,49.278333,46.285092,-6.07
MATMUL,uint32_t,1,64,16,64,8,41.771667,39.173120,-6.22
MATMUL,uint32_t,1,64,16,64,16,38.660333,36.430701,-5.77
MATMUL,uint32_t,1,64,16,128,4,98.487000,92.478025,-6.10
MATMUL,uint32_t,1,64,16,128,8,83.438000,78.254080,-6.21
MATMUL,uint32_t,1,64,16,128,16,77.216000,72.769243,-5.76
MATMUL,uint32_t,1,64,16,256,4,196.795000,184.863890,-6.06
MATMUL,uint32_t,1,64,16,256,8,166.822333,156.416000,-6.24
MATMUL,uint32_t,1,64,16,256,16,154.342667,145.446326,-5.76
MATMUL,uint32_t,1,64,16,512,4,393.680333,369.635620,-6.11
MATMUL,uint32_t,1,64,16,512,8,333.348000,312.739840,-6.18
MATMUL,uint32_t,1,64,16,512,16,308.583333,290.800493,-5.76
MATMUL,uint32_t,1,64,32,16,4,24.163667,22.744941,-5.87
MATMUL,uint32_t,1,64,32,16,8,20.660667,19.359707,-6.30
MATMUL,uint32_t,1,64,32,16,16,19.163667,18.072685,-5.69
MATMUL,uint32_t,1,64,32,32,4,48.220667,45.397723,-5.85
MATMUL,uint32_t,1,64,32,32,8,41.202000,38.627254,-6.25
MATMUL,uint32_t,1,64,32,32,16,38.252667,36.053211,-5.75
MATMUL,uint32_t,1,64,32,32,32,36.960333,34.786779,-5.88
MATMUL,uint32_t,1,32,512,512,4,6065.879333,5692.706907,-6.15
MATMUL,uint32_t,1,64,32,64,4,96.404333,90.703286,-5.91
MATMUL,uint32_t,1,64,32,64,8,82.318000,77.162349,-6.26
MATMUL,uint32_t,1,64,32,64,16,76.441333,72.014262,-5.79
MATMUL,uint32_t,1,64,32,64,32,73.822333,69.481398,-5.88
MATMUL,uint32_t,1,32,512,512,64,4613.617333,4336.933613,-6.00
MATMUL,uint32_t,1,64,32,128,8,164.481667,154.232539,-6.23
MATMUL,uint32_t,1,64,32,128,4,192.611000,181.314413,-5.86
MATMUL,uint32_t,1,32,512,512,32,4683.903000,4406.028818,-5.93
MATMUL,uint32_t,1,32,512,512,8,5195.469000,4867.067410,-6.32
MATMUL,uint32_t,1,32,512,512,128,4574.570333,4303.459821,-5.93
MATMUL,uint32_t,1,32,512,512,256,4556.988333,4288.455588,-5.89
MATMUL,uint32_t,1,32,512,512,16,4836.995333,4557.794834,-5.77
MATMUL,uint32_t,1,64,32,128,32,147.556000,138.870637,-5.89
MATMUL,uint32_t,1,64,32,128,16,152.782000,143.936365,-5.79
MATMUL,uint32_t,1,64,32,256,8,328.888000,308.372918,-6.24
MATMUL,uint32_t,1,64,32,256,16,305.442000,287.780571,-5.78
MATMUL,uint32_t,1,64,32,256,4,384.787333,362.536667,-5.78
MATMUL,uint32_t,1,64,32,256,32,295.113333,277.649115,-5.92
MATMUL,uint32_t,1,64,64,16,8,40.929000,38.354322,-6.29
MATMUL,uint32_t,1,64,64,16,4,47.909333,44.954038,-6.17
MATMUL,uint32_t,1,64,64,16,16,38.063333,35.864466,-5.78
MATMUL,uint32_t,1,64,64,32,4,95.714667,89.815917,-6.16
MATMUL,uint32_t,1,64,64,32,16,76.011333,71.636772,-5.76
MATMUL,uint32_t,1,64,64,32,8,81.777000,76.616484,-6.31
MATMUL,uint32_t,1,64,64,32,32,73.515667,69.190052,-5.88
MATMUL,uint32_t,1,64,32,512,32,589.962000,555.206070,-5.89
MATMUL,uint32_t,1,64,32,512,16,610.677333,575.468982,-5.77
MATMUL,uint32_t,1,64,32,512,8,657.504667,616.653677,-6.21
MATMUL,uint32_t,1,64,64,64,4,191.606667,179.539675,-6.30
MATMUL,uint32_t,1,64,64,64,32,146.983333,138.287945,-5.92
MATMUL,uint32_t,1,64,64,64,16,151.970333,143.181385,-5.78
MATMUL,uint32_t,1,64,64,64,8,163.436667,153.140809,-6.30
MATMUL,uint32_t,1,64,32,512,4,770.790333,724.981174,-5.94
MATMUL,uint32_t,1,64,64,64,64,144.689667,136.053632,-5.97
MATMUL,uint32_t,1,64,64,128,64,289.302333,272.015104,-5.98
MATMUL,uint32_t,1,64,64,128,32,293.939667,276.483730,-5.94
MATMUL,uint32_t,1,64,64,128,16,303.817000,286.270610,-5.78
MATMUL,uint32_t,1,64,64,128,8,326.744333,306.189458,-6.29
MATMUL,uint32_t,1,64,64,128,4,382.234000,358.987190,-6.08
MATMUL,uint32_t,1,64,64,256,8,653.542000,612.286756,-6.31
MATMUL,uint32_t,1,64,64,256,16,607.504667,572.449060,-5.77
MATMUL,uint32_t,1,64,64,256,4,765.453333,717.882221,-6.21
MATMUL,uint32_t,1,64,128,16,4,95.157333,89.372233,-6.08
MATMUL,uint32_t,1,64,64,256,64,578.534333,543.938048,-5.98
MATMUL,uint32_t,1,64,64,256,32,587.638000,552.875300,-5.92
MATMUL,uint32_t,1,64,128,16,8,81.464667,76.343552,-6.29
MATMUL,uint32_t,1,64,128,16,16,75.831667,71.448027,-5.78
MATMUL,uint32_t,1,64,128,32,4,190.196667,178.652306,-6.07
MATMUL,uint32_t,1,64,128,32,16,151.539667,142.803894,-5.76
MATMUL,uint32_t,1,64,128,32,8,162.843000,152.594944,-6.29
MATMUL,uint32_t,1,64,128,32,32,146.683000,137.996598,-5.92
MATMUL,uint32_t,1,64,64,512,16,1215.042667,1144.805961,-5.78
MATMUL,uint32_t,1,64,128,64,8,325.618667,305.097728,-6.30
MATMUL,uint32_t,1,64,64,512,8,1306.625667,1224.481353,-6.29
MATMUL,uint32_t,1,64,128,64,4,380.593667,357.212452,-6.14
MATMUL,uint32_t,1,64,128,64,16,302.972333,285.515629,-5.76
MATMUL,uint32_t,1,64,64,512,4,1529.355333,1435.672283,-6.13
MATMUL,uint32_t,1,64,64,512,32,1175.122000,1105.658441,-5.91
MATMUL,uint32_t,1,64,128,64,32,293.272000,275.901037,-5.92
MATMUL,uint32_t,1,64,64,512,64,1156.996000,1087.783936,-5.98
MATMUL,uint32_t,1,64,128,64,64,288.803667,271.518226,-5.99
MATMUL,uint32_t,1,64,128,128,16,605.877000,570.939099,-5.77
MATMUL,uint32_t,1,64,128,128,8,651.054667,610.103296,-6.29
MATMUL,uint32_t,1,64,128,128,4,761.199000,714.332745,-6.16
MATMUL,uint32_t,1,64,128,128,32,586.470000,551.709915,-5.93
MATMUL,uint32_t,1,64,128,128,64,577.529000,542.944292,-5.99
MATMUL,uint32_t,1,64,128,128,128,572.650000,538.696009,-5.93
MATMUL,uint32_t,1,64,128,256,8,1302.387333,1220.114432,-6.32
MATMUL,uint32_t,1,64,128,256,4,1521.649333,1428.573330,-6.12
MATMUL,uint32_t,1,64,128,256,32,1172.874667,1103.327670,-5.93
MATMUL,uint32_t,1,64,128,256,16,1211.840000,1141.786038,-5.78
MATMUL,uint32_t,1,64,128,256,64,1154.977000,1085.796425,-5.99
MATMUL,uint32_t,1,64,128,256,128,1145.135333,1077.299858,-5.92
MATMUL,uint32_t,1,64,256,16,8,162.586333,152.322011,-6.31
MATMUL,uint32_t,1,64,256,16,4,190.171667,178.208621,-6.29
MATMUL,uint32_t,1,64,256,16,16,151.349333,142.615149,-5.77
MATMUL,uint32_t,1,64,256,32,4,379.607667,356.325083,-6.13
MATMUL,uint32_t,1,64,256,32,8,325.065000,304.551862,-6.31
MATMUL,uint32_t,1,64,256,32,16,302.588333,285.138139,-5.77
MATMUL,uint32_t,1,64,256,32,32,293.043667,275.609691,-5.95
MATMUL,uint32_t,1,64,128,512,8,2604.403667,2440.136704,-6.31
MATMUL,uint32_t,1,64,256,64,4,759.646667,712.558006,-6.20
MATMUL,uint32_t,1,64,256,64,8,649.996333,609.011565,-6.31
MATMUL,uint32_t,1,64,128,512,4,3042.296333,2857.054500,-6.09
MATMUL,uint32_t,1,64,128,512,16,2423.169000,2283.479917,-5.76
MATMUL,uint32_t,1,64,256,64,16,605.058000,570.184118,-5.76
MATMUL,uint32_t,1,64,128,512,32,2346.074333,2206.563181,-5.95
MATMUL,uint32_t,1,64,128,512,64,2309.871333,2171.500690,-5.99
MATMUL,uint32_t,1,64,128,512,128,2290.410333,2154.507556,-5.93
MATMUL,uint32_t,1,64,256,64,32,585.872000,551.127222,-5.93
MATMUL,uint32_t,1,64,256,64,64,577.027667,542.447414,-5.99
MATMUL,uint32_t,1,64,256,128,32,1171.927333,1102.162285,-5.95
MATMUL,uint32_t,1,64,256,128,16,1210.096667,1140.276077,-5.77
MATMUL,uint32_t,1,64,256,128,8,1300.182333,1217.930971,-6.33
MATMUL,uint32_t,1,64,256,128,64,1153.984667,1084.802669,-6.00
MATMUL,uint32_t,1,64,256,128,128,1144.497667,1076.391515,-5.95
MATMUL,uint32_t,1,64,256,128,4,1518.508667,1425.023853,-6.16
MATMUL,uint32_t,1,64,256,256,8,2599.843667,2435.769782,-6.31
MATMUL,uint32_t,1,64,256,256,4,3035.414667,2849.955547,-6.11
MATMUL,uint32_t,1,64,256,256,256,2280.023333,2145.147300,-5.92
MATMUL,uint32_t,1,64,256,256,64,2307.875000,2169.513179,-6.00
MATMUL,uint32_t,1,64,256,256,128,2288.270667,2152.690870,-5.92
MATMUL,uint32_t,1,64,256,256,32,2343.588667,2204.232411,-5.95
MATMUL,uint32_t,1,64,256,256,16,2420.062333,2280.459995,-5.77
MATMUL,uint32_t,1,64,512,16,4,379.086000,355.881398,-6.12
MATMUL,uint32_t,1,64,512,16,8,324.727667,304.278930,-6.30
MATMUL,uint32_t,1,64,512,16,16,302.355333,284.949394,-5.76
MATMUL,uint32_t,1,64,512,32,4,757.730333,711.670637,-6.08
MATMUL,uint32_t,1,64,512,32,8,649.515000,608.465700,-6.32
MATMUL,uint32_t,1,64,512,32,16,604.652000,569.806628,-5.76
MATMUL,uint32_t,1,64,256,512,4,6070.285000,5699.818934,-6.10
MATMUL,uint32_t,1,64,512,32,32,585.480333,550.835876,-5.92
MATMUL,uint32_t,1,64,256,512,8,5199.999333,4871.447405,-6.32
MATMUL,uint32_t,1,64,256,512,128,4577.597000,4305.289581,-5.95
MATMUL,uint32_t,1,64,256,512,256,4558.848333,4290.202441,-5.89
MATMUL,uint32_t,1,64,256,512,16,4840.284000,4560.827830,-5.77
MATMUL,uint32_t,1,64,256,512,64,4615.625333,4338.934198,-5.99
MATMUL,uint32_t,1,64,256,512,32,4686.244000,4408.372662,-5.93
MATMUL,uint32_t,1,64,512,64,4,1516.140667,1423.249115,-6.13
MATMUL,uint32_t,1,64,512,64,8,1298.621667,1216.839241,-6.30
MATMUL,uint32_t,1,64,512,64,64,1153.459667,1084.305792,-6.00
MATMUL,uint32_t,1,64,512,64,16,1209.563333,1139.521097,-5.79
MATMUL,uint32_t,1,64,512,64,32,1170.762667,1101.579593,-5.91
MATMUL,uint32_t,1,64,512,128,16,2418.385000,2278.950034,-5.77
MATMUL,uint32_t,1,64,512,128,8,2597.680333,2433.586322,-6.32
MATMUL,uint32_t,1,64,512,128,4,3030.956333,2846.406070,-6.09
MATMUL,uint32_t,1,64,512,128,32,2341.934000,2203.067026,-5.93
MATMUL,uint32_t,1,64,512,128,64,2306.849000,2168.519424,-6.00
MATMUL,uint32_t,1,64,512,128,128,2287.528333,2151.782528,-5.93
MATMUL,uint32_t,1,64,512,256,8,5194.364000,4867.080484,-6.30
MATMUL,uint32_t,1,64,512,256,4,6074.168000,5692.719981,-6.28
MATMUL,uint32_t,1,64,512,256,32,4684.988000,4406.041892,-5.95
MATMUL,uint32_t,1,64,512,256,16,4837.476667,4557.807908,-5.78
MATMUL,uint32_t,1,64,512,256,64,4613.650667,4336.946688,-6.00
MATMUL,uint32_t,1,64,512,256,128,4574.699000,4303.472896,-5.93
MATMUL,uint32_t,1,64,512,256,256,4556.916667,4288.468662,-5.89
MATMUL,uint32_t,1,128,16,16,4,24.741333,23.214777,-6.17
MATMUL,uint32_t,1,128,16,16,8,20.980667,19.658791,-6.30
MATMUL,uint32_t,1,128,16,16,16,19.404333,18.287582,-5.76
MATMUL,uint32_t,1,128,16,32,4,49.293667,46.311244,-6.05
MATMUL,uint32_t,1,128,16,32,8,41.811333,39.199271,-6.25
MATMUL,uint32_t,1,128,16,32,16,38.678667,36.456853,-5.74
MATMUL,uint32_t,1,128,16,64,4,98.604333,92.504176,-6.19
MATMUL,uint32_t,1,128,16,64,8,83.502333,78.280231,-6.25
MATMUL,uint32_t,1,128,16,64,16,77.227000,72.795394,-5.74
MATMUL,uint32_t,1,128,16,128,4,196.756000,184.890041,-6.03
MATMUL,uint32_t,1,128,16,128,8,166.746667,156.442151,-6.18
MATMUL,uint32_t,1,128,16,128,16,154.356667,145.472478,-5.76
MATMUL,uint32_t,1,128,16,256,4,393.760333,369.661772,-6.12
MATMUL,uint32_t,1,128,16,256,8,333.456333,312.765991,-6.20
MATMUL,uint32_t,1,128,16,256,16,308.591333,290.826645,-5.76
MATMUL,uint32_t,1,128,16,512,4,787.536667,739.205232,-6.14
MATMUL,uint32_t,1,128,16,512,8,666.454667,625.413671,-6.16
MATMUL,uint32_t,1,128,16,512,16,617.042667,581.534978,-5.75
MATMUL,uint32_t,1,128,32,16,4,48.273333,45.423874,-5.90
MATMUL,uint32_t,1,128,32,16,8,41.258667,38.653406,-6.31
MATMUL,uint32_t,1,128,32,16,16,38.287000,36.079362,-5.77
MATMUL,uint32_t,1,128,32,32,4,96.497333,90.729438,-5.98
MATMUL,uint32_t,1,128,32,32,8,82.329000,77.188501,-6.24
MATMUL,uint32_t,1,128,32,32,16,76.459333,72.040414,-5.78
MATMUL,uint32_t,1,128,32,32,32,73.876000,69.507550,-5.91
MATMUL,uint32_t,1,128,32,64,4,192.821667,181.340565,-5.95
MATMUL,uint32_t,1,128,32,64,8,164.514000,154.258690,-6.23
MATMUL,uint32_t,1,128,32,64,16,152.814333,143.962517,-5.79
MATMUL,uint32_t,1,128,32,64,32,147.609000,138.896789,-5.90
MATMUL,uint32_t,1,128,32,128,4,385.609000,362.562818,-5.98
MATMUL,uint32_t,1,128,32,128,8,329.004333,308.399070,-6.26
MATMUL,uint32_t,1,64,512,512,4,12127.352667,11385.347803,-6.12
MATMUL,uint32_t,1,128,32,128,16,305.451333,287.806722,-5.78
MATMUL,uint32_t,1,128,32,128,32,295.034000,277.675266,-5.88
MATMUL,uint32_t,1,64,512,512,64,9227.188000,8673.801216,-6.00
MATMUL,uint32_t,1,128,32,256,8,657.402667,616.679829,-6.19
MATMUL,uint32_t,1,128,32,256,4,771.116333,725.007326,-5.98
MATMUL,uint32_t,1,64,512,512,32,9369.789000,8811.991625,-5.95
MATMUL,uint32_t,1,64,512,512,8,10389.207000,9734.068809,-6.31
MATMUL,uint32_t,1,64,512,512,256,9115.785000,8576.845165,-5.91
MATMUL,uint32_t,1,64,512,512,128,9148.875333,8606.853632,-5.92
MATMUL,uint32_t,1,64,512,512,16,9673.355667,9115.523657,-5.77
MATMUL,uint32_t,1,128,64,16,4,95.754667,89.842069,-6.17
MATMUL,uint32_t,1,128,64,16,8,81.797000,76.642636,-6.30
MATMUL,uint32_t,1,128,64,16,16,76.051333,71.662924,-5.77
MATMUL,uint32_t,1,128,32,256,16,610.796667,575.495134,-5.78
MATMUL,uint32_t,1,128,32,256,32,590.035333,555.232222,-5.90
MATMUL,uint32_t,1,128,64,32,4,191.397000,179.565826,-6.18
MATMUL,uint32_t,1,128,64,32,8,163.444667,153.166960,-6.29
MATMUL,uint32_t,1,128,64,32,16,151.959667,143.207536,-5.76
MATMUL,uint32_t,1,128,64,32,32,147.016667,138.314096,-5.92
MATMUL,uint32_t,1,128,64,64,8,326.777000,306.215609,-6.29
MATMUL,uint32_t,1,128,64,64,4,383.256333,359.013342,-6.33
MATMUL,uint32_t,1,128,64,64,16,303.824000,286.296761,-5.77
MATMUL,uint32_t,1,128,64,64,32,293.882000,276.509881,-5.91
MATMUL,uint32_t,1,128,32,512,16,1221.303667,1150.871957,-5.77
MATMUL,uint32_t,1,128,32,512,32,1180.217667,1110.346133,-5.92
MATMUL,uint32_t,1,128,64,64,64,289.297333,272.041255,-5.96
MATMUL,uint32_t,1,128,32,512,8,1315.767000,1233.241346,-6.27
MATMUL,uint32_t,1,128,32,512,4,1540.268333,1449.896341,-5.87
MATMUL,uint32_t,1,128,64,128,16,607.476000,572.475212,-5.76
MATMUL,uint32_t,1,128,64,128,8,653.322333,612.312908,-6.28
MATMUL,uint32_t,1,128,64,128,4,765.318667,717.908373,-6.19
MATMUL,uint32_t,1,128,64,128,64,578.532667,543.964199,-5.98
MATMUL,uint32_t,1,128,64,128,32,587.744333,552.901452,-5.93
MATMUL,uint32_t,1,128,64,256,8,1306.779667,1224.507504,-6.30
MATMUL,uint32_t,1,128,64,256,16,1214.706000,1144.832112,-5.75
MATMUL,uint32_t,1,128,64,256,4,1530.451333,1435.698434,-6.19
MATMUL,uint32_t,1,128,64,256,32,1175.139333,1105.684592,-5.91
MATMUL,uint32_t,1,128,64,256,64,1156.977000,1087.810087,-5.98
MATMUL,uint32_t,1,128,128,16,4,190.355000,178.678457,-6.13
MATMUL,uint32_t,1,128,128,16,16,151.599333,142.830046,-5.78
MATMUL,uint32_t,1,128,128,16,8,162.918333,152.621095,-6.32
MATMUL,uint32_t,1,128,128,32,4,380.433000,357.238604,-6.10
MATMUL,uint32_t,1,128,128,32,16,303.049667,285.541781,-5.78
MATMUL,uint32_t,1,128,128,32,8,325.669333,305.123879,-6.31
MATMUL,uint32_t,1,128,128,32,32,293.266667,275.927189,-5.91
MATMUL,uint32_t,1,128,128,64,8,651.341667,610.129447,-6.33
MATMUL,uint32_t,1,128,64,512,16,2429.617000,2289.545913,-5.77
MATMUL,uint32_t,1,128,128,64,4,761.781333,714.358896,-6.23
MATMUL,uint32_t,1,128,64,512,8,2613.359667,2448.896697,-6.29
MATMUL,uint32_t,1,128,128,64,16,605.897000,570.965250,-5.77
MATMUL,uint32_t,1,128,64,512,4,3060.962000,2871.278558,-6.20
MATMUL,uint32_t,1,128,128,64,32,586.472667,551.736066,-5.92
MATMUL,uint32_t,1,128,128,64,64,577.521000,542.970444,-5.98
MATMUL,uint32_t,1,128,64,512,32,2349.817667,2211.250873,-5.90
MATMUL,uint32_t,1,128,64,512,64,2313.920000,2175.501863,-5.98
MATMUL,uint32_t,1,128,128,128,16,1211.559333,1141.812190,-5.76
MATMUL,uint32_t,1,128,128,128,8,1302.476000,1220.140583,-6.32
MATMUL,uint32_t,1,128,128,128,4,1521.907333,1428.599481,-6.13
MATMUL,uint32_t,1,128,128,128,32,1172.719333,1103.353822,-5.91
MATMUL,uint32_t,1,128,128,128,64,1154.961333,1085.822576,-5.99
MATMUL,uint32_t,1,128,128,128,128,1145.118333,1077.326009,-5.92
MATMUL,uint32_t,1,128,128,256,8,2604.427333,2440.162855,-6.31
MATMUL,uint32_t,1,128,128,256,4,3043.726667,2857.080652,-6.13
MATMUL,uint32_t,1,128,128,256,16,2423.392000,2283.506069,-5.77
MATMUL,uint32_t,1,128,128,256,32,2345.944333,2206.589333,-5.94
MATMUL,uint32_t,1,128,128,256,64,2309.867667,2171.526841,-5.99
MATMUL,uint32_t,1,128,128,256,128,2289.970333,2154.533708,-5.91
MATMUL,uint32_t,1,128,256,16,4,379.805000,356.351234,-6.18
MATMUL,uint32_t,1,128,256,16,8,325.092667,304.578014,-6.31
MATMUL,uint32_t,1,128,256,16,16,302.654000,285.164290,-5.78
MATMUL,uint32_t,1,128,256,32,4,759.003667,712.584158,-6.12
MATMUL,uint32_t,1,128,256,32,8,650.011000,609.037717,-6.30
MATMUL,uint32_t,1,128,256,32,16,605.173333,570.210270,-5.78
MATMUL,uint32_t,1,128,256,32,32,585.844333,551.153374,-5.92
MATMUL,uint32_t,1,128,128,512,8,5208.854333,4880.207399,-6.31
MATMUL,uint32_t,1,128,256,64,8,1299.939667,1217.957122,-6.31
MATMUL,uint32_t,1,128,256,64,4,1517.485000,1425.050005,-6.09
MATMUL,uint32_t,1,128,128,512,4,6084.120667,5714.042992,-6.08
MATMUL,uint32_t,1,128,128,512,16,4847.433000,4566.893826,-5.79
MATMUL,uint32_t,1,128,256,64,16,1210.348000,1140.302229,-5.79
MATMUL,uint32_t,1,128,128,512,32,4690.265667,4413.060354,-5.91
MATMUL,uint32_t,1,128,128,512,128,4580.395333,4308.949104,-5.93
MATMUL,uint32_t,1,128,128,512,64,4619.664333,4342.935372,-5.99
MATMUL,uint32_t,1,128,256,64,32,1171.654667,1102.188437,-5.93
MATMUL,uint32_t,1,128,256,64,64,1153.989333,1084.828821,-5.99
MATMUL,uint32_t,1,128,256,128,16,2420.655000,2280.486146,-5.79
MATMUL,uint32_t,1,128,256,128,32,2343.706667,2204.258562,-5.95
MATMUL,uint32_t,1,128,256,128,64,2307.871000,2169.539330,-5.99
MATMUL,uint32_t,1,128,256,128,128,2288.205000,2152.717022,-5.92
MATMUL,uint32_t,1,128,256,128,8,2599.424000,2435.795934,-6.29
MATMUL,uint32_t,1,128,256,128,4,3036.550000,2849.981698,-6.14
MATMUL,uint32_t,1,128,256,256,8,5199.387333,4871.473557,-6.31
MATMUL,uint32_t,1,128,256,256,4,6071.804333,5699.845086,-6.13
MATMUL,uint32_t,1,128,256,256,128,4576.434667,4305.315733,-5.92
MATMUL,uint32_t,1,128,256,256,256,4558.795000,4290.228592,-5.89
MATMUL,uint32_t,1,128,256,256,64,4615.619333,4338.960350,-5.99
MATMUL,uint32_t,1,128,256,256,32,4686.918667,4408.398814,-5.94
MATMUL,uint32_t,1,128,256,256,16,4840.466333,4560.853982,-5.78
MATMUL,uint32_t,1,128,512,16,4,758.541333,711.696789,-6.18
MATMUL,uint32_t,1,128,512,16,8,649.551333,608.491852,-6.32
MATMUL,uint32_t,1,128,512,16,16,604.894000,569.832780,-5.80
MATMUL,uint32_t,1,128,512,32,4,1515.918000,1423.275266,-6.11
MATMUL,uint32_t,1,128,512,32,8,1298.844000,1216.865392,-6.31
MATMUL,uint32_t,1,128,512,32,16,1209.262667,1139.547248,-5.77
MATMUL,uint32_t,1,128,256,512,4,12140.785000,11399.571861,-6.11
MATMUL,uint32_t,1,128,512,32,32,1171.236000,1101.605744,-5.95
MATMUL,uint32_t,1,128,256,512,8,10397.705333,9742.828802,-6.30
MATMUL,uint32_t,1,128,256,512,16,9682.191000,9121.589653,-5.79
MATMUL,uint32_t,1,128,256,512,128,9153.456333,8610.513154,-5.93
MATMUL,uint32_t,1,128,256,512,256,9119.482667,8580.338873,-5.91
MATMUL,uint32_t,1,128,256,512,64,9231.210667,8677.802389,-5.99
MATMUL,uint32_t,1,128,256,512,32,9370.299000,8816.679317,-5.91
MATMUL,uint32_t,1,128,512,64,8,2597.358667,2433.612473,-6.30
MATMUL,uint32_t,1,128,512,64,4,3030.565000,2846.432222,-6.08
MATMUL,uint32_t,1,128,512,64,16,2418.329333,2278.976185,-5.76
MATMUL,uint32_t,1,128,512,64,32,2342.630667,2203.093177,-5.96
MATMUL,uint32_t,1,128,512,64,64,2306.863667,2168.545575,-6.00
MATMUL,uint32_t,1,128,512,128,16,4836.494000,4557.834060,-5.76
MATMUL,uint32_t,1,128,512,128,8,5194.667000,4867.106636,-6.31
MATMUL,uint32_t,1,128,512,128,32,4683.320333,4406.068044,-5.92
MATMUL,uint32_t,1,128,512,128,64,4613.630333,4336.972839,-6.00
MATMUL,uint32_t,1,128,512,128,4,6075.431333,5692.746133,-6.30
MATMUL,uint32_t,1,128,512,128,128,4574.223000,4303.499047,-5.92
MATMUL,uint32_t,1,128,512,256,8,10387.440667,9734.094960,-6.29
MATMUL,uint32_t,1,128,512,256,4,12132.328333,11385.373954,-6.16
MATMUL,uint32_t,1,128,512,256,32,9369.866667,8812.017776,-5.95
MATMUL,uint32_t,1,128,512,256,16,9673.537667,9115.549808,-5.77
MATMUL,uint32_t,1,128,512,256,64,9227.222333,8673.827367,-6.00
MATMUL,uint32_t,1,128,512,256,256,9113.448000,8576.871317,-5.89
MATMUL,uint32_t,1,128,512,256,128,9150.628000,8606.879783,-5.94
MATMUL,uint32_t,1,256,16,16,4,49.372000,46.363541,-6.09
MATMUL,uint32_t,1,256,16,16,8,41.900000,39.251568,-6.32
MATMUL,uint32_t,1,256,16,16,16,38.763000,36.509150,-5.81
MATMUL,uint32_t,1,256,16,32,4,98.549667,92.556473,-6.08
MATMUL,uint32_t,1,256,16,32,8,83.552667,78.332528,-6.25
MATMUL,uint32_t,1,256,16,32,16,77.312667,72.847692,-5.78
MATMUL,uint32_t,1,256,16,64,4,196.917667,184.942338,-6.08
MATMUL,uint32_t,1,256,16,64,8,166.891333,156.494448,-6.23
MATMUL,uint32_t,1,256,16,64,16,154.419333,145.524775,-5.76
MATMUL,uint32_t,1,256,16,128,4,393.585333,369.714069,-6.07
MATMUL,uint32_t,1,256,16,128,8,333.498333,312.818288,-6.20
MATMUL,uint32_t,1,256,16,128,16,308.701333,290.878942,-5.77
MATMUL,uint32_t,1,256,16,256,4,787.197333,739.257529,-6.09
MATMUL,uint32_t,1,256,16,256,8,666.969667,625.465968,-6.22
MATMUL,uint32_t,1,256,16,256,16,617.132333,581.587276,-5.76
MATMUL,uint32_t,1,256,16,512,4,1573.924333,1478.344450,-6.07
MATMUL,uint32_t,1,256,16,512,8,1333.368667,1250.761328,-6.20
MATMUL,uint32_t,1,256,16,512,16,1234.204000,1163.003943,-5.77
MATMUL,uint32_t,1,256,32,16,4,96.475000,90.781735,-5.90
MATMUL,uint32_t,1,256,32,16,8,82.444667,77.240798,-6.31
MATMUL,uint32_t,1,256,32,16,16,76.495667,72.092711,-5.76
MATMUL,uint32_t,1,256,32,32,4,192.695667,181.392862,-5.87
MATMUL,uint32_t,1,256,32,32,8,164.640333,154.310988,-6.27
MATMUL,uint32_t,1,256,32,32,16,152.851333,144.014814,-5.78
MATMUL,uint32_t,1,256,32,32,32,147.651000,138.949086,-5.89
MATMUL,uint32_t,1,256,32,64,4,386.274667,362.615116,-6.13
MATMUL,uint32_t,1,256,32,64,8,329.003000,308.451367,-6.25
MATMUL,uint32_t,1,256,32,64,16,305.484000,287.859020,-5.77
MATMUL,uint32_t,1,256,32,64,32,295.232000,277.727564,-5.93
MATMUL,uint32_t,1,256,32,128,4,772.514667,725.059623,-6.14
MATMUL,uint32_t,1,256,32,128,8,658.115667,616.732126,-6.29
MATMUL,uint32_t,1,256,32,128,16,610.967000,575.547431,-5.80
MATMUL,uint32_t,1,256,32,128,32,590.145667,555.284519,-5.91
MATMUL,uint32_t,1,128,512,512,4,24269.185000,22770.629598,-6.17
MATMUL,uint32_t,1,256,32,256,4,1540.887667,1449.948638,-5.90
MATMUL,uint32_t,1,256,32,256,8,1315.509333,1233.293644,-6.25
MATMUL,uint32_t,1,128,512,512,64,18454.248333,17347.536423,-6.00
MATMUL,uint32_t,1,256,32,256,16,1221.415333,1150.924254,-5.77
MATMUL,uint32_t,1,128,512,512,32,18735.962000,17623.917241,-5.94
MATMUL,uint32_t,1,128,512,512,256,18229.333333,17153.624322,-5.90
MATMUL,uint32_t,1,128,512,512,128,18301.138333,17213.641255,-5.94
MATMUL,uint32_t,1,128,512,512,8,20780.881667,19468.071609,-6.32
MATMUL,uint32_t,1,256,32,256,32,1180.336333,1110.398430,-5.93
MATMUL,uint32_t,1,128,512,512,16,19350.720333,18230.981305,-5.79
MATMUL,uint32_t,1,256,64,16,8,163.587000,153.219257,-6.34
MATMUL,uint32_t,1,256,64,16,4,191.604000,179.618124,-6.26
MATMUL,uint32_t,1,256,64,16,16,152.067000,143.259833,-5.79
MATMUL,uint32_t,1,256,64,32,4,383.678667,359.065639,-6.42
MATMUL,uint32_t,1,256,64,32,32,293.927000,276.562178,-5.91
MATMUL,uint32_t,1,256,64,32,8,326.864667,306.267906,-6.30
MATMUL,uint32_t,1,256,64,32,16,303.921333,286.349058,-5.78
MATMUL,uint32_t,1,256,64,64,32,587.796667,552.953749,-5.93
MATMUL,uint32_t,1,256,64,64,16,607.680667,572.527509,-5.78
MATMUL,uint32_t,1,256,64,64,8,653.612333,612.365205,-6.31
MATMUL,uint32_t,1,256,64,64,4,765.598667,717.960670,-6.22
MATMUL,uint32_t,1,256,64,64,64,578.532000,544.016496,-5.97
MATMUL,uint32_t,1,256,32,512,32,2360.060333,2220.626252,-5.91
MATMUL,uint32_t,1,256,32,512,8,2630.330333,2466.416679,-6.23
MATMUL,uint32_t,1,256,32,512,16,2442.559667,2301.677900,-5.77
MATMUL,uint32_t,1,256,64,128,16,1215.145333,1144.884409,-5.78
MATMUL,uint32_t,1,256,64,128,8,1306.758667,1224.559801,-6.29
MATMUL,uint32_t,1,256,32,512,4,3080.386333,2899.726668,-5.86
MATMUL,uint32_t,1,256,64,128,4,1529.608000,1435.750732,-6.14
MATMUL,uint32_t,1,256,64,128,32,1175.145667,1105.736889,-5.91
MATMUL,uint32_t,1,256,64,128,64,1156.980000,1087.862384,-5.97
MATMUL,uint32_t,1,256,64,256,8,2612.929000,2448.948994,-6.28
MATMUL,uint32_t,1,256,64,256,32,2350.144000,2211.303170,-5.91
MATMUL,uint32_t,1,256,64,256,16,2429.405333,2289.598210,-5.75
MATMUL,uint32_t,1,256,64,256,64,2313.852333,2175.554160,-5.98
MATMUL,uint32_t,1,256,64,256,4,3060.042000,2871.330855,-6.17
MATMUL,uint32_t,1,256,128,16,4,380.904333,357.290901,-6.20
MATMUL,uint32_t,1,256,128,16,8,325.769333,305.176176,-6.32
MATMUL,uint32_t,1,256,128,16,16,303.031000,285.594078,-5.75
MATMUL,uint32_t,1,256,128,32,8,651.315333,610.181744,-6.32
MATMUL,uint32_t,1,256,128,32,4,760.757333,714.411193,-6.09
MATMUL,uint32_t,1,256,128,32,16,606.055667,571.017548,-5.78
MATMUL,uint32_t,1,256,128,32,32,586.450000,551.788364,-5.91
MATMUL,uint32_t,1,256,128,64,8,1302.063333,1220.192880,-6.29
MATMUL,uint32_t,1,256,128,64,4,1522.279667,1428.651778,-6.15
MATMUL,uint32_t,1,256,128,64,16,1211.669000,1141.864487,-5.76
MATMUL,uint32_t,1,256,64,512,8,5226.553667,4897.727381,-6.29
MATMUL,uint32_t,1,256,64,512,16,4859.873333,4579.025813,-5.78
MATMUL,uint32_t,1,256,64,512,4,6126.389000,5742.491102,-6.27
MATMUL,uint32_t,1,256,128,64,32,1173.113000,1103.406119,-5.94
MATMUL,uint32_t,1,256,128,64,64,1154.998000,1085.874873,-5.98
MATMUL,uint32_t,1,256,64,512,64,4627.611000,4350.937712,-5.98
MATMUL,uint32_t,1,256,64,512,32,4701.037000,4422.435733,-5.93
MATMUL,uint32_t,1,256,128,128,16,2423.609333,2283.558366,-5.78
MATMUL,uint32_t,1,256,128,128,8,2604.182667,2440.215152,-6.30
MATMUL,uint32_t,1,256,128,128,4,3041.402333,2857.132949,-6.06
MATMUL,uint32_t,1,256,128,128,32,2345.713667,2206.641630,-5.93
MATMUL,uint32_t,1,256,128,128,64,2309.836333,2171.579138,-5.99
MATMUL,uint32_t,1,256,128,128,128,2290.790333,2154.586005,-5.95
MATMUL,uint32_t,1,256,128,256,8,5207.899667,4880.259696,-6.29
MATMUL,uint32_t,1,256,128,256,32,4691.217000,4413.112652,-5.93
MATMUL,uint32_t,1,256,128,256,16,4847.101333,4566.946124,-5.78
MATMUL,uint32_t,1,256,128,256,4,6085.229000,5714.095289,-6.10
MATMUL,uint32_t,1,256,128,256,64,4619.651667,4342.987669,-5.99
MATMUL,uint32_t,1,256,128,256,128,4580.454000,4309.001401,-5.93
MATMUL,uint32_t,1,256,256,16,8,650.090667,609.090014,-6.31
MATMUL,uint32_t,1,256,256,16,4,759.964333,712.636455,-6.23
MATMUL,uint32_t,1,256,256,16,16,605.172667,570.262567,-5.77
MATMUL,uint32_t,1,256,256,32,4,1517.453000,1425.102302,-6.09
MATMUL,uint32_t,1,256,256,32,8,1299.807333,1218.009420,-6.29
MATMUL,uint32_t,1,256,256,32,16,1210.489000,1140.354526,-5.79
MATMUL,uint32_t,1,256,256,32,32,1171.542333,1102.240734,-5.92
MATMUL,uint32_t,1,256,128,512,8,10414.731000,9760.348784,-6.28
MATMUL,uint32_t,1,256,256,64,8,2599.207667,2435.848231,-6.28
MATMUL,uint32_t,1,256,256,64,4,3036.197000,2850.033996,-6.13
MATMUL,uint32_t,1,256,128,512,4,12189.854000,11428.019970,-6.25
MATMUL,uint32_t,1,256,256,64,16,2420.595333,2280.538444,-5.79
MATMUL,uint32_t,1,256,128,512,16,9694.859000,9133.721639,-5.79
MATMUL,uint32_t,1,256,128,512,128,9162.170667,8617.832194,-5.94
MATMUL,uint32_t,1,256,256,64,32,2342.752000,2204.310860,-5.91
MATMUL,uint32_t,1,256,256,64,64,2307.872000,2169.591628,-5.99
MATMUL,uint32_t,1,256,128,512,64,9239.161667,8685.804729,-5.99
MATMUL,uint32_t,1,256,128,512,32,9383.353667,8826.054695,-5.94
MATMUL,uint32_t,1,256,256,128,16,4839.895667,4560.906279,-5.76
MATMUL,uint32_t,1,256,256,128,8,5198.315333,4871.525854,-6.29
MATMUL,uint32_t,1,256,256,128,128,4576.449000,4305.368030,-5.92
MATMUL,uint32_t,1,256,256,128,64,4615.679000,4339.012647,-5.99
MATMUL,uint32_t,1,256,256,128,4,6068.204667,5699.897383,-6.07
MATMUL,uint32_t,1,256,256,128,32,4685.031333,4408.451111,-5.90
MATMUL,uint32_t,1,256,256,256,8,10399.010667,9742.881100,-6.31
MATMUL,uint32_t,1,256,256,256,4,12154.278000,11399.624158,-6.21
MATMUL,uint32_t,1,256,256,256,128,9154.972333,8610.565452,-5.95
MATMUL,uint32_t,1,256,256,256,256,9118.832000,8580.391170,-5.90
MATMUL,uint32_t,1,256,256,256,64,9231.170667,8677.854686,-5.99
MATMUL,uint32_t,1,256,256,256,32,9372.644333,8816.731614,-5.93
MATMUL,uint32_t,1,256,256,256,16,9678.764667,9121.641950,-5.76
MATMUL,uint32_t,1,256,512,16,4,1517.125667,1423.327564,-6.18
MATMUL,uint32_t,1,256,512,16,8,1298.810333,1216.917689,-6.31
MATMUL,uint32_t,1,256,512,16,16,1209.488000,1139.599545,-5.78
MATMUL,uint32_t,1,256,512,32,4,3031.852333,2846.484519,-6.11
MATMUL,uint32_t,1,256,512,32,8,2597.663667,2433.664770,-6.31
MATMUL,uint32_t,1,256,512,32,16,2418.452000,2279.028482,-5.76
MATMUL,uint32_t,1,256,256,512,4,24283.728333,22799.077708,-6.11
MATMUL,uint32_t,1,256,512,32,32,2342.423667,2203.145474,-5.95
MATMUL,uint32_t,1,256,256,512,8,20803.532000,19485.591591,-6.34
MATMUL,uint32_t,1,256,256,512,16,19358.954667,18243.113292,-5.76
MATMUL,uint32_t,1,256,256,512,128,18309.930667,17220.960295,-5.95
MATMUL,uint32_t,1,256,256,512,256,18234.495667,17160.611733,-5.89
MATMUL,uint32_t,1,256,256,512,64,18462.224333,17355.538764,-5.99
MATMUL,uint32_t,1,256,256,512,32,18742.848333,17633.292620,-5.92
MATMUL,uint32_t,1,256,512,64,8,5195.087000,4867.158933,-6.31
MATMUL,uint32_t,1,256,512,64,4,6066.837000,5692.798430,-6.17
MATMUL,uint32_t,1,256,512,64,16,4836.909667,4557.886357,-5.77
MATMUL,uint32_t,1,256,512,64,32,4683.612333,4406.120341,-5.92
MATMUL,uint32_t,1,256,512,64,64,4613.673333,4337.025136,-6.00
MATMUL,uint32_t,1,256,512,128,16,9673.630000,9115.602105,-5.77
MATMUL,uint32_t,1,256,512,128,8,10388.086000,9734.147257,-6.30
MATMUL,uint32_t,1,256,512,128,32,9366.525000,8812.070073,-5.92
MATMUL,uint32_t,1,256,512,128,64,9227.203000,8673.879664,-6.00
MATMUL,uint32_t,1,256,512,128,4,12128.314333,11385.426252,-6.13
MATMUL,uint32_t,1,256,512,128,128,9151.262000,8606.932080,-5.95
MATMUL,uint32_t,1,256,512,256,8,20775.541000,19468.123906,-6.29
MATMUL,uint32_t,1,256,512,256,4,24264.872000,22770.681895,-6.16
MATMUL,uint32_t,1,256,512,256,32,18732.046333,17623.969538,-5.92
MATMUL,uint32_t,1,256,512,256,16,19346.310000,18231.033602,-5.76
MATMUL,uint32_t,1,256,512,256,64,18454.213333,17347.588720,-6.00
MATMUL,uint32_t,1,256,512,256,256,18227.611667,17153.676620,-5.89
MATMUL,uint32_t,1,256,512,256,128,18300.623000,17213.693552,-5.94
MATMUL,uint32_t,1,512,16,16,4,98.650333,92.661068,-6.07
MATMUL,uint32_t,1,512,16,16,8,83.697000,78.437122,-6.28
MATMUL,uint32_t,1,512,16,16,16,77.461667,72.952286,-5.82
MATMUL,uint32_t,1,512,16,32,4,197.057000,185.046933,-6.09
MATMUL,uint32_t,1,512,16,32,8,167.033667,156.599042,-6.25
MATMUL,uint32_t,1,512,16,32,16,154.572333,145.629369,-5.79
MATMUL,uint32_t,1,512,16,64,4,393.762333,369.818663,-6.08
MATMUL,uint32_t,1,512,16,64,8,333.716667,312.922882,-6.23
MATMUL,uint32_t,1,512,16,64,16,308.762667,290.983536,-5.76
MATMUL,uint32_t,1,512,16,128,4,787.611667,739.362124,-6.13
MATMUL,uint32_t,1,512,16,128,8,666.882667,625.570562,-6.19
MATMUL,uint32_t,1,512,16,128,16,617.157667,581.691870,-5.75
MATMUL,uint32_t,1,512,16,256,4,1574.400000,1478.449045,-6.09
MATMUL,uint32_t,1,512,16,256,8,1334.034333,1250.865922,-6.23
MATMUL,uint32_t,1,512,16,256,16,1234.373333,1163.108537,-5.77
MATMUL,uint32_t,1,512,16,512,4,3149.875333,2956.622887,-6.14
MATMUL,uint32_t,1,512,16,512,8,2666.983667,2501.456642,-6.21
MATMUL,uint32_t,1,512,16,512,16,2467.889667,2325.941872,-5.75
MATMUL,uint32_t,1,512,32,16,4,193.029000,181.497456,-5.97
MATMUL,uint32_t,1,512,32,16,8,164.821667,154.415582,-6.31
MATMUL,uint32_t,1,512,32,16,16,152.969333,144.119408,-5.79
MATMUL,uint32_t,1,512,32,32,4,386.357667,362.719710,-6.12
MATMUL,uint32_t,1,512,32,32,8,329.156000,308.555961,-6.26
MATMUL,uint32_t,1,512,32,32,16,305.621000,287.963614,-5.78
MATMUL,uint32_t,1,512,32,32,32,295.359000,277.832158,-5.93
MATMUL,uint32_t,1,512,32,64,4,771.433333,725.164217,-6.00
MATMUL,uint32_t,1,512,32,64,8,658.174000,616.836720,-6.28
MATMUL,uint32_t,1,512,32,64,16,610.935333,575.652025,-5.78
MATMUL,uint32_t,1,512,32,64,32,590.378667,555.389113,-5.93
MATMUL,uint32_t,1,512,32,128,4,1543.139333,1450.053232,-6.03
MATMUL,uint32_t,1,512,32,128,8,1315.408333,1233.398238,-6.23
MATMUL,uint32_t,1,512,32,128,16,1221.753333,1151.028848,-5.79
MATMUL,uint32_t,1,512,32,128,32,1179.897333,1110.503024,-5.88
MATMUL,uint32_t,1,256,512,512,4,48496.502000,45541.193182,-6.09
MATMUL,uint32_t,1,512,32,256,4,3081.357333,2899.831262,-5.89
MATMUL,uint32_t,1,512,32,256,16,2442.778000,2301.782494,-5.77
MATMUL,uint32_t,1,512,32,256,8,2630.902333,2466.521273,-6.25
MATMUL,uint32_t,1,256,512,512,64,36908.277000,34695.006832,-6.00
MATMUL,uint32_t,1,256,512,512,128,36597.159000,34427.216496,-5.93
MATMUL,uint32_t,1,512,32,256,32,2360.431333,2220.730846,-5.92
MATMUL,uint32_t,1,256,512,512,32,37462.829333,35247.768469,-5.91
MATMUL,uint32_t,1,256,512,512,256,36456.292333,34307.182631,-5.90
MATMUL,uint32_t,1,256,512,512,8,41558.109667,38936.077205,-6.31
MATMUL,uint32_t,1,256,512,512,16,38694.458667,36461.896597,-5.77
MATMUL,uint32_t,1,512,64,16,4,382.596333,359.170233,-6.12
MATMUL,uint32_t,1,512,64,16,8,327.023333,306.372501,-6.31
MATMUL,uint32_t,1,512,64,16,16,304.003333,286.453653,-5.77
MATMUL,uint32_t,1,512,64,32,4,767.071667,718.065264,-6.39
MATMUL,uint32_t,1,512,64,32,8,653.762667,612.469799,-6.32
MATMUL,uint32_t,1,512,64,32,16,607.673333,572.632103,-5.77
MATMUL,uint32_t,1,512,64,32,32,587.771333,553.058343,-5.91
MATMUL,uint32_t,1,512,64,64,16,1214.948333,1144.989004,-5.76
MATMUL,uint32_t,1,512,64,64,32,1175.282000,1105.841484,-5.91
MATMUL,uint32_t,1,512,64,64,8,1306.916667,1224.664396,-6.29
MATMUL,uint32_t,1,512,64,64,4,1530.500000,1435.855326,-6.18
MATMUL,uint32_t,1,512,64,64,64,1156.991667,1087.966978,-5.97
MATMUL,uint32_t,1,512,32,512,4,6161.209000,5799.387321,-5.87
MATMUL,uint32_t,1,512,32,512,32,4720.862333,4441.186489,-5.92
MATMUL,uint32_t,1,512,32,512,16,4884.686000,4603.289785,-5.76
MATMUL,uint32_t,1,512,32,512,8,5261.662667,4932.767344,-6.25
MATMUL,uint32_t,1,512,64,128,8,2613.514667,2449.053589,-6.29
MATMUL,uint32_t,1,512,64,128,16,2429.687333,2289.702805,-5.76
MATMUL,uint32_t,1,512,64,128,4,3059.698333,2871.435449,-6.15
MATMUL,uint32_t,1,512,64,128,32,2350.122333,2211.407765,-5.90
MATMUL,uint32_t,1,512,64,128,64,2313.844667,2175.658754,-5.97
MATMUL,uint32_t,1,512,64,256,16,4859.742000,4579.130407,-5.77
MATMUL,uint32_t,1,512,64,256,64,4627.645000,4351.042306,-5.98
MATMUL,uint32_t,1,512,64,256,32,4699.558000,4422.540327,-5.89
MATMUL,uint32_t,1,512,64,256,8,5225.933000,4897.831975,-6.28
MATMUL,uint32_t,1,512,128,16,4,760.829000,714.515788,-6.09
MATMUL,uint32_t,1,512,128,16,8,651.353000,610.286338,-6.30
MATMUL,uint32_t,1,512,64,256,4,6126.979667,5742.595696,-6.27
MATMUL,uint32_t,1,512,128,16,16,606.238000,571.122142,-5.79
MATMUL,uint32_t,1,512,128,32,8,1302.410667,1220.297474,-6.30
MATMUL,uint32_t,1,512,128,32,4,1521.206333,1428.756373,-6.08
MATMUL,uint32_t,1,512,128,32,16,1212.103667,1141.969081,-5.79
MATMUL,uint32_t,1,512,128,32,32,1173.226000,1103.510713,-5.94
MATMUL,uint32_t,1,512,128,64,8,2604.409000,2440.319746,-6.30
MATMUL,uint32_t,1,512,128,64,4,3042.164000,2857.237543,-6.08
MATMUL,uint32_t,1,512,64,512,16,9718.945000,9157.985612,-5.77
MATMUL,uint32_t,1,512,128,64,16,2424.013333,2283.662960,-5.79
MATMUL,uint32_t,1,512,64,512,8,10452.449000,9795.388748,-6.29
MATMUL,uint32_t,1,512,128,64,32,2345.280000,2206.746224,-5.91
MATMUL,uint32_t,1,512,64,512,4,12241.157333,11484.916190,-6.18
MATMUL,uint32_t,1,512,128,64,64,2309.870000,2171.683733,-5.98
MATMUL,uint32_t,1,512,64,512,64,9255.177333,8701.809410,-5.98
MATMUL,uint32_t,1,512,64,512,32,9400.639333,8844.805452,-5.91
MATMUL,uint32_t,1,512,128,128,8,5208.946000,4880.364290,-6.31
MATMUL,uint32_t,1,512,128,128,16,4846.502000,4567.050718,-5.77
MATMUL,uint32_t,1,512,128,128,4,6084.925333,5714.199884,-6.09
MATMUL,uint32_t,1,512,128,128,32,4690.295667,4413.217246,-5.91
MATMUL,uint32_t,1,512,128,128,128,4580.905333,4309.105996,-5.93
MATMUL,uint32_t,1,512,128,128,64,4619.613333,4343.092263,-5.99
MATMUL,uint32_t,1,512,128,256,8,10416.752000,9760.453378,-6.30
MATMUL,uint32_t,1,512,128,256,32,9380.050667,8826.159289,-5.90
MATMUL,uint32_t,1,512,128,256,16,9692.288667,9133.826233,-5.76
MATMUL,uint32_t,1,512,128,256,4,12176.310333,11428.124565,-6.14
MATMUL,uint32_t,1,512,128,256,64,9239.163667,8685.909324,-5.99
MATMUL,uint32_t,1,512,128,256,128,9159.374667,8617.936789,-5.91
MATMUL,uint32_t,1,512,256,16,4,1518.465667,1425.206896,-6.14
MATMUL,uint32_t,1,512,256,16,8,1300.175000,1218.114014,-6.31
MATMUL,uint32_t,1,512,256,16,16,1210.532000,1140.459120,-5.79
MATMUL,uint32_t,1,512,256,32,4,3038.338667,2850.138590,-6.19
MATMUL,uint32_t,1,512,256,32,8,2599.763667,2435.952825,-6.30
MATMUL,uint32_t,1,512,256,32,16,2420.702333,2280.643038,-5.79
MATMUL,uint32_t,1,512,256,32,32,2343.635333,2204.415454,-5.94
MATMUL,uint32_t,1,512,128,512,8,20836.425667,19520.631554,-6.31
MATMUL,uint32_t,1,512,256,64,8,5199.560667,4871.630448,-6.31
MATMUL,uint32_t,1,512,256,64,4,6068.175667,5700.001977,-6.07
MATMUL,uint32_t,1,512,128,512,4,24323.277000,22855.973927,-6.03
MATMUL,uint32_t,1,512,256,64,16,4839.750000,4561.010873,-5.76
MATMUL,uint32_t,1,512,128,512,16,19382.170000,18267.377264,-5.75
MATMUL,uint32_t,1,512,256,64,32,4687.278667,4408.555705,-5.95
MATMUL,uint32_t,1,512,128,512,64,18478.233000,17371.543445,-5.99
MATMUL,uint32_t,1,512,256,64,64,4615.616333,4339.117241,-5.99
MATMUL,uint32_t,1,512,128,512,32,18763.728000,17652.043376,-5.92
MATMUL,uint32_t,1,512,128,512,128,18324.747333,17235.598375,-5.94
MATMUL,uint32_t,1,512,256,128,128,9154.606000,8610.670046,-5.94
MATMUL,uint32_t,1,512,256,128,32,9370.922667,8816.836208,-5.91
MATMUL,uint32_t,1,512,256,128,64,9231.179000,8677.959280,-5.99
MATMUL,uint32_t,1,512,256,128,8,10397.301000,9742.985694,-6.29
MATMUL,uint32_t,1,512,256,128,16,9680.782000,9121.746544,-5.77
MATMUL,uint32_t,1,512,256,128,4,12146.356000,11399.728752,-6.15
MATMUL,uint32_t,1,512,256,256,8,20795.930667,19485.696185,-6.30
MATMUL,uint32_t,1,512,256,256,4,24293.852333,22799.182302,-6.15
MATMUL,uint32_t,1,512,256,256,128,18309.038000,17221.064889,-5.94
MATMUL,uint32_t,1,512,256,256,256,18237.502333,17160.716327,-5.90
MATMUL,uint32_t,1,512,256,256,64,18462.216333,17355.643358,-5.99
MATMUL,uint32_t,1,512,256,256,32,18740.368333,17633.397214,-5.91
MATMUL,uint32_t,1,512,256,256,16,19360.475000,18243.217886,-5.77
MATMUL,uint32_t,1,512,512,16,4,3034.431667,2846.589113,-6.19
MATMUL,uint32_t,1,512,512,16,8,2597.344667,2433.769365,-6.30
MATMUL,uint32_t,1,512,512,16,16,2418.496333,2279.133077,-5.76
MATMUL,uint32_t,1,512,512,32,4,6069.050667,5692.903024,-6.20
MATMUL,uint32_t,1,512,512,32,8,5193.944000,4867.263527,-6.29
MATMUL,uint32_t,1,512,512,32,16,4838.082000,4557.990951,-5.79
MATMUL,uint32_t,1,512,512,32,32,4684.286333,4406.224935,-5.94
MATMUL,uint32_t,1,512,256,512,4,48541.971333,45598.089401,-6.06
MATMUL,uint32_t,1,512,256,512,8,41591.449333,38971.117168,-6.30
MATMUL,uint32_t,1,512,256,512,16,38726.260333,36486.160569,-5.78
MATMUL,uint32_t,1,512,256,512,128,36610.540667,34441.854576,-5.92
MATMUL,uint32_t,1,512,256,512,256,36467.075667,34321.157452,-5.88
MATMUL,uint32_t,1,512,256,512,64,36924.287333,34711.011513,-5.99
MATMUL,uint32_t,1,512,256,512,32,37492.172667,35266.519225,-5.94
MATMUL,uint32_t,1,512,512,64,8,10391.059667,9734.251852,-6.32
MATMUL,uint32_t,1,512,512,64,4,12118.905000,11385.530846,-6.05
MATMUL,uint32_t,1,512,512,64,16,9672.182000,9115.706700,-5.75
MATMUL,uint32_t,1,512,512,64,32,9367.905000,8812.174668,-5.93
MATMUL,uint32_t,1,512,512,64,64,9227.156333,8673.984258,-6.00
MATMUL,uint32_t,1,512,512,128,16,19348.112333,18231.138197,-5.77
MATMUL,uint32_t,1,512,512,128,8,20776.994000,19468.228501,-6.30
MATMUL,uint32_t,1,512,512,128,32,18737.364667,17624.074133,-5.94
MATMUL,uint32_t,1,512,512,128,64,18454.224667,17347.693314,-6.00
MATMUL,uint32_t,1,512,512,128,4,24286.944667,22770.786489,-6.24
MATMUL,uint32_t,1,512,512,128,128,18299.899667,17213.798146,-5.94
MATMUL,uint32_t,1,512,512,256,8,41549.304667,38936.181799,-6.29
MATMUL,uint32_t,1,512,512,256,4,48580.858000,45541.297776,-6.26
MATMUL,uint32_t,1,512,512,256,32,37464.136000,35247.873063,-5.92
MATMUL,uint32_t,1,512,512,256,16,38702.432667,36462.001191,-5.79
MATMUL,uint32_t,1,512,512,256,64,36908.334333,34695.111426,-6.00
MATMUL,uint32_t,1,512,512,256,128,36592.649000,34427.321090,-5.92
MATMUL,uint32_t,1,512,512,256,256,36451.487000,34307.287225,-5.88
MATMUL,uint32_t,2,16,16,16,4,3.138333,2.959858,-5.69
MATMUL,uint32_t,2,16,16,16,8,2.662667,2.515529,-5.53
MATMUL,uint32_t,2,16,16,16,16,2.470333,2.343958,-5.12
MATMUL,uint32_t,2,16,16,32,4,6.206667,5.846916,-5.80
MATMUL,uint32_t,2,16,16,32,8,5.265333,4.958295,-5.83
MATMUL,uint32_t,2,16,16,32,16,4.879333,4.615117,-5.41
MATMUL,uint32_t,2,16,16,64,4,12.377333,11.621033,-6.11
MATMUL,uint32_t,2,16,16,64,8,10.470667,9.843826,-5.99
MATMUL,uint32_t,2,16,16,64,16,9.698333,9.157435,-5.58
MATMUL,uint32_t,2,16,16,128,4,24.705000,23.169266,-6.22
MATMUL,uint32_t,2,16,16,128,8,20.896333,19.614889,-6.13
MATMUL,uint32_t,2,16,16,128,16,19.341333,18.242070,-5.68
MATMUL,uint32_t,2,16,16,256,4,49.359667,46.265732,-6.27
MATMUL,uint32_t,2,16,16,256,8,41.744333,39.157015,-6.20
MATMUL,uint32_t,2,16,16,256,16,38.622000,36.411341,-5.72
MATMUL,uint32_t,2,16,16,512,4,98.676667,92.458665,-6.30
MATMUL,uint32_t,2,16,16,512,8,83.461333,78.241266,-6.25
MATMUL,uint32_t,2,16,16,512,16,77.189667,72.749883,-5.75
MATMUL,uint32_t,2,16,32,16,4,6.100000,5.735995,-5.97
MATMUL,uint32_t,2,16,32,16,8,5.205000,4.890062,-6.05
MATMUL,uint32_t,2,16,32,16,16,4.835333,4.567931,-5.53
MATMUL,uint32_t,2,16,32,32,4,12.143667,11.399190,-6.13
MATMUL,uint32_t,2,16,32,32,8,10.336667,9.707360,-6.09
MATMUL,uint32_t,2,16,32,32,16,9.603333,9.063062,-5.63
MATMUL,uint32_t,2,16,32,32,32,9.271000,8.751447,-5.60
MATMUL,uint32_t,2,16,32,64,4,24.205000,22.725581,-6.11
MATMUL,uint32_t,2,16,32,64,8,20.635667,19.341957,-6.27
MATMUL,uint32_t,2,16,32,64,16,19.142333,18.053325,-5.69
MATMUL,uint32_t,2,16,32,64,32,18.502000,17.431109,-5.79
MATMUL,uint32_t,2,16,32,128,4,48.338667,45.378363,-6.12
MATMUL,uint32_t,2,16,32,128,8,41.176000,38.611150,-6.23
MATMUL,uint32_t,2,16,32,128,16,38.237333,36.033851,-5.76
MATMUL,uint32_t,2,16,32,128,32,36.940333,34.790432,-5.82
MATMUL,uint32_t,2,16,32,256,4,96.591000,90.683926,-6.12
MATMUL,uint32_t,2,16,32,256,8,82.321667,77.149536,-6.28
MATMUL,uint32_t,2,16,32,256,16,76.409333,71.994902,-5.78
MATMUL,uint32_t,2,16,32,256,32,73.837667,69.509052,-5.86
MATMUL,uint32_t,2,16,32,512,4,193.351667,181.295053,-6.24
MATMUL,uint32_t,2,16,32,512,8,164.553333,154.226309,-6.28
MATMUL,uint32_t,2,16,32,512,16,152.783333,143.917005,-5.80
MATMUL,uint32_t,2,16,32,512,32,147.554000,138.946240,-5.83
MATMUL,uint32_t,2,16,64,16,4,12.042000,11.288269,-6.26
MATMUL,uint32_t,2,16,64,16,8,10.278333,9.639127,-6.22
MATMUL,uint32_t,2,16,64,16,16,9.550667,9.015876,-5.60
MATMUL,uint32_t,2,16,64,32,4,24.059333,22.503739,-6.47
MATMUL,uint32_t,2,16,64,32,8,20.493667,19.205490,-6.29
MATMUL,uint32_t,2,16,64,32,16,19.050000,17.958953,-5.73
MATMUL,uint32_t,2,16,64,32,32,18.428333,17.358246,-5.81
MATMUL,uint32_t,2,16,64,64,4,48.006333,44.934678,-6.40
MATMUL,uint32_t,2,16,64,64,8,40.922333,38.338217,-6.31
MATMUL,uint32_t,2,16,64,64,16,38.024667,35.845106,-5.73
MATMUL,uint32_t,2,16,64,64,32,36.790000,34.644706,-5.83
MATMUL,uint32_t,2,16,64,64,64,36.207333,34.071596,-5.90
MATMUL,uint32_t,2,16,64,128,4,95.972667,89.796557,-6.44
MATMUL,uint32_t,2,16,64,128,8,81.752667,76.603671,-6.30
MATMUL,uint32_t,2,16,64,128,16,76.005667,71.617412,-5.77
MATMUL,uint32_t,2,16,64,128,32,73.530000,69.217627,-5.86
MATMUL,uint32_t,2,16,64,128,64,72.370667,68.070789,-5.94
MATMUL,uint32_t,2,16,64,256,4,191.899333,179.520315,-6.45
MATMUL,uint32_t,2,16,64,256,8,163.488667,153.134578,-6.33
MATMUL,uint32_t,2,16,64,256,16,151.948333,143.162025,-5.78
MATMUL,uint32_t,2,16,64,256,32,146.955667,138.363443,-5.85
MATMUL,uint32_t,2,16,64,256,64,144.674333,136.069174,-5.95
MATMUL,uint32_t,2,16,64,512,4,384.029000,358.967830,-6.53
MATMUL,uint32_t,2,16,64,512,8,326.833000,306.196393,-6.31
MATMUL,uint32_t,2,16,64,512,16,303.835000,286.251250,-5.79
MATMUL,uint32_t,2,16,64,512,32,293.925667,276.655021,-5.88
MATMUL,uint32_t,2,16,64,512,64,289.288333,272.065944,-5.95
MATMUL,uint32_t,2,16,128,16,4,23.911667,22.392818,-6.35
MATMUL,uint32_t,2,16,128,16,8,20.420333,19.137257,-6.28
MATMUL,uint32_t,2,16,128,16,16,19.004000,17.911766,-5.75
MATMUL,uint32_t,2,16,128,32,4,47.771667,44.712836,-6.40
MATMUL,uint32_t,2,16,128,32,8,40.778333,38.201751,-6.32
MATMUL,uint32_t,2,16,128,32,16,37.942667,35.750733,-5.78
MATMUL,uint32_t,2,16,128,32,32,36.722333,34.571843,-5.86
MATMUL,uint32_t,2,16,128,64,4,95.413667,89.352873,-6.35
MATMUL,uint32_t,2,16,128,64,8,81.462333,76.330738,-6.30
MATMUL,uint32_t,2,16,128,64,16,75.808667,71.428667,-5.78
MATMUL,uint32_t,2,16,128,64,32,73.367667,69.071901,-5.86
MATMUL,uint32_t,2,16,128,64,64,72.242333,67.946569,-5.95
MATMUL,uint32_t,2,16,128,128,4,190.638667,178.632946,-6.30
MATMUL,uint32_t,2,16,128,128,8,162.887000,152.588713,-6.32
MATMUL,uint32_t,2,16,128,128,16,151.558333,142.784534,-5.79
MATMUL,uint32_t,2,16,128,128,32,146.684000,138.072015,-5.87
MATMUL,uint32_t,2,16,128,128,64,144.427667,135.820735,-5.96
MATMUL,uint32_t,2,16,128,128,128,143.228667,134.750233,-5.92
MATMUL,uint32_t,2,16,128,256,4,381.940333,357.193092,-6.48
MATMUL,uint32_t,2,16,128,256,8,325.702333,305.104663,-6.32
MATMUL,uint32_t,2,16,128,256,16,303.070667,285.496269,-5.80
MATMUL,uint32_t,2,16,128,256,32,293.277667,276.072229,-5.87
MATMUL,uint32_t,2,16,128,256,64,288.784333,271.569066,-5.96
MATMUL,uint32_t,2,16,128,256,128,286.391000,269.428465,-5.92
MATMUL,uint32_t,2,16,128,512,4,764.207333,714.313385,-6.53
MATMUL,uint32_t,2,16,128,512,8,651.365333,610.136562,-6.33
MATMUL,uint32_t,2,16,128,512,16,606.080667,570.919739,-5.80
MATMUL,uint32_t,2,16,128,512,32,586.586333,552.072674,-5.88
MATMUL,uint32_t,2,16,128,512,64,577.516000,543.065728,-5.97
MATMUL,uint32_t,2,16,128,512,128,572.710667,538.784929,-5.92
MATMUL,uint32_t,2,16,256,16,4,47.620000,44.601915,-6.34
MATMUL,uint32_t,2,16,256,16,8,40.706333,38.133518,-6.32
MATMUL,uint32_t,2,16,256,16,16,37.898667,35.703547,-5.79
MATMUL,uint32_t,2,16,256,32,4,95.414333,89.131030,-6.59
MATMUL,uint32_t,2,16,256,32,8,81.338000,76.194272,-6.32
MATMUL,uint32_t,2,16,256,32,16,75.712333,71.334294,-5.78
MATMUL,uint32_t,2,16,256,32,32,73.305000,68.999039,-5.87
MATMUL,uint32_t,2,16,256,64,4,190.898000,178.189261,-6.66
MATMUL,uint32_t,2,16,256,64,8,162.619000,152.315781,-6.34
MATMUL,uint32_t,2,16,256,64,16,151.370000,142.595789,-5.80
MATMUL,uint32_t,2,16,256,64,32,146.562333,137.926294,-5.89
MATMUL,uint32_t,2,16,256,64,64,144.311333,135.696515,-5.97
MATMUL,uint32_t,2,16,256,128,4,380.588000,356.305723,-6.38
MATMUL,uint32_t,2,16,256,128,8,325.162667,304.558798,-6.34
MATMUL,uint32_t,2,16,256,128,16,302.705333,285.118779,-5.81
MATMUL,uint32_t,2,16,256,128,32,292.958667,275.780794,-5.86
MATMUL,uint32_t,2,16,256,128,64,288.544000,271.320627,-5.97
MATMUL,uint32_t,2,16,256,128,128,286.171333,269.201379,-5.93
MATMUL,uint32_t,2,16,256,256,4,763.146000,712.538646,-6.63
MATMUL,uint32_t,2,16,256,256,8,650.145333,609.044832,-6.32
MATMUL,uint32_t,2,16,256,256,16,605.213667,570.164758,-5.79
MATMUL,uint32_t,2,16,256,256,32,585.817000,551.489798,-5.86
MATMUL,uint32_t,2,16,256,256,64,577.014000,542.568850,-5.97
MATMUL,uint32_t,2,16,256,256,128,572.254000,538.330758,-5.93
MATMUL,uint32_t,2,16,256,256,256,570.027667,536.350193,-5.91
MATMUL,uint32_t,2,16,256,512,4,1525.863667,1425.004493,-6.61
MATMUL,uint32_t,2,16,256,512,8,1300.523333,1218.016901,-6.34
MATMUL,uint32_t,2,16,256,512,16,1210.487667,1140.256717,-5.80
MATMUL,uint32_t,2,16,256,512,32,1171.836667,1102.907815,-5.88
MATMUL,uint32_t,2,16,256,512,64,1153.991000,1085.065297,-5.97
MATMUL,uint32_t,2,16,256,512,128,1144.355667,1076.589514,-5.92
MATMUL,uint32_t,2,16,256,512,256,1140.008333,1072.626499,-5.91
MATMUL,uint32_t,2,16,512,16,4,95.097667,89.020109,-6.39
MATMUL,uint32_t,2,16,512,16,8,81.272667,76.126039,-6.33
MATMUL,uint32_t,2,16,512,16,16,75.673667,71.287108,-5.80
MATMUL,uint32_t,2,16,512,32,4,189.992333,177.967419,-6.33
MATMUL,uint32_t,2,16,512,32,8,162.440333,152.179314,-6.32
MATMUL,uint32_t,2,16,512,32,16,151.260000,142.501417,-5.79
MATMUL,uint32_t,2,16,512,32,32,146.470667,137.853433,-5.88
MATMUL,uint32_t,2,16,512,64,4,379.908667,355.862038,-6.33
MATMUL,uint32_t,2,16,512,64,8,324.773333,304.285865,-6.31
MATMUL,uint32_t,2,16,512,64,16,302.448333,284.930034,-5.79
MATMUL,uint32_t,2,16,512,64,32,292.794000,275.635074,-5.86
MATMUL,uint32_t,2,16,512,64,64,288.418000,271.196408,-5.97
MATMUL,uint32_t,2,16,512,128,4,761.375333,711.651277,-6.53
MATMUL,uint32_t,2,16,512,128,8,649.570667,608.498967,-6.32
MATMUL,uint32_t,2,16,512,128,16,604.762000,569.787268,-5.78
MATMUL,uint32_t,2,16,512,128,32,585.665000,551.198358,-5.89
MATMUL,uint32_t,2,16,512,128,64,576.767333,542.320412,-5.97
MATMUL,uint32_t,2,16,512,128,128,571.903333,538.103672,-5.91
MATMUL,uint32_t,2,16,512,256,4,1522.076000,1423.229755,-6.49
MATMUL,uint32_t,2,16,512,256,8,1299.074000,1216.925170,-6.32
MATMUL,uint32_t,2,16,512,256,16,1209.474000,1139.501737,-5.79
MATMUL,uint32_t,2,16,512,256,32,1170.880333,1102.324928,-5.86
MATMUL,uint32_t,2,16,512,256,64,1153.492000,1084.568420,-5.98
MATMUL,uint32_t,2,16,512,256,128,1143.814667,1076.135343,-5.92
MATMUL,uint32_t,2,16,512,256,256,1139.313667,1072.193055,-5.89
MATMUL,uint32_t,2,16,512,512,4,3040.617000,2846.386710,-6.39
MATMUL,uint32_t,2,16,512,512,8,2597.811333,2433.777577,-6.31
MATMUL,uint32_t,2,16,512,512,16,2418.634000,2278.930674,-5.78
MATMUL,uint32_t,1,512,512,512,4,96993.676000,91082.320350,-6.09
MATMUL,uint32_t,2,16,512,512,32,2342.607667,2204.578073,-5.89
MATMUL,uint32_t,2,16,512,512,64,2306.864667,2169.064436,-5.97
MATMUL,uint32_t,2,16,512,512,128,2287.580667,2152.198684,-5.92
MATMUL,uint32_t,2,32,16,16,4,6.232000,5.853453,-6.07
MATMUL,uint32_t,2,32,16,16,8,5.274000,4.964832,-5.86
MATMUL,uint32_t,2,32,16,16,16,4.896667,4.621654,-5.62
MATMUL,uint32_t,2,32,16,32,4,12.401333,11.627570,-6.24
MATMUL,uint32_t,2,32,16,32,8,10.483667,9.850364,-6.04
MATMUL,uint32_t,2,32,16,32,16,9.707667,9.163972,-5.60
MATMUL,uint32_t,2,32,16,64,4,24.697000,23.175803,-6.16
MATMUL,uint32_t,2,32,16,64,8,20.921333,19.621426,-6.21
MATMUL,uint32_t,2,32,16,64,16,19.364667,18.248608,-5.76
MATMUL,uint32_t,2,32,16,128,4,49.373667,46.272269,-6.28
MATMUL,uint32_t,2,32,16,128,8,41.752000,39.163552,-6.20
MATMUL,uint32_t,2,32,16,128,16,38.648333,36.417878,-5.77
MATMUL,uint32_t,2,32,16,256,4,98.669667,92.465202,-6.29
MATMUL,uint32_t,2,32,16,256,8,83.478333,78.247804,-6.27
MATMUL,uint32_t,2,16,512,512,256,2278.819333,2144.312223,-5.90
MATMUL,uint32_t,2,32,16,256,16,77.214333,72.756420,-5.77
MATMUL,uint32_t,2,32,16,512,4,197.217000,184.851067,-6.27
MATMUL,uint32_t,2,32,16,512,8,166.831000,156.416306,-6.24
MATMUL,uint32_t,2,32,32,16,4,12.148000,11.405728,-6.11
MATMUL,uint32_t,2,32,32,16,8,10.357333,9.713897,-6.21
MATMUL,uint32_t,2,32,16,512,16,154.370333,145.433504,-5.79
MATMUL,uint32_t,2,32,32,16,16,9.606000,9.069600,-5.58
MATMUL,uint32_t,2,32,32,32,4,24.221000,22.732118,-6.15
MATMUL,uint32_t,2,32,32,32,8,20.647667,19.348494,-6.29
MATMUL,uint32_t,2,32,32,32,16,19.150667,18.059862,-5.70
MATMUL,uint32_t,2,32,32,32,32,18.516667,17.437646,-5.83
MATMUL,uint32_t,2,32,32,64,4,48.312667,45.384900,-6.06
MATMUL,uint32_t,2,32,32,64,8,41.204667,38.617687,-6.28
MATMUL,uint32_t,2,32,32,64,16,38.256667,36.040388,-5.79
MATMUL,uint32_t,2,32,32,64,32,36.955667,34.796969,-5.84
MATMUL,uint32_t,2,32,32,128,4,96.677667,90.690464,-6.19
MATMUL,uint32_t,2,32,32,128,8,82.313000,77.156073,-6.27
MATMUL,uint32_t,2,32,32,128,16,76.425333,72.001440,-5.79
MATMUL,uint32_t,2,32,32,128,32,73.842333,69.515589,-5.86
MATMUL,uint32_t,2,32,32,256,4,193.209000,181.301590,-6.16
MATMUL,uint32_t,2,32,32,256,8,164.539333,154.232846,-6.26
MATMUL,uint32_t,2,32,32,256,32,147.571000,138.952777,-5.84
MATMUL,uint32_t,2,32,32,256,16,152.799000,143.923542,-5.81
MATMUL,uint32_t,2,32,32,512,8,329.032333,308.386391,-6.27
MATMUL,uint32_t,2,32,32,512,4,386.290667,362.523844,-6.15
MATMUL,uint32_t,2,32,32,512,16,305.417333,287.767748,-5.78
MATMUL,uint32_t,2,32,32,512,32,295.012333,277.827153,-5.83
MATMUL,uint32_t,2,32,64,16,4,24.037667,22.510276,-6.35
MATMUL,uint32_t,2,32,64,16,8,20.507000,19.212028,-6.31
MATMUL,uint32_t,2,32,64,16,16,19.063667,17.965490,-5.76
MATMUL,uint32_t,2,32,64,32,4,47.999667,44.941216,-6.37
MATMUL,uint32_t,2,32,64,32,8,40.952667,38.344754,-6.37
MATMUL,uint32_t,2,32,64,32,16,38.044667,35.851643,-5.76
MATMUL,uint32_t,2,32,64,32,32,36.797333,34.651243,-5.83
MATMUL,uint32_t,2,32,64,64,4,95.985000,89.803094,-6.44
MATMUL,uint32_t,2,32,64,64,8,81.771333,76.610208,-6.31
MATMUL,uint32_t,2,32,64,64,16,76.010000,71.623949,-5.77
MATMUL,uint32_t,2,32,64,64,32,73.531333,69.224164,-5.86
MATMUL,uint32_t,2,32,64,64,64,72.375667,68.077326,-5.94
MATMUL,uint32_t,2,32,64,128,4,191.941000,179.526852,-6.47
MATMUL,uint32_t,2,32,64,128,8,163.475667,153.141116,-6.32
MATMUL,uint32_t,2,32,64,128,16,151.967000,143.168562,-5.79
MATMUL,uint32_t,2,32,64,128,32,146.958333,138.369980,-5.84
MATMUL,uint32_t,2,32,64,128,64,144.673667,136.075711,-5.94
MATMUL,uint32_t,2,32,64,256,4,384.109667,358.974368,-6.54
MATMUL,uint32_t,2,32,64,256,8,326.809333,306.202930,-6.31
MATMUL,uint32_t,2,32,64,256,16,303.814667,286.257787,-5.78
MATMUL,uint32_t,2,32,64,256,32,293.962333,276.661558,-5.89
MATMUL,uint32_t,1,512,512,512,64,73816.453667,69389.947650,-6.00
MATMUL,uint32_t,2,32,64,256,64,289.302333,272.072481,-5.96
MATMUL,uint32_t,1,512,512,512,128,73203.577333,68854.366978,-5.94
MATMUL,uint32_t,2,32,64,512,4,768.429000,717.869398,-6.58
MATMUL,uint32_t,2,32,64,512,8,653.583000,612.326560,-6.31
MATMUL,uint32_t,2,32,64,512,16,607.666667,572.436237,-5.80
MATMUL,uint32_t,1,512,512,512,32,74957.297667,70495.470924,-5.95
MATMUL,uint32_t,2,32,128,16,4,47.735667,44.719373,-6.32
MATMUL,uint32_t,2,32,128,16,8,40.799000,38.208288,-6.35
MATMUL,uint32_t,2,32,128,16,16,37.948667,35.757270,-5.77
MATMUL,uint32_t,2,32,128,32,4,95.481000,89.359410,-6.41
MATMUL,uint32_t,2,32,128,32,8,81.496000,76.337276,-6.33
MATMUL,uint32_t,2,32,128,32,16,75.826000,71.435204,-5.79
MATMUL,uint32_t,2,32,64,512,32,587.693667,553.244715,-5.86
MATMUL,uint32_t,1,512,512,512,256,72921.507000,68614.299248,-5.91
MATMUL,uint32_t,2,32,128,32,32,73.385000,69.078439,-5.87
MATMUL,uint32_t,2,32,128,64,8,162.926333,152.595250,-6.34
MATMUL,uint32_t,1,512,512,512,8,83102.339333,77872.088396,-6.29
MATMUL,uint32_t,2,32,128,64,4,190.801333,178.639483,-6.37
MATMUL,uint32_t,2,32,128,64,16,151.550333,142.791072,-5.78
MATMUL,uint32_t,2,32,128,64,32,146.724000,138.078553,-5.89
MATMUL,uint32_t,2,32,64,512,64,578.540667,544.066021,-5.96
MATMUL,uint32_t,2,32,128,64,64,144.444667,135.827272,-5.97
MATMUL,uint32_t,1,512,512,512,16,77398.065000,72923.727180,-5.78
MATMUL,uint32_t,2,32,128,128,64,288.788000,271.575603,-5.96
MATMUL,uint32_t,2,32,128,128,16,303.066667,285.502806,-5.80
MATMUL,uint32_t,2,32,128,128,32,293.280333,276.078766,-5.87
MATMUL,uint32_t,2,32,128,128,128,286.406333,269.435002,-5.93
MATMUL,uint32_t,2,32,128,128,8,325.735000,305.111200,-6.33
MATMUL,uint32_t,2,32,128,128,4,381.785333,357.199629,-6.44
MATMUL,uint32_t,2,32,128,256,4,763.351333,714.319922,-6.42
MATMUL,uint32_t,2,32,128,256,64,577.504000,543.072265,-5.96
MATMUL,uint32_t,2,32,128,256,32,586.448333,552.079211,-5.86
MATMUL,uint32_t,2,32,128,256,128,572.619000,538.791466,-5.91
MATMUL,uint32_t,2,32,128,256,16,605.942667,570.926276,-5.78
MATMUL,uint32_t,2,32,128,256,8,651.334000,610.143100,-6.32
MATMUL,uint32_t,2,32,256,16,4,95.196667,89.137568,-6.36
MATMUL,uint32_t,2,32,256,16,8,81.353667,76.200809,-6.33
MATMUL,uint32_t,2,32,256,16,16,75.735667,71.340832,-5.80
MATMUL,uint32_t,2,32,256,32,4,190.497333,178.195798,-6.46
MATMUL,uint32_t,2,32,256,32,8,162.637333,152.322318,-6.34
MATMUL,uint32_t,2,32,256,32,16,151.368333,142.602326,-5.79
MATMUL,uint32_t,2,32,256,32,32,146.510667,137.932832,-5.85
MATMUL,uint32_t,2,32,128,512,8,1302.353000,1220.206898,-6.31
MATMUL,uint32_t,2,32,128,512,4,1526.144000,1428.560507,-6.39
MATMUL,uint32_t,2,32,256,64,4,380.849667,356.312260,-6.44
MATMUL,uint32_t,2,32,256,64,8,325.113333,304.565335,-6.32
MATMUL,uint32_t,2,32,128,512,16,1211.742000,1141.773216,-5.77
MATMUL,uint32_t,2,32,256,64,16,302.619000,285.125316,-5.78
MATMUL,uint32_t,2,32,128,512,128,1145.275667,1077.504394,-5.92
MATMUL,uint32_t,2,32,128,512,64,1154.986000,1086.065590,-5.97
MATMUL,uint32_t,2,32,128,512,32,1173.092333,1104.080100,-5.88
MATMUL,uint32_t,2,32,256,64,32,292.919667,275.787331,-5.85
MATMUL,uint32_t,2,32,256,64,64,288.556667,271.327164,-5.97
MATMUL,uint32_t,2,32,256,128,16,605.263333,570.171296,-5.80
MATMUL,uint32_t,2,32,256,128,8,650.148333,609.051369,-6.32
MATMUL,uint32_t,2,32,256,128,64,577.037667,542.575388,-5.97
MATMUL,uint32_t,2,32,256,128,32,585.938000,551.496335,-5.88
MATMUL,uint32_t,2,32,256,128,128,572.166667,538.337295,-5.91
MATMUL,uint32_t,2,32,256,128,4,761.155000,712.545184,-6.39
MATMUL,uint32_t,2,32,256,256,8,1300.629667,1218.023438,-6.35
MATMUL,uint32_t,2,32,256,256,4,1521.629000,1425.011030,-6.35
MATMUL,uint32_t,2,32,256,256,128,1144.119667,1076.596051,-5.90
MATMUL,uint32_t,2,32,256,256,256,1139.763333,1072.633036,-5.89
MATMUL,uint32_t,2,32,256,256,64,1153.994667,1085.071834,-5.97
MATMUL,uint32_t,2,32,256,256,32,1171.985667,1102.914352,-5.89
MATMUL,uint32_t,2,32,256,256,16,1210.153000,1140.263254,-5.78
MATMUL,uint32_t,2,32,512,16,4,190.152667,177.973956,-6.40
MATMUL,uint32_t,2,32,512,16,8,162.481667,152.185852,-6.34
MATMUL,uint32_t,2,32,512,16,16,151.266333,142.507954,-5.79
MATMUL,uint32_t,2,32,512,32,4,380.218000,355.868576,-6.40
MATMUL,uint32_t,2,32,512,32,8,324.859333,304.292402,-6.33
MATMUL,uint32_t,2,32,512,32,16,302.465000,284.936571,-5.80
MATMUL,uint32_t,2,32,256,512,4,3042.671333,2849.942724,-6.33
MATMUL,uint32_t,2,32,512,32,32,292.850000,275.641612,-5.88
MATMUL,uint32_t,2,32,256,512,16,2420.163333,2280.447172,-5.77
MATMUL,uint32_t,2,32,256,512,128,2288.635000,2153.113564,-5.92
MATMUL,uint32_t,2,32,256,512,256,2279.937000,2145.185649,-5.91
MATMUL,uint32_t,2,32,256,512,64,2307.899333,2170.064728,-5.97
MATMUL,uint32_t,2,32,256,512,32,2343.555667,2205.750385,-5.88
MATMUL,uint32_t,2,32,256,512,8,2600.142333,2435.967575,-6.31
MATMUL,uint32_t,2,32,512,64,4,760.129667,711.657814,-6.38
MATMUL,uint32_t,2,32,512,64,8,649.725667,608.505504,-6.34
MATMUL,uint32_t,2,32,512,64,16,604.676000,569.793805,-5.77
MATMUL,uint32_t,2,32,512,64,64,576.776667,542.326949,-5.97
MATMUL,uint32_t,2,32,512,64,32,585.719000,551.204895,-5.89
MATMUL,uint32_t,2,32,512,128,16,1209.746333,1139.508274,-5.81
MATMUL,uint32_t,2,32,512,128,8,1299.118333,1216.931708,-6.33
MATMUL,uint32_t,2,32,512,128,4,1519.775000,1423.236292,-6.35
MATMUL,uint32_t,2,32,512,128,32,1171.084000,1102.331465,-5.87
MATMUL,uint32_t,2,32,512,128,128,1143.760333,1076.141880,-5.91
MATMUL,uint32_t,2,32,512,128,64,1153.511000,1084.574957,-5.98
MATMUL,uint32_t,2,32,512,256,8,2597.829333,2433.784114,-6.31
MATMUL,uint32_t,2,32,512,256,4,3041.335667,2846.393248,-6.41
MATMUL,uint32_t,2,32,512,256,16,2419.302000,2278.937211,-5.80
MATMUL,uint32_t,2,32,512,256,32,2341.560333,2204.584611,-5.85
MATMUL,uint32_t,2,32,512,256,64,2306.879333,2169.070973,-5.97
MATMUL,uint32_t,2,32,512,256,128,2287.737000,2152.205222,-5.92
MATMUL,uint32_t,2,32,512,256,256,2279.116667,2144.318760,-5.91
MATMUL,uint32_t,2,64,16,16,4,12.403000,11.640644,-6.15
MATMUL,uint32_t,2,64,16,16,8,10.512667,9.863438,-6.18
MATMUL,uint32_t,2,64,16,16,16,9.725333,9.177046,-5.64
MATMUL,uint32_t,2,64,16,32,4,24.730000,23.188877,-6.23
MATMUL,uint32_t,2,64,16,32,8,20.947333,19.634501,-6.27
MATMUL,uint32_t,2,64,16,32,16,19.370000,18.261682,-5.72
MATMUL,uint32_t,2,64,16,64,4,49.382333,46.285344,-6.27
MATMUL,uint32_t,2,64,16,64,8,41.775000,39.176626,-6.22
MATMUL,uint32_t,2,64,16,64,16,38.654333,36.430953,-5.75
MATMUL,uint32_t,2,64,16,128,4,98.677333,92.478276,-6.28
MATMUL,uint32_t,2,64,16,128,8,83.521000,78.260878,-6.30
MATMUL,uint32_t,2,64,16,128,16,77.229333,72.769494,-5.77
MATMUL,uint32_t,2,64,16,256,4,197.260333,184.864141,-6.28
MATMUL,uint32_t,2,64,16,256,8,166.879667,156.429381,-6.26
MATMUL,uint32_t,2,64,16,256,16,154.371333,145.446578,-5.78
MATMUL,uint32_t,2,64,16,512,4,394.297333,369.635872,-6.25
MATMUL,uint32_t,2,64,16,512,8,333.664333,312.766386,-6.26
MATMUL,uint32_t,2,64,16,512,16,308.642333,290.800745,-5.78
MATMUL,uint32_t,2,64,32,16,4,24.247333,22.745193,-6.20
MATMUL,uint32_t,2,64,32,16,8,20.660667,19.361568,-6.29
MATMUL,uint32_t,2,64,32,16,16,19.170000,18.072937,-5.72
MATMUL,uint32_t,2,64,32,32,4,48.365333,45.397974,-6.14
MATMUL,uint32_t,2,64,32,32,8,41.235333,38.630761,-6.32
MATMUL,uint32_t,2,64,32,32,16,38.258667,36.053462,-5.76
MATMUL,uint32_t,2,64,32,32,32,36.963000,34.810043,-5.82
MATMUL,uint32_t,2,32,512,512,4,6080.165000,5692.707158,-6.37
MATMUL,uint32_t,2,64,32,64,8,82.373667,77.169148,-6.32
MATMUL,uint32_t,2,64,32,64,4,96.757333,90.703538,-6.26
MATMUL,uint32_t,2,64,32,64,16,76.443000,72.014514,-5.79
MATMUL,uint32_t,2,64,32,64,32,73.835333,69.528664,-5.83
MATMUL,uint32_t,2,64,32,128,8,164.598333,154.245920,-6.29
MATMUL,uint32_t,2,32,512,512,64,4613.624667,4338.063005,-5.97
MATMUL,uint32_t,2,64,32,128,4,193.164000,181.314665,-6.13
MATMUL,uint32_t,2,32,512,512,32,4683.581667,4409.090901,-5.86
MATMUL,uint32_t,2,32,512,512,8,5196.807000,4867.488928,-6.34
MATMUL,uint32_t,2,32,512,512,128,4575.271333,4304.331905,-5.92
MATMUL,uint32_t,2,32,512,512,16,4838.927000,4557.795085,-5.81
MATMUL,uint32_t,2,32,512,512,256,4556.574000,4288.557096,-5.88
MATMUL,uint32_t,2,64,32,128,16,152.807333,143.936617,-5.81
MATMUL,uint32_t,2,64,32,128,32,147.616000,138.965852,-5.86
MATMUL,uint32_t,2,64,32,256,16,305.442333,287.780822,-5.78
MATMUL,uint32_t,2,64,32,256,8,329.069333,308.399465,-6.28
MATMUL,uint32_t,2,64,32,256,4,386.313667,362.536918,-6.15
MATMUL,uint32_t,2,64,32,256,32,295.138667,277.840228,-5.86
MATMUL,uint32_t,2,64,64,16,4,48.091333,44.954290,-6.52
MATMUL,uint32_t,2,64,64,16,8,40.947000,38.357829,-6.32
MATMUL,uint32_t,2,64,64,16,16,38.065667,35.864717,-5.78
MATMUL,uint32_t,2,64,64,32,4,96.141667,89.816169,-6.58
MATMUL,uint32_t,2,64,64,32,8,81.787000,76.623282,-6.31
MATMUL,uint32_t,2,64,64,32,16,76.038667,71.637024,-5.79
MATMUL,uint32_t,2,64,64,32,32,73.567000,69.237239,-5.89
MATMUL,uint32_t,2,64,32,512,32,590.218333,555.588980,-5.87
MATMUL,uint32_t,2,64,32,512,16,610.925667,575.469234,-5.80
MATMUL,uint32_t,2,64,64,64,4,192.163333,179.539926,-6.57
MATMUL,uint32_t,2,64,64,64,32,147.023333,138.383054,-5.88
MATMUL,uint32_t,2,64,32,512,8,658.154667,616.706556,-6.30
MATMUL,uint32_t,2,64,64,64,16,151.988667,143.181636,-5.79
MATMUL,uint32_t,2,64,64,64,8,163.528667,153.154190,-6.34
MATMUL,uint32_t,2,64,32,512,4,772.491333,724.981426,-6.15
MATMUL,uint32_t,2,64,64,64,64,144.675000,136.088785,-5.93
MATMUL,uint32_t,2,64,64,128,64,289.278667,272.085555,-5.94
MATMUL,uint32_t,2,64,64,128,32,293.825000,276.674632,-5.84
MATMUL,uint32_t,2,64,64,128,16,303.812667,286.270861,-5.77
MATMUL,uint32_t,2,64,64,128,8,326.932000,306.216005,-6.34
MATMUL,uint32_t,2,64,64,128,4,383.628000,358.987442,-6.42
MATMUL,uint32_t,2,64,64,256,8,653.625667,612.339634,-6.32
MATMUL,uint32_t,2,64,64,256,16,607.553333,572.449312,-5.78
MATMUL,uint32_t,2,64,64,256,4,767.981333,717.882473,-6.52
MATMUL,uint32_t,2,64,64,256,64,578.531000,544.079095,-5.96
MATMUL,uint32_t,2,64,128,16,4,95.406333,89.372484,-6.32
MATMUL,uint32_t,2,64,64,256,32,587.673667,553.257789,-5.86
MATMUL,uint32_t,2,64,128,16,16,75.848333,71.448278,-5.80
MATMUL,uint32_t,2,64,128,16,8,81.516000,76.350350,-6.34
MATMUL,uint32_t,2,64,128,32,4,191.250000,178.652557,-6.59
MATMUL,uint32_t,2,64,128,32,16,151.594667,142.804146,-5.80
MATMUL,uint32_t,2,64,128,32,8,162.938000,152.608325,-6.34
MATMUL,uint32_t,2,64,128,32,32,146.711333,138.091627,-5.88
MATMUL,uint32_t,2,64,64,512,16,1215.141667,1144.806212,-5.79
MATMUL,uint32_t,2,64,128,64,8,325.748000,305.124274,-6.33
MATMUL,uint32_t,2,64,64,512,8,1307.281333,1224.586894,-6.33
MATMUL,uint32_t,2,64,128,64,4,381.555333,357.212704,-6.38
MATMUL,uint32_t,2,64,128,64,16,303.021333,285.515881,-5.78
MATMUL,uint32_t,2,64,64,512,4,1534.455333,1435.672534,-6.44
MATMUL,uint32_t,2,64,64,512,32,1175.155667,1106.424102,-5.85
MATMUL,uint32_t,2,64,128,64,32,293.309333,276.091841,-5.87
MATMUL,uint32_t,2,64,64,512,64,1156.995667,1088.066175,-5.96
MATMUL,uint32_t,2,64,128,64,64,288.798667,271.588677,-5.96
MATMUL,uint32_t,2,64,128,128,16,606.005000,570.939350,-5.79
MATMUL,uint32_t,2,64,128,128,8,651.304000,610.156174,-6.32
MATMUL,uint32_t,2,64,128,128,4,763.307333,714.332996,-6.42
MATMUL,uint32_t,2,64,128,128,32,586.643000,552.092285,-5.89
MATMUL,uint32_t,2,64,128,128,64,577.543333,543.085340,-5.97
MATMUL,uint32_t,2,64,128,128,128,572.651333,538.804540,-5.91
MATMUL,uint32_t,2,64,128,256,8,1302.583000,1220.219973,-6.32
MATMUL,uint32_t,2,64,128,256,4,1525.894667,1428.573581,-6.38
MATMUL,uint32_t,2,64,128,256,32,1173.030333,1104.093174,-5.88
MATMUL,uint32_t,2,64,128,256,16,1212.035667,1141.786290,-5.80
MATMUL,uint32_t,2,64,128,256,64,1154.967333,1086.078664,-5.96
MATMUL,uint32_t,2,64,128,256,128,1145.145333,1077.517468,-5.91
MATMUL,uint32_t,2,64,256,16,4,190.315667,178.208873,-6.36
MATMUL,uint32_t,2,64,256,16,8,162.632000,152.335392,-6.33
MATMUL,uint32_t,2,64,256,16,16,151.392000,142.615401,-5.80
MATMUL,uint32_t,2,64,256,32,4,381.218333,356.325334,-6.53
MATMUL,uint32_t,2,64,256,32,8,325.154667,304.578409,-6.33
MATMUL,uint32_t,2,64,256,32,16,302.658667,285.138390,-5.79
MATMUL,uint32_t,2,64,256,32,32,292.961333,275.800406,-5.86
MATMUL,uint32_t,2,64,128,512,8,2605.397667,2440.347570,-6.33
MATMUL,uint32_t,2,64,256,64,4,761.388667,712.558258,-6.41
MATMUL,uint32_t,2,64,256,64,8,650.210333,609.064444,-6.33
MATMUL,uint32_t,2,64,128,512,4,3054.139333,2857.054752,-6.45
MATMUL,uint32_t,2,64,128,512,16,2423.372667,2283.480169,-5.77
MATMUL,uint32_t,2,64,256,64,16,605.283000,570.184370,-5.80
MATMUL,uint32_t,2,64,128,512,32,2345.118667,2208.094952,-5.84
MATMUL,uint32_t,2,64,128,512,64,2309.864000,2172.065313,-5.97
MATMUL,uint32_t,2,64,128,512,128,2290.580667,2154.943324,-5.92
MATMUL,uint32_t,2,64,256,64,32,585.857667,551.509409,-5.86
MATMUL,uint32_t,2,64,256,64,64,577.017333,542.588462,-5.97
MATMUL,uint32_t,2,64,256,128,32,1171.602333,1102.927426,-5.86
MATMUL,uint32_t,2,64,256,128,8,1299.967333,1218.036512,-6.30
MATMUL,uint32_t,2,64,256,128,16,1210.211333,1140.276329,-5.78
MATMUL,uint32_t,2,64,256,128,128,1144.484667,1076.609126,-5.93
MATMUL,uint32_t,2,64,256,128,64,1153.977000,1085.084909,-5.97
MATMUL,uint32_t,2,64,256,128,4,1523.708333,1425.024105,-6.48
MATMUL,uint32_t,2,64,256,256,8,2600.093000,2435.980649,-6.31
MATMUL,uint32_t,2,64,256,256,4,3043.369333,2849.955798,-6.36
MATMUL,uint32_t,2,64,256,256,256,2279.371333,2145.198723,-5.89
MATMUL,uint32_t,2,64,256,256,128,2288.349667,2153.126639,-5.91
MATMUL,uint32_t,2,64,256,256,64,2307.853333,2170.077802,-5.97
MATMUL,uint32_t,2,64,256,256,32,2343.538333,2205.763459,-5.88
MATMUL,uint32_t,2,64,256,256,16,2420.926667,2280.460246,-5.80
MATMUL,uint32_t,2,64,512,16,4,380.222667,355.881650,-6.40
MATMUL,uint32_t,2,64,512,16,8,324.857333,304.305477,-6.33
MATMUL,uint32_t,2,64,512,16,16,302.457000,284.949645,-5.79
MATMUL,uint32_t,2,64,512,32,4,761.820667,711.670889,-6.58
MATMUL,uint32_t,2,64,512,32,8,649.615000,608.518578,-6.33
MATMUL,uint32_t,2,64,512,32,16,604.876000,569.806880,-5.80
MATMUL,uint32_t,2,64,256,512,4,6084.994000,5699.819186,-6.33
MATMUL,uint32_t,2,64,512,32,32,585.692667,551.217969,-5.89
MATMUL,uint32_t,2,64,256,512,8,5202.779000,4871.868924,-6.36
MATMUL,uint32_t,2,64,256,512,128,4576.517667,4306.161665,-5.91
MATMUL,uint32_t,2,64,256,512,16,4841.625333,4560.828082,-5.80
MATMUL,uint32_t,2,64,256,512,256,4559.132333,4290.303948,-5.90
MATMUL,uint32_t,2,64,256,512,64,4615.653000,4340.063590,-5.97
MATMUL,uint32_t,2,64,256,512,32,4684.934000,4411.435525,-5.84
MATMUL,uint32_t,2,64,512,64,4,1519.482333,1423.249366,-6.33
MATMUL,uint32_t,2,64,512,64,8,1298.920667,1216.944782,-6.31
MATMUL,uint32_t,2,64,512,64,64,1153.476667,1084.588031,-5.97
MATMUL,uint32_t,2,64,512,64,16,1209.448333,1139.521348,-5.78
MATMUL,uint32_t,2,64,512,64,32,1171.102333,1102.344539,-5.87
MATMUL,uint32_t,2,64,512,128,16,2418.842000,2278.950285,-5.78
MATMUL,uint32_t,2,64,512,128,8,2598.136667,2433.797189,-6.33
MATMUL,uint32_t,2,64,512,128,4,3043.829000,2846.406322,-6.49
MATMUL,uint32_t,2,64,512,128,32,2341.708667,2204.597685,-5.86
MATMUL,uint32_t,2,64,512,128,64,2306.877333,2169.084047,-5.97
MATMUL,uint32_t,2,64,512,128,128,2287.234333,2152.218296,-5.90
MATMUL,uint32_t,2,64,512,256,8,5197.249333,4867.502002,-6.34
MATMUL,uint32_t,2,64,512,256,4,6075.696000,5692.720233,-6.30
MATMUL,uint32_t,2,64,512,256,32,4684.792333,4409.103976,-5.88
MATMUL,uint32_t,2,64,512,256,16,4837.591000,4557.808160,-5.78
MATMUL,uint32_t,2,64,512,256,64,4613.618000,4338.076079,-5.97
MATMUL,uint32_t,2,64,512,256,128,4574.658000,4304.344979,-5.91
MATMUL,uint32_t,2,64,512,256,256,4557.861000,4288.570170,-5.91
MATMUL,uint32_t,2,128,16,16,4,24.763667,23.215026,-6.25
MATMUL,uint32_t,2,128,16,16,8,20.995333,19.660649,-6.36
MATMUL,uint32_t,2,128,16,16,16,19.417000,18.287830,-5.82
MATMUL,uint32_t,2,128,16,32,4,49.399333,46.311492,-6.25
MATMUL,uint32_t,2,128,16,32,8,41.844000,39.202775,-6.31
MATMUL,uint32_t,2,128,16,32,16,38.716667,36.457101,-5.84
MATMUL,uint32_t,2,128,16,64,4,98.696333,92.504425,-6.27
MATMUL,uint32_t,2,128,16,64,8,83.534667,78.287026,-6.28
MATMUL,uint32_t,2,128,16,64,16,77.276667,72.795643,-5.80
MATMUL,uint32_t,2,128,16,128,4,197.417333,184.890290,-6.35
MATMUL,uint32_t,2,128,16,128,8,166.965333,156.455529,-6.29
MATMUL,uint32_t,2,128,16,128,16,154.359667,145.472726,-5.76
MATMUL,uint32_t,2,128,16,256,4,394.519667,369.662020,-6.30
MATMUL,uint32_t,2,128,16,256,8,333.817000,312.792535,-6.30
MATMUL,uint32_t,2,128,16,256,16,308.647667,290.826893,-5.77
MATMUL,uint32_t,2,128,16,512,4,788.736667,739.205481,-6.28
MATMUL,uint32_t,2,128,16,512,8,667.288333,625.466546,-6.27
MATMUL,uint32_t,2,128,16,512,16,617.153667,581.535227,-5.77
MATMUL,uint32_t,2,128,32,16,4,48.411667,45.424123,-6.17
MATMUL,uint32_t,2,128,32,16,8,41.276333,38.656910,-6.35
MATMUL,uint32_t,2,128,32,16,16,38.283667,36.079611,-5.76
MATMUL,uint32_t,2,128,32,32,4,96.818000,90.729686,-6.29
MATMUL,uint32_t,2,128,32,32,8,82.400667,77.195296,-6.32
MATMUL,uint32_t,2,128,32,32,16,76.473000,72.040662,-5.80
MATMUL,uint32_t,2,128,32,32,32,73.885333,69.554839,-5.86
MATMUL,uint32_t,2,128,32,64,4,193.670333,181.340813,-6.37
MATMUL,uint32_t,2,128,32,64,8,164.686000,154.272069,-6.32
MATMUL,uint32_t,2,128,32,64,16,152.838333,143.962765,-5.81
MATMUL,uint32_t,2,128,32,64,32,147.632000,138.992000,-5.85
MATMUL,uint32_t,2,128,32,128,4,386.410000,362.563067,-6.17
MATMUL,uint32_t,2,128,32,128,8,329.122000,308.425614,-6.29
MATMUL,uint32_t,2,64,512,512,4,12169.906333,11385.348054,-6.45
MATMUL,uint32_t,2,128,32,128,16,305.456667,287.806971,-5.78
MATMUL,uint32_t,2,128,32,128,32,295.067333,277.866376,-5.83
MATMUL,uint32_t,2,64,512,512,64,9227.140333,8676.060143,-5.97
MATMUL,uint32_t,2,64,512,512,32,9367.835333,8818.116557,-5.87
MATMUL,uint32_t,2,128,32,256,8,658.144000,616.732704,-6.29
MATMUL,uint32_t,2,128,32,256,4,773.113333,725.007574,-6.22
MATMUL,uint32_t,2,64,512,512,8,10391.088667,9734.911630,-6.31
MATMUL,uint32_t,2,64,512,512,128,9150.334333,8608.598346,-5.92
MATMUL,uint32_t,2,64,512,512,256,9114.495000,8577.046842,-5.90
MATMUL,uint32_t,2,64,512,512,16,9677.220000,9115.523908,-5.80
MATMUL,uint32_t,2,128,64,16,4,95.981333,89.842317,-6.40
MATMUL,uint32_t,2,128,64,16,8,81.839333,76.649431,-6.34
MATMUL,uint32_t,2,128,64,16,16,76.054667,71.663172,-5.77
MATMUL,uint32_t,2,128,32,256,16,610.886000,575.495382,-5.79
MATMUL,uint32_t,2,128,64,32,4,191.896667,179.566075,-6.43
MATMUL,uint32_t,2,128,32,256,32,590.182333,555.615128,-5.86
MATMUL,uint32_t,2,128,64,32,8,163.561000,153.180338,-6.35
MATMUL,uint32_t,2,128,64,32,16,152.004333,143.207785,-5.79
MATMUL,uint32_t,2,128,64,32,32,147.017333,138.409229,-5.86
MATMUL,uint32_t,2,128,64,64,8,326.954000,306.242153,-6.33
MATMUL,uint32_t,2,128,64,64,4,384.373000,359.013590,-6.60
MATMUL,uint32_t,2,128,64,64,16,303.930333,286.297010,-5.80
MATMUL,uint32_t,2,128,64,64,32,294.008333,276.700781,-5.89
MATMUL,uint32_t,2,128,32,512,16,1221.641000,1150.872205,-5.79
MATMUL,uint32_t,2,128,32,512,32,1179.930000,1111.112632,-5.83
MATMUL,uint32_t,2,128,64,64,64,289.291333,272.111704,-5.94
MATMUL,uint32_t,2,128,32,512,8,1316.340333,1233.346885,-6.30
MATMUL,uint32_t,2,128,32,512,4,1544.531667,1449.896589,-6.13
MATMUL,uint32_t,2,128,64,128,16,607.712333,572.475460,-5.80
MATMUL,uint32_t,2,128,64,128,8,653.621000,612.365783,-6.31
MATMUL,uint32_t,2,128,64,128,4,767.488667,717.908621,-6.46
MATMUL,uint32_t,2,128,64,128,32,587.729667,553.283937,-5.86
MATMUL,uint32_t,2,128,64,128,64,578.524667,544.105244,-5.95
MATMUL,uint32_t,2,128,64,256,8,1307.285000,1224.613042,-6.32
MATMUL,uint32_t,2,128,64,256,16,1214.992667,1144.832361,-5.77
MATMUL,uint32_t,2,128,64,256,4,1534.484333,1435.698683,-6.44
MATMUL,uint32_t,2,128,64,256,64,1156.994667,1088.092324,-5.96
MATMUL,uint32_t,2,128,64,256,32,1175.496333,1106.450251,-5.87
MATMUL,uint32_t,2,128,128,16,4,190.824333,178.678706,-6.36
MATMUL,uint32_t,2,128,128,16,8,162.978000,152.634473,-6.35
MATMUL,uint32_t,2,128,128,16,16,151.646000,142.830294,-5.81
MATMUL,uint32_t,2,128,128,32,16,303.100000,285.542029,-5.79
MATMUL,uint32_t,2,128,128,32,4,381.745667,357.238852,-6.42
MATMUL,uint32_t,2,128,128,32,8,325.794667,305.150423,-6.34
MATMUL,uint32_t,2,128,128,32,32,293.393333,276.117963,-5.89
MATMUL,uint32_t,2,128,128,64,8,651.385000,610.182322,-6.33
MATMUL,uint32_t,2,128,128,64,4,763.092667,714.359145,-6.39
MATMUL,uint32_t,2,128,64,512,16,2429.852333,2289.546162,-5.77
MATMUL,uint32_t,2,128,64,512,8,2614.174667,2449.107561,-6.31
MATMUL,uint32_t,2,128,128,64,16,606.082333,570.965499,-5.79
MATMUL,uint32_t,2,128,64,512,4,3068.667000,2871.278806,-6.43
MATMUL,uint32_t,2,128,128,64,32,586.653333,552.118420,-5.89
MATMUL,uint32_t,2,128,128,64,64,577.524333,543.111488,-5.96
MATMUL,uint32_t,2,128,64,512,32,2350.469333,2212.782877,-5.86
MATMUL,uint32_t,2,128,64,512,64,2313.888667,2176.066484,-5.96
MATMUL,uint32_t,2,128,128,128,16,1212.078333,1141.812438,-5.80
MATMUL,uint32_t,2,128,128,128,8,1302.666667,1220.246121,-6.33
MATMUL,uint32_t,2,128,128,128,4,1526.628000,1428.599730,-6.42
MATMUL,uint32_t,2,128,128,128,64,1154.974667,1086.104813,-5.96
MATMUL,uint32_t,2,128,128,128,32,1172.787667,1104.119299,-5.86
MATMUL,uint32_t,2,128,128,128,128,1145.078333,1077.543617,-5.90
MATMUL,uint32_t,2,128,128,256,8,2605.229333,2440.373719,-6.33
MATMUL,uint32_t,2,128,128,256,4,3054.632333,2857.080900,-6.47
MATMUL,uint32_t,2,128,128,256,32,2346.303000,2208.121075,-5.89
MATMUL,uint32_t,2,128,128,256,16,2423.863333,2283.506317,-5.79
MATMUL,uint32_t,2,128,128,256,64,2309.885667,2172.091462,-5.97
MATMUL,uint32_t,2,128,128,256,128,2290.458667,2154.969473,-5.92
MATMUL,uint32_t,2,128,256,16,4,380.347667,356.351483,-6.31
MATMUL,uint32_t,2,128,256,16,8,325.149667,304.604558,-6.32
MATMUL,uint32_t,2,128,256,16,16,302.677667,285.164539,-5.79
MATMUL,uint32_t,2,128,256,32,4,760.536333,712.584406,-6.31
MATMUL,uint32_t,2,128,256,32,8,650.292000,609.090592,-6.34
MATMUL,uint32_t,2,128,256,32,16,605.153667,570.210518,-5.77
MATMUL,uint32_t,2,128,256,32,32,585.944667,551.535531,-5.87
MATMUL,uint32_t,2,128,128,512,8,5210.079000,4880.628914,-6.32
MATMUL,uint32_t,2,128,256,64,8,1299.996667,1218.062661,-6.30
MATMUL,uint32_t,2,128,256,64,4,1521.973667,1425.050253,-6.37
MATMUL,uint32_t,2,128,128,512,4,6102.421333,5714.043241,-6.36
MATMUL,uint32_t,2,128,128,512,16,4847.170000,4566.894075,-5.78
MATMUL,uint32_t,2,128,256,64,16,1210.462000,1140.302477,-5.80
MATMUL,uint32_t,2,128,128,512,32,4692.417000,4416.124630,-5.89
MATMUL,uint32_t,2,128,128,512,128,4581.007333,4309.821185,-5.92
MATMUL,uint32_t,2,128,128,512,64,4619.625000,4344.064760,-5.96
MATMUL,uint32_t,2,128,256,64,32,1171.912333,1102.953561,-5.88
MATMUL,uint32_t,2,128,256,64,64,1153.973667,1085.111057,-5.97
MATMUL,uint32_t,2,128,256,128,16,2420.903667,2280.486395,-5.80
MATMUL,uint32_t,2,128,256,128,32,2343.752667,2205.789584,-5.89
MATMUL,uint32_t,2,128,256,128,128,2288.523000,2153.152787,-5.92
MATMUL,uint32_t,2,128,256,128,64,2307.875333,2170.103951,-5.97
MATMUL,uint32_t,2,128,256,128,8,2600.259667,2436.006798,-6.32
MATMUL,uint32_t,2,128,256,128,4,3043.234333,2849.981947,-6.35
MATMUL,uint32_t,2,128,256,256,8,5201.565000,4871.895072,-6.34
MATMUL,uint32_t,2,128,256,256,4,6097.784333,5699.845334,-6.53
MATMUL,uint32_t,2,128,256,256,128,4576.526000,4306.187814,-5.91
MATMUL,uint32_t,2,128,256,256,256,4558.911333,4290.330097,-5.89
MATMUL,uint32_t,2,128,256,256,64,4615.679333,4340.089738,-5.97
MATMUL,uint32_t,2,128,256,256,32,4686.418333,4411.461648,-5.87
MATMUL,uint32_t,2,128,256,256,16,4841.832000,4560.854230,-5.80
MATMUL,uint32_t,2,128,512,16,4,762.167667,711.697037,-6.62
MATMUL,uint32_t,2,128,512,16,8,649.777000,608.544727,-6.35
MATMUL,uint32_t,2,128,512,16,16,604.951667,569.833028,-5.81
MATMUL,uint32_t,2,128,512,32,4,1523.061333,1423.275515,-6.55
MATMUL,uint32_t,2,128,512,32,8,1299.274667,1216.970930,-6.33
MATMUL,uint32_t,2,128,512,32,16,1209.542333,1139.547497,-5.79
MATMUL,uint32_t,2,128,256,512,4,12181.583333,11399.572109,-6.42
MATMUL,uint32_t,2,128,512,32,32,1171.257667,1102.370661,-5.88
MATMUL,uint32_t,2,128,256,512,8,10401.678000,9743.671621,-6.33
MATMUL,uint32_t,2,128,256,512,16,9681.748000,9121.589901,-5.79
MATMUL,uint32_t,2,128,256,512,128,9153.821333,8612.257866,-5.92
MATMUL,uint32_t,2,128,256,512,256,9118.099667,8580.540547,-5.90
MATMUL,uint32_t,2,128,256,512,64,9231.150667,8680.061313,-5.97
MATMUL,uint32_t,2,128,256,512,32,9373.228333,8822.805780,-5.87
MATMUL,uint32_t,2,128,512,64,8,2597.824000,2433.823337,-6.31
MATMUL,uint32_t,2,128,512,64,4,3045.861333,2846.432470,-6.55
MATMUL,uint32_t,2,128,512,64,16,2419.328667,2278.976434,-5.80
MATMUL,uint32_t,2,128,512,64,32,2341.865667,2204.623820,-5.86
MATMUL,uint32_t,2,128,512,64,64,2306.870000,2169.110196,-5.97
MATMUL,uint32_t,2,128,512,128,16,4837.430667,4557.834308,-5.78
MATMUL,uint32_t,2,128,512,128,8,5196.219333,4867.528151,-6.33
MATMUL,uint32_t,2,128,512,128,32,4684.159000,4409.130100,-5.87
MATMUL,uint32_t,2,128,512,128,4,6087.925000,5692.746381,-6.49
MATMUL,uint32_t,2,128,512,128,64,4613.660333,4338.102228,-5.97
MATMUL,uint32_t,2,128,512,128,128,4574.397333,4304.371128,-5.90
MATMUL,uint32_t,2,128,512,256,8,10391.280333,9734.937778,-6.32
MATMUL,uint32_t,2,128,512,256,4,12181.402000,11385.374203,-6.53
MATMUL,uint32_t,2,128,512,256,32,9368.122667,8818.142680,-5.87
MATMUL,uint32_t,2,128,512,256,16,9674.824667,9115.550057,-5.78
MATMUL,uint32_t,2,128,512,256,64,9227.149333,8676.086292,-5.97
MATMUL,uint32_t,2,128,512,256,256,9115.450667,8577.072991,-5.91
MATMUL,uint32_t,2,128,512,256,128,9151.176333,8608.624495,-5.93
MATMUL,uint32_t,2,256,16,16,4,49.478667,46.363792,-6.30
MATMUL,uint32_t,2,256,16,16,8,41.921333,39.255075,-6.36
MATMUL,uint32_t,2,256,16,16,16,38.764000,36.509401,-5.82
MATMUL,uint32_t,2,256,16,32,4,98.758333,92.556725,-6.28
MATMUL,uint32_t,2,256,16,32,8,83.592333,78.339326,-6.28
MATMUL,uint32_t,2,256,16,32,16,77.326333,72.847943,-5.79
MATMUL,uint32_t,2,256,16,64,4,197.319000,184.942590,-6.27
MATMUL,uint32_t,2,256,16,64,8,166.974000,156.507829,-6.27
MATMUL,uint32_t,2,256,16,64,16,154.474667,145.525026,-5.79
MATMUL,uint32_t,2,256,16,128,4,394.483000,369.714320,-6.28
MATMUL,uint32_t,2,256,16,128,8,333.602000,312.844835,-6.22
MATMUL,uint32_t,2,256,16,128,16,308.707667,290.879193,-5.78
MATMUL,uint32_t,2,256,16,256,4,788.568667,739.257781,-6.25
MATMUL,uint32_t,2,256,16,256,8,667.235000,625.518846,-6.25
MATMUL,uint32_t,2,256,16,256,16,617.350667,581.587527,-5.79
MATMUL,uint32_t,2,256,16,512,4,1577.996667,1478.344702,-6.32
MATMUL,uint32_t,2,256,16,512,8,1335.046000,1250.866869,-6.31
MATMUL,uint32_t,2,256,16,512,16,1234.522000,1163.004194,-5.79
MATMUL,uint32_t,2,256,32,16,4,96.774667,90.781986,-6.19
MATMUL,uint32_t,2,256,32,16,8,82.490000,77.247596,-6.36
MATMUL,uint32_t,2,256,32,16,16,76.551000,72.092962,-5.82
MATMUL,uint32_t,2,256,32,32,4,193.789667,181.393113,-6.40
MATMUL,uint32_t,2,256,32,32,8,164.753667,154.324369,-6.33
MATMUL,uint32_t,2,256,32,32,16,152.883333,144.015065,-5.80
MATMUL,uint32_t,2,256,32,32,32,147.726333,139.044432,-5.88
MATMUL,uint32_t,2,256,32,64,4,386.708000,362.615367,-6.23
MATMUL,uint32_t,2,256,32,64,8,329.295000,308.477914,-6.32
MATMUL,uint32_t,2,256,32,64,16,305.611333,287.859271,-5.81
MATMUL,uint32_t,2,256,32,64,32,295.193000,277.918676,-5.85
MATMUL,uint32_t,2,256,32,128,4,773.750333,725.059874,-6.29
MATMUL,uint32_t,2,256,32,128,8,658.293000,616.785004,-6.31
MATMUL,uint32_t,2,256,32,128,16,610.936333,575.547682,-5.79
MATMUL,uint32_t,2,256,32,128,32,590.329667,555.667428,-5.87
MATMUL,uint32_t,2,128,512,512,4,24309.666333,22770.629846,-6.33
MATMUL,uint32_t,2,256,32,256,4,1545.079667,1449.948889,-6.16
MATMUL,uint32_t,2,256,32,256,8,1316.083667,1233.399185,-6.28
MATMUL,uint32_t,2,128,512,512,64,18454.214667,17352.054420,-5.97
MATMUL,uint32_t,2,256,32,256,16,1221.966333,1150.924505,-5.81
MATMUL,uint32_t,2,128,512,512,32,18738.115667,17636.167843,-5.88
MATMUL,uint32_t,2,128,512,512,8,20788.486667,19469.757033,-6.34
MATMUL,uint32_t,2,128,512,512,256,18231.526000,17154.026335,-5.91
MATMUL,uint32_t,2,128,512,512,128,18299.486667,17217.131228,-5.91
MATMUL,uint32_t,2,256,32,256,32,1180.066667,1111.164932,-5.84
MATMUL,uint32_t,2,128,512,512,16,19352.035333,18230.981554,-5.79
MATMUL,uint32_t,2,256,64,16,8,163.619000,153.232638,-6.35
MATMUL,uint32_t,2,256,64,16,4,192.075667,179.618375,-6.49
MATMUL,uint32_t,2,256,64,16,16,152.073000,143.260085,-5.80
MATMUL,uint32_t,2,256,64,32,4,383.751000,359.065890,-6.43
MATMUL,uint32_t,2,256,64,32,16,303.925333,286.349310,-5.78
MATMUL,uint32_t,2,256,64,32,8,327.062333,306.294453,-6.35
MATMUL,uint32_t,2,256,64,32,32,293.936333,276.753212,-5.85
MATMUL,uint32_t,2,256,64,64,16,607.658667,572.527760,-5.78
MATMUL,uint32_t,2,256,64,64,8,653.885333,612.418083,-6.34
MATMUL,uint32_t,2,256,64,64,32,587.663333,553.336237,-5.84
MATMUL,uint32_t,2,256,64,64,4,767.491333,717.960921,-6.45
MATMUL,uint32_t,2,256,64,64,64,578.510667,544.157544,-5.94
MATMUL,uint32_t,2,256,32,512,16,2443.415000,2301.678151,-5.80
MATMUL,uint32_t,2,256,32,512,32,2359.203667,2222.159940,-5.81
MATMUL,uint32_t,2,256,32,512,8,2633.198667,2466.627546,-6.33
MATMUL,uint32_t,2,256,64,128,8,1307.482333,1224.665342,-6.33
MATMUL,uint32_t,2,256,64,128,16,1215.220333,1144.884661,-5.79
MATMUL,uint32_t,2,256,32,512,4,3090.358333,2899.726919,-6.17
MATMUL,uint32_t,2,256,64,128,4,1535.553667,1435.750983,-6.50
MATMUL,uint32_t,2,256,64,128,32,1175.054000,1106.502551,-5.83
MATMUL,uint32_t,2,256,64,128,64,1156.984000,1088.144624,-5.95
MATMUL,uint32_t,2,256,64,256,8,2614.661000,2449.159861,-6.33
MATMUL,uint32_t,2,256,64,256,32,2350.244667,2212.835177,-5.85
MATMUL,uint32_t,2,256,64,256,64,2313.883000,2176.118784,-5.95
MATMUL,uint32_t,2,256,64,256,16,2430.378667,2289.598462,-5.79
MATMUL,uint32_t,2,256,64,256,4,3070.654667,2871.331106,-6.49
MATMUL,uint32_t,2,256,128,16,8,325.814000,305.202723,-6.33
MATMUL,uint32_t,2,256,128,16,4,381.932333,357.291152,-6.45
MATMUL,uint32_t,2,256,128,16,16,303.207333,285.594329,-5.81
MATMUL,uint32_t,2,256,128,32,8,651.453000,610.234622,-6.33
MATMUL,uint32_t,2,256,128,32,4,762.950667,714.411445,-6.36
MATMUL,uint32_t,2,256,128,32,16,606.073333,571.017799,-5.78
MATMUL,uint32_t,2,256,128,32,32,586.458667,552.170601,-5.85
MATMUL,uint32_t,2,256,128,64,8,1302.692000,1220.298421,-6.32
MATMUL,uint32_t,2,256,128,64,4,1527.164000,1428.652030,-6.45
MATMUL,uint32_t,2,256,128,64,16,1211.812000,1141.864738,-5.77
MATMUL,uint32_t,2,256,64,512,8,5227.515000,4898.148899,-6.30
MATMUL,uint32_t,2,256,64,512,16,4860.029000,4579.026064,-5.78
MATMUL,uint32_t,2,256,64,512,4,6136.947667,5742.491353,-6.43
MATMUL,uint32_t,2,256,128,64,32,1173.235000,1104.171554,-5.89
MATMUL,uint32_t,2,256,128,64,64,1154.968333,1086.157113,-5.96
MATMUL,uint32_t,2,256,64,512,64,4627.655000,4352.067104,-5.96
MATMUL,uint32_t,2,256,64,512,32,4701.059000,4425.500429,-5.86
MATMUL,uint32_t,2,256,128,128,16,2423.989000,2283.558617,-5.79
MATMUL,uint32_t,2,256,128,128,8,2605.537667,2440.426019,-6.34
MATMUL,uint32_t,2,256,128,128,4,3057.546000,2857.133200,-6.55
MATMUL,uint32_t,2,256,128,128,32,2345.728000,2208.173281,-5.86
MATMUL,uint32_t,2,256,128,128,64,2309.850333,2172.143762,-5.96
MATMUL,uint32_t,2,256,128,128,128,2290.736333,2155.021773,-5.92
MATMUL,uint32_t,2,256,128,256,8,5209.701667,4880.681214,-6.32
MATMUL,uint32_t,2,256,128,256,32,4692.201000,4416.176828,-5.88
MATMUL,uint32_t,2,256,128,256,16,4847.575333,4566.946375,-5.79
MATMUL,uint32_t,2,256,128,256,4,6103.615667,5714.095541,-6.38
MATMUL,uint32_t,2,256,128,256,64,4619.646333,4344.117060,-5.96
MATMUL,uint32_t,2,256,128,256,128,4580.391667,4309.873485,-5.91
MATMUL,uint32_t,2,256,256,16,8,650.318667,609.142892,-6.33
MATMUL,uint32_t,2,256,256,16,4,762.823000,712.636706,-6.58
MATMUL,uint32_t,2,256,256,16,16,605.298000,570.262818,-5.79
MATMUL,uint32_t,2,256,256,32,4,1524.052333,1425.102553,-6.49
MATMUL,uint32_t,2,256,256,32,8,1300.581000,1218.114961,-6.34
MATMUL,uint32_t,2,256,256,32,16,1210.397333,1140.354777,-5.79
MATMUL,uint32_t,2,256,256,32,32,1172.093333,1103.005737,-5.89
MATMUL,uint32_t,2,256,128,512,8,10420.635000,9761.191605,-6.33
MATMUL,uint32_t,2,256,256,64,8,2600.794000,2436.059098,-6.33
MATMUL,uint32_t,2,256,256,64,4,3049.488667,2850.034247,-6.54
MATMUL,uint32_t,2,256,128,512,4,12210.343000,11428.020222,-6.41
MATMUL,uint32_t,2,256,256,64,16,2420.265333,2280.538695,-5.77
MATMUL,uint32_t,2,256,128,512,16,9692.974000,9133.721890,-5.77
MATMUL,uint32_t,2,256,128,512,128,9160.162333,8619.576909,-5.90
MATMUL,uint32_t,2,256,128,512,64,9239.207000,8688.063657,-5.97
MATMUL,uint32_t,2,256,256,64,32,2343.096000,2205.841839,-5.86
MATMUL,uint32_t,2,256,256,64,64,2307.869667,2170.156251,-5.97
MATMUL,uint32_t,2,256,128,512,32,9384.571667,8832.183935,-5.89
MATMUL,uint32_t,2,256,256,128,8,5200.630667,4871.947372,-6.32
MATMUL,uint32_t,2,256,256,128,16,4840.538667,4560.906530,-5.78
MATMUL,uint32_t,2,256,256,128,128,4577.440667,4306.240114,-5.92
MATMUL,uint32_t,2,256,256,128,64,4615.660000,4340.142038,-5.97
MATMUL,uint32_t,2,256,256,128,32,4686.781000,4411.513854,-5.87
MATMUL,uint32_t,2,256,256,128,4,6086.877000,5699.897634,-6.36
MATMUL,uint32_t,2,256,256,256,8,10401.530667,9743.723921,-6.32
MATMUL,uint32_t,2,256,256,256,4,12200.686667,11399.624409,-6.57
MATMUL,uint32_t,2,256,256,256,128,9153.658667,8612.310166,-5.91
MATMUL,uint32_t,2,256,256,256,256,9117.872000,8580.592847,-5.89
MATMUL,uint32_t,2,256,256,256,64,9231.149667,8680.113613,-5.97
MATMUL,uint32_t,2,256,256,256,32,9372.884667,8822.857978,-5.87
MATMUL,uint32_t,2,256,256,256,16,9680.358000,9121.642201,-5.77
MATMUL,uint32_t,2,256,512,16,4,1519.770333,1423.327815,-6.35
MATMUL,uint32_t,2,256,512,16,8,1299.010333,1217.023230,-6.31
MATMUL,uint32_t,2,256,512,16,16,1209.552000,1139.599797,-5.78
MATMUL,uint32_t,2,256,512,32,4,3043.765667,2846.484770,-6.48
MATMUL,uint32_t,2,256,512,32,8,2597.908667,2433.875637,-6.31
MATMUL,uint32_t,2,256,512,32,16,2419.252333,2279.028734,-5.80
MATMUL,uint32_t,2,256,256,512,4,24351.065000,22799.077959,-6.37
MATMUL,uint32_t,2,256,512,32,32,2342.096667,2204.675996,-5.87
MATMUL,uint32_t,2,256,256,512,8,20805.075333,19487.277018,-6.33
MATMUL,uint32_t,2,256,256,512,16,19363.142667,18243.113543,-5.78
MATMUL,uint32_t,2,256,256,512,256,18235.076000,17161.013748,-5.89
MATMUL,uint32_t,2,256,256,512,128,18309.987333,17224.450271,-5.93
MATMUL,uint32_t,2,256,256,512,64,18462.245333,17360.056763,-5.97
MATMUL,uint32_t,2,256,256,512,32,18745.784333,17645.546239,-5.87
MATMUL,uint32_t,2,256,512,64,8,5194.568000,4867.580451,-6.29
MATMUL,uint32_t,2,256,512,64,4,6079.989000,5692.798681,-6.37
MATMUL,uint32_t,2,256,512,64,16,4838.365000,4557.886608,-5.80
MATMUL,uint32_t,2,256,512,64,32,4683.999667,4409.182356,-5.87
MATMUL,uint32_t,2,256,512,64,64,4613.639667,4338.154528,-5.97
MATMUL,uint32_t,2,256,512,128,16,9675.657667,9115.602357,-5.79
MATMUL,uint32_t,2,256,512,128,8,10394.013000,9734.990078,-6.34
MATMUL,uint32_t,2,256,512,128,32,9368.212667,8818.194886,-5.87
MATMUL,uint32_t,2,256,512,128,4,12150.228333,11385.426503,-6.29
MATMUL,uint32_t,2,256,512,128,64,9227.135333,8676.138592,-5.97
MATMUL,uint32_t,2,256,512,128,128,9151.705667,8608.676795,-5.93
MATMUL,uint32_t,2,256,512,256,8,20782.133000,19469.809333,-6.31
MATMUL,uint32_t,2,256,512,256,4,24317.958000,22770.682146,-6.36
MATMUL,uint32_t,2,256,512,256,32,18735.777000,17636.220041,-5.87
MATMUL,uint32_t,2,256,512,256,16,19350.045000,18231.033854,-5.78
MATMUL,uint32_t,2,256,512,256,64,18454.170333,17352.106720,-5.97
MATMUL,uint32_t,2,256,512,256,256,18227.633000,17154.078635,-5.89
MATMUL,uint32_t,2,256,512,256,128,18297.181000,17217.183528,-5.90
MATMUL,uint32_t,2,512,16,16,4,98.817333,92.661319,-6.23
MATMUL,uint32_t,2,512,16,16,8,83.778333,78.443921,-6.37
MATMUL,uint32_t,2,512,16,16,16,77.460667,72.952537,-5.82
MATMUL,uint32_t,2,512,16,32,4,197.454333,185.047184,-6.28
MATMUL,uint32_t,2,512,16,32,8,167.099000,156.612424,-6.28
MATMUL,uint32_t,2,512,16,32,16,154.586000,145.629621,-5.79
MATMUL,uint32_t,2,512,16,64,4,394.528000,369.818914,-6.26
MATMUL,uint32_t,2,512,16,64,8,333.931333,312.949429,-6.28
MATMUL,uint32_t,2,512,16,64,16,308.858333,290.983788,-5.79
MATMUL,uint32_t,2,512,16,128,4,789.649000,739.362375,-6.37
MATMUL,uint32_t,2,512,16,128,8,667.576667,625.623441,-6.28
MATMUL,uint32_t,2,512,16,128,16,617.457667,581.692121,-5.79
MATMUL,uint32_t,2,512,16,256,4,1577.431667,1478.449296,-6.27
MATMUL,uint32_t,2,512,16,256,8,1334.820667,1250.971464,-6.28
MATMUL,uint32_t,2,512,16,256,16,1234.455667,1163.108789,-5.78
MATMUL,uint32_t,2,512,16,512,4,3154.652000,2956.623138,-6.28
MATMUL,uint32_t,2,512,16,512,8,2668.715667,2501.667509,-6.26
MATMUL,uint32_t,2,512,16,512,16,2468.523333,2325.942124,-5.78
MATMUL,uint32_t,2,512,32,16,4,193.591000,181.497708,-6.25
MATMUL,uint32_t,2,512,32,16,8,164.916000,154.428963,-6.36
MATMUL,uint32_t,2,512,32,16,16,152.990000,144.119660,-5.80
MATMUL,uint32_t,2,512,32,32,4,386.912333,362.719961,-6.25
MATMUL,uint32_t,2,512,32,32,8,329.355667,308.582508,-6.31
MATMUL,uint32_t,2,512,32,32,16,305.687667,287.963865,-5.80
MATMUL,uint32_t,2,512,32,32,32,295.382333,278.023612,-5.88
MATMUL,uint32_t,2,512,32,64,4,772.873667,725.164469,-6.17
MATMUL,uint32_t,2,512,32,64,8,658.412667,616.889598,-6.31
MATMUL,uint32_t,2,512,32,64,16,611.040333,575.652277,-5.79
MATMUL,uint32_t,2,512,32,64,32,590.239333,555.772023,-5.84
MATMUL,uint32_t,2,512,32,128,4,1545.373667,1450.053484,-6.17
MATMUL,uint32_t,2,512,32,128,8,1316.418667,1233.503779,-6.30
MATMUL,uint32_t,2,512,32,128,16,1221.848000,1151.029100,-5.80
MATMUL,uint32_t,2,512,32,128,32,1180.153333,1111.269527,-5.84
MATMUL,uint32_t,2,256,512,512,4,48630.651667,45541.193433,-6.35
MATMUL,uint32_t,2,512,32,256,4,3089.672000,2899.831513,-6.14
MATMUL,uint32_t,2,512,32,256,16,2443.376667,2301.782745,-5.80
MATMUL,uint32_t,2,512,32,256,8,2633.360667,2466.732140,-6.33
MATMUL,uint32_t,2,256,512,512,64,36908.305333,34704.042976,-5.97
MATMUL,uint32_t,2,256,512,512,128,36594.729000,34434.196996,-5.90
MATMUL,uint32_t,2,256,512,512,32,37469.912000,35272.270363,-5.87
MATMUL,uint32_t,2,512,32,256,32,2359.896000,2222.264535,-5.83
MATMUL,uint32_t,2,256,512,512,256,36462.703000,34307.985323,-5.91
MATMUL,uint32_t,2,256,512,512,8,41563.212000,38939.447843,-6.31
MATMUL,uint32_t,2,256,512,512,16,38708.148667,36461.896848,-5.80
MATMUL,uint32_t,2,512,64,16,4,383.860667,359.170485,-6.43
MATMUL,uint32_t,2,512,64,16,8,327.143667,306.399048,-6.34
MATMUL,uint32_t,2,512,64,16,16,304.112333,286.453904,-5.81
MATMUL,uint32_t,2,512,64,32,8,654.075667,612.522677,-6.35
MATMUL,uint32_t,2,512,64,32,4,767.747000,718.065516,-6.47
MATMUL,uint32_t,2,512,64,32,16,607.763667,572.632354,-5.78
MATMUL,uint32_t,2,512,64,32,32,587.926667,553.441173,-5.87
MATMUL,uint32_t,2,512,64,64,32,1175.523000,1106.607145,-5.86
MATMUL,uint32_t,2,512,64,64,16,1215.251000,1144.989255,-5.78
MATMUL,uint32_t,2,512,64,64,8,1307.812333,1224.769937,-6.35
MATMUL,uint32_t,2,512,64,64,4,1534.999333,1435.855577,-6.46
MATMUL,uint32_t,2,512,64,64,64,1156.957000,1088.249218,-5.94
MATMUL,uint32_t,2,512,32,512,4,6194.789000,5799.387573,-6.38
MATMUL,uint32_t,2,512,32,512,32,4721.105667,4444.254551,-5.86
MATMUL,uint32_t,2,512,32,512,16,4885.591667,4603.290037,-5.78
MATMUL,uint32_t,2,512,32,512,8,5265.343667,4933.188862,-6.31
MATMUL,uint32_t,2,512,64,128,8,2615.005000,2449.264456,-6.34
MATMUL,uint32_t,2,512,64,128,16,2430.275667,2289.703056,-5.78
MATMUL,uint32_t,2,512,64,128,4,3070.314333,2871.435701,-6.48
MATMUL,uint32_t,2,512,64,128,32,2351.180333,2212.939771,-5.88
MATMUL,uint32_t,2,512,64,128,64,2313.845333,2176.223378,-5.95
MATMUL,uint32_t,2,512,64,256,16,4859.471333,4579.130658,-5.77
MATMUL,uint32_t,2,512,64,256,64,4627.618333,4352.171698,-5.95
MATMUL,uint32_t,2,512,64,256,32,4699.908000,4425.605024,-5.84
MATMUL,uint32_t,2,512,64,256,8,5229.173000,4898.253493,-6.33
MATMUL,uint32_t,2,512,128,16,4,763.236333,714.516039,-6.38
MATMUL,uint32_t,2,512,128,16,8,651.729000,610.339217,-6.35
MATMUL,uint32_t,2,512,64,256,4,6138.023333,5742.595948,-6.44
MATMUL,uint32_t,2,512,128,16,16,606.154333,571.122393,-5.78
MATMUL,uint32_t,2,512,128,32,8,1303.442000,1220.403016,-6.37
MATMUL,uint32_t,2,512,128,32,4,1524.959000,1428.756624,-6.31
MATMUL,uint32_t,2,512,128,32,16,1212.025000,1141.969333,-5.78
MATMUL,uint32_t,2,512,128,32,32,1172.964667,1104.275873,-5.86
MATMUL,uint32_t,2,512,128,64,8,2604.712667,2440.530613,-6.30
MATMUL,uint32_t,2,512,128,64,4,3051.117333,2857.237794,-6.35
MATMUL,uint32_t,2,512,128,64,16,2424.399667,2283.663212,-5.81
MATMUL,uint32_t,2,512,64,512,16,9721.911333,9157.985863,-5.80
MATMUL,uint32_t,2,512,64,512,8,10458.705667,9796.231569,-6.33
MATMUL,uint32_t,2,512,128,64,32,2345.490333,2208.277817,-5.85
MATMUL,uint32_t,2,512,128,64,64,2309.849333,2172.248356,-5.96
MATMUL,uint32_t,2,512,64,512,4,12280.609667,11484.916441,-6.48
MATMUL,uint32_t,2,512,64,512,32,9399.922000,8850.935529,-5.84
MATMUL,uint32_t,2,512,64,512,64,9255.226333,8704.068338,-5.96
MATMUL,uint32_t,2,512,128,128,8,5210.547333,4880.785809,-6.33
MATMUL,uint32_t,2,512,128,128,16,4847.165667,4567.050969,-5.78
MATMUL,uint32_t,2,512,128,128,4,6107.782333,5714.200135,-6.44
MATMUL,uint32_t,2,512,128,128,128,4581.142333,4309.978079,-5.92
MATMUL,uint32_t,2,512,128,128,32,4690.896333,4416.281239,-5.85
MATMUL,uint32_t,2,512,128,128,64,4619.657667,4344.221654,-5.96
MATMUL,uint32_t,2,512,128,256,8,10420.411000,9761.296200,-6.33
MATMUL,uint32_t,2,512,128,256,32,9380.984667,8832.288328,-5.85
MATMUL,uint32_t,2,512,128,256,16,9693.482000,9133.826485,-5.77
MATMUL,uint32_t,2,512,128,256,64,9239.162333,8688.168251,-5.96
MATMUL,uint32_t,2,512,128,256,4,12232.741667,11428.124816,-6.58
MATMUL,uint32_t,2,512,128,256,128,9162.662333,8619.681503,-5.93
MATMUL,uint32_t,2,512,256,16,4,1526.135000,1425.207148,-6.61
MATMUL,uint32_t,2,512,256,16,8,1300.451000,1218.219555,-6.32
MATMUL,uint32_t,2,512,256,16,16,1210.434333,1140.459372,-5.78
MATMUL,uint32_t,2,512,256,32,4,3043.897667,2850.138841,-6.37
MATMUL,uint32_t,2,512,256,32,8,2600.982667,2436.163692,-6.34
MATMUL,uint32_t,2,512,256,32,16,2420.920667,2280.643289,-5.79
MATMUL,uint32_t,2,512,256,32,32,2344.138333,2205.946145,-5.90
MATMUL,uint32_t,2,512,128,512,8,20840.221667,19522.316981,-6.32
MATMUL,uint32_t,2,512,256,64,8,5202.291000,4872.051966,-6.35
MATMUL,uint32_t,2,512,256,64,4,6084.728000,5700.002229,-6.32
MATMUL,uint32_t,2,512,128,512,4,24450.850333,22855.974178,-6.52
MATMUL,uint32_t,2,512,256,64,16,4841.097000,4561.011125,-5.79
MATMUL,uint32_t,2,512,128,512,16,19387.087333,18267.377516,-5.78
MATMUL,uint32_t,2,512,256,64,32,4686.489000,4411.618390,-5.87
MATMUL,uint32_t,2,512,256,64,64,4615.640000,4340.246633,-5.97
MATMUL,uint32_t,2,512,128,512,64,18478.240333,17376.061444,-5.96
MATMUL,uint32_t,2,512,128,512,32,18768.451000,17664.302540,-5.88
MATMUL,uint32_t,2,512,128,512,128,18319.144667,17239.088351,-5.90
MATMUL,uint32_t,2,512,256,128,128,9154.176000,8612.414760,-5.92
MATMUL,uint32_t,2,512,256,128,8,10399.249667,9743.828515,-6.30
MATMUL,uint32_t,2,512,256,128,16,9682.128667,9121.746796,-5.79
MATMUL,uint32_t,2,512,256,128,64,9231.169000,8680.218208,-5.97
MATMUL,uint32_t,2,512,256,128,32,9374.754000,8822.962389,-5.89
MATMUL,uint32_t,2,512,256,128,4,12176.714333,11399.729004,-6.38
MATMUL,uint32_t,2,512,256,256,8,20797.763667,19487.381612,-6.30
MATMUL,uint32_t,2,512,256,256,4,24363.122000,22799.182553,-6.42
MATMUL,uint32_t,2,512,256,256,256,18239.419000,17161.118342,-5.91
MATMUL,uint32_t,2,512,256,256,128,18308.971333,17224.554866,-5.92
MATMUL,uint32_t,2,512,256,256,64,18462.207667,17360.161357,-5.97
MATMUL,uint32_t,2,512,256,256,32,18744.840000,17645.650632,-5.86
MATMUL,uint32_t,2,512,256,256,16,19364.576667,18243.218137,-5.79
MATMUL,uint32_t,2,512,512,16,4,3042.481667,2846.589365,-6.44
MATMUL,uint32_t,2,512,512,16,8,2598.265333,2433.980232,-6.32
MATMUL,uint32_t,2,512,512,16,16,2419.707333,2279.133328,-5.81
MATMUL,uint32_t,2,512,512,32,4,6082.381000,5692.903276,-6.40
MATMUL,uint32_t,2,512,512,32,8,5196.019333,4867.685045,-6.32
MATMUL,uint32_t,2,512,512,32,16,4838.225333,4557.991202,-5.79
MATMUL,uint32_t,2,512,512,32,32,4684.777333,4409.286662,-5.88
MATMUL,uint32_t,2,512,256,512,4,48701.943333,45598.089653,-6.37
MATMUL,uint32_t,2,512,256,512,8,41608.243667,38974.487806,-6.33
MATMUL,uint32_t,2,512,256,512,16,38727.128000,36486.160821,-5.79
MATMUL,uint32_t,2,512,256,512,128,36611.586000,34448.835076,-5.91
MATMUL,uint32_t,2,512,256,512,256,36468.625667,34321.960143,-5.89
MATMUL,uint32_t,2,512,256,512,64,36924.276333,34720.047657,-5.97
MATMUL,uint32_t,2,512,256,512,32,37484.648333,35291.027151,-5.85
MATMUL,uint32_t,2,512,512,64,8,10394.553333,9735.094673,-6.34
MATMUL,uint32_t,2,512,512,64,4,12172.104333,11385.531097,-6.46
MATMUL,uint32_t,2,512,512,64,16,9675.116667,9115.706951,-5.78
MATMUL,uint32_t,2,512,512,64,32,9369.021667,8818.299422,-5.88
MATMUL,uint32_t,2,512,512,64,64,9227.156667,8676.243186,-5.97
MATMUL,uint32_t,2,512,512,128,16,19353.925667,18231.138448,-5.80
MATMUL,uint32_t,2,512,512,128,8,20784.126667,19469.913928,-6.32
MATMUL,uint32_t,2,512,512,128,32,18730.292667,17636.324452,-5.84
MATMUL,uint32_t,2,512,512,128,64,18454.228667,17352.211314,-5.97
MATMUL,uint32_t,2,512,512,128,4,24304.048333,22770.786741,-6.31
MATMUL,uint32_t,2,512,512,128,128,18299.441333,17217.288123,-5.91
MATMUL,uint32_t,2,512,512,256,8,41563.522667,38939.552437,-6.31
MATMUL,uint32_t,2,512,512,256,4,48696.726333,45541.298028,-6.48
MATMUL,uint32_t,2,512,512,256,32,37478.939333,35272.374756,-5.89
MATMUL,uint32_t,2,512,512,256,16,38705.443667,36462.001442,-5.80
MATMUL,uint32_t,2,512,512,256,64,36908.272333,34704.147570,-5.97
MATMUL,uint32_t,2,512,512,256,256,36463.388000,34308.089917,-5.91
MATMUL,uint32_t,2,512,512,256,128,36601.244667,34434.301590,-5.92
MATMUL,uint32_t,4,16,16,16,4,3.180000,2.973365,-6.50
MATMUL,uint32_t,4,16,16,16,8,2.678333,2.516845,-6.03
MATMUL,uint32_t,4,16,16,16,16,2.472667,2.347898,-5.05
MATMUL,uint32_t,4,16,16,32,4,6.266000,5.873066,-6.27
MATMUL,uint32_t,4,16,16,32,8,5.291333,4.959671,-6.27
MATMUL,uint32_t,4,16,16,32,16,4.889333,4.622541,-5.46
MATMUL,uint32_t,4,16,16,64,4,12.492000,11.664491,-6.62
MATMUL,uint32_t,4,16,16,64,8,10.504667,9.845139,-6.28
MATMUL,uint32_t,4,16,16,64,16,9.710667,9.171379,-5.55
MATMUL,uint32_t,4,16,16,128,4,24.861333,23.238610,-6.53
MATMUL,uint32_t,4,16,16,128,8,20.964333,19.616075,-6.43
MATMUL,uint32_t,4,16,16,128,16,19.358000,18.270940,-5.62
MATMUL,uint32_t,4,16,16,256,4,49.660667,46.402515,-6.56
MATMUL,uint32_t,4,16,16,256,8,41.875000,39.157946,-6.49
MATMUL,uint32_t,4,16,16,256,16,38.658333,36.463370,-5.68
MATMUL,uint32_t,4,16,16,512,4,99.248333,92.732685,-6.56
MATMUL,uint32_t,4,16,16,512,8,83.631000,78.241688,-6.44
MATMUL,uint32_t,4,16,16,512,16,77.245000,72.840775,-5.70
MATMUL,uint32_t,4,16,32,16,4,6.150000,5.763747,-6.28
MATMUL,uint32_t,4,16,32,16,8,5.208000,4.891445,-6.08
MATMUL,uint32_t,4,16,32,16,16,4.835667,4.575176,-5.39
MATMUL,uint32_t,4,16,32,32,4,12.276333,11.447222,-6.75
MATMUL,uint32_t,4,16,32,32,8,10.356667,9.708692,-6.26
MATMUL,uint32_t,4,16,32,32,16,9.611333,9.075930,-5.57
MATMUL,uint32_t,4,16,32,32,32,9.271667,8.752696,-5.60
MATMUL,uint32_t,4,16,32,64,4,24.436333,22.822391,-6.60
MATMUL,uint32_t,4,16,32,64,8,20.683333,19.343185,-6.48
MATMUL,uint32_t,4,16,32,64,16,19.168667,18.075135,-5.70
MATMUL,uint32_t,4,16,32,64,32,18.503333,17.430913,-5.80
MATMUL,uint32_t,4,16,32,128,4,48.748333,45.570522,-6.52
MATMUL,uint32_t,4,16,32,128,8,41.277333,38.612172,-6.46
MATMUL,uint32_t,4,16,32,128,16,38.262667,36.068936,-5.73
MATMUL,uint32_t,4,16,32,128,32,36.962333,34.783762,-5.89
MATMUL,uint32_t,4,16,32,256,4,97.509333,91.066412,-6.61
MATMUL,uint32_t,4,16,32,256,8,82.452333,77.150146,-6.43
MATMUL,uint32_t,4,16,32,256,16,76.453667,72.056113,-5.75
MATMUL,uint32_t,4,16,32,256,32,73.853333,69.490262,-5.91
MATMUL,uint32_t,4,16,32,512,4,195.031667,182.059180,-6.65
MATMUL,uint32_t,4,16,32,512,8,164.842667,154.226093,-6.44
MATMUL,uint32_t,4,16,32,512,16,152.828667,144.030766,-5.76
MATMUL,uint32_t,4,16,32,512,32,147.620000,138.903126,-5.90
MATMUL,uint32_t,4,16,64,16,4,12.148667,11.341898,-6.64
MATMUL,uint32_t,4,16,64,16,8,10.283000,9.640365,-6.25
MATMUL,uint32_t,4,16,64,16,16,9.560333,9.028730,-5.56
MATMUL,uint32_t,4,16,64,32,4,24.190667,22.612695,-6.52
MATMUL,uint32_t,4,16,64,32,8,20.514667,19.206568,-6.38
MATMUL,uint32_t,4,16,64,32,16,19.058667,17.999013,-5.56
MATMUL,uint32_t,4,16,64,32,32,18.440667,17.358364,-5.87
MATMUL,uint32_t,4,16,64,64,4,48.407333,45.152974,-6.72
MATMUL,uint32_t,4,16,64,64,8,40.962000,38.338985,-6.40
MATMUL,uint32_t,4,16,64,64,16,38.061667,35.919775,-5.63
MATMUL,uint32_t,4,16,64,64,32,36.806000,34.637684,-5.89
MATMUL,uint32_t,4,16,64,64,64,36.219667,34.075641,-5.92
MATMUL,uint32_t,4,16,64,128,4,96.493333,90.230747,-6.49
MATMUL,uint32_t,4,16,64,128,8,81.865000,76.603846,-6.43
MATMUL,uint32_t,4,16,64,128,16,76.029667,71.732788,-5.65
MATMUL,uint32_t,4,16,64,128,32,73.553333,69.195544,-5.92
MATMUL,uint32_t,4,16,64,128,64,72.371667,68.073605,-5.94
MATMUL,uint32_t,4,16,64,256,4,192.725667,180.388213,-6.40
MATMUL,uint32_t,4,16,64,256,8,163.722667,153.133566,-6.47
MATMUL,uint32_t,4,16,64,256,16,152.001000,143.380553,-5.67
MATMUL,uint32_t,4,16,64,256,32,147.003000,138.305450,-5.92
MATMUL,uint32_t,4,16,64,256,64,144.673667,136.064596,-5.95
MATMUL,uint32_t,4,16,64,512,4,385.875667,360.701981,-6.52
MATMUL,uint32_t,4,16,64,512,8,327.295000,306.193007,-6.45
MATMUL,uint32_t,4,16,64,512,16,303.960667,286.676084,-5.69
MATMUL,uint32_t,4,16,64,512,32,293.899333,276.524901,-5.91
MATMUL,uint32_t,4,16,64,512,64,289.288000,272.041019,-5.96
MATMUL,uint32_t,4,16,128,16,4,24.145667,22.500116,-6.82
MATMUL,uint32_t,4,16,128,16,8,20.437333,19.138233,-6.36
MATMUL,uint32_t,4,16,128,16,16,19.013000,17.951766,-5.58
MATMUL,uint32_t,4,16,128,32,4,48.225333,44.927848,-6.84
MATMUL,uint32_t,4,16,128,32,8,40.821000,38.202297,-6.42
MATMUL,uint32_t,4,16,128,32,16,37.951667,35.825323,-5.60
MATMUL,uint32_t,4,16,128,32,32,36.739333,34.573732,-5.89
MATMUL,uint32_t,4,16,128,64,4,96.190667,89.780448,-6.66
MATMUL,uint32_t,4,16,128,64,8,81.556667,76.330438,-6.41
MATMUL,uint32_t,4,16,128,64,16,75.826667,71.542697,-5.65
MATMUL,uint32_t,4,16,128,64,32,73.380667,69.067596,-5.88
MATMUL,uint32_t,4,16,128,64,64,72.246333,67.948052,-5.95
MATMUL,uint32_t,4,16,128,128,4,192.408333,179.487357,-6.72
MATMUL,uint32_t,4,16,128,128,8,163.067000,152.586747,-6.43
MATMUL,uint32_t,4,16,128,128,16,151.625333,143.000085,-5.69
MATMUL,uint32_t,4,16,128,128,32,146.686000,138.043866,-5.89
MATMUL,uint32_t,4,16,128,128,64,144.440333,135.814835,-5.97
MATMUL,uint32_t,4,16,128,128,128,143.208000,134.746360,-5.91
MATMUL,uint32_t,4,16,128,256,4,384.492667,358.901523,-6.66
MATMUL,uint32_t,4,16,128,256,8,325.991667,305.099364,-6.41
MATMUL,uint32_t,4,16,128,256,16,303.165667,285.914860,-5.69
MATMUL,uint32_t,4,16,128,256,32,293.374333,275.942012,-5.94
MATMUL,uint32_t,4,16,128,256,64,288.798000,271.542813,-5.97
MATMUL,uint32_t,4,16,128,256,128,286.397667,269.409212,-5.93
MATMUL,uint32_t,4,16,128,512,4,769.081667,717.728691,-6.68
MATMUL,uint32_t,4,16,128,512,8,652.096000,610.124597,-6.44
MATMUL,uint32_t,4,16,128,512,16,606.184333,571.744411,-5.68
MATMUL,uint32_t,4,16,128,512,32,586.704333,551.798279,-5.95
MATMUL,uint32_t,4,16,128,512,64,577.511667,542.990067,-5.98
MATMUL,uint32_t,4,16,128,512,128,572.716000,538.727554,-5.93
MATMUL,uint32_t,4,16,256,16,4,48.132667,44.817271,-6.89
MATMUL,uint32_t,4,16,256,16,8,40.741000,38.134086,-6.40
MATMUL,uint32_t,4,16,256,16,16,37.899667,35.778137,-5.60
MATMUL,uint32_t,4,16,256,32,4,96.166333,89.558167,-6.87
MATMUL,uint32_t,4,16,256,32,8,81.441000,76.194011,-6.44
MATMUL,uint32_t,4,16,256,32,16,75.728333,71.481356,-5.61
MATMUL,uint32_t,4,16,256,32,32,73.334000,68.994618,-5.92
MATMUL,uint32_t,4,16,256,64,4,192.166333,179.042936,-6.83
MATMUL,uint32_t,4,16,256,64,8,162.803667,152.313861,-6.44
MATMUL,uint32_t,4,16,256,64,16,151.406333,142.885029,-5.63
MATMUL,uint32_t,4,16,256,64,32,146.544000,137.897961,-5.90
MATMUL,uint32_t,4,16,256,64,64,144.304333,135.690375,-5.97
MATMUL,uint32_t,4,16,256,128,4,383.635667,358.012484,-6.68
MATMUL,uint32_t,4,16,256,128,8,325.489333,304.553561,-6.43
MATMUL,uint32_t,4,16,256,128,16,302.755667,285.692375,-5.64
MATMUL,uint32_t,4,16,256,128,32,293.066333,275.650352,-5.94
MATMUL,uint32_t,4,16,256,128,64,288.536000,271.294254,-5.98
MATMUL,uint32_t,4,16,256,128,128,286.174000,269.180665,-5.94
MATMUL,uint32_t,4,16,256,256,4,767.795333,715.951996,-6.75
MATMUL,uint32_t,4,16,256,256,8,650.834000,609.032961,-6.42
MATMUL,uint32_t,4,16,256,256,16,605.331000,571.307066,-5.62
MATMUL,uint32_t,4,16,256,256,32,586.111333,551.215022,-5.95
MATMUL,uint32_t,4,16,256,256,64,577.002000,542.492874,-5.98
MATMUL,uint32_t,4,16,256,256,128,572.106000,538.270369,-5.91
MATMUL,uint32_t,4,16,256,256,256,569.994333,536.396664,-5.89
MATMUL,uint32_t,4,16,256,512,4,1535.679333,1431.829676,-6.76
MATMUL,uint32_t,4,16,256,512,8,1301.718667,1217.991760,-6.43
MATMUL,uint32_t,4,16,256,512,16,1210.864667,1142.536447,-5.64
MATMUL,uint32_t,4,16,256,512,32,1172.061333,1102.344363,-5.95
MATMUL,uint32_t,4,16,256,512,64,1153.990333,1084.889910,-5.99
MATMUL,uint32_t,4,16,256,512,128,1144.156667,1076.444007,-5.92
MATMUL,uint32_t,4,16,256,512,256,1140.076667,1072.710870,-5.91
MATMUL,uint32_t,4,16,512,16,4,96.046333,89.444076,-6.87
MATMUL,uint32_t,4,16,512,16,8,81.328000,76.126117,-6.40
MATMUL,uint32_t,4,16,512,16,16,75.670333,71.430879,-5.60
MATMUL,uint32_t,4,16,512,32,4,191.828667,178.814800,-6.78
MATMUL,uint32_t,4,16,512,32,8,162.638000,152.178114,-6.43
MATMUL,uint32_t,4,16,512,32,16,151.334333,142.783550,-5.65
MATMUL,uint32_t,4,16,512,32,32,146.482333,137.825082,-5.91
MATMUL,uint32_t,4,16,512,64,4,384.073667,357.556251,-6.90
MATMUL,uint32_t,4,16,512,64,8,325.160333,304.282108,-6.42
MATMUL,uint32_t,4,16,512,64,16,302.510000,285.488893,-5.63
MATMUL,uint32_t,4,16,512,64,32,292.862000,275.504330,-5.93
MATMUL,uint32_t,4,16,512,64,64,288.410000,271.202211,-5.97
MATMUL,uint32_t,4,16,512,128,4,767.988000,715.039162,-6.89
MATMUL,uint32_t,4,16,512,128,8,650.310333,608.490096,-6.43
MATMUL,uint32_t,4,16,512,128,16,605.025667,570.899578,-5.64
MATMUL,uint32_t,4,16,512,128,32,585.748333,550.923277,-5.95
MATMUL,uint32_t,4,16,512,128,64,576.761000,542.297911,-5.98
MATMUL,uint32_t,4,16,512,128,128,572.049667,538.042156,-5.94
MATMUL,uint32_t,4,16,512,256,4,1533.764333,1430.005402,-6.76
MATMUL,uint32_t,4,16,512,256,8,1300.390000,1216.906071,-6.42
MATMUL,uint32_t,4,16,512,256,16,1209.699333,1141.720949,-5.62
MATMUL,uint32_t,4,16,512,256,32,1171.272000,1101.761177,-5.93
MATMUL,uint32_t,4,16,512,256,64,1153.471333,1084.489025,-5.98
MATMUL,uint32_t,4,16,512,256,128,1143.876000,1075.988635,-5.93
MATMUL,uint32_t,4,16,512,256,256,1139.515000,1072.276316,-5.90
MATMUL,uint32_t,4,16,512,512,4,3067.568667,2859.936527,-6.77
MATMUL,uint32_t,4,16,512,512,8,2600.805000,2433.738023,-6.42
MATMUL,uint32_t,4,16,512,512,16,2419.451333,2283.363690,-5.62
MATMUL,uint32_t,2,512,512,512,4,97320.953667,91082.320601,-6.41
MATMUL,uint32_t,4,16,512,512,32,2343.026667,2203.436990,-5.96
MATMUL,uint32_t,4,16,512,512,64,2306.862667,2168.871828,-5.98
MATMUL,uint32_t,4,16,512,512,128,2287.633333,2151.864931,-5.93
MATMUL,uint32_t,4,32,16,16,4,6.275333,5.878480,-6.32
MATMUL,uint32_t,4,32,16,16,8,5.296000,4.966209,-6.23
MATMUL,uint32_t,4,32,16,16,16,4.885000,4.629293,-5.23
MATMUL,uint32_t,4,32,16,32,4,12.446333,11.678009,-6.17
MATMUL,uint32_t,4,32,16,32,8,10.524667,9.851676,-6.39
MATMUL,uint32_t,4,32,16,32,16,9.717333,9.178036,-5.55
MATMUL,uint32_t,4,32,16,64,4,24.876333,23.260715,-6.49
MATMUL,uint32_t,4,32,16,64,8,20.978000,19.622612,-6.46
MATMUL,uint32_t,4,32,16,64,16,19.376667,18.274249,-5.69
MATMUL,uint32_t,4,32,16,128,4,49.745000,46.408707,-6.71
MATMUL,uint32_t,4,32,16,128,8,41.884667,39.164483,-6.49
MATMUL,uint32_t,4,32,16,128,16,38.672000,36.468051,-5.70
MATMUL,uint32_t,4,32,16,256,4,99.398667,92.736479,-6.70
MATMUL,uint32_t,4,32,16,256,8,83.707333,78.248225,-6.52
MATMUL,uint32_t,4,32,16,256,16,77.258333,72.852534,-5.70
MATMUL,uint32_t,4,16,512,512,256,2278.517333,2144.467836,-5.88
MATMUL,uint32_t,4,32,16,512,4,199.130333,185.396881,-6.90
MATMUL,uint32_t,4,32,16,512,8,167.259667,156.415710,-6.48
MATMUL,uint32_t,4,32,32,16,4,12.271667,11.460273,-6.61
MATMUL,uint32_t,4,32,16,512,16,154.382000,145.612840,-5.68
MATMUL,uint32_t,4,32,32,16,8,10.372000,9.715229,-6.33
MATMUL,uint32_t,4,32,32,16,16,9.613000,9.082491,-5.52
MATMUL,uint32_t,4,32,32,32,4,24.432333,22.826247,-6.57
MATMUL,uint32_t,4,32,32,32,8,20.659333,19.349722,-6.34
MATMUL,uint32_t,4,32,32,32,16,19.170667,18.081375,-5.68
MATMUL,uint32_t,4,32,32,32,32,18.532000,17.436638,-5.91
MATMUL,uint32_t,4,32,32,64,4,48.777000,45.576757,-6.56
MATMUL,uint32_t,4,32,32,64,8,41.265667,38.618709,-6.41
MATMUL,uint32_t,4,32,32,64,16,38.259667,36.075287,-5.71
MATMUL,uint32_t,4,32,32,64,32,36.962667,34.791443,-5.87
MATMUL,uint32_t,4,32,32,128,4,97.366667,91.072909,-6.46
MATMUL,uint32_t,4,32,32,128,8,82.467667,77.156683,-6.44
MATMUL,uint32_t,4,32,32,128,16,76.454333,72.062702,-5.74
MATMUL,uint32_t,4,32,32,128,32,73.875000,69.497347,-5.93
MATMUL,uint32_t,4,32,32,256,8,164.860667,154.232630,-6.45
MATMUL,uint32_t,4,32,32,256,4,194.606667,182.064816,-6.44
MATMUL,uint32_t,4,32,32,256,16,152.824000,144.037303,-5.75
MATMUL,uint32_t,4,32,32,256,32,147.649000,138.910120,-5.92
MATMUL,uint32_t,4,32,32,512,8,329.557000,308.384525,-6.42
MATMUL,uint32_t,4,32,32,512,4,388.796667,364.050414,-6.36
MATMUL,uint32_t,4,32,32,512,16,305.532333,287.986610,-5.74
MATMUL,uint32_t,4,32,32,512,32,295.136667,277.735934,-5.90
MATMUL,uint32_t,4,32,64,16,4,24.230000,22.616698,-6.66
MATMUL,uint32_t,4,32,64,16,8,20.535333,19.213105,-6.44
MATMUL,uint32_t,4,32,64,16,16,19.067000,17.987684,-5.66
MATMUL,uint32_t,4,32,64,32,4,48.284333,45.158379,-6.47
MATMUL,uint32_t,4,32,64,32,8,40.978667,38.345522,-6.43
MATMUL,uint32_t,4,32,64,32,16,38.052333,35.926312,-5.59
MATMUL,uint32_t,4,32,64,32,32,36.818667,34.645267,-5.90
MATMUL,uint32_t,4,32,64,64,4,96.490000,90.238968,-6.48
MATMUL,uint32_t,4,32,64,64,8,81.857333,76.610383,-6.41
MATMUL,uint32_t,4,32,64,64,16,76.043000,71.767836,-5.62
MATMUL,uint32_t,4,32,64,64,32,73.535000,69.202025,-5.89
MATMUL,uint32_t,4,32,64,64,64,72.373667,68.077820,-5.94
MATMUL,uint32_t,4,32,64,128,4,193.108333,180.394403,-6.58
MATMUL,uint32_t,4,32,64,128,8,163.656000,153.140100,-6.43
MATMUL,uint32_t,4,32,64,128,16,152.013000,143.387090,-5.67
MATMUL,uint32_t,4,32,64,128,32,147.002000,138.311778,-5.91
MATMUL,uint32_t,4,32,64,128,64,144.684667,136.071427,-5.95
MATMUL,uint32_t,4,32,64,256,4,385.159667,360.709370,-6.35
MATMUL,uint32_t,4,32,64,256,8,327.144333,306.199535,-6.40
MATMUL,uint32_t,2,512,512,512,64,73816.440333,69408.020082,-5.97
MATMUL,uint32_t,4,32,64,256,16,303.903000,286.682621,-5.67
MATMUL,uint32_t,4,32,64,256,32,293.960333,276.531390,-5.93
MATMUL,uint32_t,4,32,64,256,64,289.305000,272.048440,-5.96
MATMUL,uint32_t,2,512,512,512,128,73196.450667,68868.328525,-5.91
MATMUL,uint32_t,2,512,512,512,32,74950.728000,70544.475399,-5.88
MATMUL,uint32_t,4,32,64,512,8,654.500000,612.318421,-6.44
MATMUL,uint32_t,4,32,64,512,4,769.966000,721.336993,-6.32
MATMUL,uint32_t,4,32,128,16,4,48.179667,44.933326,-6.74
MATMUL,uint32_t,4,32,128,16,8,40.841333,38.208834,-6.45
MATMUL,uint32_t,4,32,64,512,16,607.871000,573.273682,-5.69
MATMUL,uint32_t,4,32,128,16,16,37.967000,35.831861,-5.62
MATMUL,uint32_t,4,32,128,32,4,96.342667,89.788154,-6.80
MATMUL,uint32_t,4,32,128,32,16,75.861333,71.578975,-5.64
MATMUL,uint32_t,4,32,128,32,8,81.600333,76.336975,-6.45
MATMUL,uint32_t,2,512,512,512,256,72919.314667,68615.903293,-5.90
MATMUL,uint32_t,4,32,128,32,32,73.401667,69.074403,-5.90
MATMUL,uint32_t,4,32,64,512,32,587.715000,552.970220,-5.91
MATMUL,uint32_t,2,512,512,512,8,83125.279667,77878.829457,-6.31
MATMUL,uint32_t,4,32,128,64,8,163.051333,152.593285,-6.41
MATMUL,uint32_t,4,32,128,64,16,151.606333,143.006622,-5.67
MATMUL,uint32_t,4,32,128,64,4,192.292333,179.493895,-6.66
MATMUL,uint32_t,4,32,64,512,64,578.537667,543.991647,-5.97
MATMUL,uint32_t,4,32,128,64,32,146.748333,138.050404,-5.93
MATMUL,uint32_t,4,32,128,64,64,144.435667,135.821606,-5.96
MATMUL,uint32_t,2,512,512,512,16,77405.409667,72923.727431,-5.79
MATMUL,uint32_t,4,32,128,128,16,303.101667,285.921397,-5.67
MATMUL,uint32_t,4,32,128,128,32,293.366333,276.002904,-5.92
MATMUL,uint32_t,4,32,128,128,4,384.696000,358.907713,-6.70
MATMUL,uint32_t,4,32,128,128,8,326.066000,305.105898,-6.43
MATMUL,uint32_t,4,32,128,128,64,288.795333,271.550153,-5.97
MATMUL,uint32_t,4,32,128,128,128,286.407333,269.415155,-5.93
MATMUL,uint32_t,4,32,128,256,4,769.199667,717.736080,-6.69
MATMUL,uint32_t,4,32,128,256,64,577.519000,542.996406,-5.98
MATMUL,uint32_t,4,32,128,256,32,586.721000,551.804816,-5.95
MATMUL,uint32_t,4,32,128,256,128,572.687000,538.733231,-5.93
MATMUL,uint32_t,4,32,128,256,8,652.106667,610.131126,-6.44
MATMUL,uint32_t,4,32,128,256,16,606.176333,571.750948,-5.68
MATMUL,uint32_t,4,32,256,16,4,96.091333,89.567317,-6.79
MATMUL,uint32_t,4,32,256,16,8,81.430333,76.200549,-6.42
MATMUL,uint32_t,4,32,256,16,16,75.750667,71.484603,-5.63
MATMUL,uint32_t,4,32,256,32,4,191.944667,179.049486,-6.72
MATMUL,uint32_t,4,32,256,32,8,162.822333,152.320398,-6.45
MATMUL,uint32_t,4,32,256,32,16,151.426667,142.891566,-5.64
MATMUL,uint32_t,4,32,256,32,32,146.579667,137.904498,-5.92
MATMUL,uint32_t,4,32,128,512,8,1303.836667,1220.181598,-6.42
MATMUL,uint32_t,4,32,128,512,4,1537.277667,1435.390503,-6.63
MATMUL,uint32_t,4,32,256,64,4,384.354000,358.019032,-6.85
MATMUL,uint32_t,4,32,256,64,8,325.487667,304.560098,-6.43
MATMUL,uint32_t,4,32,256,64,16,302.746667,285.698912,-5.63
MATMUL,uint32_t,4,32,128,512,128,1145.173333,1077.361270,-5.92
MATMUL,uint32_t,4,32,128,512,64,1155.017667,1085.890720,-5.98
MATMUL,uint32_t,4,32,128,512,16,1212.292000,1143.410049,-5.68
MATMUL,uint32_t,4,32,128,512,32,1173.245000,1103.517349,-5.94
MATMUL,uint32_t,4,32,256,64,32,293.035333,275.711187,-5.91
MATMUL,uint32_t,4,32,256,64,64,288.551333,271.301476,-5.98
MATMUL,uint32_t,4,32,256,128,8,650.747000,609.039498,-6.41
MATMUL,uint32_t,4,32,256,128,64,577.025333,542.499410,-5.98
MATMUL,uint32_t,4,32,256,128,32,586.036000,551.221559,-5.94
MATMUL,uint32_t,4,32,256,128,128,572.119667,538.277571,-5.92
MATMUL,uint32_t,4,32,256,128,16,605.436333,571.313603,-5.64
MATMUL,uint32_t,4,32,256,128,4,767.727667,715.958132,-6.74
MATMUL,uint32_t,4,32,256,256,8,1301.591667,1217.998297,-6.42
MATMUL,uint32_t,4,32,256,256,4,1536.766000,1431.837197,-6.83
MATMUL,uint32_t,4,32,256,256,128,1144.516333,1076.449879,-5.95
MATMUL,uint32_t,4,32,256,256,64,1153.991000,1084.896653,-5.99
MATMUL,uint32_t,4,32,256,256,256,1140.024000,1072.717658,-5.90
MATMUL,uint32_t,4,32,256,256,32,1171.982667,1102.350900,-5.94
MATMUL,uint32_t,4,32,256,256,16,1210.587000,1142.542985,-5.62
MATMUL,uint32_t,4,32,512,16,4,192.128333,178.821357,-6.93
MATMUL,uint32_t,4,32,512,16,8,162.606000,152.184651,-6.41
MATMUL,uint32_t,4,32,512,16,16,151.300667,142.790088,-5.62
MATMUL,uint32_t,4,32,512,32,4,384.052000,357.562801,-6.90
MATMUL,uint32_t,4,32,512,32,8,325.190667,304.288645,-6.43
MATMUL,uint32_t,4,32,512,32,16,302.499333,285.495430,-5.62
MATMUL,uint32_t,4,32,256,512,4,3070.513000,2863.592637,-6.74
MATMUL,uint32_t,4,32,512,32,32,292.995000,275.565430,-5.95
MATMUL,uint32_t,4,32,256,512,16,2420.700333,2285.001749,-5.61
MATMUL,uint32_t,4,32,256,512,256,2279.509000,2145.342863,-5.89
MATMUL,uint32_t,4,32,256,512,128,2288.711333,2152.780960,-5.94
MATMUL,uint32_t,4,32,256,512,64,2307.884333,2169.690925,-5.99
MATMUL,uint32_t,4,32,256,512,8,2602.898333,2435.915896,-6.42
MATMUL,uint32_t,4,32,256,512,32,2343.385667,2204.609583,-5.92
MATMUL,uint32_t,4,32,512,64,4,767.811333,715.045710,-6.87
MATMUL,uint32_t,4,32,512,64,64,576.778000,542.304448,-5.98
MATMUL,uint32_t,4,32,512,64,32,585.681000,550.929814,-5.93
MATMUL,uint32_t,4,32,512,64,16,604.896000,570.906115,-5.62
MATMUL,uint32_t,4,32,512,64,8,650.341667,608.496633,-6.43
MATMUL,uint32_t,4,32,512,128,16,1209.731333,1141.727486,-5.62
MATMUL,uint32_t,4,32,512,128,8,1300.398667,1216.912609,-6.42
MATMUL,uint32_t,4,32,512,128,4,1536.763000,1430.011533,-6.95
MATMUL,uint32_t,4,32,512,128,32,1171.476000,1101.767714,-5.95
MATMUL,uint32_t,4,32,512,128,128,1143.874333,1075.994594,-5.93
MATMUL,uint32_t,4,32,512,128,64,1153.476000,1084.495848,-5.98
MATMUL,uint32_t,4,32,512,256,8,2600.555667,2433.744560,-6.41
MATMUL,uint32_t,4,32,512,256,4,3070.809333,2859.944057,-6.87
MATMUL,uint32_t,4,32,512,256,32,2343.219667,2203.443527,-5.97
MATMUL,uint32_t,4,32,512,256,16,2420.032000,2283.370227,-5.65
MATMUL,uint32_t,4,32,512,256,64,2306.857333,2168.878365,-5.98
MATMUL,uint32_t,4,32,512,256,128,2287.356000,2151.871468,-5.92
MATMUL,uint32_t,4,32,512,256,256,2278.694667,2144.474777,-5.89
MATMUL,uint32_t,4,64,16,16,4,12.509333,11.688680,-6.56
MATMUL,uint32_t,4,64,16,16,8,10.535667,9.864750,-6.37
MATMUL,uint32_t,4,64,16,16,16,9.736000,9.190316,-5.60
MATMUL,uint32_t,4,64,16,32,4,24.916333,23.287894,-6.54
MATMUL,uint32_t,4,64,16,32,8,20.991000,19.635686,-6.46
MATMUL,uint32_t,4,64,16,32,16,19.384000,18.287295,-5.66
MATMUL,uint32_t,4,64,16,64,4,49.723667,46.453166,-6.58
MATMUL,uint32_t,4,64,16,64,8,41.883000,39.177557,-6.46
MATMUL,uint32_t,4,64,16,64,16,38.689000,36.475598,-5.72
MATMUL,uint32_t,4,64,16,128,4,99.403667,92.748901,-6.69
MATMUL,uint32_t,4,64,16,128,8,83.646000,78.261299,-6.44
MATMUL,uint32_t,4,64,16,128,16,77.279333,72.862273,-5.72
MATMUL,uint32_t,4,64,16,256,4,198.389667,185.404407,-6.55
MATMUL,uint32_t,4,64,16,256,8,167.280000,156.428784,-6.49
MATMUL,uint32_t,4,64,16,256,16,154.415333,145.630862,-5.69
MATMUL,uint32_t,4,64,16,512,4,396.604000,370.725272,-6.53
MATMUL,uint32_t,4,64,16,512,8,334.414333,312.763754,-6.47
MATMUL,uint32_t,4,64,16,512,16,308.774333,291.156971,-5.71
MATMUL,uint32_t,4,64,32,16,4,24.450000,22.853299,-6.53
MATMUL,uint32_t,4,64,32,16,8,20.685333,19.362797,-6.39
MATMUL,uint32_t,4,64,32,16,16,19.183667,18.094978,-5.68
MATMUL,uint32_t,4,64,32,32,4,48.869000,45.584297,-6.72
MATMUL,uint32_t,4,64,32,32,8,41.288333,38.631784,-6.43
MATMUL,uint32_t,4,64,32,32,16,38.288667,36.087117,-5.75
MATMUL,uint32_t,4,64,32,32,32,36.985333,34.802937,-5.90
MATMUL,uint32_t,4,32,512,512,4,6139.095333,5719.806387,-6.83
MATMUL,uint32_t,4,64,32,64,4,97.440667,91.085490,-6.52
MATMUL,uint32_t,4,64,32,64,8,82.487667,77.169757,-6.45
MATMUL,uint32_t,4,64,32,64,16,76.471000,72.075590,-5.75
MATMUL,uint32_t,4,64,32,64,32,73.892000,69.512109,-5.93
MATMUL,uint32_t,4,32,512,512,64,4613.648000,4337.643971,-5.98
MATMUL,uint32_t,4,32,512,512,32,4685.553333,4406.795152,-5.95
MATMUL,uint32_t,4,64,32,128,4,195.016333,182.077684,-6.63
MATMUL,uint32_t,4,64,32,128,8,164.889667,154.245705,-6.46
MATMUL,uint32_t,4,32,512,512,8,5202.658667,4867.408462,-6.44
MATMUL,uint32_t,4,32,512,512,128,4575.653000,4303.624060,-5.95
MATMUL,uint32_t,4,32,512,512,16,4839.940000,4566.655709,-5.65
MATMUL,uint32_t,4,32,512,512,256,4557.470667,4288.829842,-5.89
MATMUL,uint32_t,4,64,32,128,16,152.842667,144.050235,-5.75
MATMUL,uint32_t,4,64,32,128,32,147.685667,138.924107,-5.93
MATMUL,uint32_t,4,64,32,256,8,329.663000,308.397599,-6.45
MATMUL,uint32_t,4,64,32,256,16,305.596667,287.999685,-5.76
MATMUL,uint32_t,4,64,32,256,32,295.150667,277.749823,-5.90
MATMUL,uint32_t,4,64,32,256,4,389.308000,364.061623,-6.48
MATMUL,uint32_t,4,64,64,16,8,41.005667,38.358596,-6.46
MATMUL,uint32_t,4,64,64,16,4,48.347000,45.166298,-6.58
MATMUL,uint32_t,4,64,64,16,16,38.084667,35.901823,-5.73
MATMUL,uint32_t,4,64,64,32,4,96.647000,90.249748,-6.62
MATMUL,uint32_t,4,64,64,32,16,76.071000,71.780910,-5.64
MATMUL,uint32_t,4,64,64,32,8,81.891333,76.623458,-6.43
MATMUL,uint32_t,4,64,64,32,32,73.596667,69.216133,-5.95
MATMUL,uint32_t,4,64,32,512,16,611.203000,575.898299,-5.78
MATMUL,uint32_t,4,64,64,64,4,192.701000,180.410955,-6.38
MATMUL,uint32_t,4,64,64,64,16,152.019000,143.463958,-5.63
MATMUL,uint32_t,4,64,32,512,8,659.262000,616.701389,-6.46
MATMUL,uint32_t,4,64,32,512,32,590.196333,555.401534,-5.90
MATMUL,uint32_t,4,64,64,64,8,163.698667,153.153168,-6.44
MATMUL,uint32_t,4,64,64,64,32,147.073667,138.324793,-5.95
MATMUL,uint32_t,4,64,32,512,4,778.085000,728.032882,-6.43
MATMUL,uint32_t,4,64,64,64,64,144.686667,136.082179,-5.95
MATMUL,uint32_t,4,64,64,128,64,289.302667,272.061808,-5.96
MATMUL,uint32_t,4,64,64,128,32,293.998667,276.544246,-5.94
MATMUL,uint32_t,4,64,64,128,16,303.909667,286.695695,-5.66
MATMUL,uint32_t,4,64,64,128,8,327.270000,306.212593,-6.43
MATMUL,uint32_t,4,64,64,128,4,385.301667,360.721715,-6.38
MATMUL,uint32_t,4,64,64,256,8,654.561667,612.331473,-6.45
MATMUL,uint32_t,4,64,64,256,4,769.998333,721.351685,-6.32
MATMUL,uint32_t,4,64,64,256,16,607.797667,573.286756,-5.68
MATMUL,uint32_t,4,64,64,256,64,578.534333,544.005602,-5.97
MATMUL,uint32_t,4,64,64,256,32,587.803667,552.983268,-5.92
MATMUL,uint32_t,4,64,128,16,4,96.293000,89.799725,-6.74
MATMUL,uint32_t,4,64,128,16,8,81.606000,76.350049,-6.44
MATMUL,uint32_t,4,64,128,16,16,75.872000,71.592050,-5.64
MATMUL,uint32_t,4,64,128,32,4,192.437000,179.508765,-6.72
MATMUL,uint32_t,4,64,128,32,16,151.659667,143.086279,-5.65
MATMUL,uint32_t,4,64,128,32,8,163.128000,152.606359,-6.45
MATMUL,uint32_t,4,64,128,32,32,146.731667,138.063750,-5.91
MATMUL,uint32_t,4,64,64,512,16,1215.452000,1146.468879,-5.68
MATMUL,uint32_t,4,64,128,64,8,326.042667,305.118965,-6.42
MATMUL,uint32_t,4,64,64,512,8,1308.760000,1224.569250,-6.43
MATMUL,uint32_t,4,64,128,64,4,384.924000,358.920788,-6.76
MATMUL,uint32_t,4,64,128,64,16,303.131667,285.934472,-5.67
MATMUL,uint32_t,4,64,64,512,4,1540.143333,1442.607018,-6.33
MATMUL,uint32_t,4,64,64,512,64,1157.007667,1087.892903,-5.97
MATMUL,uint32_t,4,64,64,512,32,1175.293000,1105.860858,-5.91
MATMUL,uint32_t,4,64,128,64,32,293.417667,276.015979,-5.93
MATMUL,uint32_t,4,64,128,64,64,288.818000,271.563470,-5.97
MATMUL,uint32_t,4,64,128,128,16,606.138000,571.764022,-5.67
MATMUL,uint32_t,4,64,128,128,8,652.102000,610.144183,-6.43
MATMUL,uint32_t,4,64,128,128,4,769.023333,717.748425,-6.67
MATMUL,uint32_t,4,64,128,128,32,586.600333,551.920901,-5.91
MATMUL,uint32_t,4,64,128,128,64,577.529000,543.010285,-5.98
MATMUL,uint32_t,4,64,128,128,128,572.775667,538.752758,-5.94
MATMUL,uint32_t,4,64,128,256,8,1304.070667,1220.194650,-6.43
MATMUL,uint32_t,4,64,128,256,4,1536.723333,1435.405194,-6.59
MATMUL,uint32_t,4,64,128,256,32,1173.312000,1103.530423,-5.95
MATMUL,uint32_t,4,64,128,256,16,1212.425333,1143.423123,-5.69
MATMUL,uint32_t,4,64,128,256,64,1154.994667,1085.903592,-5.98
MATMUL,uint32_t,4,64,128,256,128,1145.404333,1077.373484,-5.94
MATMUL,uint32_t,4,64,256,16,8,162.814667,152.333473,-6.44
MATMUL,uint32_t,4,64,256,16,4,192.493333,179.066093,-6.98
MATMUL,uint32_t,4,64,256,16,16,151.477667,142.897535,-5.66
MATMUL,uint32_t,4,64,256,32,4,384.188333,358.032125,-6.81
MATMUL,uint32_t,4,64,256,32,8,325.474667,304.573173,-6.42
MATMUL,uint32_t,4,64,256,32,16,302.775000,285.711986,-5.64
MATMUL,uint32_t,4,64,256,32,32,293.061000,275.724261,-5.92
MATMUL,uint32_t,4,64,128,512,8,2607.687667,2440.295599,-6.42
MATMUL,uint32_t,4,64,256,64,4,767.263667,715.971225,-6.69
MATMUL,uint32_t,4,64,256,64,8,650.859667,609.052572,-6.42
MATMUL,uint32_t,4,64,128,512,4,3073.576667,2870.714127,-6.60
MATMUL,uint32_t,4,64,128,512,16,2424.410333,2286.741326,-5.68
MATMUL,uint32_t,4,64,256,64,16,605.332000,571.326677,-5.62
MATMUL,uint32_t,4,64,128,512,32,2346.011333,2206.955489,-5.93
MATMUL,uint32_t,4,64,128,512,64,2309.880667,2171.692026,-5.98
MATMUL,uint32_t,4,64,128,512,128,2290.479667,2154.613130,-5.93
MATMUL,uint32_t,4,64,256,64,32,586.125333,551.337617,-5.94
MATMUL,uint32_t,4,64,256,64,64,577.029333,542.513173,-5.98
MATMUL,uint32_t,4,64,256,128,32,1171.968000,1102.363975,-5.94
MATMUL,uint32_t,4,64,256,128,16,1210.875000,1142.556059,-5.64
MATMUL,uint32_t,4,64,256,128,8,1301.461333,1218.011371,-6.41
MATMUL,uint32_t,4,64,256,128,128,1144.521333,1076.463619,-5.95
MATMUL,uint32_t,4,64,256,128,64,1153.998667,1084.909722,-5.99
MATMUL,uint32_t,4,64,256,128,4,1535.288000,1431.849426,-6.74
MATMUL,uint32_t,4,64,256,256,8,2602.841333,2435.928970,-6.41
MATMUL,uint32_t,4,64,256,256,4,3071.078667,2863.607600,-6.76
MATMUL,uint32_t,4,64,256,256,128,2288.865333,2152.793369,-5.94
MATMUL,uint32_t,4,64,256,256,256,2279.744000,2145.356188,-5.89
MATMUL,uint32_t,4,64,256,256,64,2307.881667,2169.704211,-5.99
MATMUL,uint32_t,4,64,256,256,32,2344.070000,2204.622657,-5.95
MATMUL,uint32_t,4,64,256,256,16,2420.805000,2285.014823,-5.61
MATMUL,uint32_t,4,64,512,16,4,383.671000,357.575900,-6.80
MATMUL,uint32_t,4,64,512,16,8,325.218000,304.301719,-6.43
MATMUL,uint32_t,4,64,512,16,16,302.629667,285.508505,-5.66
MATMUL,uint32_t,4,64,512,32,4,767.757000,715.058802,-6.86
MATMUL,uint32_t,4,64,512,32,8,650.146000,608.509707,-6.40
MATMUL,uint32_t,4,64,512,32,16,605.022000,570.919190,-5.64
MATMUL,uint32_t,4,64,256,512,4,6143.533000,5727.118560,-6.78
MATMUL,uint32_t,4,64,512,32,32,585.803667,551.046117,-5.93
MATMUL,uint32_t,4,64,256,512,8,5207.141667,4871.764167,-6.44
MATMUL,uint32_t,4,64,256,512,128,4577.236000,4305.454867,-5.94
MATMUL,uint32_t,4,64,256,512,256,4559.959000,4290.578380,-5.91
MATMUL,uint32_t,4,64,256,512,64,4615.663000,4339.292955,-5.99
MATMUL,uint32_t,4,64,256,512,16,4842.089000,4569.932351,-5.62
MATMUL,uint32_t,4,64,256,512,32,4687.001000,4409.140022,-5.93
MATMUL,uint32_t,4,64,512,64,4,1534.250667,1430.024626,-6.79
MATMUL,uint32_t,4,64,512,64,8,1300.500333,1216.925683,-6.43
MATMUL,uint32_t,4,64,512,64,64,1153.480333,1084.508922,-5.98
MATMUL,uint32_t,4,64,512,64,32,1171.419333,1101.780788,-5.94
MATMUL,uint32_t,4,64,512,64,16,1209.743667,1141.740560,-5.62
MATMUL,uint32_t,4,64,512,128,16,2419.488333,2283.383301,-5.63
MATMUL,uint32_t,4,64,512,128,8,2600.779667,2433.757634,-6.42
MATMUL,uint32_t,4,64,512,128,4,3067.977667,2859.956277,-6.78
MATMUL,uint32_t,4,64,512,128,64,2306.892667,2168.891721,-5.98
MATMUL,uint32_t,4,64,512,128,32,2342.385000,2203.456601,-5.93
MATMUL,uint32_t,4,64,512,128,128,2287.430333,2151.883964,-5.93
MATMUL,uint32_t,4,64,512,256,8,5201.599333,4867.421537,-6.42
MATMUL,uint32_t,4,64,512,256,4,6137.920000,5719.821368,-6.81
MATMUL,uint32_t,4,64,512,256,16,4839.301333,4566.668783,-5.63
MATMUL,uint32_t,4,64,512,256,32,4685.710667,4406.808226,-5.95
MATMUL,uint32_t,4,64,512,256,64,4613.658333,4337.657045,-5.98
MATMUL,uint32_t,4,64,512,256,256,4557.559333,4288.843321,-5.90
MATMUL,uint32_t,4,64,512,256,128,4575.031667,4303.637135,-5.93
MATMUL,uint32_t,4,128,16,16,4,24.970667,23.309043,-6.65
MATMUL,uint32_t,4,128,16,16,8,21.031333,19.661835,-6.51
MATMUL,uint32_t,4,128,16,16,16,19.427000,18.312357,-5.74
MATMUL,uint32_t,4,128,16,32,4,49.761667,46.507583,-6.54
MATMUL,uint32_t,4,128,16,32,8,41.929333,39.203706,-6.50
MATMUL,uint32_t,4,128,16,32,16,38.720000,36.502426,-5.73
MATMUL,uint32_t,4,128,16,64,4,99.440333,92.837912,-6.64
MATMUL,uint32_t,4,128,16,64,8,83.707333,78.287448,-6.47
MATMUL,uint32_t,4,128,16,64,16,77.296000,72.878296,-5.72
MATMUL,uint32_t,4,128,16,128,4,198.788333,185.429289,-6.72
MATMUL,uint32_t,4,128,16,128,8,167.316000,156.454933,-6.49
MATMUL,uint32_t,4,128,16,128,16,154.495000,145.650712,-5.72
MATMUL,uint32_t,4,128,16,256,4,397.532667,370.740264,-6.74
MATMUL,uint32_t,4,128,16,256,8,334.564000,312.789902,-6.51
MATMUL,uint32_t,4,128,16,256,16,308.841667,291.187512,-5.72
MATMUL,uint32_t,4,128,16,512,4,793.342333,741.382045,-6.55
MATMUL,uint32_t,4,128,16,512,8,668.844333,625.459841,-6.49
MATMUL,uint32_t,4,128,16,512,16,617.374667,582.245233,-5.69
MATMUL,uint32_t,4,128,32,16,4,48.792667,45.639351,-6.46
MATMUL,uint32_t,4,128,32,16,8,41.319000,38.657932,-6.44
MATMUL,uint32_t,4,128,32,16,16,38.322333,36.115695,-5.76
MATMUL,uint32_t,4,128,32,32,4,97.513000,91.100397,-6.58
MATMUL,uint32_t,4,128,32,32,8,82.526333,77.195906,-6.46
MATMUL,uint32_t,4,128,32,32,16,76.503667,72.098600,-5.76
MATMUL,uint32_t,4,128,32,32,32,73.901667,69.535536,-5.91
MATMUL,uint32_t,4,128,32,64,4,194.854333,182.102803,-6.54
MATMUL,uint32_t,4,128,32,64,8,164.891667,154.271853,-6.44
MATMUL,uint32_t,4,128,32,64,16,152.872667,144.076197,-5.75
MATMUL,uint32_t,4,128,32,64,32,147.660333,138.952728,-5.90
MATMUL,uint32_t,4,128,32,128,4,389.859667,364.087234,-6.61
MATMUL,uint32_t,4,128,32,128,8,329.700333,308.423748,-6.45
MATMUL,uint32_t,4,64,512,512,4,12282.231667,11439.546106,-6.86
MATMUL,uint32_t,4,128,32,128,16,305.647000,288.025301,-5.77
MATMUL,uint32_t,4,128,32,128,32,295.152333,277.777628,-5.89
MATMUL,uint32_t,4,64,512,512,64,9227.158000,8675.188256,-5.98
MATMUL,uint32_t,4,64,512,512,32,9370.751333,8813.511477,-5.95
MATMUL,uint32_t,4,64,512,512,8,10403.898667,9734.749342,-6.43
MATMUL,uint32_t,4,128,32,256,8,659.272333,616.727537,-6.45
MATMUL,uint32_t,4,128,32,256,4,780.325000,728.055237,-6.70
MATMUL,uint32_t,4,64,512,512,128,9151.414667,8607.142319,-5.95
MATMUL,uint32_t,4,64,512,512,256,9114.951333,8577.497084,-5.90
MATMUL,uint32_t,4,64,512,512,16,9677.776000,9133.239747,-5.63
MATMUL,uint32_t,4,128,64,16,4,96.475667,90.265497,-6.44
MATMUL,uint32_t,4,128,64,16,8,81.930000,76.649598,-6.45
MATMUL,uint32_t,4,128,64,16,16,76.109667,71.730101,-5.75
MATMUL,uint32_t,4,128,32,256,16,611.024000,575.924447,-5.74
MATMUL,uint32_t,4,128,32,256,32,590.381333,555.429201,-5.92
MATMUL,uint32_t,4,128,64,32,4,192.942333,180.432484,-6.48
MATMUL,uint32_t,4,128,64,32,8,163.733000,153.179323,-6.45
MATMUL,uint32_t,4,128,64,32,16,152.059000,143.490107,-5.64
MATMUL,uint32_t,4,128,64,32,32,147.084000,138.351988,-5.94
MATMUL,uint32_t,4,128,64,64,4,386.189333,360.754612,-6.59
MATMUL,uint32_t,4,128,64,64,8,327.306333,306.238701,-6.44
MATMUL,uint32_t,4,128,64,64,16,303.962333,286.856202,-5.63
MATMUL,uint32_t,4,128,64,64,32,294.052667,276.570328,-5.95
MATMUL,uint32_t,4,128,32,512,32,1180.587333,1110.732734,-5.92
MATMUL,uint32_t,4,128,32,512,16,1222.046667,1151.721675,-5.75
MATMUL,uint32_t,4,128,64,64,64,289.298000,272.090899,-5.95
MATMUL,uint32_t,4,128,32,512,8,1318.502000,1233.335116,-6.46
MATMUL,uint32_t,4,128,32,512,4,1558.784333,1455.996639,-6.59
MATMUL,uint32_t,4,128,64,128,8,654.423000,612.357571,-6.43
MATMUL,uint32_t,4,128,64,128,16,607.807333,573.312905,-5.68
MATMUL,uint32_t,4,128,64,128,4,769.765667,721.376338,-6.29
MATMUL,uint32_t,4,128,64,128,32,587.911000,553.009183,-5.94
MATMUL,uint32_t,4,128,64,128,64,578.521667,544.032045,-5.96
MATMUL,uint32_t,4,128,64,256,8,1309.135667,1224.595343,-6.46
MATMUL,uint32_t,4,128,64,256,16,1215.792667,1146.495027,-5.70
MATMUL,uint32_t,4,128,64,256,4,1540.521333,1442.636314,-6.35
MATMUL,uint32_t,4,128,64,256,32,1175.838667,1105.887025,-5.95
MATMUL,uint32_t,4,128,64,256,64,1157.023000,1087.919927,-5.97
MATMUL,uint32_t,4,128,128,16,8,163.144667,152.632500,-6.44
MATMUL,uint32_t,4,128,128,16,4,192.448000,179.532522,-6.71
MATMUL,uint32_t,4,128,128,16,16,151.674667,143.112429,-5.65
MATMUL,uint32_t,4,128,128,32,16,303.280000,286.100888,-5.66
MATMUL,uint32_t,4,128,128,32,8,326.166000,305.145121,-6.44
MATMUL,uint32_t,4,128,128,32,4,384.527000,358.949987,-6.65
MATMUL,uint32_t,4,128,128,32,32,293.507667,276.042418,-5.95
MATMUL,uint32_t,4,128,128,64,8,652.044333,610.170292,-6.42
MATMUL,uint32_t,4,128,128,64,4,768.663000,717.774574,-6.62
MATMUL,uint32_t,4,128,64,512,16,2430.905000,2292.859272,-5.68
MATMUL,uint32_t,4,128,64,512,8,2617.788333,2449.070902,-6.45
MATMUL,uint32_t,4,128,128,64,16,606.384333,571.790171,-5.70
MATMUL,uint32_t,4,128,64,512,4,3078.975333,2885.147066,-6.30
MATMUL,uint32_t,4,128,128,64,32,586.594667,551.947050,-5.91
MATMUL,uint32_t,4,128,128,64,64,577.534333,543.036679,-5.97
MATMUL,uint32_t,4,128,64,512,32,2351.263000,2211.642133,-5.94
MATMUL,uint32_t,4,128,64,512,64,2313.864667,2175.695414,-5.97
MATMUL,uint32_t,4,128,128,128,16,1212.193333,1143.449272,-5.67
MATMUL,uint32_t,4,128,128,128,8,1304.094000,1220.220747,-6.43
MATMUL,uint32_t,4,128,128,128,4,1537.097333,1435.429848,-6.61
MATMUL,uint32_t,4,128,128,128,32,1173.143000,1103.756896,-5.91
MATMUL,uint32_t,4,128,128,128,64,1154.988333,1085.930550,-5.98
MATMUL,uint32_t,4,128,128,128,128,1145.329333,1077.428032,-5.93
MATMUL,uint32_t,4,128,128,256,8,2608.725667,2440.321691,-6.46
MATMUL,uint32_t,4,128,128,256,4,3074.920333,2870.743423,-6.64
MATMUL,uint32_t,4,128,128,256,16,2424.819000,2286.767474,-5.69
MATMUL,uint32_t,4,128,128,256,32,2346.423000,2206.981637,-5.94
MATMUL,uint32_t,4,128,128,256,64,2309.886000,2171.717964,-5.98
MATMUL,uint32_t,4,128,128,256,128,2290.121000,2154.638419,-5.92
MATMUL,uint32_t,4,128,256,16,4,384.381333,358.063644,-6.85
MATMUL,uint32_t,4,128,256,16,8,325.531667,304.599321,-6.43
MATMUL,uint32_t,4,128,256,16,16,302.793000,285.723399,-5.64
MATMUL,uint32_t,4,128,256,32,4,767.881000,715.997404,-6.76
MATMUL,uint32_t,4,128,256,32,8,650.937667,609.078721,-6.43
MATMUL,uint32_t,4,128,256,32,16,605.417667,571.352826,-5.63
MATMUL,uint32_t,4,128,256,32,32,586.094333,551.363738,-5.93
MATMUL,uint32_t,4,128,128,512,8,5216.539667,4880.523593,-6.44
MATMUL,uint32_t,4,128,256,64,8,1301.613333,1218.037520,-6.42
MATMUL,uint32_t,4,128,256,64,4,1535.446667,1431.875609,-6.75
MATMUL,uint32_t,4,128,128,512,4,6151.191333,5741.361373,-6.66
MATMUL,uint32_t,4,128,128,512,16,4849.174000,4573.403879,-5.69
MATMUL,uint32_t,4,128,256,64,16,1210.663333,1142.582207,-5.62
MATMUL,uint32_t,4,128,128,512,128,4580.676333,4309.116851,-5.93
MATMUL,uint32_t,4,128,128,512,32,4691.872667,4413.831768,-5.93
MATMUL,uint32_t,4,128,128,512,64,4619.617667,4343.294638,-5.98
MATMUL,uint32_t,4,128,256,64,32,1171.772000,1102.590428,-5.90
MATMUL,uint32_t,4,128,256,64,64,1153.986667,1084.936568,-5.98
MATMUL,uint32_t,4,128,256,128,16,2421.126333,2285.040971,-5.62
MATMUL,uint32_t,4,128,256,128,128,2288.716667,2152.820183,-5.94
MATMUL,uint32_t,4,128,256,128,64,2307.877000,2169.730346,-5.99
MATMUL,uint32_t,4,128,256,128,32,2344.267667,2204.648806,-5.96
MATMUL,uint32_t,4,128,256,128,8,2602.496000,2435.955118,-6.40
MATMUL,uint32_t,4,128,256,128,4,3071.145333,2863.632015,-6.76
MATMUL,uint32_t,4,128,256,256,8,5207.533000,4871.790315,-6.45
MATMUL,uint32_t,4,128,256,256,4,6139.494000,5727.148405,-6.72
MATMUL,uint32_t,4,128,256,256,128,4577.572667,4305.480350,-5.94
MATMUL,uint32_t,4,128,256,256,64,4615.662333,4339.319327,-5.99
MATMUL,uint32_t,4,128,256,256,256,4558.850333,4290.604784,-5.88
MATMUL,uint32_t,4,128,256,256,32,4688.103667,4409.166170,-5.95
MATMUL,uint32_t,4,128,256,256,16,4842.671000,4569.958499,-5.63
MATMUL,uint32_t,4,128,512,16,4,766.919333,715.084988,-6.76
MATMUL,uint32_t,4,128,512,16,8,650.366000,608.535856,-6.43
MATMUL,uint32_t,4,128,512,16,16,604.953000,570.945338,-5.62
MATMUL,uint32_t,4,128,512,32,4,1534.491000,1430.050805,-6.81
MATMUL,uint32_t,4,128,512,32,8,1300.276667,1216.951831,-6.41
MATMUL,uint32_t,4,128,512,32,16,1209.942000,1141.766709,-5.63
MATMUL,uint32_t,4,128,256,512,4,12282.700667,11454.170406,-6.75
MATMUL,uint32_t,4,128,512,32,32,1171.336333,1102.007453,-5.92
MATMUL,uint32_t,4,128,256,512,8,10412.414000,9743.460709,-6.42
MATMUL,uint32_t,4,128,256,512,16,9684.020333,9139.793555,-5.62
MATMUL,uint32_t,4,128,256,512,128,9153.520667,8610.802679,-5.93
MATMUL,uint32_t,4,128,256,512,256,9118.692000,8580.992465,-5.90
MATMUL,uint32_t,4,128,256,512,64,9231.186667,8678.497014,-5.99
MATMUL,uint32_t,4,128,256,512,32,9374.575667,8818.200899,-5.93
MATMUL,uint32_t,4,128,512,64,8,2601.230000,2433.783783,-6.44
MATMUL,uint32_t,4,128,512,64,4,3067.445333,2859.982460,-6.76
MATMUL,uint32_t,4,128,512,64,16,2420.161000,2283.409450,-5.65
MATMUL,uint32_t,4,128,512,64,32,2342.956333,2203.482777,-5.95
MATMUL,uint32_t,4,128,512,64,64,2306.882000,2168.917870,-5.98
MATMUL,uint32_t,4,128,512,128,16,4839.108667,4566.694932,-5.63
MATMUL,uint32_t,4,128,512,128,8,5202.238333,4867.447685,-6.44
MATMUL,uint32_t,4,128,512,128,32,4684.757667,4406.834430,-5.93
MATMUL,uint32_t,4,128,512,128,4,6138.392000,5719.845764,-6.82
MATMUL,uint32_t,4,128,512,128,64,4613.649333,4337.683469,-5.98
MATMUL,uint32_t,4,128,512,128,128,4574.174000,4303.662705,-5.91
MATMUL,uint32_t,4,128,512,256,8,10403.640333,9734.775490,-6.43
MATMUL,uint32_t,4,128,512,256,4,12267.164667,11439.575990,-6.75
MATMUL,uint32_t,4,128,512,256,32,9372.528000,8813.537722,-5.96
MATMUL,uint32_t,4,128,512,256,16,9679.825333,9133.265896,-5.65
MATMUL,uint32_t,4,128,512,256,64,9227.178000,8675.214405,-5.98
MATMUL,uint32_t,4,128,512,256,128,9149.925000,8607.168467,-5.93
MATMUL,uint32_t,4,128,512,256,256,9113.602000,8577.523637,-5.88
MATMUL,uint32_t,4,256,16,16,4,49.910333,46.549696,-6.73
MATMUL,uint32_t,4,256,16,16,8,41.988000,39.256003,-6.51
MATMUL,uint32_t,4,256,16,16,16,38.766333,36.556431,-5.70
MATMUL,uint32_t,4,256,16,32,4,99.439000,92.946799,-6.53
MATMUL,uint32_t,4,256,16,32,8,83.786000,78.339745,-6.50
MATMUL,uint32_t,4,256,16,32,16,77.351333,72.932693,-5.71
MATMUL,uint32_t,4,256,16,64,4,198.593000,185.607097,-6.54
MATMUL,uint32_t,4,256,16,64,8,167.332333,156.507230,-6.47
MATMUL,uint32_t,4,256,16,64,16,154.556000,145.683691,-5.74
MATMUL,uint32_t,4,256,16,128,4,397.098333,370.790066,-6.63
MATMUL,uint32_t,4,256,16,128,8,334.575000,312.842199,-6.50
MATMUL,uint32_t,4,256,16,128,16,308.880000,291.227585,-5.71
MATMUL,uint32_t,4,256,16,256,4,792.725333,741.411978,-6.47
MATMUL,uint32_t,4,256,16,256,8,669.048333,625.512138,-6.51
MATMUL,uint32_t,4,256,16,256,16,617.457000,582.300805,-5.69
MATMUL,uint32_t,4,256,16,512,4,1589.645333,1482.695574,-6.73
MATMUL,uint32_t,4,256,16,512,8,1337.760333,1250.852016,-6.50
MATMUL,uint32_t,4,256,16,512,16,1235.049667,1164.421757,-5.72
MATMUL,uint32_t,4,256,32,16,4,97.460667,91.211454,-6.41
MATMUL,uint32_t,4,256,32,16,8,82.577333,77.248203,-6.45
MATMUL,uint32_t,4,256,32,16,16,76.554333,72.157131,-5.74
MATMUL,uint32_t,4,256,32,32,4,194.938333,182.132597,-6.57
MATMUL,uint32_t,4,256,32,32,8,164.965000,154.324150,-6.45
MATMUL,uint32_t,4,256,32,32,16,152.931333,144.121567,-5.76
MATMUL,uint32_t,4,256,32,32,32,147.719667,139.000734,-5.90
MATMUL,uint32_t,4,256,32,64,4,389.127000,364.137120,-6.42
MATMUL,uint32_t,4,256,32,64,8,329.792000,308.476045,-6.46
MATMUL,uint32_t,4,256,32,64,16,305.696333,288.077411,-5.76
MATMUL,uint32_t,4,256,32,64,32,295.307333,277.834094,-5.92
MATMUL,uint32_t,4,256,32,128,4,777.940333,728.106334,-6.41
MATMUL,uint32_t,4,256,32,128,8,659.353667,616.779835,-6.46
MATMUL,uint32_t,4,256,32,128,16,611.256667,575.975432,-5.77
MATMUL,uint32_t,4,256,32,128,32,590.232333,555.484669,-5.89
MATMUL,uint32_t,4,128,512,512,4,24532.691000,22879.025546,-6.74
MATMUL,uint32_t,4,256,32,256,4,1558.017000,1456.042465,-6.55
MATMUL,uint32_t,4,256,32,256,8,1318.428667,1233.387413,-6.45
MATMUL,uint32_t,4,128,512,512,64,18454.212000,17350.276827,-5.98
MATMUL,uint32_t,4,128,512,512,32,18742.232333,17626.944333,-5.95
MATMUL,uint32_t,4,128,512,512,8,20807.830667,19469.431100,-6.43
MATMUL,uint32_t,4,128,512,512,256,18231.534667,17154.831568,-5.91
MATMUL,uint32_t,4,256,32,256,16,1222.130000,1151.773972,-5.76
MATMUL,uint32_t,4,128,512,512,128,18301.916667,17214.178835,-5.94
MATMUL,uint32_t,4,128,512,512,16,19356.527333,18266.407824,-5.63
MATMUL,uint32_t,4,256,64,16,8,163.825000,153.231584,-6.47
MATMUL,uint32_t,4,256,64,16,4,193.027667,180.463896,-6.51
MATMUL,uint32_t,4,256,32,256,32,1180.499333,1110.787956,-5.91
MATMUL,uint32_t,4,256,64,16,16,152.134667,143.386656,-5.75
MATMUL,uint32_t,4,256,64,32,8,327.320333,306.291038,-6.42
MATMUL,uint32_t,4,256,64,32,4,385.627333,360.797957,-6.44
MATMUL,uint32_t,4,256,64,32,16,304.135333,286.908500,-5.66
MATMUL,uint32_t,4,256,64,32,32,294.055000,276.623725,-5.93
MATMUL,uint32_t,4,256,64,64,16,607.864000,573.640691,-5.63
MATMUL,uint32_t,4,256,64,64,8,654.577333,612.409756,-6.44
MATMUL,uint32_t,4,256,64,64,32,587.842667,553.061398,-5.92
MATMUL,uint32_t,4,256,64,64,4,770.285000,721.441289,-6.34
MATMUL,uint32_t,4,256,64,64,64,578.526333,544.108335,-5.95
MATMUL,uint32_t,4,256,32,512,32,2361.122000,2221.395135,-5.92
MATMUL,uint32_t,4,256,32,512,16,2444.236333,2303.368428,-5.76
MATMUL,uint32_t,4,256,32,512,8,2636.620333,2466.602571,-6.45
MATMUL,uint32_t,4,256,64,128,16,1215.496000,1146.547324,-5.67
MATMUL,uint32_t,4,256,32,512,4,3114.192333,2911.921795,-6.50
MATMUL,uint32_t,4,256,64,128,8,1309.164000,1224.647515,-6.46
MATMUL,uint32_t,4,256,64,128,4,1540.552333,1442.685585,-6.35
MATMUL,uint32_t,4,256,64,128,32,1175.543667,1105.939055,-5.92
MATMUL,uint32_t,4,256,64,128,64,1156.996667,1087.972518,-5.97
MATMUL,uint32_t,4,256,64,256,32,2351.468333,2211.694539,-5.94
MATMUL,uint32_t,4,256,64,256,64,2313.851667,2175.748576,-5.97
MATMUL,uint32_t,4,256,64,256,8,2617.983667,2449.123068,-6.45
MATMUL,uint32_t,4,256,64,256,16,2431.071000,2292.911569,-5.68
MATMUL,uint32_t,4,256,64,256,4,3086.613333,2885.205574,-6.53
MATMUL,uint32_t,4,256,128,16,8,326.102000,305.197382,-6.41
MATMUL,uint32_t,4,256,128,16,4,384.603333,358.998117,-6.66
MATMUL,uint32_t,4,256,128,16,16,303.249667,286.153186,-5.64
MATMUL,uint32_t,4,256,128,32,8,652.095333,610.222629,-6.42
MATMUL,uint32_t,4,256,128,32,4,769.072000,717.832431,-6.66
MATMUL,uint32_t,4,256,128,32,16,606.273667,572.130106,-5.63
MATMUL,uint32_t,4,256,128,32,32,586.765667,551.999702,-5.93
MATMUL,uint32_t,4,256,128,64,8,1304.154667,1220.272932,-6.43
MATMUL,uint32_t,4,256,128,64,4,1537.226667,1435.482145,-6.62
MATMUL,uint32_t,4,256,128,64,16,1212.422333,1143.501569,-5.68
MATMUL,uint32_t,4,256,64,512,8,5236.306333,4898.074191,-6.46
MATMUL,uint32_t,4,256,64,512,16,4862.231667,4585.640058,-5.69
MATMUL,uint32_t,4,256,64,512,4,6165.942333,5770.227163,-6.42
MATMUL,uint32_t,4,256,128,64,32,1173.235000,1103.809192,-5.92
MATMUL,uint32_t,4,256,128,64,64,1154.989000,1085.983098,-5.97
MATMUL,uint32_t,4,256,64,512,64,4627.652667,4351.300438,-5.97
MATMUL,uint32_t,4,256,64,512,32,4701.732667,4423.204684,-5.92
MATMUL,uint32_t,4,256,128,128,16,2425.027667,2286.819771,-5.70
MATMUL,uint32_t,4,256,128,128,8,2607.865667,2440.373863,-6.42
MATMUL,uint32_t,4,256,128,128,4,3075.658000,2870.792694,-6.66
MATMUL,uint32_t,4,256,128,128,32,2345.794667,2207.428884,-5.90
MATMUL,uint32_t,4,256,128,128,64,2309.872667,2171.771078,-5.98
MATMUL,uint32_t,4,256,128,128,128,2290.264000,2154.777727,-5.92
MATMUL,uint32_t,4,256,128,256,8,5217.889000,4880.575759,-6.46
MATMUL,uint32_t,4,256,128,256,16,4849.871333,4573.456176,-5.70
MATMUL,uint32_t,4,256,128,256,32,4692.162333,4413.884065,-5.93
MATMUL,uint32_t,4,256,128,256,4,6145.909667,5741.419881,-6.58
MATMUL,uint32_t,4,256,128,256,64,4619.669667,4343.346707,-5.98
MATMUL,uint32_t,4,256,128,256,128,4580.200333,4309.168289,-5.92
MATMUL,uint32_t,4,256,256,16,4,768.215667,716.058747,-6.79
MATMUL,uint32_t,4,256,256,16,8,650.990333,609.131018,-6.43
MATMUL,uint32_t,4,256,256,16,16,605.428333,571.375128,-5.62
MATMUL,uint32_t,4,256,256,32,4,1534.653333,1431.927961,-6.69
MATMUL,uint32_t,4,256,256,32,8,1301.477000,1218.089817,-6.41
MATMUL,uint32_t,4,256,256,32,16,1210.645667,1142.634505,-5.62
MATMUL,uint32_t,4,256,256,32,32,1171.984000,1102.642624,-5.92
MATMUL,uint32_t,4,256,128,512,8,10433.410667,9760.979569,-6.44
MATMUL,uint32_t,4,256,256,64,8,2603.037000,2436.007416,-6.42
MATMUL,uint32_t,4,256,256,64,4,3070.149667,2863.684378,-6.72
MATMUL,uint32_t,4,256,128,512,4,12297.701000,11482.655867,-6.63
MATMUL,uint32_t,4,256,256,64,16,2421.683667,2285.093269,-5.64
MATMUL,uint32_t,4,256,128,512,16,9698.213000,9146.728985,-5.69
MATMUL,uint32_t,4,256,128,512,64,9239.149667,8686.499863,-5.98
MATMUL,uint32_t,4,256,128,512,128,9161.641333,8618.124293,-5.93
MATMUL,uint32_t,4,256,256,64,32,2343.987667,2205.095981,-5.93
MATMUL,uint32_t,4,256,128,512,32,9384.212000,8827.584327,-5.93
MATMUL,uint32_t,4,256,256,64,64,2307.889667,2169.783357,-5.98
MATMUL,uint32_t,4,256,256,128,16,4842.208667,4570.010796,-5.62
MATMUL,uint32_t,4,256,256,128,8,5206.056667,4871.842613,-6.42
MATMUL,uint32_t,4,256,256,128,64,4615.599333,4339.371593,-5.98
MATMUL,uint32_t,4,256,256,128,128,4577.146333,4305.533312,-5.93
MATMUL,uint32_t,4,256,256,128,32,4687.861667,4409.218467,-5.94
MATMUL,uint32_t,4,256,256,128,4,6139.642333,5727.197192,-6.72
MATMUL,uint32_t,4,256,256,256,8,10414.790333,9743.513006,-6.45
MATMUL,uint32_t,4,256,256,256,4,12274.498333,11454.230017,-6.68
MATMUL,uint32_t,4,256,256,256,256,9119.590000,8581.045036,-5.91
MATMUL,uint32_t,4,256,256,256,128,9153.177000,8610.854311,-5.92
MATMUL,uint32_t,4,256,256,256,64,9231.152667,8678.549559,-5.99
MATMUL,uint32_t,4,256,256,256,32,9374.035000,8818.253197,-5.93
MATMUL,uint32_t,4,256,256,256,16,9684.136000,9139.845852,-5.62
MATMUL,uint32_t,4,256,512,16,4,1533.835000,1430.103164,-6.76
MATMUL,uint32_t,4,256,512,16,8,1300.568333,1217.004129,-6.43
MATMUL,uint32_t,4,256,512,16,16,1209.931667,1141.819006,-5.63
MATMUL,uint32_t,4,256,512,32,4,3067.148000,2860.034812,-6.75
MATMUL,uint32_t,4,256,512,32,8,2600.787333,2433.836080,-6.42
MATMUL,uint32_t,4,256,512,32,16,2420.166000,2283.461747,-5.65
MATMUL,uint32_t,4,256,512,32,32,2342.730000,2203.930051,-5.92
MATMUL,uint32_t,4,256,256,512,4,24555.279000,22908.274098,-6.71
MATMUL,uint32_t,4,256,256,512,8,20825.444667,19486.853794,-6.43
MATMUL,uint32_t,4,256,256,512,16,19366.537000,18279.515963,-5.61
MATMUL,uint32_t,4,256,256,512,256,18239.169667,17161.820635,-5.91
MATMUL,uint32_t,4,256,256,512,128,18307.580000,17221.498304,-5.93
MATMUL,uint32_t,4,256,256,512,64,18462.189667,17356.905133,-5.99
MATMUL,uint32_t,4,256,256,512,32,18748.927000,17636.322655,-5.93
MATMUL,uint32_t,4,256,512,64,8,5202.363667,4867.499982,-6.44
MATMUL,uint32_t,4,256,512,64,4,6135.829000,5719.898128,-6.78
MATMUL,uint32_t,4,256,512,64,16,4840.165667,4566.747229,-5.65
MATMUL,uint32_t,4,256,512,64,32,4685.147333,4406.886809,-5.94
MATMUL,uint32_t,4,256,512,64,64,4613.647333,4337.735766,-5.98
MATMUL,uint32_t,4,256,512,128,16,9676.883667,9133.318193,-5.62
MATMUL,uint32_t,4,256,512,128,8,10402.245333,9734.827787,-6.42
MATMUL,uint32_t,4,256,512,128,32,9370.852667,8813.590197,-5.95
MATMUL,uint32_t,4,256,512,128,4,12280.402000,11439.624739,-6.85
MATMUL,uint32_t,4,256,512,128,64,9227.156333,8675.266963,-5.98
MATMUL,uint32_t,4,256,512,128,128,9151.315333,8607.220186,-5.95
MATMUL,uint32_t,4,256,512,256,8,20809.489333,19469.483397,-6.44
MATMUL,uint32_t,4,256,512,256,4,24540.377000,22879.085233,-6.77
MATMUL,uint32_t,4,256,512,256,32,18744.222333,17626.996905,-5.96
MATMUL,uint32_t,4,256,512,256,16,19355.107000,18266.460121,-5.62
MATMUL,uint32_t,4,256,512,256,64,18454.194000,17350.329124,-5.98
MATMUL,uint32_t,4,256,512,256,128,18301.958333,17214.231132,-5.94
MATMUL,uint32_t,4,256,512,256,256,18228.278667,17154.884269,-5.89
MATMUL,uint32_t,4,512,16,16,4,99.615000,93.031005,-6.61
MATMUL,uint32_t,4,512,16,16,8,83.954000,78.444342,-6.56
MATMUL,uint32_t,4,512,16,16,16,77.503000,73.044582,-5.75
MATMUL,uint32_t,4,512,16,32,4,198.893333,185.825233,-6.57
MATMUL,uint32_t,4,512,16,32,8,167.567333,156.611827,-6.54
MATMUL,uint32_t,4,512,16,32,16,154.649000,145.793231,-5.73
MATMUL,uint32_t,4,512,16,64,4,397.832000,371.145471,-6.71
MATMUL,uint32_t,4,512,16,64,8,334.663667,312.946796,-6.49
MATMUL,uint32_t,4,512,16,64,16,309.048667,291.294485,-5.74
MATMUL,uint32_t,4,512,16,128,4,793.930333,741.511622,-6.60
MATMUL,uint32_t,4,512,16,128,8,669.313667,625.616735,-6.53
MATMUL,uint32_t,4,512,16,128,16,617.660667,582.381334,-5.71
MATMUL,uint32_t,4,512,16,256,4,1589.564667,1482.755407,-6.72
MATMUL,uint32_t,4,512,16,256,8,1338.096333,1250.956613,-6.51
MATMUL,uint32_t,4,512,16,256,16,1234.843667,1164.527394,-5.69
MATMUL,uint32_t,4,512,16,512,4,3182.242333,2965.322634,-6.82
MATMUL,uint32_t,4,512,16,512,8,2675.364000,2501.636368,-6.49
MATMUL,uint32_t,4,512,16,512,16,2469.985000,2328.774807,-5.72
MATMUL,uint32_t,4,512,32,16,4,195.045333,182.355665,-6.51
MATMUL,uint32_t,4,512,32,16,8,165.090667,154.428748,-6.46
MATMUL,uint32_t,4,512,32,16,16,153.112000,144.240006,-5.79
MATMUL,uint32_t,4,512,32,32,4,390.315667,364.197000,-6.69
MATMUL,uint32_t,4,512,32,32,8,329.926333,308.580642,-6.47
MATMUL,uint32_t,4,512,32,32,16,305.804000,288.167503,-5.77
MATMUL,uint32_t,4,512,32,32,32,295.449667,277.931132,-5.93
MATMUL,uint32_t,4,512,32,64,4,780.545000,728.205758,-6.71
MATMUL,uint32_t,4,512,32,64,8,659.500333,616.884432,-6.46
MATMUL,uint32_t,4,512,32,64,16,611.394000,576.079843,-5.78
MATMUL,uint32_t,4,512,32,64,32,590.348333,555.596828,-5.89
MATMUL,uint32_t,4,512,32,128,4,1556.951333,1456.144536,-6.47
MATMUL,uint32_t,4,512,32,128,8,1318.504000,1233.492011,-6.45
MATMUL,uint32_t,4,512,32,128,16,1222.328000,1151.875697,-5.76
MATMUL,uint32_t,4,512,32,128,32,1180.874667,1110.898753,-5.93
MATMUL,uint32_t,4,256,512,512,4,49119.089000,45757.984426,-6.84
MATMUL,uint32_t,4,512,32,256,4,3111.515000,2912.016924,-6.41
MATMUL,uint32_t,4,512,32,256,16,2444.052000,2303.473025,-5.75
MATMUL,uint32_t,4,512,32,256,8,2637.470000,2466.707168,-6.47
MATMUL,uint32_t,4,256,512,512,64,36908.293333,34700.453968,-5.98
MATMUL,uint32_t,4,256,512,512,32,37487.765000,35253.810457,-5.96
MATMUL,uint32_t,4,256,512,512,128,36597.542333,34428.251868,-5.93
MATMUL,uint32_t,4,256,512,512,8,41601.008000,38938.794617,-6.40
MATMUL,uint32_t,4,256,512,512,256,36454.476333,34309.500537,-5.88
MATMUL,uint32_t,4,512,32,256,32,2361.383667,2221.505469,-5.92
MATMUL,uint32_t,4,256,512,512,16,38719.121667,36532.743978,-5.65
MATMUL,uint32_t,4,512,64,16,8,327.488667,306.395558,-6.44
MATMUL,uint32_t,4,512,64,16,4,386.150333,360.860696,-6.55
MATMUL,uint32_t,4,512,64,16,16,304.228333,286.699769,-5.76
MATMUL,uint32_t,4,512,64,32,16,608.106667,573.745288,-5.65
MATMUL,uint32_t,4,512,64,32,8,654.692333,612.514472,-6.44
MATMUL,uint32_t,4,512,64,32,4,771.489667,721.528905,-6.48
MATMUL,uint32_t,4,512,64,32,32,588.199000,553.167204,-5.96
MATMUL,uint32_t,4,512,64,64,8,1309.197000,1224.751869,-6.45
MATMUL,uint32_t,4,512,64,64,16,1215.869000,1147.209671,-5.65
MATMUL,uint32_t,4,512,64,64,32,1175.940000,1106.043542,-5.94
MATMUL,uint32_t,4,512,64,64,4,1542.520000,1442.814645,-6.46
MATMUL,uint32_t,4,512,64,64,64,1156.978333,1088.143210,-5.95
MATMUL,uint32_t,4,512,32,512,4,6236.589667,5823.772108,-6.62
MATMUL,uint32_t,4,512,32,512,32,4722.254667,4442.719938,-5.92
MATMUL,uint32_t,4,512,32,512,8,5272.766333,4933.137484,-6.44
MATMUL,uint32_t,4,512,32,512,16,4888.809000,4606.661938,-5.77
MATMUL,uint32_t,4,512,64,128,16,2431.081333,2293.016166,-5.68
MATMUL,uint32_t,4,512,64,128,8,2618.084000,2449.227406,-6.45
MATMUL,uint32_t,4,512,64,128,4,3079.902333,2885.304082,-6.32
MATMUL,uint32_t,4,512,64,128,32,2351.731667,2211.798802,-5.95
MATMUL,uint32_t,4,512,64,128,64,2313.874667,2175.853468,-5.96
MATMUL,uint32_t,4,512,64,256,16,4861.346000,4585.744655,-5.67
MATMUL,uint32_t,4,512,64,256,8,5236.437667,4898.178521,-6.46
MATMUL,uint32_t,4,512,64,256,64,4627.652667,4351.405877,-5.97
MATMUL,uint32_t,4,512,64,256,32,4701.379667,4423.309569,-5.91
MATMUL,uint32_t,4,512,128,16,8,652.198333,610.327148,-6.42
MATMUL,uint32_t,4,512,128,16,4,768.986333,717.929308,-6.64
MATMUL,uint32_t,4,512,64,256,4,6166.871667,5770.344095,-6.43
MATMUL,uint32_t,4,512,128,16,16,606.412333,572.234704,-5.64
MATMUL,uint32_t,4,512,128,32,8,1304.210333,1220.377648,-6.43
MATMUL,uint32_t,4,512,128,32,4,1538.005667,1435.597322,-6.66
MATMUL,uint32_t,4,512,128,32,16,1212.698333,1144.188545,-5.65
MATMUL,uint32_t,4,512,128,32,32,1173.462667,1103.914272,-5.93
MATMUL,uint32_t,4,512,128,64,8,2608.522333,2440.478217,-6.44
MATMUL,uint32_t,4,512,128,64,4,3073.840000,2870.897292,-6.60
MATMUL,uint32_t,4,512,128,64,16,2424.175667,2286.924368,-5.66
MATMUL,uint32_t,4,512,64,512,16,9722.947333,9171.201634,-5.67
MATMUL,uint32_t,4,512,64,512,8,10471.701667,9796.080773,-6.45
MATMUL,uint32_t,4,512,128,64,32,2347.068667,2207.533479,-5.95
MATMUL,uint32_t,4,512,128,64,64,2309.873000,2171.875938,-5.97
MATMUL,uint32_t,4,512,64,512,4,12324.624333,11540.387360,-6.36
MATMUL,uint32_t,4,512,64,512,32,9403.006667,8846.329788,-5.92
MATMUL,uint32_t,4,512,64,512,64,9255.240667,8702.510487,-5.97
MATMUL,uint32_t,4,512,128,128,16,4848.873000,4573.560773,-5.68
MATMUL,uint32_t,4,512,128,128,8,5215.108000,4880.680097,-6.41
MATMUL,uint32_t,4,512,128,128,4,6147.306000,5741.518390,-6.60
MATMUL,uint32_t,4,512,128,128,32,4692.692000,4414.772863,-5.92
MATMUL,uint32_t,4,512,128,128,64,4619.651000,4343.452139,-5.98
MATMUL,uint32_t,4,512,128,128,128,4581.147667,4309.477119,-5.93
MATMUL,uint32_t,4,512,128,256,8,10433.131667,9761.083900,-6.44
MATMUL,uint32_t,4,512,128,256,32,9383.751333,8827.688925,-5.93
MATMUL,uint32_t,4,512,128,256,16,9698.799333,9146.833582,-5.69
MATMUL,uint32_t,4,512,128,256,4,12291.670667,11482.772799,-6.58
MATMUL,uint32_t,4,512,128,256,64,9239.151667,8686.604197,-5.98
MATMUL,uint32_t,4,512,128,256,128,9162.744667,8618.228031,-5.94
MATMUL,uint32_t,4,512,256,16,4,1535.341667,1432.048954,-6.73
MATMUL,uint32_t,4,512,256,16,8,1301.827000,1218.194414,-6.42
MATMUL,uint32_t,4,512,256,16,16,1210.844333,1142.678588,-5.63
MATMUL,uint32_t,4,512,256,32,4,3071.406667,2863.789077,-6.76
MATMUL,uint32_t,4,512,256,32,8,2603.845667,2436.112013,-6.44
MATMUL,uint32_t,4,512,256,32,16,2421.793000,2285.197866,-5.64
MATMUL,uint32_t,4,512,256,32,32,2344.675000,2205.200399,-5.95
MATMUL,uint32_t,4,512,128,512,8,20863.387667,19521.891524,-6.43
MATMUL,uint32_t,4,512,256,64,8,5208.273000,4871.947210,-6.46
MATMUL,uint32_t,4,512,256,64,4,6139.194000,5727.301919,-6.71
MATMUL,uint32_t,4,512,128,512,4,24584.277333,22965.244857,-6.59
MATMUL,uint32_t,4,512,256,64,16,4842.396667,4570.115393,-5.62
MATMUL,uint32_t,4,512,128,512,16,19395.740000,18293.379200,-5.68
MATMUL,uint32_t,4,512,256,64,32,4688.815667,4410.107091,-5.94
MATMUL,uint32_t,4,512,256,64,64,4615.620333,4339.476937,-5.98
MATMUL,uint32_t,4,512,128,512,128,18324.500000,17236.139178,-5.94
MATMUL,uint32_t,4,512,128,512,64,18478.188000,17372.910316,-5.98
MATMUL,uint32_t,4,512,128,512,32,18772.574667,17655.089449,-5.95
MATMUL,uint32_t,4,512,256,128,16,9685.793333,9139.950449,-5.64
MATMUL,uint32_t,4,512,256,128,32,9375.615667,8818.357794,-5.94
MATMUL,uint32_t,4,512,256,128,8,10414.359333,9743.617604,-6.44
MATMUL,uint32_t,4,512,256,128,128,9154.888000,8610.959573,-5.94
MATMUL,uint32_t,4,512,256,128,64,9231.161000,8678.654090,-5.99
MATMUL,uint32_t,4,512,256,128,4,12274.092667,11454.327550,-6.68
MATMUL,uint32_t,4,512,256,256,8,20830.247667,19486.958391,-6.45
MATMUL,uint32_t,4,512,256,256,4,24568.096000,22908.393242,-6.76
MATMUL,uint32_t,4,512,256,256,256,18237.915333,17161.925543,-5.90
MATMUL,uint32_t,4,512,256,256,128,18310.546333,17221.602236,-5.95
MATMUL,uint32_t,4,512,256,256,64,18462.183333,17357.010026,-5.99
MATMUL,uint32_t,4,512,256,256,32,18752.695333,17636.427252,-5.95
MATMUL,uint32_t,4,512,256,256,16,19371.762667,18279.620560,-5.64
MATMUL,uint32_t,4,512,512,16,4,3068.907333,2860.139517,-6.80
MATMUL,uint32_t,4,512,512,16,8,2601.153333,2433.940677,-6.43
MATMUL,uint32_t,4,512,512,16,16,2419.803000,2283.566344,-5.63
MATMUL,uint32_t,4,512,512,32,4,6131.248000,5720.002827,-6.71
MATMUL,uint32_t,4,512,512,32,8,5201.879333,4867.604579,-6.43
MATMUL,uint32_t,4,512,512,32,16,4839.256667,4566.851826,-5.63
MATMUL,uint32_t,4,512,512,32,32,4686.171667,4407.775249,-5.94
MATMUL,uint32_t,4,512,256,512,4,49132.334000,45816.481484,-6.75
MATMUL,uint32_t,4,512,256,512,8,41653.843000,38973.639967,-6.43
MATMUL,uint32_t,4,512,256,512,16,38737.983667,36558.960782,-5.63
MATMUL,uint32_t,4,512,256,512,128,36614.993333,34442.889558,-5.93
MATMUL,uint32_t,4,512,256,512,256,36473.512667,34323.476978,-5.89
MATMUL,uint32_t,4,512,256,512,64,36924.307667,34713.721374,-5.99
MATMUL,uint32_t,4,512,256,512,32,37494.401667,35272.566169,-5.93
MATMUL,uint32_t,4,512,512,64,8,10402.084000,9734.932384,-6.41
MATMUL,uint32_t,4,512,512,64,4,12277.217333,11439.729466,-6.82
MATMUL,uint32_t,4,512,512,64,16,9678.271000,9133.422790,-5.63
MATMUL,uint32_t,4,512,512,64,32,9369.777000,8813.694877,-5.93
MATMUL,uint32_t,4,512,512,64,64,9227.142333,8675.371560,-5.98
MATMUL,uint32_t,4,512,512,128,16,19359.492000,18266.564719,-5.65
MATMUL,uint32_t,4,512,512,128,8,20804.616333,19469.587994,-6.42
MATMUL,uint32_t,4,512,512,128,32,18738.429667,17627.101735,-5.93
MATMUL,uint32_t,4,512,512,128,64,18454.227333,17350.433955,-5.98
MATMUL,uint32_t,4,512,512,128,4,24564.779667,22879.182690,-6.86
MATMUL,uint32_t,4,512,512,128,128,18297.817000,17214.335151,-5.92
MATMUL,uint32_t,4,512,512,256,8,41613.179000,38938.899214,-6.43
MATMUL,uint32_t,4,512,512,256,4,49079.861333,45758.103723,-6.77
MATMUL,uint32_t,4,512,512,256,32,37487.742333,35253.915275,-5.96
MATMUL,uint32_t,4,512,512,256,16,38717.483000,36532.848575,-5.64
MATMUL,uint32_t,4,512,512,256,64,36908.307333,34700.558565,-5.98
MATMUL,uint32_t,4,512,512,256,256,36457.352333,34309.605536,-5.89
MATMUL,uint32_t,4,512,512,256,128,36602.676000,34428.356465,-5.94
MATMUL,uint32_t,8,16,16,16,4,3.181333,2.972041,-6.58
MATMUL,uint32_t,8,16,16,16,8,2.694667,2.523206,-6.36
MATMUL,uint32_t,8,16,16,16,16,2.490667,2.350930,-5.61
MATMUL,uint32_t,8,16,16,32,4,6.316667,5.865982,-7.13
MATMUL,uint32_t,8,16,16,32,8,5.307667,4.969161,-6.38
MATMUL,uint32_t,8,16,16,32,16,4.897333,4.625299,-5.55
MATMUL,uint32_t,8,16,16,64,4,12.564333,11.653555,-7.25
MATMUL,uint32_t,8,16,16,64,8,10.557667,9.857513,-6.63
MATMUL,uint32_t,8,16,16,64,16,9.727000,9.176417,-5.66
MATMUL,uint32_t,8,16,16,128,4,25.059333,23.227288,-7.31
MATMUL,uint32_t,8,16,16,128,16,19.390667,18.269828,-5.78
MATMUL,uint32_t,8,16,16,256,4,50.077333,46.376806,-7.39
MATMUL,uint32_t,8,16,16,256,8,42.042000,39.189167,-6.79
MATMUL,uint32_t,8,16,16,256,16,38.698000,36.460956,-5.78
MATMUL,uint32_t,8,16,16,512,4,100.108000,92.681172,-7.42
MATMUL,uint32_t,8,16,16,512,8,84.015667,78.296854,-6.81
MATMUL,uint32_t,8,16,16,512,16,77.337333,72.897773,-5.74
MATMUL,uint32_t,8,16,32,16,4,6.200333,5.766273,-7.00
MATMUL,uint32_t,8,16,32,16,8,5.245000,4.897952,-6.62
MATMUL,uint32_t,8,16,32,16,16,4.841667,4.577954,-5.45
MATMUL,uint32_t,8,16,32,32,4,12.319333,11.457547,-7.00
MATMUL,uint32_t,8,16,32,32,8,10.402333,9.715956,-6.60
MATMUL,uint32_t,8,16,32,32,16,9.620333,9.076283,-5.66
MATMUL,uint32_t,8,16,32,32,32,9.293000,8.761072,-5.72
MATMUL,uint32_t,8,16,32,64,4,24.577667,22.843056,-7.06
MATMUL,uint32_t,8,16,32,64,8,20.737333,19.353284,-6.67
MATMUL,uint32_t,8,16,32,64,16,19.188000,18.073664,-5.81
MATMUL,uint32_t,8,16,32,64,32,18.536000,17.436964,-5.93
MATMUL,uint32_t,8,16,32,128,4,49.347333,45.608445,-7.58
MATMUL,uint32_t,8,16,32,128,8,41.440000,38.628149,-6.79
MATMUL,uint32_t,8,16,32,128,16,38.297333,36.057056,-5.85
MATMUL,uint32_t,8,16,32,128,32,37.008667,34.798719,-5.97
MATMUL,uint32_t,8,16,32,256,4,98.127333,91.142857,-7.12
MATMUL,uint32_t,8,16,32,256,8,82.759000,77.177817,-6.74
MATMUL,uint32_t,8,16,32,256,16,76.514333,72.094719,-5.78
MATMUL,uint32_t,8,16,32,256,32,73.896667,69.522842,-5.92
MATMUL,uint32_t,8,16,32,512,4,196.168000,182.207619,-7.12
MATMUL,uint32_t,8,16,32,512,8,165.460000,154.277960,-6.76
MATMUL,uint32_t,8,16,32,512,16,152.930333,144.052169,-5.81
MATMUL,uint32_t,8,16,32,512,32,147.696333,138.967749,-5.91
MATMUL,uint32_t,8,16,64,16,4,12.204000,11.344765,-7.04
MATMUL,uint32_t,8,16,64,16,8,10.319333,9.648874,-6.50
MATMUL,uint32_t,8,16,64,16,16,9.578333,9.034863,-5.67
MATMUL,uint32_t,8,16,64,32,4,24.336000,22.611567,-7.09
MATMUL,uint32_t,8,16,64,32,8,20.597333,19.216787,-6.70
MATMUL,uint32_t,8,16,64,32,16,19.082333,17.995778,-5.69
MATMUL,uint32_t,8,16,64,32,32,18.459333,17.363597,-5.94
MATMUL,uint32_t,8,16,64,64,4,48.583333,45.146490,-7.07
MATMUL,uint32_t,8,16,64,64,8,41.113000,38.355988,-6.71
MATMUL,uint32_t,8,16,64,64,16,38.100000,35.857647,-5.89
MATMUL,uint32_t,8,16,64,64,32,36.847000,34.653210,-5.95
MATMUL,uint32_t,8,16,64,64,64,36.229667,34.079536,-5.93
MATMUL,uint32_t,8,16,64,128,4,97.126333,90.216469,-7.11
MATMUL,uint32_t,8,16,64,128,8,82.183667,76.632958,-6.75
MATMUL,uint32_t,8,16,64,128,16,76.124333,71.651714,-5.88
MATMUL,uint32_t,8,16,64,128,32,73.588000,69.210579,-5.95
MATMUL,uint32_t,8,16,64,128,64,72.380000,68.081220,-5.94
MATMUL,uint32_t,8,16,64,256,4,194.179333,180.360619,-7.12
MATMUL,uint32_t,8,16,64,256,8,164.287667,153.188411,-6.76
MATMUL,uint32_t,8,16,64,256,16,152.158000,143.207470,-5.88
MATMUL,uint32_t,8,16,64,256,32,147.115333,138.345775,-5.96
MATMUL,uint32_t,8,16,64,256,64,144.688667,136.083222,-5.95
MATMUL,uint32_t,8,16,64,512,4,388.248667,360.637604,-7.11
MATMUL,uint32_t,8,16,64,512,8,328.555333,306.299355,-6.77
MATMUL,uint32_t,8,16,64,512,16,304.167333,286.342834,-5.86
MATMUL,uint32_t,8,16,64,512,32,294.104667,276.575137,-5.96
MATMUL,uint32_t,8,16,64,512,64,289.325333,272.087706,-5.96
MATMUL,uint32_t,8,16,128,16,4,24.205000,22.501485,-7.04
MATMUL,uint32_t,8,16,128,16,8,20.517000,19.148492,-6.67
MATMUL,uint32_t,8,16,128,16,16,19.033667,17.949073,-5.70
MATMUL,uint32_t,8,16,128,32,4,48.348667,44.926078,-7.08
MATMUL,uint32_t,8,16,128,32,8,40.970000,38.219827,-6.71
MATMUL,uint32_t,8,16,128,32,16,37.980667,35.813976,-5.70
MATMUL,uint32_t,8,16,128,32,32,36.766667,34.573233,-5.97
MATMUL,uint32_t,8,16,128,64,4,96.629333,89.775535,-7.09
MATMUL,uint32_t,8,16,128,64,8,81.866667,76.361285,-6.72
MATMUL,uint32_t,8,16,128,64,16,75.925000,71.543839,-5.77
MATMUL,uint32_t,8,16,128,64,32,73.429000,69.077612,-5.93
MATMUL,uint32_t,8,16,128,64,64,72.251000,67.956295,-5.94
MATMUL,uint32_t,8,16,128,128,4,193.201333,179.474192,-7.11
MATMUL,uint32_t,8,16,128,128,8,163.679000,152.644820,-6.74
MATMUL,uint32_t,8,16,128,128,16,151.716667,143.003589,-5.74
MATMUL,uint32_t,8,16,128,128,32,146.809333,138.057690,-5.96
MATMUL,uint32_t,8,16,128,128,64,144.449000,135.835605,-5.96
MATMUL,uint32_t,8,16,128,128,128,143.293667,134.760990,-5.95
MATMUL,uint32_t,8,16,128,256,4,386.330000,358.871780,-7.11
MATMUL,uint32_t,8,16,128,256,8,327.284000,305.212445,-6.74
MATMUL,uint32_t,8,16,128,256,16,303.432000,285.923111,-5.77
MATMUL,uint32_t,8,16,128,256,32,293.559333,276.005248,-5.98
MATMUL,uint32_t,8,16,128,256,64,288.809000,271.580942,-5.97
MATMUL,uint32_t,8,16,128,256,128,286.458333,269.423320,-5.95
MATMUL,uint32_t,8,16,128,512,4,772.595000,717.668913,-7.11
MATMUL,uint32_t,8,16,128,512,8,654.540667,610.347269,-6.75
MATMUL,uint32_t,8,16,128,512,16,606.671333,571.762151,-5.75
MATMUL,uint32_t,8,16,128,512,32,586.970000,551.913679,-5.97
MATMUL,uint32_t,8,16,128,512,64,577.536667,543.056079,-5.97
MATMUL,uint32_t,8,16,128,512,128,572.698333,538.795408,-5.92
MATMUL,uint32_t,8,16,256,16,4,48.222667,44.805777,-7.09
MATMUL,uint32_t,8,16,256,16,8,40.887000,38.151370,-6.69
MATMUL,uint32_t,8,16,256,16,16,37.946667,35.756710,-5.77
MATMUL,uint32_t,8,16,256,32,4,96.363333,89.537173,-7.08
MATMUL,uint32_t,8,16,256,32,8,81.727667,76.223873,-6.73
MATMUL,uint32_t,8,16,256,32,16,75.788667,71.468038,-5.70
MATMUL,uint32_t,8,16,256,32,32,73.380000,69.004013,-5.96
MATMUL,uint32_t,8,16,256,64,4,192.687000,178.991852,-7.11
MATMUL,uint32_t,8,16,256,64,8,163.367333,152.370139,-6.73
MATMUL,uint32_t,8,16,256,64,16,151.530333,142.856466,-5.72
MATMUL,uint32_t,8,16,256,64,32,146.657000,137.909012,-5.96
MATMUL,uint32_t,8,16,256,64,64,144.323333,135.711922,-5.97
MATMUL,uint32_t,8,16,256,128,4,385.300000,357.906781,-7.11
MATMUL,uint32_t,8,16,256,128,8,326.627000,304.665046,-6.72
MATMUL,uint32_t,8,16,256,128,16,303.008000,285.633321,-5.73
MATMUL,uint32_t,8,16,256,128,32,293.226333,275.739681,-5.96
MATMUL,uint32_t,8,16,256,128,64,288.554000,271.304715,-5.98
MATMUL,uint32_t,8,16,256,128,128,286.163333,269.207434,-5.93
MATMUL,uint32_t,8,16,256,256,4,770.629333,715.736821,-7.12
MATMUL,uint32_t,8,16,256,256,8,653.337667,609.248025,-6.75
MATMUL,uint32_t,8,16,256,256,16,605.794333,571.187051,-5.71
MATMUL,uint32_t,8,16,256,256,32,586.237333,551.387005,-5.94
MATMUL,uint32_t,8,16,256,256,64,577.036333,542.515560,-5.98
MATMUL,uint32_t,8,16,256,256,128,572.216333,538.332508,-5.92
MATMUL,uint32_t,8,16,256,256,256,569.985667,536.390296,-5.89
MATMUL,uint32_t,8,16,256,512,4,1540.857333,1431.395822,-7.10
MATMUL,uint32_t,8,16,256,512,8,1306.335333,1218.420045,-6.73
MATMUL,uint32_t,8,16,256,512,16,1211.721000,1142.294512,-5.73
MATMUL,uint32_t,8,16,256,512,32,1172.479667,1102.681636,-5.95
MATMUL,uint32_t,8,16,256,512,64,1154.013667,1084.995765,-5.98
MATMUL,uint32_t,8,16,256,512,128,1144.339000,1076.541221,-5.92
MATMUL,uint32_t,8,16,256,512,256,1140.110333,1072.696075,-5.91
MATMUL,uint32_t,8,16,512,16,4,96.260333,89.359324,-7.17
MATMUL,uint32_t,8,16,512,16,8,81.660000,76.156444,-6.74
MATMUL,uint32_t,8,16,512,16,16,75.767667,71.420759,-5.74
MATMUL,uint32_t,8,16,512,32,4,192.429667,178.636435,-7.17
MATMUL,uint32_t,8,16,512,32,8,163.194333,152.234715,-6.72
MATMUL,uint32_t,8,16,512,32,16,151.401000,142.761953,-5.71
MATMUL,uint32_t,8,16,512,32,32,146.554667,137.793614,-5.98
MATMUL,uint32_t,8,16,512,64,4,384.776333,357.195299,-7.17
MATMUL,uint32_t,8,16,512,64,8,326.362333,304.393904,-6.73
MATMUL,uint32_t,8,16,512,64,16,302.730667,285.444323,-5.71
MATMUL,uint32_t,8,16,512,64,32,293.031000,275.541217,-5.97
MATMUL,uint32_t,8,16,512,64,64,288.444333,271.170401,-5.99
MATMUL,uint32_t,8,16,512,128,4,769.526667,714.312019,-7.18
MATMUL,uint32_t,8,16,512,128,8,652.730667,608.707085,-6.74
MATMUL,uint32_t,8,16,512,128,16,605.369667,570.809024,-5.71
MATMUL,uint32_t,8,16,512,128,32,586.091000,551.029440,-5.98
MATMUL,uint32_t,8,16,512,128,64,576.773333,542.246787,-5.99
MATMUL,uint32_t,8,16,512,128,128,572.037667,538.081189,-5.94
MATMUL,uint32_t,8,16,512,256,4,1538.983667,1428.546876,-7.18
MATMUL,uint32_t,8,16,512,256,8,1305.349333,1217.336993,-6.74
MATMUL,uint32_t,8,16,512,256,16,1210.525000,1141.538435,-5.70
MATMUL,uint32_t,8,16,512,256,32,1171.881000,1101.964870,-5.97
MATMUL,uint32_t,8,16,512,256,64,1153.466667,1084.389577,-5.99
MATMUL,uint32_t,8,16,512,256,128,1143.902667,1076.105545,-5.93
MATMUL,uint32_t,8,16,512,256,256,1139.653333,1072.256654,-5.91
MATMUL,uint32_t,8,16,512,512,4,3077.944333,2857.018631,-7.18
MATMUL,uint32_t,8,16,512,512,8,2610.378000,2434.597001,-6.73
MATMUL,uint32_t,8,16,512,512,16,2421.052333,2282.997257,-5.70
MATMUL,uint32_t,4,512,512,512,4,98198.375333,91515.902188,-6.81
MATMUL,uint32_t,8,16,512,512,32,2343.488000,2203.835368,-5.96
MATMUL,uint32_t,8,16,512,512,64,2306.884000,2168.574842,-6.00
MATMUL,uint32_t,8,16,512,512,128,2287.983000,2152.078613,-5.94
MATMUL,uint32_t,8,32,16,16,4,6.315667,5.872280,-7.02
MATMUL,uint32_t,8,32,16,16,8,5.323000,4.974937,-6.54
MATMUL,uint32_t,8,32,16,16,16,4.910667,4.631818,-5.68
MATMUL,uint32_t,8,32,16,32,4,12.560333,11.659935,-7.17
MATMUL,uint32_t,8,32,16,32,8,10.561333,9.864036,-6.60
MATMUL,uint32_t,8,32,16,32,16,9.734667,9.182362,-5.67
MATMUL,uint32_t,8,32,16,64,4,25.081333,23.235430,-7.36
MATMUL,uint32_t,8,32,16,64,8,21.067000,19.641579,-6.77
MATMUL,uint32_t,8,32,16,64,16,19.397333,18.289800,-5.71
MATMUL,uint32_t,8,32,16,128,4,50.081000,46.382621,-7.38
MATMUL,uint32_t,8,32,16,128,8,42.031000,39.196108,-6.74
MATMUL,uint32_t,8,32,16,128,16,38.712333,36.470735,-5.79
MATMUL,uint32_t,8,32,16,256,4,100.104333,92.681653,-7.41
MATMUL,uint32_t,8,32,16,256,8,84.000333,78.304876,-6.78
MATMUL,uint32_t,8,32,16,256,16,77.330000,72.850202,-5.79
MATMUL,uint32_t,8,32,16,512,4,200.165333,185.290824,-7.43
MATMUL,uint32_t,8,16,512,512,256,2279.366333,2144.417564,-5.92
MATMUL,uint32_t,8,32,16,512,8,167.971667,156.520236,-6.82
MATMUL,uint32_t,8,32,16,512,16,154.577000,145.727269,-5.73
MATMUL,uint32_t,8,32,32,16,4,12.321667,11.462163,-6.98
MATMUL,uint32_t,8,32,32,16,8,10.408333,9.724857,-6.57
MATMUL,uint32_t,8,32,32,16,16,9.629333,9.085361,-5.65
MATMUL,uint32_t,8,32,32,32,4,24.582000,22.844423,-7.07
MATMUL,uint32_t,8,32,32,32,8,20.758000,19.360321,-6.73
MATMUL,uint32_t,8,32,32,32,16,19.200667,18.078006,-5.85
MATMUL,uint32_t,8,32,32,32,32,18.540667,17.449689,-5.88
MATMUL,uint32_t,8,32,32,64,8,41.437667,38.634906,-6.76
MATMUL,uint32_t,8,32,32,64,4,49.101667,45.615565,-7.10
MATMUL,uint32_t,8,32,32,64,16,38.304333,36.070455,-5.83
MATMUL,uint32_t,8,32,32,64,32,37.003000,34.805046,-5.94
MATMUL,uint32_t,8,32,32,128,8,82.774333,77.184638,-6.75
MATMUL,uint32_t,8,32,32,128,4,98.109667,91.146362,-7.10
MATMUL,uint32_t,8,32,32,128,16,76.510667,72.036731,-5.85
MATMUL,uint32_t,8,32,32,128,32,73.895333,69.527849,-5.91
MATMUL,uint32_t,8,32,32,256,8,165.521000,154.283989,-6.79
MATMUL,uint32_t,8,32,32,256,4,196.180333,182.215478,-7.12
MATMUL,uint32_t,8,32,32,256,16,152.933333,144.107858,-5.77
MATMUL,uint32_t,8,32,32,256,32,147.727000,138.975464,-5.92
MATMUL,uint32_t,8,32,32,512,8,330.926333,308.484323,-6.78
MATMUL,uint32_t,8,32,32,512,4,392.252000,364.345106,-7.11
MATMUL,uint32_t,8,32,32,512,16,305.821333,288.026073,-5.82
MATMUL,uint32_t,8,32,32,512,32,295.287667,277.865538,-5.90
MATMUL,uint32_t,8,32,64,16,4,24.338667,22.619583,-7.06
MATMUL,uint32_t,8,32,64,16,8,20.611333,19.226743,-6.72
MATMUL,uint32_t,8,32,64,16,16,19.096000,18.001200,-5.73
MATMUL,uint32_t,8,32,64,32,4,48.582667,45.153187,-7.06
MATMUL,uint32_t,8,32,64,32,8,41.124000,38.362625,-6.71
MATMUL,uint32_t,8,32,64,32,16,38.102000,35.913860,-5.74
MATMUL,uint32_t,8,32,64,32,32,36.847333,34.652878,-5.96
MATMUL,uint32_t,8,32,64,64,4,97.126667,90.222952,-7.11
MATMUL,uint32_t,8,32,64,64,8,82.178000,76.641071,-6.74
MATMUL,uint32_t,8,32,64,64,16,76.106333,71.640575,-5.87
MATMUL,uint32_t,8,32,64,64,32,73.616333,69.234259,-5.95
MATMUL,uint32_t,8,32,64,64,64,72.384000,68.086205,-5.94
MATMUL,uint32_t,8,32,64,128,4,194.214333,180.362917,-7.13
MATMUL,uint32_t,8,32,64,128,8,164.274667,153.195121,-6.74
MATMUL,uint32_t,8,32,64,128,16,152.133667,143.226948,-5.85
MATMUL,uint32_t,8,32,64,128,32,147.107667,138.341687,-5.96
MATMUL,uint32_t,4,512,512,512,64,73816.493667,69400.808254,-5.98
MATMUL,uint32_t,8,32,64,128,64,144.702667,136.090035,-5.95
MATMUL,uint32_t,8,32,64,256,8,328.440000,306.305926,-6.74
MATMUL,uint32_t,8,32,64,256,4,388.280333,360.651545,-7.12
MATMUL,uint32_t,8,32,64,256,16,304.253333,286.339681,-5.89
MATMUL,uint32_t,8,32,64,256,64,289.309000,272.093182,-5.95
MATMUL,uint32_t,8,32,64,256,32,294.151000,276.606614,-5.96
MATMUL,uint32_t,4,512,512,512,32,74972.830667,70507.542706,-5.96
MATMUL,uint32_t,4,512,512,512,128,73190.703667,68856.397936,-5.92
MATMUL,uint32_t,8,32,64,512,4,776.445333,721.205270,-7.11
MATMUL,uint32_t,8,32,128,16,4,48.349333,44.932921,-7.07
MATMUL,uint32_t,8,32,64,512,16,608.427667,572.609874,-5.89
MATMUL,uint32_t,8,32,64,512,8,656.987000,612.527880,-6.77
MATMUL,uint32_t,4,512,512,512,8,83222.234000,77877.521654,-6.42
MATMUL,uint32_t,8,32,128,16,8,40.981667,38.226198,-6.72
MATMUL,uint32_t,8,32,64,512,32,588.062000,553.064190,-5.95
MATMUL,uint32_t,4,512,512,512,256,72929.426333,68618.838476,-5.91
MATMUL,uint32_t,8,32,128,16,16,38.005000,35.820524,-5.75
MATMUL,uint32_t,8,32,128,32,8,81.909667,76.368759,-6.76
MATMUL,uint32_t,8,32,128,32,4,96.637000,89.782013,-7.09
MATMUL,uint32_t,8,32,128,32,16,75.931333,71.550359,-5.77
MATMUL,uint32_t,8,32,128,32,32,73.466667,69.070762,-5.98
MATMUL,uint32_t,8,32,128,64,8,163.681333,152.651400,-6.74
MATMUL,uint32_t,8,32,128,64,4,193.217667,179.480914,-7.11
MATMUL,uint32_t,8,32,128,64,64,144.484667,135.840715,-5.98
MATMUL,uint32_t,8,32,128,64,32,146.841667,138.066056,-5.98
MATMUL,uint32_t,8,32,128,64,16,151.746667,143.010126,-5.76
MATMUL,uint32_t,8,32,64,512,64,578.555667,544.095745,-5.96
MATMUL,uint32_t,8,32,128,128,4,386.330667,358.878232,-7.11
MATMUL,uint32_t,8,32,128,128,16,303.364333,285.929643,-5.75
MATMUL,uint32_t,8,32,128,128,8,327.243333,305.218487,-6.73
MATMUL,uint32_t,8,32,128,128,128,286.470333,269.441575,-5.94
MATMUL,uint32_t,8,32,128,128,32,293.582000,276.031127,-5.98
MATMUL,uint32_t,8,32,128,128,64,288.819000,271.590007,-5.97
MATMUL,uint32_t,4,512,512,512,16,77412.555333,73065.416288,-5.62
MATMUL,uint32_t,8,32,128,256,4,772.635333,717.673416,-7.11
MATMUL,uint32_t,8,32,128,256,16,606.716667,571.768688,-5.76
MATMUL,uint32_t,8,32,128,256,32,587.122333,551.921786,-6.00
MATMUL,uint32_t,8,32,128,256,8,654.390333,610.353673,-6.73
MATMUL,uint32_t,8,32,128,256,128,572.782667,538.761697,-5.94
MATMUL,uint32_t,8,32,128,256,64,577.537000,543.061898,-5.97
MATMUL,uint32_t,8,32,256,16,8,81.735333,76.232048,-6.73
MATMUL,uint32_t,8,32,256,16,4,96.391667,89.541149,-7.11
MATMUL,uint32_t,8,32,256,16,16,75.813667,71.429622,-5.78
MATMUL,uint32_t,8,32,256,32,4,192.711000,179.003933,-7.11
MATMUL,uint32_t,8,32,256,32,8,163.435000,152.376762,-6.77
MATMUL,uint32_t,8,32,256,32,16,151.550000,142.863003,-5.73
MATMUL,uint32_t,8,32,256,32,32,146.706333,137.922293,-5.99
MATMUL,uint32_t,8,32,128,512,8,1309.312667,1220.623371,-6.77
MATMUL,uint32_t,8,32,128,512,4,1544.603333,1435.267792,-7.08
MATMUL,uint32_t,8,32,256,64,4,385.367000,357.913309,-7.12
MATMUL,uint32_t,8,32,256,64,8,326.732333,304.669374,-6.75
MATMUL,uint32_t,8,32,128,512,16,1213.447333,1143.446764,-5.77
MATMUL,uint32_t,8,32,128,512,64,1155.035667,1086.013417,-5.98
MATMUL,uint32_t,8,32,128,512,128,1145.405333,1077.509935,-5.93
MATMUL,uint32_t,8,32,128,512,32,1173.593000,1103.739180,-5.95
MATMUL,uint32_t,8,32,256,64,16,303.019667,285.639866,-5.74
MATMUL,uint32_t,8,32,256,64,32,293.236667,275.727414,-5.97
MATMUL,uint32_t,8,32,256,64,64,288.558667,271.342009,-5.97
MATMUL,uint32_t,8,32,256,128,32,586.354333,551.393542,-5.96
MATMUL,uint32_t,8,32,256,128,64,577.021333,542.522062,-5.98
MATMUL,uint32_t,8,32,256,128,16,605.772000,571.193588,-5.71
MATMUL,uint32_t,8,32,256,128,128,572.252000,538.330792,-5.93
MATMUL,uint32_t,8,32,256,128,8,653.310667,609.259071,-6.74
MATMUL,uint32_t,8,32,256,128,4,770.400000,715.743167,-7.09
MATMUL,uint32_t,8,32,256,256,8,1306.860667,1218.425223,-6.77
MATMUL,uint32_t,8,32,256,256,4,1540.753333,1431.403266,-7.10
MATMUL,uint32_t,8,32,256,256,64,1154.006333,1084.943739,-5.98
MATMUL,uint32_t,8,32,256,256,32,1172.600000,1102.688190,-5.96
MATMUL,uint32_t,8,32,256,256,128,1144.536000,1076.569006,-5.94
MATMUL,uint32_t,8,32,256,256,256,1139.942667,1072.683398,-5.90
MATMUL,uint32_t,8,32,256,256,16,1211.476333,1142.301049,-5.71
MATMUL,uint32_t,8,32,512,16,4,192.446000,178.647471,-7.17
MATMUL,uint32_t,8,32,512,16,8,163.245000,152.242659,-6.74
MATMUL,uint32_t,8,32,512,16,16,151.395333,142.768490,-5.70
MATMUL,uint32_t,8,32,512,32,4,384.791333,357.201507,-7.17
MATMUL,uint32_t,8,32,512,32,8,326.380333,304.398815,-6.73
MATMUL,uint32_t,8,32,512,32,16,302.712000,285.450878,-5.70
MATMUL,uint32_t,8,32,256,512,4,3081.258000,2862.721227,-7.09
MATMUL,uint32_t,8,32,512,32,32,293.079000,275.506720,-6.00
MATMUL,uint32_t,8,32,256,512,16,2422.779000,2284.515969,-5.71
MATMUL,uint32_t,8,32,256,512,64,2307.865000,2169.887978,-5.98
MATMUL,uint32_t,8,32,256,512,256,2279.567667,2145.300661,-5.89
MATMUL,uint32_t,8,32,256,512,128,2289.149000,2152.957182,-5.95
MATMUL,uint32_t,8,32,256,512,8,2613.269333,2436.769406,-6.75
MATMUL,uint32_t,8,32,256,512,32,2344.976000,2205.277453,-5.96
MATMUL,uint32_t,8,32,512,64,4,769.472667,714.319491,-7.17
MATMUL,uint32_t,8,32,512,64,16,605.615000,570.815561,-5.75
MATMUL,uint32_t,8,32,512,64,64,576.798667,542.251981,-5.99
MATMUL,uint32_t,8,32,512,64,32,585.969000,550.992999,-5.97
MATMUL,uint32_t,8,32,512,64,8,652.612667,608.716874,-6.73
MATMUL,uint32_t,8,32,512,128,16,1210.923333,1141.544972,-5.73
MATMUL,uint32_t,8,32,512,128,8,1305.401000,1217.343614,-6.75
MATMUL,uint32_t,8,32,512,128,4,1539.166667,1428.552695,-7.19
MATMUL,uint32_t,8,32,512,128,32,1172.056333,1101.971407,-5.98
MATMUL,uint32_t,8,32,512,128,128,1143.809333,1076.061625,-5.92
MATMUL,uint32_t,8,32,512,128,64,1153.503333,1084.399251,-5.99
MATMUL,uint32_t,8,32,512,256,8,2610.648000,2434.603428,-6.74
MATMUL,uint32_t,8,32,512,256,4,3077.893667,2857.022410,-7.18
MATMUL,uint32_t,8,32,512,256,32,2344.291000,2203.841905,-5.99
MATMUL,uint32_t,8,32,512,256,16,2421.547667,2283.003794,-5.72
MATMUL,uint32_t,8,32,512,256,64,2306.885000,2168.682856,-5.99
MATMUL,uint32_t,8,32,512,256,128,2287.727000,2152.085156,-5.93
MATMUL,uint32_t,8,32,512,256,256,2279.089000,2144.402606,-5.91
MATMUL,uint32_t,8,64,16,16,4,12.567667,11.672794,-7.12
MATMUL,uint32_t,8,64,16,16,8,10.577667,9.876221,-6.63
MATMUL,uint32_t,8,64,16,16,16,9.751667,9.195936,-5.70
MATMUL,uint32_t,8,64,16,32,4,25.090667,23.247841,-7.34
MATMUL,uint32_t,8,64,16,32,8,21.084333,19.653819,-6.78
MATMUL,uint32_t,8,64,16,32,16,19.403000,18.292016,-5.73
MATMUL,uint32_t,8,64,16,64,4,50.083000,46.399132,-7.36
MATMUL,uint32_t,8,64,16,64,8,42.050333,39.209709,-6.76
MATMUL,uint32_t,8,64,16,64,16,38.731000,36.513421,-5.73
MATMUL,uint32_t,8,64,16,128,4,100.129333,92.693284,-7.43
MATMUL,uint32_t,8,64,16,128,8,84.013000,78.318816,-6.78
MATMUL,uint32_t,8,64,16,128,16,77.338000,72.872549,-5.77
MATMUL,uint32_t,8,64,16,256,4,200.150667,185.291350,-7.42
MATMUL,uint32_t,8,64,16,256,8,167.999000,156.536294,-6.82
MATMUL,uint32_t,8,64,16,256,16,154.579333,145.628679,-5.79
MATMUL,uint32_t,8,64,16,512,4,400.112667,370.510127,-7.40
MATMUL,uint32_t,8,64,16,512,8,335.838667,312.967001,-6.81
MATMUL,uint32_t,8,64,16,512,16,309.017000,291.386266,-5.71
MATMUL,uint32_t,8,64,32,16,4,24.576000,22.853929,-7.01
MATMUL,uint32_t,8,64,32,16,8,20.773667,19.378135,-6.72
MATMUL,uint32_t,8,64,32,16,16,19.207333,18.098129,-5.77
MATMUL,uint32_t,8,64,32,32,4,49.098000,45.618173,-7.09
MATMUL,uint32_t,8,64,32,32,8,41.448667,38.648972,-6.75
MATMUL,uint32_t,8,64,32,32,16,38.322667,36.078056,-5.86
MATMUL,uint32_t,8,64,32,32,32,37.016000,34.825976,-5.92
MATMUL,uint32_t,8,32,512,512,4,6155.116333,5713.966260,-7.17
MATMUL,uint32_t,8,64,32,64,4,98.130000,91.160581,-7.10
MATMUL,uint32_t,8,64,32,64,8,82.778000,77.198149,-6.74
MATMUL,uint32_t,8,64,32,64,16,76.535667,72.064073,-5.84
MATMUL,uint32_t,8,64,32,64,32,73.925000,69.540453,-5.93
MATMUL,uint32_t,8,32,512,512,64,4613.661000,4337.060321,-6.00
MATMUL,uint32_t,8,32,512,512,32,4687.355333,4407.582899,-5.97
MATMUL,uint32_t,8,64,32,128,8,165.503333,154.297617,-6.77
MATMUL,uint32_t,8,64,32,128,4,196.184333,182.222210,-7.12
MATMUL,uint32_t,8,32,512,512,128,4575.499667,4304.031265,-5.93
MATMUL,uint32_t,8,32,512,512,8,5221.739000,4869.123472,-6.75
MATMUL,uint32_t,8,32,512,512,256,4557.678333,4288.704667,-5.90
MATMUL,uint32_t,8,64,32,128,16,152.976667,143.996082,-5.87
MATMUL,uint32_t,8,32,512,512,16,4843.137000,4565.921437,-5.72
MATMUL,uint32_t,8,64,32,128,32,147.722333,138.985396,-5.91
MATMUL,uint32_t,8,64,32,256,32,295.349333,277.880711,-5.91
MATMUL,uint32_t,8,64,32,256,8,330.900333,308.496326,-6.77
MATMUL,uint32_t,8,64,32,256,16,305.800333,288.134126,-5.78
MATMUL,uint32_t,8,64,32,256,4,392.234000,364.360731,-7.11
MATMUL,uint32_t,8,64,64,16,8,41.149667,38.381712,-6.73
MATMUL,uint32_t,8,64,64,16,16,38.125333,35.926496,-5.77
MATMUL,uint32_t,8,64,64,16,4,48.610000,45.169251,-7.08
MATMUL,uint32_t,8,64,64,32,4,97.122000,90.236429,-7.09
MATMUL,uint32_t,8,64,64,32,16,76.137333,71.750029,-5.76
MATMUL,uint32_t,8,64,64,32,32,73.643000,69.230234,-5.99
MATMUL,uint32_t,8,64,64,32,8,82.232333,76.654315,-6.78
MATMUL,uint32_t,8,64,32,512,16,611.488667,575.973870,-5.81
MATMUL,uint32_t,8,64,32,512,32,590.618667,555.661102,-5.92
MATMUL,uint32_t,8,64,32,512,8,661.848000,616.897048,-6.79
MATMUL,uint32_t,8,64,64,64,32,147.142667,138.390357,-5.95
MATMUL,uint32_t,8,64,64,64,16,152.149000,143.206422,-5.88
MATMUL,uint32_t,8,64,64,64,4,194.154667,180.375876,-7.10
MATMUL,uint32_t,8,64,64,64,8,164.325000,153.211238,-6.76
MATMUL,uint32_t,8,64,32,512,4,784.360333,728.620080,-7.11
MATMUL,uint32_t,8,64,64,64,64,144.706667,136.100475,-5.95
MATMUL,uint32_t,8,64,64,128,32,294.213667,276.601155,-5.99
MATMUL,uint32_t,8,64,64,128,64,289.314667,272.102883,-5.95
MATMUL,uint32_t,8,64,64,128,16,304.246667,286.377416,-5.87
MATMUL,uint32_t,8,64,64,128,8,328.505333,306.319448,-6.75
MATMUL,uint32_t,8,64,64,128,4,388.279333,360.655808,-7.11
MATMUL,uint32_t,8,64,64,256,16,608.398000,572.604095,-5.88
MATMUL,uint32_t,8,64,64,256,8,657.081000,612.540944,-6.78
MATMUL,uint32_t,8,64,64,256,4,776.410333,721.233397,-7.11
MATMUL,uint32_t,8,64,64,256,64,578.562333,544.111600,-5.95
MATMUL,uint32_t,8,64,128,16,4,96.633667,89.795833,-7.08
MATMUL,uint32_t,8,64,64,256,32,588.164333,553.128293,-5.96
MATMUL,uint32_t,8,64,128,16,16,75.921000,71.563426,-5.74
MATMUL,uint32_t,8,64,128,16,8,81.921000,76.381561,-6.76
MATMUL,uint32_t,8,64,128,32,4,193.207000,179.493882,-7.10
MATMUL,uint32_t,8,64,128,32,16,151.757333,143.023133,-5.76
MATMUL,uint32_t,8,64,128,32,8,163.704333,152.666537,-6.74
MATMUL,uint32_t,8,64,128,32,32,146.856000,138.062801,-5.99
MATMUL,uint32_t,8,64,64,512,16,1216.524667,1145.143943,-5.87
MATMUL,uint32_t,8,64,128,64,8,327.307667,305.231630,-6.74
MATMUL,uint32_t,8,64,64,512,8,1313.903333,1224.984929,-6.77
MATMUL,uint32_t,8,64,128,64,4,386.285333,358.891672,-7.09
MATMUL,uint32_t,8,64,128,64,16,303.408000,285.942717,-5.76
MATMUL,uint32_t,8,64,64,512,4,1552.801667,1442.340602,-7.11
MATMUL,uint32_t,8,64,64,512,64,1157.007667,1088.111823,-5.95
MATMUL,uint32_t,8,64,64,512,32,1176.407333,1106.042296,-5.98
MATMUL,uint32_t,8,64,128,64,32,293.557333,276.042912,-5.97
MATMUL,uint32_t,8,64,128,64,64,288.831000,271.601006,-5.97
MATMUL,uint32_t,8,64,128,128,16,606.694667,571.781751,-5.75
MATMUL,uint32_t,8,64,128,128,8,654.779333,610.365805,-6.78
MATMUL,uint32_t,8,64,128,128,4,772.432667,717.686311,-7.09
MATMUL,uint32_t,8,64,128,128,32,586.950000,551.975504,-5.96
MATMUL,uint32_t,8,64,128,128,64,577.544000,543.082832,-5.97
MATMUL,uint32_t,8,64,128,128,128,572.755333,538.802744,-5.93
MATMUL,uint32_t,8,64,128,256,8,1309.318333,1220.636127,-6.77
MATMUL,uint32_t,8,64,128,256,4,1544.579000,1435.276687,-7.08
MATMUL,uint32_t,8,64,128,256,32,1173.911667,1103.754861,-5.98
MATMUL,uint32_t,8,64,128,256,16,1213.251000,1143.459834,-5.75
MATMUL,uint32_t,8,64,128,256,64,1155.006333,1086.023933,-5.97
MATMUL,uint32_t,8,64,128,256,128,1145.568667,1077.438355,-5.95
MATMUL,uint32_t,8,64,256,16,8,163.397333,152.393351,-6.73
MATMUL,uint32_t,8,64,256,16,4,192.687000,179.011883,-7.10
MATMUL,uint32_t,8,64,256,16,16,151.541000,142.775445,-5.78
MATMUL,uint32_t,8,64,256,32,4,385.325000,357.937453,-7.11
MATMUL,uint32_t,8,64,256,32,8,326.722000,304.682508,-6.75
MATMUL,uint32_t,8,64,256,32,16,303.043333,285.652940,-5.74
MATMUL,uint32_t,8,64,256,32,32,293.247000,275.758854,-5.96
MATMUL,uint32_t,8,64,128,512,8,2618.498000,2441.175574,-6.77
MATMUL,uint32_t,8,64,256,64,4,770.540667,715.756221,-7.11
MATMUL,uint32_t,8,64,256,64,8,653.527667,609.267845,-6.77
MATMUL,uint32_t,8,64,128,512,4,3089.669000,2870.465552,-7.09
MATMUL,uint32_t,8,64,128,512,16,2426.180333,2286.815981,-5.74
MATMUL,uint32_t,8,64,256,64,16,605.916000,571.206679,-5.73
MATMUL,uint32_t,8,64,128,512,32,2347.339667,2207.390171,-5.96
MATMUL,uint32_t,8,64,128,512,64,2309.896667,2171.928093,-5.97
MATMUL,uint32_t,8,64,128,512,128,2290.879333,2154.933489,-5.93
MATMUL,uint32_t,8,64,256,64,32,586.383000,551.364202,-5.97
MATMUL,uint32_t,8,64,256,64,64,577.045667,542.586261,-5.97
MATMUL,uint32_t,8,64,256,128,16,1211.781333,1142.314123,-5.73
MATMUL,uint32_t,8,64,256,128,32,1172.874333,1102.701265,-5.98
MATMUL,uint32_t,8,64,256,128,8,1306.713333,1218.447110,-6.75
MATMUL,uint32_t,8,64,256,128,128,1144.467667,1076.571706,-5.93
MATMUL,uint32_t,8,64,256,128,64,1153.999333,1084.956743,-5.98
MATMUL,uint32_t,8,64,256,128,4,1540.695333,1431.415939,-7.09
MATMUL,uint32_t,8,64,256,256,8,2612.547667,2436.779605,-6.73
MATMUL,uint32_t,8,64,256,256,4,3081.544000,2862.736156,-7.10
MATMUL,uint32_t,8,64,256,256,256,2280.022667,2145.269609,-5.91
MATMUL,uint32_t,8,64,256,256,128,2288.767667,2153.010524,-5.93
MATMUL,uint32_t,8,64,256,256,64,2307.891000,2169.800064,-5.98
MATMUL,uint32_t,8,64,256,256,32,2344.839333,2205.290561,-5.95
MATMUL,uint32_t,8,64,256,256,16,2423.612000,2284.529043,-5.74
MATMUL,uint32_t,8,64,512,16,4,384.819333,357.222933,-7.17
MATMUL,uint32_t,8,64,512,16,8,326.416667,304.414554,-6.74
MATMUL,uint32_t,8,64,512,16,16,302.861667,285.463952,-5.74
MATMUL,uint32_t,8,64,512,32,4,769.655333,714.331658,-7.19
MATMUL,uint32_t,8,64,512,32,8,652.668667,608.726863,-6.73
MATMUL,uint32_t,8,64,512,32,16,605.421333,570.828734,-5.71
MATMUL,uint32_t,8,64,256,512,4,6161.923667,5725.372046,-7.08
MATMUL,uint32_t,8,64,512,32,32,586.072333,550.932934,-6.00
MATMUL,uint32_t,8,64,256,512,128,4577.702667,4305.789027,-5.94
MATMUL,uint32_t,8,64,256,512,256,4560.257000,4290.506319,-5.92
MATMUL,uint32_t,8,64,256,512,8,5226.664000,4873.468128,-6.76
MATMUL,uint32_t,8,64,256,512,64,4615.644000,4339.672405,-5.98
MATMUL,uint32_t,8,64,256,512,16,4845.659000,4568.958885,-5.71
MATMUL,uint32_t,8,64,256,512,32,4689.516333,4410.469086,-5.95
MATMUL,uint32_t,8,64,512,64,4,1538.596667,1428.567839,-7.15
MATMUL,uint32_t,8,64,512,64,8,1305.259000,1217.362815,-6.73
MATMUL,uint32_t,8,64,512,64,64,1153.484000,1084.415139,-5.99
MATMUL,uint32_t,8,64,512,64,32,1172.095667,1101.896568,-5.99
MATMUL,uint32_t,8,64,512,64,16,1210.986000,1141.558046,-5.73
MATMUL,uint32_t,8,64,512,128,16,2421.481333,2283.016868,-5.72
MATMUL,uint32_t,8,64,512,128,8,2610.833333,2434.616671,-6.75
MATMUL,uint32_t,8,64,512,128,4,3077.348000,2857.034045,-7.16
MATMUL,uint32_t,8,64,512,128,32,2344.087333,2203.854979,-5.98
MATMUL,uint32_t,8,64,512,128,64,2306.861333,2168.704179,-5.99
MATMUL,uint32_t,8,64,512,128,128,2288.105000,2152.001129,-5.95
MATMUL,uint32_t,8,64,512,256,8,5220.935333,4869.136296,-6.74
MATMUL,uint32_t,8,64,512,256,4,6155.152667,5713.973491,-7.17
MATMUL,uint32_t,8,64,512,256,16,4843.549667,4565.934512,-5.73
MATMUL,uint32_t,8,64,512,256,32,4687.640333,4407.595973,-5.97
MATMUL,uint32_t,8,64,512,256,64,4613.638333,4337.269423,-5.99
MATMUL,uint32_t,8,64,512,256,128,4575.845667,4304.044345,-5.94
MATMUL,uint32_t,8,64,512,256,256,4558.153667,4288.666645,-5.91
MATMUL,uint32_t,8,128,16,16,4,25.090333,23.273815,-7.24
MATMUL,uint32_t,8,128,16,16,8,21.091000,19.678839,-6.70
MATMUL,uint32_t,8,128,16,16,16,19.455000,18.330259,-5.78
MATMUL,uint32_t,8,128,16,32,4,50.088000,46.423645,-7.32
MATMUL,uint32_t,8,128,16,32,8,42.073667,39.233378,-6.75
MATMUL,uint32_t,8,128,16,32,16,38.762000,36.510798,-5.81
MATMUL,uint32_t,8,128,16,64,4,100.121000,92.726426,-7.39
MATMUL,uint32_t,8,128,16,64,8,84.040667,78.345969,-6.78
MATMUL,uint32_t,8,128,16,64,16,77.384333,72.960659,-5.72
MATMUL,uint32_t,8,128,16,128,4,200.171667,185.314612,-7.42
MATMUL,uint32_t,8,128,16,128,8,168.020000,156.564232,-6.82
MATMUL,uint32_t,8,128,16,128,16,154.593667,145.676173,-5.77
MATMUL,uint32_t,8,128,16,256,4,400.160333,370.510731,-7.41
MATMUL,uint32_t,8,128,16,256,8,335.863667,312.999129,-6.81
MATMUL,uint32_t,8,128,16,256,16,309.057667,291.185598,-5.78
MATMUL,uint32_t,8,128,16,512,4,800.253333,740.948718,-7.41
MATMUL,uint32_t,8,128,16,512,8,671.681667,625.860529,-6.82
MATMUL,uint32_t,8,128,16,512,16,617.925000,582.704260,-5.70
MATMUL,uint32_t,8,128,32,16,4,49.091000,45.637459,-7.03
MATMUL,uint32_t,8,128,32,16,8,41.468333,38.683523,-6.72
MATMUL,uint32_t,8,128,32,16,16,38.350000,36.117658,-5.82
MATMUL,uint32_t,8,128,32,32,4,98.124000,91.165665,-7.09
MATMUL,uint32_t,8,128,32,32,8,82.819667,77.226272,-6.75
MATMUL,uint32_t,8,128,32,32,16,76.574667,72.078239,-5.87
MATMUL,uint32_t,8,128,32,32,32,73.963667,69.578539,-5.93
MATMUL,uint32_t,8,128,32,64,4,196.160667,182.250597,-7.09
MATMUL,uint32_t,8,128,32,64,8,165.542000,154.324636,-6.78
MATMUL,uint32_t,8,128,32,64,16,152.997667,144.051298,-5.85
MATMUL,uint32_t,8,128,32,64,32,147.754000,139.009745,-5.92
MATMUL,uint32_t,8,128,32,128,4,392.293000,364.373896,-7.12
MATMUL,uint32_t,8,128,32,128,8,330.832333,308.523573,-6.74
MATMUL,uint32_t,8,128,32,128,16,305.854000,287.914782,-5.87
MATMUL,uint32_t,8,128,32,128,32,295.430000,277.900489,-5.93
MATMUL,uint32_t,8,128,32,256,4,784.395667,728.651221,-7.11
MATMUL,uint32_t,8,128,32,256,8,661.745667,616.921001,-6.77
MATMUL,uint32_t,8,128,32,256,16,611.574667,576.186541,-5.79
MATMUL,uint32_t,8,128,32,256,32,590.669667,555.691195,-5.92
MATMUL,uint32_t,8,128,32,512,4,1568.459000,1457.169992,-7.10
MATMUL,uint32_t,8,64,512,512,256,9114.039667,8577.182344,-5.89
MATMUL,uint32_t,8,64,512,512,128,9149.496333,8607.936505,-5.92
MATMUL,uint32_t,8,64,512,512,64,9227.200000,8674.031279,-5.99
MATMUL,uint32_t,8,64,512,512,32,9375.147000,8815.077963,-5.97
MATMUL,uint32_t,8,128,64,16,4,97.149333,90.268580,-7.08
MATMUL,uint32_t,8,128,64,16,8,82.234667,76.690128,-6.74
MATMUL,uint32_t,8,128,64,16,16,76.147333,71.777087,-5.74
MATMUL,uint32_t,8,64,512,512,16,9687.349333,9131.769800,-5.74
MATMUL,uint32_t,8,128,64,32,8,164.364000,153.237694,-6.77
MATMUL,uint32_t,8,128,64,32,4,194.214333,180.402909,-7.11
MATMUL,uint32_t,8,128,64,32,16,152.175000,143.422366,-5.75
MATMUL,uint32_t,8,128,64,32,32,147.170000,138.382714,-5.97
MATMUL,uint32_t,8,128,32,512,8,1323.440333,1233.722499,-6.78
MATMUL,uint32_t,8,128,64,64,4,388.284667,360.681720,-7.11
MATMUL,uint32_t,8,128,64,64,8,328.527333,306.351571,-6.75
MATMUL,uint32_t,8,128,64,64,16,304.258000,286.338113,-5.89
MATMUL,uint32_t,8,128,64,64,32,294.234333,276.702623,-5.96
MATMUL,uint32_t,8,128,32,512,32,1181.181667,1111.252192,-5.92
MATMUL,uint32_t,8,128,32,512,16,1222.865333,1151.869393,-5.81
MATMUL,uint32_t,8,64,512,512,8,10444.193667,9738.176415,-6.76
MATMUL,uint32_t,8,128,64,64,64,289.317333,272.129015,-5.94
MATMUL,uint32_t,8,128,64,128,16,608.361333,572.678409,-5.87
MATMUL,uint32_t,8,128,64,128,64,578.536667,544.119572,-5.95
MATMUL,uint32_t,8,128,64,128,32,588.214000,553.120078,-5.97
MATMUL,uint32_t,8,128,64,128,8,657.109333,612.568089,-6.78
MATMUL,uint32_t,8,128,64,128,4,776.676333,721.241592,-7.14
MATMUL,uint32_t,8,128,64,256,8,1313.762667,1225.010977,-6.76
MATMUL,uint32_t,8,128,64,256,4,1552.560667,1442.397092,-7.10
MATMUL,uint32_t,8,128,64,256,64,1157.009333,1088.148435,-5.95
MATMUL,uint32_t,8,64,512,512,4,12309.228667,11427.861518,-7.16
MATMUL,uint32_t,8,128,64,256,32,1176.363333,1106.171566,-5.97
MATMUL,uint32_t,8,128,64,256,16,1216.499000,1145.132869,-5.87
MATMUL,uint32_t,8,128,128,16,8,163.739333,152.692284,-6.75
MATMUL,uint32_t,8,128,128,16,16,151.772667,143.049227,-5.75
MATMUL,uint32_t,8,128,128,16,4,193.187333,179.521662,-7.07
MATMUL,uint32_t,8,128,128,32,16,303.461000,285.968685,-5.76
MATMUL,uint32_t,8,128,128,32,8,327.366333,305.262086,-6.75
MATMUL,uint32_t,8,128,128,32,4,386.343000,358.917619,-7.10
MATMUL,uint32_t,8,128,128,32,32,293.622333,276.046867,-5.99
MATMUL,uint32_t,8,128,128,64,8,654.602000,610.392087,-6.75
MATMUL,uint32_t,8,128,128,64,4,772.393000,717.713188,-7.08
MATMUL,uint32_t,8,128,64,512,8,2628.010667,2449.899027,-6.78
MATMUL,uint32_t,8,128,128,64,16,606.618667,571.807898,-5.74
MATMUL,uint32_t,8,128,64,512,4,3104.974667,2884.611261,-7.10
MATMUL,uint32_t,8,128,128,64,32,586.976667,551.996548,-5.96
MATMUL,uint32_t,8,128,128,64,64,577.534000,543.102542,-5.96
MATMUL,uint32_t,8,128,64,512,32,2352.611000,2211.998508,-5.98
MATMUL,uint32_t,8,128,64,512,16,2432.736333,2290.212081,-5.86
MATMUL,uint32_t,8,128,64,512,64,2313.877000,2176.143979,-5.95
MATMUL,uint32_t,8,128,128,128,8,1308.888000,1220.660416,-6.74
MATMUL,uint32_t,8,128,128,128,4,1544.817000,1435.302471,-7.09
MATMUL,uint32_t,8,128,128,128,16,1213.190667,1143.485966,-5.75
MATMUL,uint32_t,8,128,128,128,32,1173.819000,1103.864219,-5.96
MATMUL,uint32_t,8,128,128,128,64,1155.008667,1086.068465,-5.97
MATMUL,uint32_t,8,128,128,128,128,1145.585000,1077.525085,-5.94
MATMUL,uint32_t,8,128,128,256,8,2619.005333,2441.201036,-6.79
MATMUL,uint32_t,8,128,128,256,4,3089.120000,2870.483231,-7.08
MATMUL,uint32_t,8,128,128,256,16,2426.660667,2286.842111,-5.76
MATMUL,uint32_t,8,128,128,256,32,2347.749000,2207.420956,-5.98
MATMUL,uint32_t,8,128,128,256,64,2309.904667,2171.948004,-5.97
MATMUL,uint32_t,8,128,128,256,128,2290.546667,2154.791471,-5.93
MATMUL,uint32_t,8,128,256,16,4,385.338000,357.953350,-7.11
MATMUL,uint32_t,8,128,256,16,8,326.765000,304.715824,-6.75
MATMUL,uint32_t,8,128,256,16,16,303.069667,285.467089,-5.81
MATMUL,uint32_t,8,128,256,32,4,770.633333,715.804494,-7.11
MATMUL,uint32_t,8,128,256,32,8,653.250000,609.293997,-6.73
MATMUL,uint32_t,8,128,256,32,16,605.882667,571.232817,-5.72
MATMUL,uint32_t,8,128,256,32,32,586.504000,551.431935,-5.98
MATMUL,uint32_t,8,128,128,512,8,5237.106667,4882.279977,-6.78
MATMUL,uint32_t,8,128,256,64,8,1306.482667,1218.464787,-6.74
MATMUL,uint32_t,8,128,256,64,4,1540.666333,1431.442047,-7.09
MATMUL,uint32_t,8,128,128,512,4,6178.632333,5740.861071,-7.09
MATMUL,uint32_t,8,128,128,512,16,4852.019000,4573.554417,-5.74
MATMUL,uint32_t,8,128,256,64,16,1211.795667,1142.340286,-5.73
MATMUL,uint32_t,8,128,128,512,32,4693.792000,4414.692020,-5.95
MATMUL,uint32_t,8,128,128,512,128,4580.920667,4309.780597,-5.92
MATMUL,uint32_t,8,128,128,512,64,4619.669667,4343.757444,-5.97
MATMUL,uint32_t,8,128,256,64,64,1154.001333,1085.074764,-5.97
MATMUL,uint32_t,8,128,256,64,32,1172.855333,1102.637757,-5.99
MATMUL,uint32_t,8,128,256,128,16,2423.289333,2284.555154,-5.73
MATMUL,uint32_t,8,128,256,128,32,2345.224000,2205.316679,-5.97
MATMUL,uint32_t,8,128,256,128,128,2289.169000,2153.020205,-5.95
MATMUL,uint32_t,8,128,256,128,64,2307.907667,2169.826074,-5.98
MATMUL,uint32_t,8,128,256,128,8,2612.776000,2436.823160,-6.73
MATMUL,uint32_t,8,128,256,128,4,3081.232667,2862.761482,-7.09
MATMUL,uint32_t,8,128,256,256,8,5226.139667,4873.488368,-6.75
MATMUL,uint32_t,8,128,256,256,4,6162.017333,5725.401936,-7.09
MATMUL,uint32_t,8,128,256,256,128,4577.059333,4305.893502,-5.92
MATMUL,uint32_t,8,128,256,256,64,4615.639667,4339.512715,-5.98
MATMUL,uint32_t,8,128,256,256,32,4690.704333,4410.495244,-5.97
MATMUL,uint32_t,8,128,256,256,256,4559.201333,4290.442297,-5.89
MATMUL,uint32_t,8,128,256,256,16,4845.743333,4568.984958,-5.71
MATMUL,uint32_t,8,128,512,16,4,769.660333,714.373841,-7.18
MATMUL,uint32_t,8,128,512,16,8,652.652000,608.757426,-6.73
MATMUL,uint32_t,8,128,512,16,16,605.440000,570.854872,-5.71
MATMUL,uint32_t,8,128,512,32,4,1538.887667,1428.591958,-7.17
MATMUL,uint32_t,8,128,512,32,8,1305.139667,1217.382958,-6.72
MATMUL,uint32_t,8,128,512,32,16,1210.808333,1141.584451,-5.72
MATMUL,uint32_t,8,128,256,512,4,12326.162333,11450.673672,-7.10
MATMUL,uint32_t,8,128,512,32,32,1171.736333,1101.785360,-5.97
MATMUL,uint32_t,8,128,256,512,8,10453.652667,9746.865568,-6.76
MATMUL,uint32_t,8,128,256,512,16,9693.422000,9137.844569,-5.73
MATMUL,uint32_t,8,128,256,512,256,9119.469333,8580.910578,-5.91
MATMUL,uint32_t,8,128,256,512,128,9153.745667,8611.452716,-5.92
MATMUL,uint32_t,8,128,256,512,64,9231.204667,8679.241257,-5.98
MATMUL,uint32_t,8,128,256,512,32,9379.387333,8820.852222,-5.95
MATMUL,uint32_t,8,128,512,64,8,2610.391333,2434.654695,-6.73
MATMUL,uint32_t,8,128,512,64,4,3078.161333,2857.064452,-7.18
MATMUL,uint32_t,8,128,512,64,16,2421.763000,2283.042997,-5.73
MATMUL,uint32_t,8,128,512,64,32,2343.698000,2203.703748,-5.97
MATMUL,uint32_t,8,128,512,64,64,2306.902000,2168.741451,-5.99
MATMUL,uint32_t,8,128,512,128,16,4843.569333,4565.960622,-5.73
MATMUL,uint32_t,8,128,512,128,8,5221.278667,4869.162777,-6.74
MATMUL,uint32_t,8,128,512,128,32,4687.051000,4407.622177,-5.96
MATMUL,uint32_t,8,128,512,128,4,6155.948333,5713.996746,-7.18
MATMUL,uint32_t,8,128,512,128,64,4613.638000,4337.314035,-5.99
MATMUL,uint32_t,8,128,512,128,128,4575.981667,4303.880129,-5.95
MATMUL,uint32_t,8,128,512,256,8,10443.231667,9738.202027,-6.75
MATMUL,uint32_t,8,128,512,256,4,12306.796000,11427.875648,-7.14
MATMUL,uint32_t,8,128,512,256,32,9374.479667,8815.104221,-5.97
MATMUL,uint32_t,8,128,512,256,16,9687.216667,9131.795873,-5.73
MATMUL,uint32_t,8,128,512,256,128,9151.896333,8607.962650,-5.94
MATMUL,uint32_t,8,128,512,256,64,9227.171333,8674.442557,-5.99
MATMUL,uint32_t,8,128,512,256,256,9115.097000,8577.137868,-5.90
MATMUL,uint32_t,8,256,16,16,4,50.098333,46.475834,-7.23
MATMUL,uint32_t,8,256,16,16,8,42.110000,39.284068,-6.71
MATMUL,uint32_t,8,256,16,16,16,38.826000,36.598640,-5.74
MATMUL,uint32_t,8,256,16,32,4,100.143000,92.775233,-7.36
MATMUL,uint32_t,8,256,16,32,8,84.092333,78.392481,-6.78
MATMUL,uint32_t,8,256,16,32,16,77.450667,72.948341,-5.81
MATMUL,uint32_t,8,256,16,64,4,200.149000,185.380974,-7.38
MATMUL,uint32_t,8,256,16,64,8,168.028000,156.618490,-6.79
MATMUL,uint32_t,8,256,16,64,16,154.703667,145.855132,-5.72
MATMUL,uint32_t,8,256,16,128,4,400.354333,370.557266,-7.44
MATMUL,uint32_t,8,256,16,128,8,335.983667,313.055064,-6.82
MATMUL,uint32_t,8,256,16,128,16,309.179667,291.283417,-5.79
MATMUL,uint32_t,8,256,16,256,4,800.311000,740.949464,-7.42
MATMUL,uint32_t,8,256,16,256,8,671.803333,625.924800,-6.83
MATMUL,uint32_t,8,256,16,256,16,618.120667,582.299432,-5.80
MATMUL,uint32_t,8,256,16,512,4,1600.504333,1481.825868,-7.42
MATMUL,uint32_t,8,256,16,512,8,1343.363000,1251.647587,-6.83
MATMUL,uint32_t,8,256,16,512,16,1235.859000,1165.340234,-5.71
MATMUL,uint32_t,8,256,32,16,4,98.135667,91.204506,-7.06
MATMUL,uint32_t,8,256,32,16,8,82.870000,77.294294,-6.73
MATMUL,uint32_t,8,256,32,16,16,76.633667,72.156680,-5.84
MATMUL,uint32_t,8,256,32,32,4,196.207667,182.260631,-7.11
MATMUL,uint32_t,8,256,32,32,8,165.586000,154.380862,-6.77
MATMUL,uint32_t,8,256,32,32,16,153.105667,144.078606,-5.90
MATMUL,uint32_t,8,256,32,32,32,147.847667,139.083644,-5.93
MATMUL,uint32_t,8,256,32,64,4,392.210667,364.430592,-7.08
MATMUL,uint32_t,8,256,32,64,8,330.951667,308.577610,-6.76
MATMUL,uint32_t,8,256,32,64,16,305.959000,288.025725,-5.86
MATMUL,uint32_t,8,256,32,64,32,295.392667,277.948324,-5.91
MATMUL,uint32_t,8,256,32,128,4,784.412333,728.677242,-7.11
MATMUL,uint32_t,8,256,32,128,8,661.682333,616.975486,-6.76
MATMUL,uint32_t,8,256,32,128,16,611.611000,575.752176,-5.86
MATMUL,uint32_t,8,256,32,128,32,590.729333,555.730675,-5.92
MATMUL,uint32_t,8,128,512,512,4,24615.045667,22855.652035,-7.15
MATMUL,uint32_t,8,256,32,256,4,1568.617333,1457.232175,-7.10
MATMUL,uint32_t,8,256,32,256,8,1323.129333,1233.770350,-6.75
MATMUL,uint32_t,8,128,512,512,64,18454.197000,17347.973196,-5.99
MATMUL,uint32_t,8,128,512,512,32,18747.242000,17630.068295,-5.96
MATMUL,uint32_t,8,128,512,512,256,18228.773000,17154.137859,-5.90
MATMUL,uint32_t,8,128,512,512,128,18299.477333,17215.746962,-5.92
MATMUL,uint32_t,8,128,512,512,8,20885.365333,19476.282301,-6.75
MATMUL,uint32_t,8,256,32,256,16,1222.866000,1152.291165,-5.77
MATMUL,uint32_t,8,256,64,16,4,194.212333,180.467216,-7.08
MATMUL,uint32_t,8,128,512,512,16,19372.920000,18263.466376,-5.73
MATMUL,uint32_t,8,256,32,256,32,1180.927333,1111.312147,-5.89
MATMUL,uint32_t,8,256,64,16,8,164.363667,153.306984,-6.73
MATMUL,uint32_t,8,256,64,16,16,152.246000,143.478268,-5.76
MATMUL,uint32_t,8,256,64,32,4,388.292667,360.735856,-7.10
MATMUL,uint32_t,8,256,64,32,16,304.367333,286.767015,-5.78
MATMUL,uint32_t,8,256,64,32,8,328.621667,306.404442,-6.76
MATMUL,uint32_t,8,256,64,32,32,294.269667,276.687674,-5.97
MATMUL,uint32_t,8,256,64,64,16,608.368667,572.601490,-5.88
MATMUL,uint32_t,8,256,64,64,32,588.353333,553.327153,-5.95
MATMUL,uint32_t,8,256,64,64,8,657.062000,612.632237,-6.76
MATMUL,uint32_t,8,256,64,64,4,776.691000,721.293407,-7.13
MATMUL,uint32_t,8,256,64,64,64,578.535667,544.186095,-5.94
MATMUL,uint32_t,8,256,32,512,32,2361.919333,2222.434375,-5.91
MATMUL,uint32_t,8,256,32,512,16,2445.903000,2303.660298,-5.82
MATMUL,uint32_t,8,256,32,512,8,2646.788667,2467.373400,-6.78
MATMUL,uint32_t,8,256,32,512,4,3136.975667,2914.269740,-7.10
MATMUL,uint32_t,8,256,64,128,8,1314.109000,1225.065350,-6.78
MATMUL,uint32_t,8,256,64,128,16,1216.824667,1145.280498,-5.88
MATMUL,uint32_t,8,256,64,128,4,1552.620000,1442.413160,-7.10
MATMUL,uint32_t,8,256,64,128,32,1176.150000,1106.157895,-5.95
MATMUL,uint32_t,8,256,64,128,64,1157.016000,1088.152926,-5.95
MATMUL,uint32_t,8,256,64,256,8,2627.771667,2449.951034,-6.77
MATMUL,uint32_t,8,256,64,256,16,2432.838000,2290.190349,-5.86
MATMUL,uint32_t,8,256,64,256,64,2313.872333,2176.222107,-5.95
MATMUL,uint32_t,8,256,64,256,32,2353.082000,2212.257939,-5.98
MATMUL,uint32_t,8,256,64,256,4,3105.915000,2884.724465,-7.12
MATMUL,uint32_t,8,256,128,16,8,327.423333,305.313720,-6.75
MATMUL,uint32_t,8,256,128,16,4,386.309000,358.973309,-7.08
MATMUL,uint32_t,8,256,128,16,16,303.480667,286.020819,-5.75
MATMUL,uint32_t,8,256,128,32,8,654.483000,610.453168,-6.73
MATMUL,uint32_t,8,256,128,32,4,772.504333,717.765095,-7.09
MATMUL,uint32_t,8,256,128,32,16,606.783333,571.859767,-5.76
MATMUL,uint32_t,8,256,128,32,32,587.027667,552.014961,-5.96
MATMUL,uint32_t,8,256,128,64,8,1309.471333,1220.712993,-6.78
MATMUL,uint32_t,8,256,128,64,4,1544.903667,1435.356221,-7.09
MATMUL,uint32_t,8,256,128,64,16,1213.158333,1143.538254,-5.74
MATMUL,uint32_t,8,256,64,512,16,4866.196000,4580.348356,-5.87
MATMUL,uint32_t,8,256,64,512,8,5255.877333,4899.727224,-6.78
MATMUL,uint32_t,8,256,128,64,32,1173.941333,1103.903777,-5.97
MATMUL,uint32_t,8,256,64,512,4,6211.709667,5769.152571,-7.12
MATMUL,uint32_t,8,256,128,64,64,1154.989667,1086.105663,-5.96
MATMUL,uint32_t,8,256,64,512,64,4627.680000,4352.208291,-5.95
MATMUL,uint32_t,8,256,64,512,32,4705.217667,4423.910932,-5.98
MATMUL,uint32_t,8,256,128,128,16,2426.170667,2286.894389,-5.74
MATMUL,uint32_t,8,256,128,128,8,2618.623667,2441.249639,-6.77
MATMUL,uint32_t,8,256,128,128,4,3089.360333,2870.534789,-7.08
MATMUL,uint32_t,8,256,128,128,128,2290.692667,2154.969761,-5.92
MATMUL,uint32_t,8,256,128,128,32,2348.127667,2207.641566,-5.98
MATMUL,uint32_t,8,256,128,128,64,2309.893667,2172.039730,-5.97
MATMUL,uint32_t,8,256,128,256,8,5235.961333,4882.330854,-6.75
MATMUL,uint32_t,8,256,128,256,32,4695.605667,4414.753037,-5.98
MATMUL,uint32_t,8,256,128,256,16,4851.778000,4573.606673,-5.73
MATMUL,uint32_t,8,256,128,256,4,6178.554333,5740.896318,-7.08
MATMUL,uint32_t,8,256,128,256,64,4619.650000,4343.796145,-5.97
MATMUL,uint32_t,8,256,128,256,128,4581.805667,4309.497704,-5.94
MATMUL,uint32_t,8,256,256,16,4,770.672333,715.836283,-7.12
MATMUL,uint32_t,8,256,256,16,8,653.480667,609.360770,-6.75
MATMUL,uint32_t,8,256,256,16,16,605.905000,570.850372,-5.79
MATMUL,uint32_t,8,256,256,32,4,1540.829333,1431.538571,-7.09
MATMUL,uint32_t,8,256,256,32,8,1306.747333,1218.516967,-6.75
MATMUL,uint32_t,8,256,256,32,16,1211.808667,1142.392546,-5.73
MATMUL,uint32_t,8,256,256,32,32,1172.564333,1102.778018,-5.95
MATMUL,uint32_t,8,256,128,512,8,10474.064667,9764.488775,-6.77
MATMUL,uint32_t,8,256,256,64,8,2613.354667,2436.858670,-6.75
MATMUL,uint32_t,8,256,256,64,4,3082.312333,2862.813698,-7.12
MATMUL,uint32_t,8,256,128,512,4,12357.070333,11481.652110,-7.08
MATMUL,uint32_t,8,256,256,64,16,2423.739000,2284.607457,-5.74
MATMUL,uint32_t,8,256,128,512,16,9706.829333,9147.031300,-5.77
MATMUL,uint32_t,8,256,128,512,64,9239.166333,8687.416147,-5.97
MATMUL,uint32_t,8,256,128,512,128,9163.369667,8619.474811,-5.94
MATMUL,uint32_t,8,256,128,512,32,9391.780667,8829.295513,-5.99
MATMUL,uint32_t,8,256,256,64,32,2344.871333,2205.184822,-5.96
MATMUL,uint32_t,8,256,256,64,64,2307.891333,2170.051765,-5.97
MATMUL,uint32_t,8,256,256,128,16,4846.671667,4569.037138,-5.73
MATMUL,uint32_t,8,256,256,128,8,5226.870333,4873.575259,-6.76
MATMUL,uint32_t,8,256,256,128,64,4615.627667,4339.564736,-5.98
MATMUL,uint32_t,8,256,256,128,128,4576.838333,4305.917283,-5.92
MATMUL,uint32_t,8,256,256,128,32,4691.119000,4410.547445,-5.98
MATMUL,uint32_t,8,256,256,128,4,6164.070667,5725.452569,-7.12
MATMUL,uint32_t,8,256,256,256,8,10452.528000,9746.905894,-6.75
MATMUL,uint32_t,8,256,256,256,4,12325.445333,11450.733496,-7.10
MATMUL,uint32_t,8,256,256,256,128,9156.100333,8611.659407,-5.95
MATMUL,uint32_t,8,256,256,256,256,9120.194667,8580.786962,-5.91
MATMUL,uint32_t,8,256,256,256,64,9231.150667,8678.938017,-5.98
MATMUL,uint32_t,8,256,256,256,32,9379.294000,8820.904493,-5.95
MATMUL,uint32_t,8,256,256,256,16,9693.682667,9137.896636,-5.73
MATMUL,uint32_t,8,256,512,16,4,1539.017333,1428.675616,-7.17
MATMUL,uint32_t,8,256,512,16,8,1305.431667,1217.443171,-6.74
MATMUL,uint32_t,8,256,512,16,16,1210.691000,1141.636701,-5.70
MATMUL,uint32_t,8,256,512,32,4,3077.927667,2857.112560,-7.17
MATMUL,uint32_t,8,256,512,32,8,2610.477333,2434.695149,-6.73
MATMUL,uint32_t,8,256,512,32,16,2421.750333,2283.095865,-5.73
MATMUL,uint32_t,8,256,512,32,32,2344.596667,2203.490213,-6.02
MATMUL,uint32_t,8,256,256,512,4,24647.359000,22901.276900,-7.08
MATMUL,uint32_t,8,256,256,512,8,20905.301667,19493.660441,-6.75
MATMUL,uint32_t,8,256,256,512,16,19386.725000,18275.615640,-5.73
MATMUL,uint32_t,8,256,256,512,128,18307.675000,17222.780094,-5.93
MATMUL,uint32_t,8,256,256,512,256,18235.752667,17161.719097,-5.89
MATMUL,uint32_t,8,256,256,512,64,18462.236000,17358.378963,-5.98
MATMUL,uint32_t,8,256,256,512,32,18760.949333,17641.618235,-5.97
MATMUL,uint32_t,8,256,512,64,8,5221.763667,4869.238446,-6.75
MATMUL,uint32_t,8,256,512,64,4,6152.856333,5714.057671,-7.13
MATMUL,uint32_t,8,256,512,64,16,4843.987000,4566.012856,-5.74
MATMUL,uint32_t,8,256,512,64,32,4686.768333,4407.318161,-5.96
MATMUL,uint32_t,8,256,512,64,64,4613.659667,4337.394063,-5.99
MATMUL,uint32_t,8,256,512,128,16,9685.068000,9131.848052,-5.71
MATMUL,uint32_t,8,256,512,128,8,10444.352333,9738.254974,-6.76
MATMUL,uint32_t,8,256,512,128,32,9374.180667,8815.156683,-5.96
MATMUL,uint32_t,8,256,512,128,4,12308.939333,11427.922147,-7.16
MATMUL,uint32_t,8,256,512,128,64,9227.171000,8674.533747,-5.99
MATMUL,uint32_t,8,256,512,128,128,9152.263000,8607.638103,-5.95
MATMUL,uint32_t,8,256,512,256,8,20885.474667,19476.333473,-6.75
MATMUL,uint32_t,8,256,512,256,4,24624.550333,22855.679953,-7.18
MATMUL,uint32_t,8,256,512,256,32,18752.891000,17630.120935,-5.99
MATMUL,uint32_t,8,256,512,256,16,19367.885000,18263.518443,-5.70
MATMUL,uint32_t,8,256,512,256,64,18454.188333,17348.788826,-5.99
MATMUL,uint32_t,8,256,512,256,128,18300.670333,17215.799236,-5.93
MATMUL,uint32_t,8,256,512,256,256,18229.450000,17154.080509,-5.90
MATMUL,uint32_t,8,512,16,16,4,100.154000,92.879872,-7.26
MATMUL,uint32_t,8,512,16,16,8,84.171333,78.494526,-6.74
MATMUL,uint32_t,8,512,16,16,16,77.603333,73.135402,-5.76
MATMUL,uint32_t,8,512,16,32,4,200.187333,185.478409,-7.35
MATMUL,uint32_t,8,512,16,32,8,168.109667,156.710686,-6.78
MATMUL,uint32_t,8,512,16,32,16,154.824000,145.823427,-5.81
MATMUL,uint32_t,8,512,16,64,4,400.351000,370.690070,-7.41
MATMUL,uint32_t,8,512,16,64,8,335.980000,313.163531,-6.79
MATMUL,uint32_t,8,512,16,64,16,309.307000,291.644077,-5.71
MATMUL,uint32_t,8,512,16,128,4,800.540000,741.042575,-7.43
MATMUL,uint32_t,8,512,16,128,8,671.690667,626.036729,-6.80
MATMUL,uint32_t,8,512,16,128,16,618.346333,582.497906,-5.80
MATMUL,uint32_t,8,512,16,256,4,1600.485000,1481.826931,-7.41
MATMUL,uint32_t,8,512,16,256,8,1343.331667,1251.776141,-6.82
MATMUL,uint32_t,8,512,16,256,16,1236.031000,1164.527099,-5.78
MATMUL,uint32_t,8,512,16,512,4,3201.165667,2963.580168,-7.42
MATMUL,uint32_t,8,512,16,512,8,2686.895000,2503.221703,-6.84
MATMUL,uint32_t,8,512,16,512,16,2471.961333,2330.612182,-5.72
MATMUL,uint32_t,8,512,32,16,4,196.202667,182.338600,-7.07
MATMUL,uint32_t,8,512,32,16,8,165.666333,154.515837,-6.73
MATMUL,uint32_t,8,512,32,16,16,153.208333,144.234725,-5.86
MATMUL,uint32_t,8,512,32,32,4,392.283000,364.450563,-7.09
MATMUL,uint32_t,8,512,32,32,8,331.185333,308.690042,-6.79
MATMUL,uint32_t,8,512,32,32,16,306.135333,288.079338,-5.90
MATMUL,uint32_t,8,512,32,32,32,295.640333,278.093854,-5.94
MATMUL,uint32_t,8,512,32,64,4,784.504000,728.790583,-7.10
MATMUL,uint32_t,8,512,32,64,8,661.994000,617.083557,-6.78
MATMUL,uint32_t,8,512,32,64,16,611.773333,575.974578,-5.85
MATMUL,uint32_t,8,512,32,64,32,590.959000,555.825484,-5.95
MATMUL,uint32_t,8,512,32,128,4,1568.411000,1457.283932,-7.09
MATMUL,uint32_t,8,512,32,128,8,1323.483667,1233.879313,-6.77
MATMUL,uint32_t,8,512,32,128,16,1223.165000,1151.426965,-5.86
MATMUL,uint32_t,8,512,32,128,32,1181.444333,1111.391046,-5.93
MATMUL,uint32_t,8,256,512,512,4,49237.542000,45711.233069,-7.16
MATMUL,uint32_t,8,512,32,256,4,3138.150333,2914.394083,-7.13
MATMUL,uint32_t,8,512,32,256,8,2646.627000,2467.469048,-6.77
MATMUL,uint32_t,8,512,32,256,16,2445.806000,2304.500414,-5.78
MATMUL,uint32_t,8,256,512,512,64,36908.312667,34695.857030,-5.99
MATMUL,uint32_t,8,256,512,512,32,37506.358333,35260.049372,-5.99
MATMUL,uint32_t,8,256,512,512,128,36608.767000,34431.367827,-5.95
MATMUL,uint32_t,8,256,512,512,256,36459.601333,34308.048884,-5.90
MATMUL,uint32_t,8,256,512,512,8,41771.322000,38952.494073,-6.75
MATMUL,uint32_t,8,512,64,16,4,388.281000,360.864489,-7.06
MATMUL,uint32_t,8,256,512,512,16,38737.840333,36526.859232,-5.71
MATMUL,uint32_t,8,512,64,16,8,328.645333,306.540695,-6.73
MATMUL,uint32_t,8,512,32,256,32,2361.975667,2222.554050,-5.90
MATMUL,uint32_t,8,512,64,16,16,304.410333,286.880630,-5.76
MATMUL,uint32_t,8,512,64,32,8,657.183667,612.737938,-6.76
MATMUL,uint32_t,8,512,64,32,16,608.496000,573.456313,-5.76
MATMUL,uint32_t,8,512,64,32,4,776.602333,721.401750,-7.11
MATMUL,uint32_t,8,512,64,32,32,588.442667,553.297593,-5.97
MATMUL,uint32_t,8,512,64,64,8,1313.754667,1225.193568,-6.74
MATMUL,uint32_t,8,512,64,64,16,1216.583333,1145.128243,-5.87
MATMUL,uint32_t,8,512,64,64,32,1176.761667,1106.576214,-5.96
MATMUL,uint32_t,8,512,64,64,4,1552.885667,1442.516781,-7.11
MATMUL,uint32_t,8,512,64,64,64,1156.984000,1088.300254,-5.94
MATMUL,uint32_t,8,512,32,512,8,5292.872667,4934.675203,-6.77
MATMUL,uint32_t,8,512,32,512,16,4891.175000,4607.242107,-5.81
MATMUL,uint32_t,8,512,32,512,4,6275.044000,5828.469235,-7.12
MATMUL,uint32_t,8,512,32,512,32,4723.484667,4444.798739,-5.90
MATMUL,uint32_t,8,512,64,128,16,2432.929333,2290.484676,-5.85
MATMUL,uint32_t,8,512,64,128,8,2627.492667,2450.059871,-6.75
MATMUL,uint32_t,8,512,64,128,4,3105.750667,2884.756294,-7.12
MATMUL,uint32_t,8,512,64,128,32,2352.279333,2212.233529,-5.95
MATMUL,uint32_t,8,512,64,128,64,2313.895667,2176.219632,-5.95
MATMUL,uint32_t,8,512,64,256,16,4865.487000,4580.305309,-5.86
MATMUL,uint32_t,8,512,64,256,8,5255.989667,4899.831148,-6.78
MATMUL,uint32_t,8,512,64,256,64,4627.653333,4352.369450,-5.95
MATMUL,uint32_t,8,512,64,256,32,4704.886000,4424.430684,-5.96
MATMUL,uint32_t,8,512,128,16,8,654.758000,610.556594,-6.75
MATMUL,uint32_t,8,512,64,256,4,6210.565333,5769.379209,-7.10
MATMUL,uint32_t,8,512,128,16,4,772.307333,717.876603,-7.05
MATMUL,uint32_t,8,512,128,16,16,606.782000,571.964002,-5.74
MATMUL,uint32_t,8,512,128,32,8,1309.313333,1220.835334,-6.76
MATMUL,uint32_t,8,512,128,32,4,1545.047667,1435.460046,-7.09
MATMUL,uint32_t,8,512,128,32,16,1213.426333,1143.641931,-5.75
MATMUL,uint32_t,8,512,128,32,32,1173.934000,1103.951149,-5.96
MATMUL,uint32_t,8,512,128,64,8,2617.758000,2441.354805,-6.74
MATMUL,uint32_t,8,512,128,64,4,3088.445333,2870.642286,-7.05
MATMUL,uint32_t,8,512,128,64,16,2426.663333,2286.998965,-5.76
MATMUL,uint32_t,8,512,64,512,16,9733.017667,9160.620907,-5.88
MATMUL,uint32_t,8,512,64,512,8,10510.293000,9799.383616,-6.76
MATMUL,uint32_t,8,512,128,64,32,2348.283667,2207.718234,-5.99
MATMUL,uint32_t,8,512,128,64,64,2309.876333,2172.111905,-5.96
MATMUL,uint32_t,8,512,64,512,4,12419.346333,11538.235191,-7.09
MATMUL,uint32_t,8,512,64,512,32,9409.721000,8847.735781,-5.97
MATMUL,uint32_t,8,512,64,512,64,9255.247667,8704.336915,-5.95
MATMUL,uint32_t,8,512,128,128,16,4852.272333,4573.711237,-5.74
MATMUL,uint32_t,8,512,128,128,8,5237.736667,4882.428085,-6.78
MATMUL,uint32_t,8,512,128,128,4,6178.588000,5740.999426,-7.08
MATMUL,uint32_t,8,512,128,128,32,4694.722667,4415.196259,-5.95
MATMUL,uint32_t,8,512,128,128,64,4619.644000,4343.982262,-5.97
MATMUL,uint32_t,8,512,128,128,128,4580.985667,4309.859114,-5.92
MATMUL,uint32_t,8,512,128,256,8,10473.583667,9764.590491,-6.77
MATMUL,uint32_t,8,512,128,256,4,12357.589000,11481.722491,-7.09
MATMUL,uint32_t,8,512,128,256,32,9391.482000,8829.417197,-5.98
MATMUL,uint32_t,8,512,128,256,16,9704.707333,9147.135799,-5.75
MATMUL,uint32_t,8,512,128,256,64,9239.173667,8687.492427,-5.97
MATMUL,uint32_t,8,512,128,256,128,9163.410667,8618.910168,-5.94
MATMUL,uint32_t,8,512,256,16,4,1540.934667,1431.602148,-7.10
MATMUL,uint32_t,8,512,256,16,8,1306.777000,1218.650660,-6.74
MATMUL,uint32_t,8,512,256,16,16,1211.674333,1141.616938,-5.78
MATMUL,uint32_t,8,512,256,32,4,3081.902333,2863.006727,-7.10
MATMUL,uint32_t,8,512,256,32,8,2613.608667,2436.962908,-6.76
MATMUL,uint32_t,8,512,256,32,16,2423.592667,2284.712005,-5.73
MATMUL,uint32_t,8,512,256,32,32,2345.033333,2205.470185,-5.95
MATMUL,uint32_t,8,512,128,512,8,20952.943000,19528.906373,-6.80
MATMUL,uint32_t,8,512,256,64,8,5227.174333,4873.646436,-6.76
MATMUL,uint32_t,8,512,256,64,4,6162.342333,5725.557001,-7.09
MATMUL,uint32_t,8,512,128,512,4,24715.642000,22963.234187,-7.09
MATMUL,uint32_t,8,512,256,64,16,4847.189333,4569.141799,-5.74
MATMUL,uint32_t,8,512,128,512,16,19407.291667,18293.985065,-5.74
MATMUL,uint32_t,8,512,128,512,128,18322.235667,17238.863238,-5.91
MATMUL,uint32_t,8,512,256,64,32,4691.360667,4410.278954,-5.99
MATMUL,uint32_t,8,512,128,512,64,18478.260000,17374.733553,-5.97
MATMUL,uint32_t,8,512,256,64,64,4615.640333,4340.005766,-5.97
MATMUL,uint32_t,8,512,128,512,32,18775.696667,17658.502499,-5.95
MATMUL,uint32_t,8,512,256,128,16,9692.457000,9138.001105,-5.72
MATMUL,uint32_t,8,512,256,128,64,9231.150333,8679.042059,-5.98
MATMUL,uint32_t,8,512,256,128,128,9153.383667,8611.711439,-5.92
MATMUL,uint32_t,8,512,256,128,8,10452.654667,9747.079457,-6.75
MATMUL,uint32_t,8,512,256,128,32,9382.054333,8821.008977,-5.98
MATMUL,uint32_t,8,512,256,128,4,12325.200333,11450.834744,-7.09
MATMUL,uint32_t,8,512,256,256,8,20906.713333,19493.740946,-6.76
MATMUL,uint32_t,8,512,256,256,4,24644.257667,22901.396617,-7.07
MATMUL,uint32_t,8,512,256,256,256,18238.507333,17161.476293,-5.91
MATMUL,uint32_t,8,512,256,256,128,18310.435667,17223.191217,-5.94
MATMUL,uint32_t,8,512,256,256,64,18462.195667,17357.788620,-5.98
MATMUL,uint32_t,8,512,256,256,32,18763.700000,17641.722989,-5.98
MATMUL,uint32_t,8,512,256,256,16,19383.748667,18275.719992,-5.72
MATMUL,uint32_t,8,512,512,16,4,3078.278000,2857.279166,-7.18
MATMUL,uint32_t,8,512,512,16,8,2610.188333,2434.814659,-6.72
MATMUL,uint32_t,8,512,512,16,16,2421.981333,2283.200360,-5.73
MATMUL,uint32_t,8,512,512,32,4,6156.358667,5714.153763,-7.18
MATMUL,uint32_t,8,512,512,32,8,5220.375667,4869.319530,-6.72
MATMUL,uint32_t,8,512,512,32,16,4842.069333,4566.118694,-5.70
MATMUL,uint32_t,8,512,512,32,32,4687.164667,4406.899918,-5.98
MATMUL,uint32_t,8,512,256,512,4,49290.736333,45802.483358,-7.08
MATMUL,uint32_t,8,512,256,512,8,41805.966667,38987.250189,-6.74
MATMUL,uint32_t,8,512,256,512,16,38775.569000,36551.157781,-5.74
MATMUL,uint32_t,8,512,256,512,128,36619.526333,34445.434849,-5.94
MATMUL,uint32_t,8,512,256,512,256,36478.030333,34323.336137,-5.91
MATMUL,uint32_t,8,512,256,512,64,36924.312000,34716.654374,-5.98
MATMUL,uint32_t,8,512,256,512,32,37513.944667,35283.150260,-5.95
MATMUL,uint32_t,8,512,512,64,8,10442.887667,9738.405947,-6.75
MATMUL,uint32_t,8,512,512,64,4,12311.861000,11428.044110,-7.18
MATMUL,uint32_t,8,512,512,64,16,9686.199000,9131.952574,-5.72
MATMUL,uint32_t,8,512,512,64,32,9375.449000,8814.546989,-5.98
MATMUL,uint32_t,8,512,512,64,64,9227.194000,8674.699287,-5.99
MATMUL,uint32_t,8,512,512,128,16,19374.327333,18263.622912,-5.73
MATMUL,uint32_t,8,512,512,128,8,20883.774000,19476.439368,-6.74
MATMUL,uint32_t,8,512,512,128,32,18748.407667,17630.225694,-5.96
MATMUL,uint32_t,8,512,512,128,4,24624.210000,22855.772950,-7.18
MATMUL,uint32_t,8,512,512,128,64,18454.234000,17348.973171,-5.99
MATMUL,uint32_t,8,512,512,128,128,18301.170333,17215.154052,-5.93
MATMUL,uint32_t,8,512,512,256,8,41770.340000,38952.596367,-6.75
MATMUL,uint32_t,8,512,512,256,4,49219.742333,45711.288565,-7.13
MATMUL,uint32_t,8,512,512,256,32,37494.595000,35260.154363,-5.96
MATMUL,uint32_t,8,512,512,256,16,38746.691000,36526.963585,-5.73
MATMUL,uint32_t,8,512,512,256,64,36908.282667,34697.481362,-5.99
MATMUL,uint32_t,8,512,512,256,128,36604.678667,34431.472409,-5.94
MATMUL,uint32_t,8,512,512,256,256,36460.316333,34307.965792,-5.90
MATMUL,uint32_t,16,16,16,16,4,4.308333,3.749201,-12.98
MATMUL,uint32_t,16,16,16,16,8,3.753333,3.392347,-9.62
MATMUL,uint32_t,16,16,16,16,16,3.517333,3.249569,-7.61
MATMUL,uint32_t,16,16,16,32,4,8.515667,7.387872,-13.24
MATMUL,uint32_t,16,16,16,32,8,7.411333,6.676409,-9.92
MATMUL,uint32_t,16,16,16,32,16,6.940000,6.390646,-7.92
MATMUL,uint32_t,16,16,16,64,4,16.956000,14.666707,-13.50
MATMUL,uint32_t,16,16,16,64,8,14.726667,13.238764,-10.10
MATMUL,uint32_t,16,16,16,64,16,13.840333,12.673202,-8.43
MATMUL,uint32_t,16,16,16,128,4,33.817333,29.223561,-13.58
MATMUL,uint32_t,16,16,16,128,8,29.363333,26.370762,-10.19
MATMUL,uint32_t,16,16,16,128,16,27.504333,25.237912,-8.24
MATMUL,uint32_t,16,16,16,256,4,67.513000,58.338361,-13.59
MATMUL,uint32_t,16,16,16,256,8,58.632000,52.611910,-10.27
MATMUL,uint32_t,16,16,16,256,16,54.923333,50.366188,-8.30
MATMUL,uint32_t,16,16,16,512,4,134.922667,116.566053,-13.61
MATMUL,uint32_t,16,16,16,512,8,117.183667,105.132623,-10.28
MATMUL,uint32_t,16,16,16,512,16,109.746667,100.630669,-8.31
MATMUL,uint32_t,16,16,32,16,4,8.349667,7.280620,-12.80
MATMUL,uint32_t,16,16,32,16,8,7.312333,6.612295,-9.57
MATMUL,uint32_t,16,16,32,16,16,6.874667,6.339920,-7.78
MATMUL,uint32_t,16,16,32,32,4,16.614000,14.461467,-12.96
MATMUL,uint32_t,16,16,32,32,8,14.528000,13.113581,-9.74
MATMUL,uint32_t,16,16,32,32,16,13.669333,12.575967,-8.00
MATMUL,uint32_t,16,16,32,32,32,13.283000,12.192038,-8.21
MATMUL,uint32_t,16,16,32,64,4,33.136333,28.807146,-13.06
MATMUL,uint32_t,16,16,32,64,8,28.965333,26.117925,-9.83
MATMUL,uint32_t,16,16,32,64,16,27.225333,25.044049,-8.01
MATMUL,uint32_t,16,16,32,64,32,26.478333,24.271400,-8.33
MATMUL,uint32_t,16,16,32,128,4,66.181333,57.508008,-13.11
MATMUL,uint32_t,16,16,32,128,8,57.841000,52.130968,-9.87
MATMUL,uint32_t,16,16,32,128,16,54.363667,49.980747,-8.06
MATMUL,uint32_t,16,16,32,128,32,52.837000,48.421129,-8.36
MATMUL,uint32_t,16,16,32,256,4,132.270333,114.910299,-13.12
MATMUL,uint32_t,16,16,32,256,8,115.563333,104.164071,-9.86
MATMUL,uint32_t,16,16,32,256,16,108.672667,99.840780,-8.13
MATMUL,uint32_t,16,16,32,256,32,105.571333,96.727602,-8.38
MATMUL,uint32_t,16,16,32,512,4,264.397000,229.714188,-13.12
MATMUL,uint32_t,16,16,32,512,8,231.030000,208.222048,-9.87
MATMUL,uint32_t,16,16,32,512,16,217.185333,199.564550,-8.11
MATMUL,uint32_t,16,16,32,512,32,211.048333,193.374525,-8.37
MATMUL,uint32_t,16,16,64,16,4,16.453667,14.346621,-12.81
MATMUL,uint32_t,16,16,64,16,8,14.430333,13.019829,-9.77
MATMUL,uint32_t,16,16,64,16,16,13.594000,12.521547,-7.89
MATMUL,uint32_t,16,16,64,32,4,32.803000,28.597474,-12.82
MATMUL,uint32_t,16,16,64,32,8,28.763667,25.938097,-9.82
MATMUL,uint32_t,16,16,64,32,16,27.107333,24.943421,-7.98
MATMUL,uint32_t,16,16,64,32,32,26.361000,24.174564,-8.29
MATMUL,uint32_t,16,16,64,64,4,65.516333,57.092917,-12.86
MATMUL,uint32_t,16,16,64,64,8,57.433333,51.781420,-9.84
MATMUL,uint32_t,16,16,64,64,16,54.092000,49.770688,-7.99
MATMUL,uint32_t,16,16,64,64,32,52.634000,48.231462,-8.36
MATMUL,uint32_t,16,16,64,64,64,51.933000,48.293914,-7.01
MATMUL,uint32_t,16,16,64,128,4,130.954333,114.078995,-12.89
MATMUL,uint32_t,16,16,64,128,8,114.742667,103.483792,-9.81
MATMUL,uint32_t,16,16,64,128,16,108.128667,99.423246,-8.05
MATMUL,uint32_t,16,16,64,128,32,105.180333,96.342191,-8.40
MATMUL,uint32_t,16,16,64,128,64,103.790667,96.467302,-7.06
MATMUL,uint32_t,16,16,64,256,4,261.762333,228.056693,-12.88
MATMUL,uint32_t,16,16,64,256,8,229.419667,206.860579,-9.83
MATMUL,uint32_t,16,16,64,256,16,216.151000,198.729696,-8.06
MATMUL,uint32_t,16,16,64,256,32,210.201000,192.556292,-8.39
MATMUL,uint32_t,16,16,64,256,64,207.441000,192.812039,-7.05
MATMUL,uint32_t,16,16,64,512,4,523.457000,456.009800,-12.88
MATMUL,uint32_t,16,16,64,512,8,458.740000,413.615540,-9.84
MATMUL,uint32_t,16,16,64,512,16,432.146000,397.332129,-8.06
MATMUL,uint32_t,16,16,64,512,32,420.310667,384.981627,-8.41
MATMUL,uint32_t,16,16,64,512,64,414.739667,385.511580,-7.05
MATMUL,uint32_t,16,16,128,16,4,32.636000,28.572695,-12.45
MATMUL,uint32_t,16,16,128,16,8,28.661000,25.933321,-9.52
MATMUL,uint32_t,16,16,128,16,16,27.033667,24.904447,-7.88
MATMUL,uint32_t,16,16,128,32,4,65.179667,57.045702,-12.48
MATMUL,uint32_t,16,16,128,32,8,57.227667,51.693342,-9.67
MATMUL,uint32_t,16,16,128,32,16,53.975333,49.705114,-7.91
MATMUL,uint32_t,16,16,128,32,32,52.530000,48.151949,-8.33
MATMUL,uint32_t,16,16,128,64,4,130.298333,113.994488,-12.51
MATMUL,uint32_t,16,16,128,64,8,114.375000,103.287544,-9.69
MATMUL,uint32_t,16,16,128,64,16,107.866333,99.295555,-7.95
MATMUL,uint32_t,16,16,128,64,32,104.975667,96.188121,-8.37
MATMUL,uint32_t,16,16,128,64,64,103.597667,96.331740,-7.01
MATMUL,uint32_t,16,16,128,128,4,260.460333,227.880549,-12.51
MATMUL,uint32_t,16,16,128,128,8,228.652333,206.471191,-9.70
MATMUL,uint32_t,16,16,128,128,16,215.588000,198.509338,-7.92
MATMUL,uint32_t,16,16,128,128,32,209.844000,192.241794,-8.39
MATMUL,uint32_t,16,16,128,128,64,207.123667,192.551871,-7.04
MATMUL,uint32_t,16,16,128,128,128,205.802667,191.914755,-6.75
MATMUL,uint32_t,16,16,128,256,4,520.799333,455.641649,-12.51
MATMUL,uint32_t,16,16,128,256,8,457.113333,412.839689,-9.69
MATMUL,uint32_t,16,16,128,256,16,431.096667,396.918336,-7.93
MATMUL,uint32_t,16,16,128,256,32,419.543333,384.375809,-8.38
MATMUL,uint32_t,16,16,128,256,64,414.129333,384.982067,-7.04
MATMUL,uint32_t,16,16,128,256,128,411.501667,383.673097,-6.76
MATMUL,uint32_t,16,16,128,512,4,1041.489000,911.179271,-12.51
MATMUL,uint32_t,16,16,128,512,8,914.121333,825.577035,-9.69
MATMUL,uint32_t,16,16,128,512,16,861.910333,793.732779,-7.91
MATMUL,uint32_t,16,16,128,512,32,838.792333,768.660145,-8.36
MATMUL,uint32_t,16,16,128,512,64,827.982000,769.785311,-7.03
MATMUL,uint32_t,16,16,128,512,128,822.826667,767.192579,-6.76
MATMUL,uint32_t,16,16,256,16,4,65.014000,56.893602,-12.49
MATMUL,uint32_t,16,16,256,16,8,57.125000,51.616186,-9.64
MATMUL,uint32_t,16,16,256,16,16,53.895333,49.659787,-7.86
MATMUL,uint32_t,16,16,256,32,4,129.926333,113.687301,-12.50
MATMUL,uint32_t,16,16,256,32,8,114.173667,103.128985,-9.67
MATMUL,uint32_t,16,16,256,32,16,107.728000,99.200691,-7.92
MATMUL,uint32_t,16,16,256,32,32,104.881000,96.125792,-8.35
MATMUL,uint32_t,16,16,256,64,4,259.803000,227.268143,-12.52
MATMUL,uint32_t,16,16,256,64,8,228.160333,206.155582,-9.64
MATMUL,uint32_t,16,16,256,64,16,215.293333,198.301029,-7.89
MATMUL,uint32_t,16,16,256,64,32,209.613667,192.128490,-8.34
MATMUL,uint32_t,16,16,256,64,64,206.931000,192.416027,-7.01
MATMUL,uint32_t,16,16,256,128,4,519.435667,454.440958,-12.51
MATMUL,uint32_t,16,16,256,128,8,456.357667,412.207334,-9.67
MATMUL,uint32_t,16,16,256,128,16,430.536333,396.435873,-7.92
MATMUL,uint32_t,16,16,256,128,32,419.116667,384.107572,-8.35
MATMUL,uint32_t,16,16,256,128,64,413.775667,384.722188,-7.02
MATMUL,uint32_t,16,16,256,128,128,411.152667,383.439297,-6.74
MATMUL,uint32_t,16,16,256,256,4,1038.723000,908.780480,-12.51
MATMUL,uint32_t,16,16,256,256,8,912.595667,824.312366,-9.67
MATMUL,uint32_t,16,16,256,256,16,860.883667,792.764595,-7.91
MATMUL,uint32_t,16,16,256,256,32,838.129667,768.036577,-8.36
MATMUL,uint32_t,16,16,256,256,64,827.324333,769.311585,-7.01
MATMUL,uint32_t,16,16,256,256,128,822.270667,766.706853,-6.76
MATMUL,uint32_t,16,16,256,512,4,2077.288667,1817.467867,-12.51
MATMUL,uint32_t,16,16,256,512,8,1824.722000,1648.520278,-9.66
MATMUL,uint32_t,16,16,256,512,16,1721.621333,1585.421542,-7.91
MATMUL,uint32_t,16,16,256,512,32,1676.244000,1535.978267,-8.37
MATMUL,uint32_t,16,16,256,512,64,1654.547667,1538.522928,-7.01
MATMUL,uint32_t,16,16,256,512,128,1644.094000,1533.265305,-6.74
MATMUL,uint32_t,16,16,512,16,4,129.784000,113.500241,-12.55
MATMUL,uint32_t,16,16,512,16,8,114.045000,103.055508,-9.64
MATMUL,uint32_t,16,16,512,16,16,107.674667,99.164033,-7.90
MATMUL,uint32_t,16,16,512,32,4,259.437667,226.908864,-12.54
MATMUL,uint32_t,16,16,512,32,8,227.997333,206.009089,-9.64
MATMUL,uint32_t,16,16,512,32,16,215.188333,198.198562,-7.90
MATMUL,uint32_t,16,16,512,32,32,209.505000,192.058766,-8.33
MATMUL,uint32_t,16,16,512,64,4,518.802000,453.721847,-12.54
MATMUL,uint32_t,16,16,512,64,8,455.932000,411.915279,-9.65
MATMUL,uint32_t,16,16,512,64,16,430.234667,396.278991,-7.89
MATMUL,uint32_t,16,16,512,64,32,418.952667,383.952506,-8.35
MATMUL,uint32_t,16,16,512,64,64,413.597000,384.604892,-7.01
MATMUL,uint32_t,16,16,512,128,4,1037.296667,907.339529,-12.53
MATMUL,uint32_t,16,16,512,128,8,911.593000,823.728880,-9.64
MATMUL,uint32_t,16,16,512,128,16,860.303667,792.447009,-7.89
MATMUL,uint32_t,16,16,512,128,32,837.608000,767.782370,-8.34
MATMUL,uint32_t,16,16,512,128,64,827.055333,769.058202,-7.01
MATMUL,uint32_t,16,16,512,128,128,821.960667,766.510157,-6.75
MATMUL,uint32_t,16,16,512,256,4,2074.929000,1814.576448,-12.55
MATMUL,uint32_t,16,16,512,256,8,1823.010333,1647.353408,-9.64
MATMUL,uint32_t,16,16,512,256,16,1720.829000,1584.786379,-7.91
MATMUL,uint32_t,16,16,512,256,32,1675.446333,1535.432858,-8.36
MATMUL,uint32_t,8,512,512,512,4,98443.934667,91422.395136,-7.13
MATMUL,uint32_t,16,16,512,256,64,1653.720000,1537.936855,-7.00
MATMUL,uint32_t,16,16,512,256,128,1643.355333,1532.826745,-6.73
MATMUL,uint32_t,16,16,512,512,8,3646.070000,3294.605250,-9.64
MATMUL,uint32_t,16,16,512,512,4,4149.134333,3629.051380,-12.53
MATMUL,uint32_t,8,512,512,512,64,73816.447667,69391.624697,-5.99
MATMUL,uint32_t,8,512,512,512,32,74988.124000,70520.011526,-5.96
MATMUL,uint32_t,16,16,512,512,32,3350.286333,3070.735607,-8.34
MATMUL,uint32_t,16,16,512,512,16,3440.606333,3169.465341,-7.88
MATMUL,uint32_t,16,32,16,16,4,8.539000,7.397225,-13.37
MATMUL,uint32_t,16,32,16,16,8,7.415667,6.686241,-9.84
MATMUL,uint32_t,8,512,512,512,128,73200.283000,68862.609558,-5.93
MATMUL,uint32_t,16,32,16,16,16,6.960000,6.398831,-8.06
MATMUL,uint32_t,16,32,16,32,4,16.975667,14.674112,-13.56
MATMUL,uint32_t,16,32,16,32,8,14.747333,13.247151,-10.17
MATMUL,uint32_t,16,32,16,32,16,13.810000,12.680089,-8.18
MATMUL,uint32_t,16,32,16,64,4,33.836000,29.230916,-13.61
MATMUL,uint32_t,8,512,512,512,256,72932.203333,68615.870935,-5.92
MATMUL,uint32_t,16,32,16,64,8,29.382667,26.372641,-10.24
MATMUL,uint32_t,16,32,16,64,16,27.524000,25.247398,-8.27
MATMUL,uint32_t,16,32,16,128,8,58.654333,52.635583,-10.26
MATMUL,uint32_t,16,32,16,128,4,67.562333,58.344351,-13.64
MATMUL,uint32_t,16,32,16,128,16,54.940667,50.368510,-8.32
MATMUL,uint32_t,16,32,16,256,4,134.977667,116.573949,-13.63
MATMUL,uint32_t,8,512,512,512,8,83546.839000,77904.917616,-6.75
MATMUL,uint32_t,16,32,16,256,16,109.783667,100.627962,-8.34
MATMUL,uint32_t,16,32,16,256,8,117.182333,105.118713,-10.29
MATMUL,uint32_t,16,32,32,16,4,16.632667,14.462943,-13.04
MATMUL,uint32_t,16,32,32,16,8,14.540333,13.124104,-9.74
MATMUL,uint32_t,16,32,32,16,16,13.680000,12.584764,-8.01
MATMUL,uint32_t,16,32,16,512,4,269.776000,233.029246,-13.62
MATMUL,uint32_t,16,32,32,32,4,33.155667,28.825115,-13.06
MATMUL,uint32_t,16,32,16,512,8,234.282333,210.159802,-10.30
MATMUL,uint32_t,16,32,32,32,8,28.982333,26.128133,-9.85
MATMUL,uint32_t,16,32,16,512,16,219.405000,201.159477,-8.32
MATMUL,uint32_t,16,32,32,32,16,27.250000,25.049695,-8.07
MATMUL,uint32_t,16,32,32,32,32,26.485667,24.275207,-8.35
MATMUL,uint32_t,16,32,32,64,8,57.841000,52.136799,-9.86
MATMUL,uint32_t,16,32,32,64,16,54.374667,49.984565,-8.07
MATMUL,uint32_t,16,32,32,64,4,66.201667,57.516007,-13.12
MATMUL,uint32_t,16,32,32,64,32,52.853000,48.428088,-8.37
MATMUL,uint32_t,16,32,32,128,4,132.275667,114.917746,-13.12
MATMUL,uint32_t,16,32,32,128,16,108.658667,99.860852,-8.10
MATMUL,uint32_t,16,32,32,128,8,115.570333,104.161827,-9.87
MATMUL,uint32_t,16,32,32,128,32,105.620333,96.730740,-8.42
MATMUL,uint32_t,8,512,512,512,16,77495.149667,73053.644944,-5.73
MATMUL,uint32_t,16,32,32,256,4,264.439000,229.722412,-13.13
MATMUL,uint32_t,16,32,32,256,8,231.018000,208.228544,-9.86
MATMUL,uint32_t,16,32,32,256,32,211.047667,193.339578,-8.39
MATMUL,uint32_t,16,32,32,256,16,217.266667,199.577714,-8.14
MATMUL,uint32_t,16,32,64,16,8,28.769667,25.942884,-9.83
MATMUL,uint32_t,16,32,64,16,4,32.821333,28.596172,-12.87
MATMUL,uint32_t,16,32,64,16,16,27.111333,24.945747,-7.99
MATMUL,uint32_t,16,32,64,32,4,65.520000,57.098150,-12.85
MATMUL,uint32_t,16,32,64,32,8,57.450667,51.777969,-9.87
MATMUL,uint32_t,16,32,32,512,4,528.796333,459.330175,-13.14
MATMUL,uint32_t,16,32,32,512,8,461.941333,416.344591,-9.87
MATMUL,uint32_t,16,32,64,32,16,54.117333,49.788524,-8.00
MATMUL,uint32_t,16,32,32,512,16,434.332333,399.024448,-8.13
MATMUL,uint32_t,16,32,64,32,32,52.654333,48.234762,-8.39
MATMUL,uint32_t,16,32,32,512,32,422.052667,386.630629,-8.39
MATMUL,uint32_t,16,32,64,64,8,114.764667,103.464038,-9.85
MATMUL,uint32_t,16,32,64,64,4,130.964667,114.089605,-12.89
MATMUL,uint32_t,16,32,64,64,16,108.138000,99.441707,-8.04
MATMUL,uint32_t,16,32,64,64,32,105.210333,96.344432,-8.43
MATMUL,uint32_t,16,32,64,64,64,103.805667,96.473013,-7.06
MATMUL,uint32_t,16,16,512,512,64,3308.187000,3075.787904,-7.02
MATMUL,uint32_t,16,32,64,128,4,261.815667,228.061481,-12.89
MATMUL,uint32_t,16,32,64,128,32,210.252333,192.568138,-8.41
MATMUL,uint32_t,16,32,64,128,16,216.145667,198.745986,-8.05
MATMUL,uint32_t,16,32,64,128,8,229.432667,206.868671,-9.83
MATMUL,uint32_t,16,32,64,128,64,207.434000,192.820592,-7.04
MATMUL,uint32_t,16,32,64,256,4,523.462000,456.017105,-12.88
MATMUL,uint32_t,16,32,64,256,8,458.771333,413.622317,-9.84
MATMUL,uint32_t,16,32,64,256,64,414.780667,385.503643,-7.06
MATMUL,uint32_t,16,32,64,256,16,432.218667,397.359581,-8.07
MATMUL,uint32_t,16,32,64,256,32,420.353333,384.993934,-8.41
MATMUL,uint32_t,16,32,128,16,8,57.259000,51.772914,-9.58
MATMUL,uint32_t,16,32,128,16,4,65.194000,57.050703,-12.49
MATMUL,uint32_t,16,32,128,16,16,53.975000,49.708143,-7.91
MATMUL,uint32_t,16,32,128,32,4,130.279000,113.997086,-12.50
MATMUL,uint32_t,16,16,512,512,128,3287.220333,3065.350110,-6.75
MATMUL,uint32_t,16,32,128,32,8,114.363667,103.291152,-9.68
MATMUL,uint32_t,16,32,128,32,16,107.891333,99.311057,-7.95
MATMUL,uint32_t,16,32,128,32,32,104.983667,96.189314,-8.38
MATMUL,uint32_t,16,32,64,512,8,917.407667,827.132329,-9.84
MATMUL,uint32_t,16,32,64,512,4,1046.815333,911.923454,-12.89
MATMUL,uint32_t,16,32,128,64,4,260.446667,227.895438,-12.50
MATMUL,uint32_t,16,32,128,64,8,228.591667,206.479610,-9.67
MATMUL,uint32_t,16,32,128,64,16,215.590333,198.491073,-7.93
MATMUL,uint32_t,16,32,128,64,32,209.841333,192.254730,-8.38
MATMUL,uint32_t,16,32,64,512,16,864.204333,794.564690,-8.06
MATMUL,uint32_t,16,32,64,512,64,829.489667,770.884901,-7.07
MATMUL,uint32_t,16,32,64,512,32,840.577667,769.843815,-8.41
MATMUL,uint32_t,16,32,128,64,64,207.089667,192.556190,-7.02
MATMUL,uint32_t,16,32,128,128,16,431.087333,396.921195,-7.93
MATMUL,uint32_t,16,32,128,128,8,457.055667,412.847378,-9.67
MATMUL,uint32_t,16,32,128,128,32,419.608667,384.369278,-8.40
MATMUL,uint32_t,16,32,128,128,64,414.162333,384.974024,-7.05
MATMUL,uint32_t,16,32,128,128,4,520.760000,455.666724,-12.50
MATMUL,uint32_t,16,32,128,128,128,411.515000,383.683764,-6.76
MATMUL,uint32_t,16,32,128,256,8,914.140667,825.584421,-9.69
MATMUL,uint32_t,16,32,128,256,4,1041.394333,911.188805,-12.50
MATMUL,uint32_t,16,32,128,256,64,828.119667,769.821382,-7.04
MATMUL,uint32_t,16,32,128,256,128,822.839000,767.199490,-6.76
MATMUL,uint32_t,16,32,128,256,16,861.943667,793.739316,-7.91
MATMUL,uint32_t,16,32,128,256,32,838.879000,768.629491,-8.37
MATMUL,uint32_t,16,32,256,16,8,114.181333,103.138276,-9.67
MATMUL,uint32_t,16,32,256,16,4,129.983667,113.692764,-12.53
MATMUL,uint32_t,16,32,256,16,16,107.749000,99.220218,-7.92
MATMUL,uint32_t,16,32,256,32,4,259.810667,227.278641,-12.52
MATMUL,uint32_t,16,32,256,32,8,228.231333,206.163749,-9.67
MATMUL,uint32_t,16,32,256,32,16,215.359000,198.303702,-7.92
MATMUL,uint32_t,16,32,256,32,32,209.630333,192.127964,-8.35
MATMUL,uint32_t,16,32,128,512,8,1828.218333,1651.059260,-9.69
MATMUL,uint32_t,16,32,128,512,4,2082.863667,1822.263533,-12.51
MATMUL,uint32_t,16,32,256,64,4,519.513333,454.441768,-12.53
MATMUL,uint32_t,16,32,256,64,8,456.282667,412.216185,-9.66
MATMUL,uint32_t,16,32,128,512,16,1723.947000,1587.368203,-7.92
MATMUL,uint32_t,16,32,128,512,32,1677.602333,1537.193347,-8.37
MATMUL,uint32_t,16,32,256,64,16,430.574333,396.504110,-7.91
MATMUL,uint32_t,16,32,128,512,128,1645.558333,1534.228736,-6.77
MATMUL,uint32_t,16,32,128,512,64,1655.991000,1539.436332,-7.04
MATMUL,uint32_t,16,32,256,64,32,419.177000,384.136518,-8.36
MATMUL,uint32_t,16,32,256,64,64,413.705667,384.714573,-7.01
MATMUL,uint32_t,16,32,256,128,32,838.137333,768.091284,-8.36
MATMUL,uint32_t,16,32,256,128,8,912.629000,824.319744,-9.68
MATMUL,uint32_t,16,32,256,128,16,860.872667,792.770616,-7.91
MATMUL,uint32_t,16,32,256,128,4,1038.672000,908.786703,-12.50
MATMUL,uint32_t,16,32,256,128,64,827.442000,769.308908,-7.03
MATMUL,uint32_t,16,32,256,128,128,822.248333,766.737522,-6.75
MATMUL,uint32_t,16,32,256,256,8,1824.877667,1648.529764,-9.66
MATMUL,uint32_t,16,32,256,256,4,2077.467333,1817.466002,-12.52
MATMUL,uint32_t,16,32,256,256,64,1654.442000,1538.490062,-7.01
MATMUL,uint32_t,16,32,256,256,32,1676.239000,1535.953054,-8.37
MATMUL,uint32_t,16,32,256,256,16,1721.963333,1585.428079,-7.93
MATMUL,uint32_t,16,32,256,256,128,1644.082667,1533.241095,-6.74
MATMUL,uint32_t,16,32,512,16,4,259.471333,226.905894,-12.55
MATMUL,uint32_t,16,32,512,16,8,228.030000,206.017513,-9.65
MATMUL,uint32_t,16,32,512,16,16,215.150000,198.229902,-7.86
MATMUL,uint32_t,16,32,512,32,4,518.849667,453.720435,-12.55
MATMUL,uint32_t,16,32,512,32,8,455.939667,411.924301,-9.65
MATMUL,uint32_t,16,32,512,32,16,430.231667,396.298010,-7.89
MATMUL,uint32_t,16,32,512,32,32,418.926000,384.000046,-8.34
MATMUL,uint32_t,16,32,256,512,8,3649.206667,3296.945508,-9.65
MATMUL,uint32_t,16,32,512,64,4,1037.590667,907.347116,-12.55
MATMUL,uint32_t,16,32,256,512,4,4154.363000,3634.840778,-12.51
MATMUL,uint32_t,16,32,512,64,8,911.798000,823.735649,-9.66
MATMUL,uint32_t,16,32,256,512,16,3443.895000,3170.741973,-7.93
MATMUL,uint32_t,16,32,512,64,16,860.466000,792.457304,-7.90
MATMUL,uint32_t,16,32,256,512,32,3351.998667,3071.837626,-8.36
MATMUL,uint32_t,16,32,256,512,128,3288.583000,3066.319002,-6.76
MATMUL,uint32_t,16,32,256,512,64,3309.172667,3076.911981,-7.02
MATMUL,uint32_t,16,32,512,64,32,837.679000,767.787358,-8.34
MATMUL,uint32_t,16,32,512,64,64,826.983667,769.074293,-7.00
MATMUL,uint32_t,16,32,512,128,4,2075.170667,1814.582299,-12.56
MATMUL,uint32_t,16,32,512,128,32,1675.332667,1535.442070,-8.35
MATMUL,uint32_t,16,32,512,128,16,1720.901000,1584.792965,-7.91
MATMUL,uint32_t,16,32,512,128,8,1823.138333,1647.362758,-9.64
MATMUL,uint32_t,16,32,512,128,128,1643.674000,1532.854531,-6.74
MATMUL,uint32_t,16,32,512,128,64,1654.167667,1537.975416,-7.02
MATMUL,uint32_t,16,32,512,256,8,3646.156333,3294.612280,-9.64
MATMUL,uint32_t,16,32,512,256,4,4149.310000,3629.055898,-12.54
MATMUL,uint32_t,16,32,512,256,64,3307.696000,3075.739126,-7.01
MATMUL,uint32_t,16,32,512,256,32,3349.920333,3070.742187,-8.33
MATMUL,uint32_t,16,32,512,256,128,3286.666333,3065.427350,-6.73
MATMUL,uint32_t,16,32,512,256,16,3441.669333,3169.471677,-7.91
MATMUL,uint32_t,16,64,16,16,4,16.996000,14.692662,-13.55
MATMUL,uint32_t,16,64,16,16,8,14.763333,13.267115,-10.13
MATMUL,uint32_t,16,64,16,16,16,13.828667,12.697628,-8.18
MATMUL,uint32_t,16,64,16,32,4,33.861667,29.246593,-13.63
MATMUL,uint32_t,16,64,16,32,8,29.398333,26.388876,-10.24
MATMUL,uint32_t,16,64,16,32,16,27.539667,25.258345,-8.28
MATMUL,uint32_t,16,64,16,64,4,67.566667,58.359333,-13.63
MATMUL,uint32_t,16,64,16,64,8,58.680000,52.640396,-10.29
MATMUL,uint32_t,16,64,16,64,16,54.962667,50.390857,-8.32
MATMUL,uint32_t,16,64,16,128,4,134.965000,116.585915,-13.62
MATMUL,uint32_t,16,64,16,128,8,117.205667,105.165224,-10.27
MATMUL,uint32_t,16,64,16,128,16,109.785667,100.629704,-8.34
MATMUL,uint32_t,16,64,16,256,4,269.764333,233.045105,-13.61
MATMUL,uint32_t,16,64,16,256,8,234.249000,210.132307,-10.30
MATMUL,uint32_t,16,64,16,256,16,219.386333,201.151510,-8.31
MATMUL,uint32_t,16,64,16,512,4,539.380333,465.955632,-13.61
MATMUL,uint32_t,16,64,16,512,8,468.334667,420.214162,-10.27
MATMUL,uint32_t,16,64,32,16,4,33.171667,28.826686,-13.10
MATMUL,uint32_t,16,64,32,16,8,29.001667,26.147737,-9.84
MATMUL,uint32_t,16,64,32,16,16,27.271667,25.072411,-8.06
MATMUL,uint32_t,16,64,16,512,16,438.752000,402.217056,-8.33
MATMUL,uint32_t,16,64,32,32,4,66.220333,57.552411,-13.09
MATMUL,uint32_t,16,64,32,32,8,57.875667,52.157141,-9.88
MATMUL,uint32_t,16,64,32,32,16,54.403000,49.994962,-8.10
MATMUL,uint32_t,16,64,32,32,32,52.871000,48.441526,-8.38
MATMUL,uint32_t,16,64,32,64,4,132.319000,114.933729,-13.14
MATMUL,uint32_t,16,64,32,64,8,115.602333,104.174546,-9.89
MATMUL,uint32_t,16,64,32,64,16,108.703333,99.865025,-8.13
MATMUL,uint32_t,16,64,32,64,32,105.634667,96.743325,-8.42
MATMUL,uint32_t,16,64,32,128,4,264.464333,229.737203,-13.13
MATMUL,uint32_t,16,64,32,128,8,231.030667,208.223544,-9.87
MATMUL,uint32_t,16,64,32,128,16,217.248333,199.621063,-8.11
MATMUL,uint32_t,16,64,32,128,32,211.079000,193.346040,-8.40
MATMUL,uint32_t,16,64,32,256,8,462.013000,416.357478,-9.88
MATMUL,uint32_t,16,64,32,256,4,528.739667,459.346647,-13.12
MATMUL,uint32_t,16,32,512,512,8,7292.959333,6589.115068,-9.65
MATMUL,uint32_t,16,64,32,256,16,434.300000,399.051581,-8.12
MATMUL,uint32_t,16,64,32,256,32,422.023667,386.563528,-8.40
MATMUL,uint32_t,16,32,512,512,4,8299.527000,7258.005947,-12.55
MATMUL,uint32_t,16,64,32,512,4,1057.414000,918.562149,-13.13
MATMUL,uint32_t,16,64,32,512,16,868.467667,797.944243,-8.12
MATMUL,uint32_t,16,64,64,16,4,65.555667,57.095324,-12.91
MATMUL,uint32_t,16,64,32,512,8,923.745333,832.589686,-9.87
MATMUL,uint32_t,16,64,64,16,8,57.468000,51.788704,-9.88
MATMUL,uint32_t,16,64,64,16,16,54.141000,49.791431,-8.03
MATMUL,uint32_t,16,64,64,32,4,130.968667,114.099504,-12.88
MATMUL,uint32_t,16,64,64,32,16,108.175667,99.477390,-8.04
MATMUL,uint32_t,16,64,64,32,8,114.769333,103.456665,-9.86
MATMUL,uint32_t,16,64,64,32,32,105.206000,96.354978,-8.41
MATMUL,uint32_t,16,32,512,512,16,6882.744667,6338.829939,-7.90
MATMUL,uint32_t,16,64,64,64,8,229.443667,206.829289,-9.86
MATMUL,uint32_t,16,64,64,64,4,261.793333,228.082983,-12.88
MATMUL,uint32_t,16,64,32,512,32,843.784333,773.142835,-8.37
MATMUL,uint32_t,16,64,64,64,16,216.168333,198.783755,-8.04
MATMUL,uint32_t,16,64,64,64,32,210.274333,192.571399,-8.42
MATMUL,uint32_t,16,32,512,512,32,6700.492000,6141.347659,-8.34
MATMUL,uint32_t,16,64,64,64,64,207.493000,192.832408,-7.07
MATMUL,uint32_t,16,64,64,128,8,458.736667,413.638430,-9.83
MATMUL,uint32_t,16,64,64,128,16,432.249000,397.391464,-8.06
MATMUL,uint32_t,16,32,512,512,128,6574.527000,6130.503853,-6.75
MATMUL,uint32_t,16,64,64,128,32,420.424667,385.017387,-8.42
MATMUL,uint32_t,16,64,64,128,4,523.417000,456.026438,-12.88
MATMUL,uint32_t,16,32,512,512,64,6615.064333,6151.434362,-7.01
MATMUL,uint32_t,16,64,64,128,64,414.855000,385.516847,-7.07
MATMUL,uint32_t,16,64,64,256,4,1046.787667,911.937941,-12.88
MATMUL,uint32_t,16,64,64,256,32,840.570000,769.869218,-8.41
MATMUL,uint32_t,16,64,64,256,16,864.318000,794.619352,-8.06
MATMUL,uint32_t,16,64,64,256,64,829.337667,770.869110,-7.05
MATMUL,uint32_t,16,64,64,256,8,917.428667,827.145779,-9.84
MATMUL,uint32_t,16,64,128,16,4,130.307000,114.006522,-12.51
MATMUL,uint32_t,16,64,128,16,8,114.384667,103.450206,-9.56
MATMUL,uint32_t,16,64,128,16,16,107.911667,99.315546,-7.97
MATMUL,uint32_t,16,64,128,32,8,228.644000,206.486582,-9.69
MATMUL,uint32_t,16,64,128,32,16,215.592667,198.523007,-7.92
MATMUL,uint32_t,16,64,128,32,4,260.458667,227.899609,-12.50
MATMUL,uint32_t,16,64,128,32,32,209.824667,192.259911,-8.37
MATMUL,uint32_t,16,64,64,512,16,1728.409000,1589.029814,-8.06
MATMUL,uint32_t,16,64,64,512,8,1834.675000,1654.165913,-9.84
MATMUL,uint32_t,16,64,128,64,8,457.142667,412.863741,-9.69
MATMUL,uint32_t,16,64,128,64,4,520.862000,455.696117,-12.51
MATMUL,uint32_t,16,64,128,64,16,431.186333,396.882014,-7.96
MATMUL,uint32_t,16,64,64,512,4,2093.346667,1823.750805,-12.88
MATMUL,uint32_t,16,64,128,64,32,419.617333,384.389712,-8.40
MATMUL,uint32_t,16,64,128,64,64,414.181667,384.995512,-7.05
MATMUL,uint32_t,16,64,64,512,32,1680.723667,1539.568191,-8.40
MATMUL,uint32_t,16,64,64,512,64,1659.075333,1541.631544,-7.08
MATMUL,uint32_t,16,64,128,128,8,914.230000,825.599751,-9.69
MATMUL,uint32_t,16,64,128,128,4,1041.320333,911.239067,-12.49
MATMUL,uint32_t,16,64,128,128,32,839.098667,768.621692,-8.40
MATMUL,uint32_t,16,64,128,128,16,862.181667,793.744910,-7.94
MATMUL,uint32_t,16,64,128,128,64,828.132667,769.810137,-7.04
MATMUL,uint32_t,16,64,128,128,128,822.948333,767.221825,-6.77
MATMUL,uint32_t,16,64,128,256,8,1827.988333,1651.073883,-9.68
MATMUL,uint32_t,16,64,128,256,4,2082.392667,1822.283166,-12.49
MATMUL,uint32_t,16,64,128,256,16,1723.825667,1587.381277,-7.92
MATMUL,uint32_t,16,64,128,256,32,1677.594667,1537.136854,-8.37
MATMUL,uint32_t,16,64,128,256,128,1645.694000,1534.236757,-6.77
MATMUL,uint32_t,16,64,128,256,64,1656.169000,1539.499969,-7.04
MATMUL,uint32_t,16,64,256,16,8,228.258667,206.183792,-9.67
MATMUL,uint32_t,16,64,256,16,4,259.848333,227.289389,-12.53
MATMUL,uint32_t,16,64,256,16,16,215.354000,198.341090,-7.90
MATMUL,uint32_t,16,64,256,32,4,519.443667,454.461228,-12.51
MATMUL,uint32_t,16,64,256,32,8,456.257333,412.231662,-9.65
MATMUL,uint32_t,16,64,256,32,16,430.582667,396.509642,-7.91
MATMUL,uint32_t,16,64,256,32,32,419.174333,384.132309,-8.36
MATMUL,uint32_t,16,64,128,512,8,3655.880333,3302.023695,-9.68
MATMUL,uint32_t,16,64,256,64,4,1038.949000,908.789019,-12.53
MATMUL,uint32_t,16,64,256,64,8,912.593667,824.337391,-9.67
MATMUL,uint32_t,16,64,128,512,4,4164.906000,3644.432068,-12.50
MATMUL,uint32_t,16,64,256,64,16,861.026000,792.910280,-7.91
MATMUL,uint32_t,16,64,128,512,16,3448.142000,3174.639041,-7.93
MATMUL,uint32_t,16,64,128,512,32,3355.077667,3074.259752,-8.37
MATMUL,uint32_t,16,64,128,512,64,3312.086333,3078.738375,-7.05
MATMUL,uint32_t,16,64,128,512,128,3290.981000,3068.280325,-6.77
MATMUL,uint32_t,16,64,256,64,32,838.101000,768.153570,-8.35
MATMUL,uint32_t,16,64,256,64,64,827.546000,769.297075,-7.04
MATMUL,uint32_t,16,64,256,128,4,2077.351667,1817.478150,-12.51
MATMUL,uint32_t,16,64,256,128,16,1722.021333,1585.440102,-7.93
MATMUL,uint32_t,16,64,256,128,8,1824.640000,1648.544563,-9.65
MATMUL,uint32_t,16,64,256,128,32,1676.326000,1536.060352,-8.37
MATMUL,uint32_t,16,64,256,128,64,1654.793667,1538.482331,-7.03
MATMUL,uint32_t,16,64,256,128,128,1644.164667,1533.312636,-6.74
MATMUL,uint32_t,16,64,256,256,8,3650.093333,3296.964533,-9.67
MATMUL,uint32_t,16,64,256,256,4,4155.115333,3634.837056,-12.52
MATMUL,uint32_t,16,64,256,256,16,3442.902000,3170.755047,-7.90
MATMUL,uint32_t,16,64,256,256,64,3309.401667,3076.846961,-7.03
MATMUL,uint32_t,16,64,256,256,128,3288.884000,3066.290811,-6.77
MATMUL,uint32_t,16,64,256,256,32,3351.462667,3071.786009,-8.34
MATMUL,uint32_t,16,64,512,16,8,455.900667,411.940339,-9.64
MATMUL,uint32_t,16,64,512,16,4,518.826667,453.715414,-12.55
MATMUL,uint32_t,16,64,512,16,16,430.318667,396.361640,-7.89
MATMUL,uint32_t,16,64,512,32,4,1037.296333,907.343439,-12.53
MATMUL,uint32_t,16,64,512,32,8,911.635333,823.753260,-9.64
MATMUL,uint32_t,16,64,512,32,16,860.333333,792.497011,-7.88
MATMUL,uint32_t,16,64,512,32,32,837.598333,767.882605,-8.32
MATMUL,uint32_t,16,64,256,512,8,7298.348000,6593.795979,-9.65
MATMUL,uint32_t,16,64,512,64,4,2074.652000,1814.597655,-12.53
MATMUL,uint32_t,16,64,512,64,8,1822.999667,1647.376392,-9.63
MATMUL,uint32_t,16,64,256,512,4,8310.459000,7269.586601,-12.52
MATMUL,uint32_t,16,64,256,512,16,6885.949000,6341.382817,-7.91
MATMUL,uint32_t,16,64,512,64,16,1720.657333,1584.813668,-7.89
MATMUL,uint32_t,16,64,256,512,32,6703.500333,6143.556343,-8.35
MATMUL,uint32_t,16,64,256,512,64,6617.344333,6153.690087,-7.01
MATMUL,uint32_t,16,64,512,64,32,1675.180333,1535.455813,-8.34
MATMUL,uint32_t,16,64,256,512,128,6577.149333,6132.426425,-6.76
MATMUL,uint32_t,16,64,512,64,64,1653.730333,1538.013100,-7.00
MATMUL,uint32_t,16,64,512,128,4,4149.447000,3629.067835,-12.54
MATMUL,uint32_t,16,64,512,128,16,3440.843000,3169.484881,-7.89
MATMUL,uint32_t,16,64,512,128,32,3350.468667,3070.762446,-8.35
MATMUL,uint32_t,16,64,512,128,8,3646.865667,3294.630514,-9.66
MATMUL,uint32_t,16,64,512,128,64,3307.352333,3075.809823,-7.00
MATMUL,uint32_t,16,64,512,128,128,3286.922000,3065.479210,-6.74
MATMUL,uint32_t,16,64,512,256,8,7291.680667,6589.129995,-9.63
MATMUL,uint32_t,16,64,512,256,4,8297.763333,7258.014797,-12.53
MATMUL,uint32_t,16,64,512,256,128,6573.823667,6130.628563,-6.74
MATMUL,uint32_t,16,64,512,256,32,6701.374000,6141.360847,-8.36
MATMUL,uint32_t,16,64,512,256,64,6616.355667,6151.343672,-7.03
MATMUL,uint32_t,16,64,512,256,16,6882.814333,6338.842272,-7.90
MATMUL,uint32_t,16,128,16,16,4,33.896667,29.283512,-13.61
MATMUL,uint32_t,16,128,16,16,8,29.460000,26.428986,-10.29
MATMUL,uint32_t,16,128,16,16,16,27.595667,25.292770,-8.35
MATMUL,uint32_t,16,128,16,32,4,67.623667,58.391466,-13.65
MATMUL,uint32_t,16,128,16,32,8,58.722667,52.672329,-10.30
MATMUL,uint32_t,16,128,16,32,16,55.018667,50.412392,-8.37
MATMUL,uint32_t,16,128,16,64,4,135.020333,116.616168,-13.63
MATMUL,uint32_t,16,128,16,64,8,117.268000,105.175900,-10.31
MATMUL,uint32_t,16,128,16,64,16,109.847333,100.677756,-8.35
MATMUL,uint32_t,16,128,16,128,4,269.855333,233.069053,-13.63
MATMUL,uint32_t,16,128,16,128,8,234.328333,210.224507,-10.29
MATMUL,uint32_t,16,128,16,128,16,219.470667,201.152093,-8.35
MATMUL,uint32_t,16,128,16,256,4,539.473333,465.987416,-13.62
MATMUL,uint32_t,16,128,16,256,8,468.400333,420.159466,-10.30
MATMUL,uint32_t,16,128,16,256,16,438.711667,402.198605,-8.32
MATMUL,uint32_t,16,128,16,512,4,1078.543333,931.808399,-13.60
MATMUL,uint32_t,16,128,16,512,8,936.692667,840.322882,-10.29
MATMUL,uint32_t,16,128,32,16,4,66.265667,57.554168,-13.15
MATMUL,uint32_t,16,128,32,16,8,57.921000,52.194837,-9.89
MATMUL,uint32_t,16,128,32,16,16,54.471333,50.043531,-8.13
MATMUL,uint32_t,16,128,32,32,4,132.349000,115.006966,-13.10
MATMUL,uint32_t,16,128,16,512,16,877.388000,804.331290,-8.33
MATMUL,uint32_t,16,128,32,32,8,115.655667,104.215156,-9.89
MATMUL,uint32_t,16,128,32,32,16,108.772333,99.885628,-8.17
MATMUL,uint32_t,16,128,32,32,32,105.669000,96.776084,-8.42
MATMUL,uint32_t,16,128,32,64,8,231.120000,208.250040,-9.90
MATMUL,uint32_t,16,128,32,64,4,264.523333,229.769170,-13.14
MATMUL,uint32_t,16,128,32,64,16,217.295667,199.625944,-8.13
MATMUL,uint32_t,16,128,32,64,32,211.101000,193.369549,-8.40
MATMUL,uint32_t,16,128,32,128,8,462.024000,416.346973,-9.89
MATMUL,uint32_t,16,128,32,128,4,528.781333,459.376130,-13.13
MATMUL,uint32_t,16,128,32,128,16,434.471000,399.141404,-8.13
MATMUL,uint32_t,16,128,32,128,32,422.038667,386.576632,-8.40
MATMUL,uint32_t,16,128,32,256,8,923.766667,832.615320,-9.87
MATMUL,uint32_t,16,128,32,256,4,1057.462333,918.595107,-13.13
MATMUL,uint32_t,16,128,32,256,16,868.513667,797.999317,-8.12
MATMUL,uint32_t,16,128,32,256,32,843.992333,773.011525,-8.41
MATMUL,uint32_t,16,64,512,512,8,14585.524000,13178.134704,-9.65
MATMUL,uint32_t,16,128,32,512,8,1847.432667,1665.079867,-9.87
MATMUL,uint32_t,16,128,32,512,4,2114.724333,1837.026085,-13.13
MATMUL,uint32_t,16,128,64,16,4,130.993000,114.093577,-12.90
MATMUL,uint32_t,16,128,64,16,8,114.859333,103.479375,-9.91
MATMUL,uint32_t,16,128,32,512,16,1736.897333,1595.783827,-8.12
MATMUL,uint32_t,16,128,64,16,16,108.220333,99.482826,-8.07
MATMUL,uint32_t,16,64,512,512,4,16595.596000,14515.915081,-12.53
MATMUL,uint32_t,16,128,64,32,4,261.850333,228.102210,-12.89
MATMUL,uint32_t,16,128,64,32,16,216.239000,198.850704,-8.04
MATMUL,uint32_t,16,128,64,32,8,229.476000,206.814057,-9.88
MATMUL,uint32_t,16,128,64,32,32,210.261667,192.589638,-8.40
MATMUL,uint32_t,16,128,64,64,8,458.763667,413.559815,-9.85
MATMUL,uint32_t,16,128,64,64,4,523.564333,456.069736,-12.89
MATMUL,uint32_t,16,128,64,64,16,432.261667,397.467850,-8.05
MATMUL,uint32_t,16,128,32,512,32,1687.817667,1546.167245,-8.39
MATMUL,uint32_t,16,64,512,512,16,13765.647000,12677.559540,-7.90
MATMUL,uint32_t,16,128,64,64,32,420.505667,385.020950,-8.44
MATMUL,uint32_t,16,128,64,64,64,414.884667,385.550705,-7.07
MATMUL,uint32_t,16,64,512,512,32,13399.945000,12282.571763,-8.34
MATMUL,uint32_t,16,128,64,128,8,917.533000,827.177945,-9.85
MATMUL,uint32_t,16,128,64,128,4,1046.737667,911.956351,-12.88
MATMUL,uint32_t,16,128,64,128,16,864.331000,794.682410,-8.06
MATMUL,uint32_t,16,128,64,128,32,840.778333,769.915883,-8.43
MATMUL,uint32_t,16,128,64,128,64,829.477333,770.891790,-7.06
MATMUL,uint32_t,16,64,512,512,128,13149.564000,12260.811356,-6.76
MATMUL,uint32_t,16,64,512,512,64,13230.650333,12302.727279,-7.01
MATMUL,uint32_t,16,128,64,256,8,1834.643667,1654.192673,-9.84
MATMUL,uint32_t,16,128,64,256,16,1728.224333,1589.138891,-8.05
MATMUL,uint32_t,16,128,64,256,32,1681.237667,1539.619783,-8.42
MATMUL,uint32_t,16,128,64,256,64,1658.966333,1541.600043,-7.07
MATMUL,uint32_t,16,128,64,256,4,2093.435667,1823.779613,-12.88
MATMUL,uint32_t,16,128,128,16,4,260.581000,227.918160,-12.53
MATMUL,uint32_t,16,128,128,16,8,228.708333,206.803353,-9.58
MATMUL,uint32_t,16,128,128,16,16,215.659667,198.530348,-7.94
MATMUL,uint32_t,16,128,128,32,16,431.129000,396.947108,-7.93
MATMUL,uint32_t,16,128,128,32,8,457.236333,412.877465,-9.70
MATMUL,uint32_t,16,128,128,32,4,520.919000,455.703558,-12.52
MATMUL,uint32_t,16,128,128,32,32,419.610000,384.401106,-8.39
MATMUL,uint32_t,16,128,128,64,8,914.151000,825.631982,-9.68
MATMUL,uint32_t,16,128,128,64,4,1041.593667,911.297197,-12.51
MATMUL,uint32_t,16,128,128,64,16,862.213667,793.663899,-7.95
MATMUL,uint32_t,16,128,64,512,16,3456.252000,3177.960060,-8.05
MATMUL,uint32_t,16,128,64,512,8,3668.351333,3308.233069,-9.82
MATMUL,uint32_t,16,128,64,512,4,4186.365000,3647.405484,-12.87
MATMUL,uint32_t,16,128,128,64,32,839.132667,768.662805,-8.40
MATMUL,uint32_t,16,128,128,64,64,828.265000,769.850326,-7.05
MATMUL,uint32_t,16,128,64,512,64,3317.960000,3083.124829,-7.08
MATMUL,uint32_t,16,128,64,512,32,3361.674667,3079.016943,-8.41
MATMUL,uint32_t,16,128,128,128,8,1827.898333,1651.104498,-9.67
MATMUL,uint32_t,16,128,128,128,16,1723.800000,1587.392581,-7.91
MATMUL,uint32_t,16,128,128,128,32,1677.619333,1537.126519,-8.37
MATMUL,uint32_t,16,128,128,128,4,2082.987667,1822.383748,-12.51
MATMUL,uint32_t,16,128,128,128,64,1656.361000,1539.483055,-7.06
MATMUL,uint32_t,16,128,128,128,128,1645.437667,1534.285566,-6.76
MATMUL,uint32_t,16,128,128,256,8,3655.976000,3302.052782,-9.68
MATMUL,uint32_t,16,128,128,256,4,4165.130333,3644.471857,-12.50
MATMUL,uint32_t,16,128,128,256,64,3312.325000,3078.857141,-7.05
MATMUL,uint32_t,16,128,128,256,32,3355.635667,3074.151580,-8.39
MATMUL,uint32_t,16,128,128,256,128,3291.236333,3068.278669,-6.77
MATMUL,uint32_t,16,128,128,256,16,3447.681333,3174.665685,-7.92
MATMUL,uint32_t,16,128,256,16,8,456.390000,412.272682,-9.67
MATMUL,uint32_t,16,128,256,16,4,519.568667,454.482580,-12.53
MATMUL,uint32_t,16,128,256,16,16,430.583000,396.582836,-7.90
MATMUL,uint32_t,16,128,256,32,4,1038.798667,908.826332,-12.51
MATMUL,uint32_t,16,128,256,32,8,912.701000,824.367481,-9.68
MATMUL,uint32_t,16,128,256,32,16,861.124333,792.921310,-7.92
MATMUL,uint32_t,16,128,256,32,32,838.129333,768.140984,-8.35
MATMUL,uint32_t,16,128,128,512,8,7312.768333,6603.952561,-9.69
MATMUL,uint32_t,16,128,256,64,4,2077.420667,1817.483365,-12.51
MATMUL,uint32_t,16,128,256,64,8,1825.159000,1648.579796,-9.67
MATMUL,uint32_t,16,128,128,512,4,8330.342333,7288.768530,-12.50
MATMUL,uint32_t,16,128,256,64,16,1722.073667,1585.722576,-7.92
MATMUL,uint32_t,16,128,128,512,16,6895.608000,6349.181676,-7.92
MATMUL,uint32_t,16,128,128,512,32,6709.973000,6148.392857,-8.37
MATMUL,uint32_t,16,128,256,64,32,1676.200000,1536.189427,-8.35
MATMUL,uint32_t,16,128,128,512,128,6582.102333,6136.383436,-6.77
MATMUL,uint32_t,16,128,256,64,64,1654.876000,1538.462118,-7.03
MATMUL,uint32_t,16,128,128,512,64,6623.188333,6157.342462,-7.03
MATMUL,uint32_t,16,128,256,128,4,4155.064333,3634.860170,-12.52
MATMUL,uint32_t,16,128,256,128,8,3650.058000,3296.994201,-9.67
MATMUL,uint32_t,16,128,256,128,16,3443.878000,3170.779073,-7.93
MATMUL,uint32_t,16,128,256,128,128,3288.554333,3066.413215,-6.75
MATMUL,uint32_t,16,128,256,128,64,3309.363333,3076.829112,-7.03
MATMUL,uint32_t,16,128,256,128,32,3352.253667,3071.998413,-8.36
MATMUL,uint32_t,16,128,256,256,8,7298.482667,6593.833992,-9.65
MATMUL,uint32_t,16,128,256,256,4,8310.448333,7269.578234,-12.52
MATMUL,uint32_t,16,128,256,256,16,6887.481333,6341.408732,-7.93
MATMUL,uint32_t,16,128,256,256,32,6704.810667,6143.452078,-8.37
MATMUL,uint32_t,16,128,256,256,64,6618.714000,6153.560759,-7.03
MATMUL,uint32_t,16,128,256,256,128,6575.668333,6132.390312,-6.74
MATMUL,uint32_t,16,128,512,16,8,911.668000,823.783508,-9.64
MATMUL,uint32_t,16,128,512,16,4,1037.632333,907.334310,-12.56
MATMUL,uint32_t,16,128,512,16,16,860.489333,792.625385,-7.89
MATMUL,uint32_t,16,128,512,32,4,2075.167667,1814.589312,-12.56
MATMUL,uint32_t,16,128,512,32,8,1823.255667,1647.411176,-9.64
MATMUL,uint32_t,16,128,512,32,16,1720.625000,1584.892536,-7.89
MATMUL,uint32_t,16,128,512,32,32,1675.271667,1535.647647,-8.33
MATMUL,uint32_t,16,128,256,512,8,14597.503667,13187.496903,-9.66
MATMUL,uint32_t,16,128,512,64,4,4148.885667,3629.098345,-12.53
MATMUL,uint32_t,16,128,512,64,8,3646.087667,3294.657874,-9.64
MATMUL,uint32_t,16,128,256,512,4,16617.722333,14539.077337,-12.51
MATMUL,uint32_t,16,128,256,512,16,13771.448333,12682.663967,-7.91
MATMUL,uint32_t,16,128,512,64,16,3441.806667,3169.526399,-7.91
MATMUL,uint32_t,16,128,256,512,32,13408.119000,12286.993968,-8.36
MATMUL,uint32_t,16,128,512,64,32,3350.729667,3070.789521,-8.35
MATMUL,uint32_t,16,128,512,64,64,3307.549000,3075.890677,-7.00
MATMUL,uint32_t,16,128,256,512,64,13237.873667,12307.246298,-7.03
MATMUL,uint32_t,16,128,256,512,128,13154.956333,12264.641271,-6.77
MATMUL,uint32_t,16,128,512,128,4,8298.866667,7258.038442,-12.54
MATMUL,uint32_t,16,128,512,128,16,6882.045333,6338.869703,-7.89
MATMUL,uint32_t,16,128,512,128,8,7292.287667,6589.166024,-9.64
MATMUL,uint32_t,16,128,512,128,32,6701.671000,6141.403191,-8.36
MATMUL,uint32_t,16,128,512,128,64,6616.380000,6151.478591,-7.03
MATMUL,uint32_t,16,128,512,128,128,6574.927000,6130.728517,-6.76
MATMUL,uint32_t,16,128,512,256,8,14584.253333,13178.165344,-9.64
MATMUL,uint32_t,16,128,512,256,4,16596.687000,14515.932132,-12.54
MATMUL,uint32_t,16,128,512,256,128,13149.197000,12261.030972,-6.75
MATMUL,uint32_t,16,128,512,256,64,13229.978000,12302.552765,-7.01
MATMUL,uint32_t,16,128,512,256,32,13402.148667,12282.598043,-8.35
MATMUL,uint32_t,16,128,512,256,16,13764.173333,12677.583717,-7.89
MATMUL,uint32_t,16,256,16,16,4,67.707333,58.465144,-13.65
MATMUL,uint32_t,16,256,16,16,16,55.082333,50.483353,-8.35
MATMUL,uint32_t,16,256,16,16,8,58.812333,52.752699,-10.30
MATMUL,uint32_t,16,256,16,32,8,117.370667,105.239231,-10.34
MATMUL,uint32_t,16,256,16,32,4,135.117333,116.681027,-13.64
MATMUL,uint32_t,16,256,16,32,16,109.935000,100.720513,-8.38
MATMUL,uint32_t,16,256,16,64,4,269.966000,233.129835,-13.64
MATMUL,uint32_t,16,256,16,64,8,234.389333,210.246890,-10.30
MATMUL,uint32_t,16,256,16,64,16,219.559667,201.251510,-8.34
MATMUL,uint32_t,16,256,16,128,4,539.560000,466.035307,-13.63
MATMUL,uint32_t,16,256,16,128,8,468.540333,420.343071,-10.29
MATMUL,uint32_t,16,256,16,128,16,438.895333,402.196866,-8.36
MATMUL,uint32_t,16,256,16,256,4,1078.749667,931.872039,-13.62
MATMUL,uint32_t,16,256,16,256,8,936.566333,840.213783,-10.29
MATMUL,uint32_t,16,256,16,256,16,877.358667,804.292791,-8.33
MATMUL,uint32_t,16,256,16,512,4,2157.185333,1863.513924,-13.61
MATMUL,uint32_t,16,256,16,512,8,1873.250000,1680.540320,-10.29
MATMUL,uint32_t,16,256,32,16,4,132.446000,115.009120,-13.17
MATMUL,uint32_t,16,256,32,16,8,115.738667,104.289032,-9.89
MATMUL,uint32_t,16,256,32,16,16,108.857333,99.985906,-8.15
MATMUL,uint32_t,16,256,32,32,4,264.576000,229.915996,-13.10
MATMUL,uint32_t,16,256,32,32,8,231.217333,208.331180,-9.90
MATMUL,uint32_t,16,256,16,512,16,1754.341667,1608.558058,-8.31
MATMUL,uint32_t,16,256,32,32,16,217.356000,199.666959,-8.14
MATMUL,uint32_t,16,256,32,32,32,211.206000,193.442522,-8.41
MATMUL,uint32_t,16,256,32,64,4,528.811667,459.440040,-13.12
MATMUL,uint32_t,16,256,32,64,8,462.140667,416.401029,-9.90
MATMUL,uint32_t,16,256,32,64,16,434.538667,399.147779,-8.14
MATMUL,uint32_t,16,256,32,64,32,422.179333,386.621918,-8.42
MATMUL,uint32_t,16,256,32,128,4,1057.387333,918.653984,-13.12
MATMUL,uint32_t,16,256,32,128,8,923.843667,832.593820,-9.88
MATMUL,uint32_t,16,256,32,128,16,868.767333,798.181927,-8.12
MATMUL,uint32_t,16,256,32,128,32,844.140667,773.037797,-8.42
MATMUL,uint32_t,16,256,32,256,8,1847.339667,1665.131007,-9.86
MATMUL,uint32_t,16,256,32,256,4,2114.244667,1837.091994,-13.11
MATMUL,uint32_t,16,256,32,256,16,1737.169667,1595.894787,-8.13
MATMUL,uint32_t,16,256,32,256,32,1687.840333,1545.907711,-8.41
MATMUL,uint32_t,16,128,512,512,8,29170.538000,26356.173976,-9.65
MATMUL,uint32_t,16,256,32,512,8,3695.005667,3330.060197,-9.88
MATMUL,uint32_t,16,256,32,512,4,4229.447000,3673.953934,-13.13
MATMUL,uint32_t,16,256,64,16,4,261.970667,228.089970,-12.93
MATMUL,uint32_t,16,256,64,16,8,229.587000,206.860721,-9.90
MATMUL,uint32_t,16,256,64,16,16,216.318667,198.865613,-8.07
MATMUL,uint32_t,16,256,64,32,4,523.586667,456.107615,-12.89
MATMUL,uint32_t,16,256,32,512,16,3473.668667,3191.462980,-8.12
MATMUL,uint32_t,16,128,512,512,4,33194.294333,29031.731536,-12.54
MATMUL,uint32_t,16,256,64,32,8,458.975667,413.528840,-9.90
MATMUL,uint32_t,16,256,64,32,16,432.391667,397.597310,-8.05
MATMUL,uint32_t,16,256,64,32,32,420.499333,385.058974,-8.43
MATMUL,uint32_t,16,256,32,512,32,3375.324000,3092.216056,-8.39
MATMUL,uint32_t,16,256,64,64,8,917.624667,827.020866,-9.87
MATMUL,uint32_t,16,256,64,64,4,1046.980000,912.043226,-12.89
MATMUL,uint32_t,16,256,64,64,16,864.341333,794.836037,-8.04
MATMUL,uint32_t,16,256,64,64,32,840.634000,769.920049,-8.41
MATMUL,uint32_t,16,256,64,64,64,829.729000,770.984445,-7.08
MATMUL,uint32_t,16,128,512,512,16,27528.814333,25355.018707,-7.90
MATMUL,uint32_t,16,256,64,128,4,2093.243333,1823.816139,-12.87
MATMUL,uint32_t,16,256,64,128,8,1834.993667,1654.256972,-9.85
MATMUL,uint32_t,16,128,512,512,32,26802.838000,24565.019725,-8.35
MATMUL,uint32_t,16,256,64,128,32,1681.381000,1539.712865,-8.43
MATMUL,uint32_t,16,256,64,128,16,1728.600333,1589.264278,-8.06
MATMUL,uint32_t,16,256,64,128,64,1658.753333,1541.641588,-7.06
MATMUL,uint32_t,16,128,512,512,128,26294.090000,24521.426311,-6.74
MATMUL,uint32_t,16,128,512,512,64,26463.117667,24605.313112,-7.02
MATMUL,uint32_t,16,256,64,256,8,3668.599000,3308.286463,-9.82
MATMUL,uint32_t,16,256,64,256,64,3317.864333,3083.061909,-7.08
MATMUL,uint32_t,16,256,64,256,32,3361.791333,3079.120905,-8.41
MATMUL,uint32_t,16,256,64,256,16,3456.270333,3178.177965,-8.05
MATMUL,uint32_t,16,256,64,256,4,4187.292333,3647.462934,-12.89
MATMUL,uint32_t,16,256,128,16,4,520.970333,455.741426,-12.52
MATMUL,uint32_t,16,256,128,16,8,457.309000,413.509697,-9.58
MATMUL,uint32_t,16,256,128,16,16,431.225667,396.959941,-7.95
MATMUL,uint32_t,16,256,128,32,8,914.289333,825.659225,-9.69
MATMUL,uint32_t,16,256,128,32,4,1041.693000,911.311203,-12.52
MATMUL,uint32_t,16,256,128,32,16,862.387667,793.795457,-7.95
MATMUL,uint32_t,16,256,128,32,32,839.045333,768.683492,-8.39
MATMUL,uint32_t,16,256,128,64,8,1828.527667,1651.168416,-9.70
MATMUL,uint32_t,16,256,128,64,4,2083.302333,1822.499287,-12.52
MATMUL,uint32_t,16,256,128,64,16,1724.264000,1587.227666,-7.95
MATMUL,uint32_t,16,256,64,512,16,6912.736000,6355.820552,-8.06
MATMUL,uint32_t,16,256,128,64,32,1677.921000,1537.209009,-8.39
MATMUL,uint32_t,16,256,64,512,4,8372.966000,7294.714751,-12.88
MATMUL,uint32_t,16,256,128,64,64,1656.101000,1539.560045,-7.04
MATMUL,uint32_t,16,256,64,512,8,7336.677667,6616.367358,-9.82
MATMUL,uint32_t,16,256,64,512,32,6723.477667,6157.914441,-8.41
MATMUL,uint32_t,16,256,64,512,64,6634.282000,6166.111400,-7.06
MATMUL,uint32_t,16,256,128,128,4,4165.590333,3644.673070,-12.51
MATMUL,uint32_t,16,256,128,128,32,3355.822333,3074.136169,-8.39
MATMUL,uint32_t,16,256,128,128,16,3448.247000,3174.688403,-7.93
MATMUL,uint32_t,16,256,128,128,64,3312.490000,3078.828883,-7.05
MATMUL,uint32_t,16,256,128,128,128,3290.598333,3068.388073,-6.75
MATMUL,uint32_t,16,256,128,128,8,3656.191333,3302.113985,-9.68
MATMUL,uint32_t,16,256,128,256,8,7311.692333,6604.010525,-9.68
MATMUL,uint32_t,16,256,128,256,4,8330.061000,7288.849179,-12.50
MATMUL,uint32_t,16,256,128,256,16,6894.670667,6349.235471,-7.91
MATMUL,uint32_t,16,256,128,256,128,6580.971333,6136.362007,-6.76
MATMUL,uint32_t,16,256,128,256,64,6623.621333,6157.571487,-7.04
MATMUL,uint32_t,16,256,128,256,32,6710.710667,6148.181027,-8.38
MATMUL,uint32_t,16,256,256,16,8,912.754000,824.450465,-9.67
MATMUL,uint32_t,16,256,256,16,4,1038.908667,908.868846,-12.52
MATMUL,uint32_t,16,256,256,16,16,861.206667,793.066323,-7.91
MATMUL,uint32_t,16,256,256,32,4,2077.625333,1817.556385,-12.52
MATMUL,uint32_t,16,256,256,32,8,1824.858667,1648.639107,-9.66
MATMUL,uint32_t,16,256,256,32,16,1721.736667,1585.744527,-7.90
MATMUL,uint32_t,16,256,256,32,32,1676.140333,1536.158301,-8.35
MATMUL,uint32_t,16,256,128,512,8,14623.093333,13207.810286,-9.68
MATMUL,uint32_t,16,256,256,64,4,4154.355333,3634.871738,-12.50
MATMUL,uint32_t,16,256,256,64,8,3649.667000,3297.064590,-9.66
MATMUL,uint32_t,16,256,128,512,4,16662.006667,14577.440239,-12.51
MATMUL,uint32_t,16,256,256,64,16,3443.973333,3171.347082,-7.92
MATMUL,uint32_t,16,256,128,512,16,13790.706667,12698.268806,-7.92
MATMUL,uint32_t,16,256,128,512,32,13422.199000,12296.659661,-8.39
MATMUL,uint32_t,16,256,256,64,32,3351.771333,3072.261192,-8.34
MATMUL,uint32_t,16,256,256,64,64,3308.995333,3076.792276,-7.02
MATMUL,uint32_t,16,256,128,512,64,13247.407667,12314.550634,-7.04
MATMUL,uint32_t,16,256,128,512,128,13163.875667,12272.589517,-6.77
MATMUL,uint32_t,16,256,256,128,4,8308.179667,7269.622659,-12.50
MATMUL,uint32_t,16,256,256,128,8,7298.644333,6593.893472,-9.66
MATMUL,uint32_t,16,256,256,128,16,6887.598000,6341.457015,-7.93
MATMUL,uint32_t,16,256,256,128,128,6576.972333,6132.614574,-6.76
MATMUL,uint32_t,16,256,256,128,64,6619.051667,6153.522674,-7.03
MATMUL,uint32_t,16,256,256,128,32,6703.499667,6143.874383,-8.35
MATMUL,uint32_t,16,256,256,256,8,14597.615667,13187.572894,-9.66
MATMUL,uint32_t,16,256,256,256,4,16620.768667,14539.058732,-12.52
MATMUL,uint32_t,16,256,256,256,16,13773.261000,12682.715591,-7.92
MATMUL,uint32_t,16,256,256,256,32,13408.075000,12286.784536,-8.36
MATMUL,uint32_t,16,256,256,256,64,13236.749000,12306.988355,-7.02
MATMUL,uint32_t,16,256,256,256,128,13153.356333,12264.589312,-6.76
MATMUL,uint32_t,16,256,512,16,8,1823.115000,1647.469832,-9.63
MATMUL,uint32_t,16,256,512,16,4,2074.757333,1814.571942,-12.54
MATMUL,uint32_t,16,256,512,16,16,1720.823667,1585.153413,-7.88
MATMUL,uint32_t,16,256,512,32,4,4148.847000,3629.080775,-12.53
MATMUL,uint32_t,16,256,512,32,8,3646.262000,3294.726996,-9.64
MATMUL,uint32_t,16,256,512,32,16,3441.647667,3169.683582,-7.90
MATMUL,uint32_t,16,256,512,32,32,3350.224333,3071.177571,-8.33
MATMUL,uint32_t,16,256,256,512,8,29193.974333,26374.898710,-9.66
MATMUL,uint32_t,16,256,512,64,4,8300.043333,7258.098938,-12.55
MATMUL,uint32_t,16,256,512,64,8,7291.917000,6589.220813,-9.64
MATMUL,uint32_t,16,256,256,512,4,33240.585333,29078.056987,-12.52
MATMUL,uint32_t,16,256,256,512,16,27541.972000,25365.225272,-7.90
MATMUL,uint32_t,16,256,512,64,16,6882.274333,6338.951859,-7.89
MATMUL,uint32_t,16,256,256,512,32,26813.540667,24573.869598,-8.35
MATMUL,uint32_t,16,256,512,64,32,6701.113000,6141.457060,-8.35
MATMUL,uint32_t,16,256,512,64,64,6614.643667,6151.645752,-7.00
MATMUL,uint32_t,16,256,256,512,64,26469.824000,24614.358721,-7.01
MATMUL,uint32_t,16,256,256,512,128,26306.456333,24529.070962,-6.76
MATMUL,uint32_t,16,256,512,128,4,16597.797333,14515.978708,-12.54
MATMUL,uint32_t,16,256,512,128,16,13766.342333,12677.639483,-7.91
MATMUL,uint32_t,16,256,512,128,8,14583.250333,13178.237035,-9.63
MATMUL,uint32_t,16,256,512,128,32,13401.319000,12282.684666,-8.35
MATMUL,uint32_t,16,256,512,128,64,13230.113333,12302.816129,-7.01
MATMUL,uint32_t,16,256,512,128,128,13146.907667,12261.227027,-6.74
MATMUL,uint32_t,16,256,512,256,8,29172.165000,26356.236019,-9.65
MATMUL,uint32_t,16,256,512,256,4,33196.791000,29031.765877,-12.55
MATMUL,uint32_t,16,256,512,256,128,26297.199000,24521.835739,-6.75
MATMUL,uint32_t,16,256,512,256,32,26800.935000,24565.072186,-8.34
MATMUL,uint32_t,16,256,512,256,64,26457.246333,24604.970951,-7.00
MATMUL,uint32_t,16,512,16,16,4,135.326667,116.828407,-13.67
MATMUL,uint32_t,16,256,512,256,16,27529.702667,25355.067108,-7.90
MATMUL,uint32_t,16,512,16,16,8,117.540333,105.400123,-10.33
MATMUL,uint32_t,16,512,16,16,16,110.121000,100.864521,-8.41
MATMUL,uint32_t,16,512,16,32,4,270.192667,233.260149,-13.67
MATMUL,uint32_t,16,512,16,32,8,234.564667,210.373037,-10.31
MATMUL,uint32_t,16,512,16,32,16,219.753667,201.336754,-8.38
MATMUL,uint32_t,16,512,16,64,4,539.785667,466.157169,-13.64
MATMUL,uint32_t,16,512,16,64,8,468.743333,420.388871,-10.32
MATMUL,uint32_t,16,512,16,64,16,438.989333,402.399019,-8.34
MATMUL,uint32_t,16,512,16,128,4,1078.969333,931.967815,-13.62
MATMUL,uint32_t,16,512,16,128,8,936.832000,840.580200,-10.27
MATMUL,uint32_t,16,512,16,128,16,877.636333,804.286413,-8.36
MATMUL,uint32_t,16,512,16,256,4,2157.628000,1863.641285,-13.63
MATMUL,uint32_t,16,512,16,256,8,1873.036667,1680.322418,-10.29
MATMUL,uint32_t,16,512,16,256,16,1754.453333,1608.481165,-8.32
MATMUL,uint32_t,16,512,16,512,4,4314.541000,3726.924975,-13.62
MATMUL,uint32_t,16,512,16,512,8,3745.661000,3360.975197,-10.27
MATMUL,uint32_t,16,512,32,16,4,264.780667,229.919023,-13.17
MATMUL,uint32_t,16,512,32,16,8,231.369667,208.477421,-9.89
MATMUL,uint32_t,16,512,32,16,16,217.579333,199.870656,-8.14
MATMUL,uint32_t,16,512,32,32,4,529.111333,459.734055,-13.11
MATMUL,uint32_t,16,512,32,32,8,462.370333,416.563228,-9.91
MATMUL,uint32_t,16,512,32,32,16,434.730667,399.229621,-8.17
MATMUL,uint32_t,16,512,16,512,16,3508.549667,3217.011596,-8.31
MATMUL,uint32_t,16,512,32,32,32,422.322000,386.775399,-8.42
MATMUL,uint32_t,16,512,32,64,4,1057.530000,918.781780,-13.12
MATMUL,uint32_t,16,512,32,64,8,924.047000,832.703007,-9.89
MATMUL,uint32_t,16,512,32,64,16,868.941667,798.191450,-8.14
MATMUL,uint32_t,16,512,32,64,32,844.226000,773.126656,-8.42
MATMUL,uint32_t,16,512,32,128,8,1847.830333,1665.087514,-9.89
MATMUL,uint32_t,16,512,32,128,4,2114.791333,1837.209691,-13.13
MATMUL,uint32_t,16,512,32,128,16,1737.022000,1596.262972,-8.10
MATMUL,uint32_t,16,512,32,128,32,1688.103000,1545.960127,-8.42
MATMUL,uint32_t,16,512,32,256,8,3694.842000,3330.162383,-9.87
MATMUL,uint32_t,16,512,32,256,4,4228.499333,3674.085766,-13.11
MATMUL,uint32_t,16,512,32,256,16,3474.334333,3191.685727,-8.14
MATMUL,uint32_t,16,512,32,256,32,3374.717000,3091.700083,-8.39
MATMUL,uint32_t,16,256,512,512,8,58338.374667,52712.252520,-9.64
MATMUL,uint32_t,16,512,32,512,8,7388.794000,6660.020857,-9.86
MATMUL,uint32_t,16,512,32,512,4,8458.336333,7347.809631,-13.13
MATMUL,uint32_t,16,512,64,16,4,523.791333,456.082758,-12.93
MATMUL,uint32_t,16,512,64,16,8,459.082000,413.623412,-9.90
MATMUL,uint32_t,16,512,64,16,16,432.507333,397.631187,-8.06
MATMUL,uint32_t,16,512,64,32,4,1046.992667,912.118426,-12.88
MATMUL,uint32_t,16,512,64,32,8,917.793000,826.958406,-9.90
MATMUL,uint32_t,16,512,32,512,16,6947.540667,6382.821286,-8.13
MATMUL,uint32_t,16,512,64,32,16,864.587333,795.090522,-8.04
MATMUL,uint32_t,16,256,512,512,4,66377.535667,58063.360823,-12.53
MATMUL,uint32_t,16,512,64,32,32,840.861000,769.997647,-8.43
MATMUL,uint32_t,16,512,32,512,32,6749.985667,6184.313679,-8.38
MATMUL,uint32_t,16,512,64,64,8,1834.665667,1653.942967,-9.85
MATMUL,uint32_t,16,512,64,64,16,1728.617333,1589.572410,-8.04
MATMUL,uint32_t,16,512,64,64,4,2093.565333,1823.990207,-12.88
MATMUL,uint32_t,16,512,64,64,32,1681.087333,1539.718247,-8.41
MATMUL,uint32_t,16,512,64,64,64,1659.163667,1541.851925,-7.07
MATMUL,uint32_t,16,256,512,512,16,55052.656667,50709.937037,-7.89
MATMUL,uint32_t,16,512,64,128,8,3669.061333,3308.415025,-9.83
MATMUL,uint32_t,16,512,64,128,4,4186.546000,3647.535715,-12.87
MATMUL,uint32_t,16,512,64,128,16,3456.556333,3178.428014,-8.05
MATMUL,uint32_t,16,512,64,128,32,3361.813333,3079.306831,-8.40
MATMUL,uint32_t,16,256,512,512,32,53607.058333,49129.915154,-8.35
MATMUL,uint32_t,16,512,64,128,64,3317.802000,3083.141185,-7.07
MATMUL,uint32_t,16,256,512,512,128,52596.067000,49042.656117,-6.76
MATMUL,uint32_t,16,256,512,512,64,52921.948000,49210.484779,-7.01
MATMUL,uint32_t,16,512,64,256,16,6913.570333,6356.256112,-8.06
MATMUL,uint32_t,16,512,64,256,8,7338.534333,6616.474043,-9.84
MATMUL,uint32_t,16,512,64,256,32,6723.892333,6158.123148,-8.41
MATMUL,uint32_t,16,512,64,256,4,8374.086000,7294.829575,-12.89
MATMUL,uint32_t,16,512,64,256,64,6635.586000,6165.985642,-7.08
MATMUL,uint32_t,16,512,128,16,4,1041.713000,911.387960,-12.51
MATMUL,uint32_t,16,512,128,16,8,914.464000,826.922386,-9.57
MATMUL,uint32_t,16,512,128,16,16,862.302333,793.819126,-7.94
MATMUL,uint32_t,16,512,128,32,8,1828.694333,1651.222744,-9.70
MATMUL,uint32_t,16,512,128,32,4,2083.028667,1822.526493,-12.51
MATMUL,uint32_t,16,512,128,32,16,1724.153333,1587.492155,-7.93
MATMUL,uint32_t,16,512,128,32,32,1677.985667,1537.248265,-8.39
MATMUL,uint32_t,16,512,128,64,8,3656.890333,3302.241283,-9.70
MATMUL,uint32_t,16,512,128,64,4,4165.997000,3644.903466,-12.51
MATMUL,uint32_t,16,512,128,64,16,3448.111000,3174.355200,-7.94
MATMUL,uint32_t,16,512,128,64,32,3356.095667,3074.301418,-8.40
MATMUL,uint32_t,16,512,128,64,64,3311.828333,3078.979482,-7.03
MATMUL,uint32_t,16,512,64,512,4,16743.930667,14589.333284,-12.87
MATMUL,uint32_t,16,512,64,512,16,13824.571333,12711.541536,-8.05
MATMUL,uint32_t,16,512,64,512,8,14674.841000,13232.635936,-9.83
MATMUL,uint32_t,16,512,64,512,64,13268.079000,12332.084541,-7.05
MATMUL,uint32_t,16,512,64,512,32,13447.162667,12315.709438,-8.41
MATMUL,uint32_t,16,512,128,128,4,8329.900000,7289.251714,-12.49
MATMUL,uint32_t,16,512,128,128,16,6895.852333,6349.280046,-7.93
MATMUL,uint32_t,16,512,128,128,8,7311.719333,6604.132961,-9.68
MATMUL,uint32_t,16,512,128,128,64,6623.749667,6157.520539,-7.04
MATMUL,uint32_t,16,512,128,128,32,6710.631000,6148.155469,-8.38
MATMUL,uint32_t,16,512,128,128,128,6582.090333,6136.593086,-6.77
MATMUL,uint32_t,16,512,128,256,8,14624.419000,13207.926011,-9.69
MATMUL,uint32_t,16,512,128,256,4,16659.588000,14577.603823,-12.50
MATMUL,uint32_t,16,512,128,256,16,13788.994000,12698.375042,-7.91
MATMUL,uint32_t,16,512,128,256,64,13248.266000,12315.000178,-7.04
MATMUL,uint32_t,16,512,128,256,32,13421.680667,12296.239921,-8.39
MATMUL,uint32_t,16,512,128,256,128,13163.331000,12272.528683,-6.77
MATMUL,uint32_t,16,512,256,16,8,1825.040333,1648.806031,-9.66
MATMUL,uint32_t,16,512,256,16,4,2078.029333,1817.641379,-12.53
MATMUL,uint32_t,16,512,256,16,16,1721.990333,1586.033297,-7.90
MATMUL,uint32_t,16,512,256,32,4,4155.497667,3635.016491,-12.53
MATMUL,uint32_t,16,512,256,32,8,3649.371333,3297.182360,-9.65
MATMUL,uint32_t,16,512,256,32,16,3443.539667,3171.390962,-7.90
MATMUL,uint32_t,16,512,256,32,32,3351.847333,3072.192936,-8.34
MATMUL,uint32_t,16,512,128,512,8,29250.197667,26415.525736,-9.69
MATMUL,uint32_t,16,512,256,64,4,8310.233667,7269.648483,-12.52
MATMUL,uint32_t,16,512,256,64,8,7298.947667,6594.034178,-9.66
MATMUL,uint32_t,16,512,128,512,4,33323.245000,29154.783656,-12.51
MATMUL,uint32_t,16,512,256,64,16,6887.747000,6342.596094,-7.91
MATMUL,uint32_t,16,512,128,512,16,27583.691000,25396.443066,-7.93
MATMUL,uint32_t,16,512,128,512,32,26838.921667,24593.193268,-8.37
MATMUL,uint32_t,16,512,256,64,32,6704.010333,6144.404720,-8.35
MATMUL,uint32_t,16,512,256,64,64,6617.497333,6153.452591,-7.01
MATMUL,uint32_t,16,512,128,512,64,26491.549333,24628.966979,-7.03
MATMUL,uint32_t,16,512,128,512,128,26327.092667,24545.001680,-6.77
MATMUL,uint32_t,16,512,256,128,4,16619.049667,14539.147636,-12.52
MATMUL,uint32_t,16,512,256,128,16,13774.112000,12682.812899,-7.92
MATMUL,uint32_t,16,512,256,128,8,14598.745667,13187.692013,-9.67
MATMUL,uint32_t,16,512,256,128,32,13409.104000,12287.626322,-8.36
MATMUL,uint32_t,16,512,256,128,64,13236.688333,12306.909799,-7.02
MATMUL,uint32_t,16,512,256,128,128,13152.358000,12265.017292,-6.75
MATMUL,uint32_t,16,512,256,256,8,29197.561667,26375.050699,-9.67
MATMUL,uint32_t,16,512,256,256,4,33232.146667,29078.019728,-12.50
MATMUL,uint32_t,16,512,256,256,16,27547.683667,25365.329309,-7.92
MATMUL,uint32_t,16,512,256,256,32,26816.198333,24573.449451,-8.36
MATMUL,uint32_t,16,512,256,256,128,26307.746333,24528.987312,-6.76
MATMUL,uint32_t,16,512,256,256,64,26475.143333,24613.843546,-7.03
MATMUL,uint32_t,16,512,512,16,8,3647.012333,3294.842479,-9.66
MATMUL,uint32_t,16,512,512,16,4,4149.850000,3629.047206,-12.55
MATMUL,uint32_t,16,512,512,16,16,3441.926667,3170.209468,-7.89
MATMUL,uint32_t,16,512,512,32,4,8299.947667,7258.063702,-12.55
MATMUL,uint32_t,16,512,512,32,8,7292.297667,6589.358635,-9.64
MATMUL,uint32_t,16,512,512,32,16,6883.298333,6339.265675,-7.90
MATMUL,uint32_t,16,512,512,32,32,6701.610333,6142.237419,-8.35
MATMUL,uint32_t,16,512,256,512,8,58383.637000,52749.702325,-9.65
MATMUL,uint32_t,16,512,512,64,4,16599.333333,14516.100125,-12.55
MATMUL,uint32_t,16,512,512,64,8,14583.958000,13178.346691,-9.64
MATMUL,uint32_t,16,512,256,512,4,66467.639000,58156.016287,-12.50
MATMUL,uint32_t,16,512,256,512,16,55088.984000,50730.347884,-7.91
MATMUL,uint32_t,16,512,512,64,16,13766.705000,12677.802778,-7.91
MATMUL,uint32_t,16,512,256,512,32,53627.551667,49147.620858,-8.35
MATMUL,uint32_t,16,512,512,64,64,13230.429667,12303.155904,-7.01
MATMUL,uint32_t,16,512,512,64,32,13400.130667,12282.792138,-8.34
MATMUL,uint32_t,16,512,256,512,128,52606.404667,49057.930346,-6.75
MATMUL,uint32_t,16,512,256,512,64,52937.593333,49228.583567,-7.01
MATMUL,uint32_t,16,512,512,128,4,33192.495333,29031.859240,-12.53
MATMUL,uint32_t,16,512,512,128,16,27532.549667,25355.179042,-7.91
MATMUL,uint32_t,16,512,512,128,32,26801.789000,24565.247616,-8.34
MATMUL,uint32_t,16,512,512,128,8,29173.620333,26356.379056,-9.66
MATMUL,uint32_t,16,512,512,128,128,26296.990000,24522.224046,-6.75
MATMUL,uint32_t,16,512,512,128,64,26460.745667,24605.491204,-7.01
MATMUL,uint32_t,16,512,512,256,8,58333.769000,52712.377369,-9.64
MATMUL,uint32_t,16,512,512,256,4,66384.060667,58063.433366,-12.53
MATMUL,uint32_t,16,512,512,256,32,53599.739000,49130.020473,-8.34
MATMUL,uint32_t,16,512,512,256,128,52596.175667,49043.445272,-6.75
MATMUL,uint32_t,16,512,512,256,64,52915.643667,49209.807322,-7.00
MATMUL,uint32_t,16,512,512,256,16,55053.620667,50710.033892,-7.89
MATMUL,uint32_t,16,512,512,512,8,116674.060667,105424.409607,-9.64
MATMUL,uint32_t,16,512,512,512,4,132766.560333,116126.619396,-12.53
MATMUL,uint32_t,16,512,512,512,16,110119.392000,101419.773699,-7.90
MATMUL,uint32_t,16,512,512,512,32,107199.104667,98259.706012,-8.34
MATMUL,uint32_t,16,512,512,512,128,105189.326000,98085.115729,-6.75
MATMUL,uint32_t,16,512,512,512,64,105836.207000,98420.828113,-7.01
