operation,data_type,thread,iteration,vec_length,buffer_size,measured,predicted,error_percent
MATVEC,uint32_t,1,16,16,8,0.219000,0.200256,-8.56
MATVEC,uint32_t,1,16,16,16,0.197000,0.193481,-1.79
MATVEC,uint32_t,1,16,32,8,0.352667,0.330980,-6.15
MATVEC,uint32_t,1,16,32,16,0.326667,0.317430,-2.83
MATVEC,uint32_t,1,16,32,32,0.311667,0.308964,-0.87
MATVEC,uint32_t,1,16,64,8,0.644000,0.592429,-8.01
MATVEC,uint32_t,1,16,64,16,0.580333,0.565330,-2.59
MATVEC,uint32_t,1,16,64,32,0.553000,0.548397,-0.83
MATVEC,uint32_t,1,16,64,64,0.536667,0.540452,0.71
MATVEC,uint32_t,1,16,128,8,1.214333,1.115328,-8.15
MATVEC,uint32_t,1,16,128,16,1.095667,1.061129,-3.15
MATVEC,uint32_t,1,16,128,32,1.065334,1.027264,-3.57
MATVEC,uint32_t,1,16,128,64,1.034555,1.011373,-2.24
MATVEC,uint32_t,1,16,128,128,1.013000,1.003401,-0.95
MATVEC,uint32_t,1,16,256,8,2.369667,2.161124,-8.80
MATVEC,uint32_t,1,16,256,16,2.143333,2.052726,-4.23
MATVEC,uint32_t,1,16,256,32,2.048000,1.984996,-3.08
MATVEC,uint32_t,1,16,256,64,1.974333,1.953216,-1.07
MATVEC,uint32_t,1,16,256,128,1.964889,1.937270,-1.41
MATVEC,uint32_t,1,16,256,256,1.929333,1.930706,0.07
MATVEC,uint32_t,1,16,512,8,4.669667,4.252717,-8.93
MATVEC,uint32_t,1,16,512,16,4.216333,4.035922,-4.28
MATVEC,uint32_t,1,16,512,32,4.017333,3.900461,-2.91
MATVEC,uint32_t,1,16,512,64,3.886667,3.836900,-1.28
MATVEC,uint32_t,1,16,512,128,3.829333,3.805010,-0.64
MATVEC,uint32_t,1,16,512,256,3.806000,3.791881,-0.37
MATVEC,uint32_t,1,16,1024,8,9.252000,8.435904,-8.82
MATVEC,uint32_t,1,16,1024,16,8.379444,8.002313,-4.50
MATVEC,uint32_t,1,16,1024,32,7.980556,7.731392,-3.12
MATVEC,uint32_t,1,16,1024,64,7.709667,7.604269,-1.37
MATVEC,uint32_t,1,16,1024,128,7.605222,7.540489,-0.85
MATVEC,uint32_t,1,16,1024,256,7.538000,7.514230,-0.32
MATVEC,uint32_t,1,16,2048,8,18.442667,16.802276,-8.89
MATVEC,uint32_t,1,16,2048,16,16.652667,15.935094,-4.31
MATVEC,uint32_t,1,16,2048,32,16.034333,15.393252,-4.00
MATVEC,uint32_t,1,16,2048,64,15.345333,15.139008,-1.34
MATVEC,uint32_t,1,16,2048,128,15.128700,15.011446,-0.78
MATVEC,uint32_t,1,16,2048,256,15.007333,14.958930,-0.32
MATVEC,uint32_t,1,16,4096,8,36.860333,33.535021,-9.02
MATVEC,uint32_t,1,16,4096,16,33.262667,31.800658,-4.40
MATVEC,uint32_t,1,16,4096,32,31.652333,30.716973,-2.96
MATVEC,uint32_t,1,16,4096,64,30.627000,30.208484,-1.37
MATVEC,uint32_t,1,16,4096,128,30.141667,29.953362,-0.62
MATVEC,uint32_t,1,16,4096,256,29.945000,29.848329,-0.32
MATVEC,uint32_t,1,16,8192,8,73.647333,67.000512,-9.03
MATVEC,uint32_t,1,16,8192,16,68.476667,63.531785,-7.22
MATVEC,uint32_t,1,16,8192,32,63.221000,61.364416,-2.94
MATVEC,uint32_t,1,16,8192,64,61.196000,60.347437,-1.39
MATVEC,uint32_t,1,16,8192,128,60.218000,59.837193,-0.63
MATVEC,uint32_t,1,16,8192,256,59.829000,59.627126,-0.34
MATVEC,uint32_t,1,32,16,8,0.364333,0.334500,-8.19
MATVEC,uint32_t,1,32,16,16,0.337333,0.320950,-4.86
MATVEC,uint32_t,1,32,32,8,0.665444,0.595949,-10.44
MATVEC,uint32_t,1,32,32,16,0.594333,0.568850,-4.29
MATVEC,uint32_t,1,32,32,32,0.569333,0.551917,-3.06
MATVEC,uint32_t,1,32,64,8,1.229667,1.118848,-9.01
MATVEC,uint32_t,1,32,64,16,1.117333,1.064649,-4.72
MATVEC,uint32_t,1,32,64,32,1.064778,1.030784,-3.19
MATVEC,uint32_t,1,32,64,64,1.077667,1.014893,-5.82
MATVEC,uint32_t,1,32,128,8,2.380000,2.164644,-9.05
MATVEC,uint32_t,1,32,128,16,2.152000,2.056246,-4.45
MATVEC,uint32_t,1,32,128,32,2.049667,1.988516,-2.98
MATVEC,uint32_t,1,32,128,64,2.004000,1.956736,-2.36
MATVEC,uint32_t,1,32,128,128,1.956333,1.940790,-0.79
MATVEC,uint32_t,1,32,256,8,4.683667,4.256237,-9.13
MATVEC,uint32_t,1,32,256,16,4.224667,4.039442,-4.38
MATVEC,uint32_t,1,32,256,32,4.041667,3.903981,-3.41
MATVEC,uint32_t,1,32,256,64,3.895667,3.840420,-1.42
MATVEC,uint32_t,1,32,256,128,3.838667,3.808530,-0.79
MATVEC,uint32_t,1,32,256,256,3.812000,3.795401,-0.44
MATVEC,uint32_t,1,32,512,8,9.296000,8.439424,-9.21
MATVEC,uint32_t,1,32,512,16,8.374000,8.005833,-4.40
MATVEC,uint32_t,1,32,512,32,7.978000,7.734912,-3.05
MATVEC,uint32_t,1,32,512,64,7.722000,7.607789,-1.48
MATVEC,uint32_t,1,32,512,128,7.601333,7.544009,-0.75
MATVEC,uint32_t,1,32,512,256,7.556333,7.517750,-0.51
MATVEC,uint32_t,1,32,1024,8,18.496000,16.805796,-9.14
MATVEC,uint32_t,1,32,1024,16,16.687667,15.938614,-4.49
MATVEC,uint32_t,1,32,1024,32,15.897333,15.396772,-3.15
MATVEC,uint32_t,1,32,1024,64,15.380333,15.142528,-1.55
MATVEC,uint32_t,1,32,1024,128,15.140555,15.014966,-0.83
MATVEC,uint32_t,1,32,1024,256,15.038555,14.962450,-0.51
MATVEC,uint32_t,1,32,2048,8,36.939333,33.538541,-9.21
MATVEC,uint32_t,1,32,2048,16,33.292333,31.804178,-4.47
MATVEC,uint32_t,1,32,2048,32,31.683667,30.720493,-3.04
MATVEC,uint32_t,1,32,2048,64,30.644000,30.212004,-1.41
MATVEC,uint32_t,1,32,2048,128,30.193333,29.956882,-0.78
MATVEC,uint32_t,1,32,2048,256,29.969000,29.851849,-0.39
MATVEC,uint32_t,1,32,4096,8,73.793333,67.004032,-9.20
MATVEC,uint32_t,1,32,4096,16,66.496667,63.535305,-4.45
MATVEC,uint32_t,1,32,4096,32,63.250333,61.367936,-2.98
MATVEC,uint32_t,1,32,4096,64,61.196333,60.350957,-1.38
MATVEC,uint32_t,1,32,4096,128,60.245333,59.840713,-0.67
MATVEC,uint32_t,1,32,4096,256,59.857333,59.630646,-0.38
MATVEC,uint32_t,1,32,8192,8,147.431667,133.935012,-9.15
MATVEC,uint32_t,1,32,8192,16,132.921333,126.997558,-4.46
MATVEC,uint32_t,1,32,8192,32,126.541667,122.662820,-3.07
MATVEC,uint32_t,1,32,8192,64,122.351667,120.628864,-1.41
MATVEC,uint32_t,1,32,8192,128,120.462333,119.608374,-0.71
MATVEC,uint32_t,1,32,8192,256,119.638667,119.188242,-0.38
MATVEC,uint32_t,1,64,16,8,0.669000,0.602989,-9.87
MATVEC,uint32_t,1,64,16,16,0.613667,0.575890,-6.16
MATVEC,uint32_t,1,64,32,8,1.241667,1.125888,-9.32
MATVEC,uint32_t,1,64,32,16,1.123000,1.071689,-4.57
MATVEC,uint32_t,1,64,32,32,1.073000,1.037824,-3.28
MATVEC,uint32_t,1,64,64,8,2.396667,2.171684,-9.39
MATVEC,uint32_t,1,64,64,16,2.170333,2.063286,-4.93
MATVEC,uint32_t,1,64,64,32,2.050667,1.995556,-2.69
MATVEC,uint32_t,1,64,64,64,1.994333,1.963776,-1.53
MATVEC,uint32_t,1,64,128,8,4.691000,4.263277,-9.12
MATVEC,uint32_t,1,64,128,16,4.238333,4.046482,-4.53
MATVEC,uint32_t,1,64,128,32,4.041333,3.911021,-3.22
MATVEC,uint32_t,1,64,128,64,3.913667,3.847460,-1.69
MATVEC,uint32_t,1,64,128,128,3.897333,3.815570,-2.10
MATVEC,uint32_t,1,64,256,8,9.299000,8.446464,-9.17
MATVEC,uint32_t,1,64,256,16,8.394333,8.012873,-4.54
MATVEC,uint32_t,1,64,256,32,8.030667,7.741952,-3.60
MATVEC,uint32_t,1,64,256,64,7.729667,7.614829,-1.49
MATVEC,uint32_t,1,64,256,128,7.619333,7.551049,-0.90
MATVEC,uint32_t,1,64,256,256,7.561000,7.524790,-0.48
MATVEC,uint32_t,1,64,512,8,18.497667,16.812836,-9.11
MATVEC,uint32_t,1,64,512,16,16.694667,15.945654,-4.49
MATVEC,uint32_t,1,64,512,32,15.890333,15.403812,-3.06
MATVEC,uint32_t,1,64,512,64,15.372333,15.149568,-1.45
MATVEC,uint32_t,1,64,512,128,15.139333,15.022006,-0.77
MATVEC,uint32_t,1,64,512,256,15.049333,14.969490,-0.53
MATVEC,uint32_t,1,64,1024,8,36.927667,33.545581,-9.16
MATVEC,uint32_t,1,64,1024,16,33.300667,31.811218,-4.47
MATVEC,uint32_t,1,64,1024,32,31.739000,30.727533,-3.19
MATVEC,uint32_t,1,64,1024,64,30.654667,30.219044,-1.42
MATVEC,uint32_t,1,64,1024,128,30.192333,29.963922,-0.76
MATVEC,uint32_t,1,64,1024,256,29.984000,29.858889,-0.42
MATVEC,uint32_t,1,64,2048,8,73.755000,67.011072,-9.14
MATVEC,uint32_t,1,64,2048,16,66.509667,63.542345,-4.46
MATVEC,uint32_t,1,64,2048,32,63.319000,61.374976,-3.07
MATVEC,uint32_t,1,64,2048,64,61.216667,60.357997,-1.40
MATVEC,uint32_t,1,64,2048,128,60.287000,59.847753,-0.73
MATVEC,uint32_t,1,64,2048,256,59.884333,59.637686,-0.41
MATVEC,uint32_t,1,64,4096,8,147.419333,133.942052,-9.14
MATVEC,uint32_t,1,64,4096,16,132.921000,127.004598,-4.45
MATVEC,uint32_t,1,64,4096,32,126.534000,122.669860,-3.05
MATVEC,uint32_t,1,64,4096,64,122.366667,120.635904,-1.41
MATVEC,uint32_t,1,64,4096,128,120.454667,119.615414,-0.70
MATVEC,uint32_t,1,64,4096,256,119.646333,119.195282,-0.38
MATVEC,uint32_t,1,64,8192,8,294.809000,267.804013,-9.16
MATVEC,uint32_t,1,64,8192,16,265.713000,253.929106,-4.43
MATVEC,uint32_t,1,64,8192,32,252.955667,245.259629,-3.04
MATVEC,uint32_t,1,64,8192,64,244.582667,241.191716,-1.39
MATVEC,uint32_t,1,64,8192,128,240.850000,239.150738,-0.71
MATVEC,uint32_t,1,64,8192,256,239.253333,238.310473,-0.39
MATVEC,uint32_t,1,128,16,8,1.353333,1.139970,-15.77
MATVEC,uint32_t,1,128,16,16,1.176333,1.085772,-7.70
MATVEC,uint32_t,1,128,32,8,2.445333,2.185767,-10.61
MATVEC,uint32_t,1,128,32,16,2.215667,2.077369,-6.24
MATVEC,uint32_t,1,128,32,32,2.113333,2.009639,-4.91
MATVEC,uint32_t,1,128,64,8,4.752333,4.277360,-9.99
MATVEC,uint32_t,1,128,64,16,4.293333,4.060565,-5.42
MATVEC,uint32_t,1,128,64,32,4.066000,3.925104,-3.47
MATVEC,uint32_t,1,128,64,64,3.959000,3.861543,-2.46
MATVEC,uint32_t,1,128,128,8,9.352667,8.460546,-9.54
MATVEC,uint32_t,1,128,128,16,8.441667,8.026956,-4.91
MATVEC,uint32_t,1,128,128,32,8.048000,7.756034,-3.63
MATVEC,uint32_t,1,128,128,64,7.795000,7.628912,-2.13
MATVEC,uint32_t,1,128,128,128,7.666000,7.565132,-1.32
MATVEC,uint32_t,1,128,256,8,18.552333,16.826919,-9.30
MATVEC,uint32_t,1,128,256,16,16.734667,15.959737,-4.63
MATVEC,uint32_t,1,128,256,32,16.005333,15.417895,-3.67
MATVEC,uint32_t,1,128,256,64,15.419000,15.163650,-1.66
MATVEC,uint32_t,1,128,256,128,15.195000,15.036089,-1.05
MATVEC,uint32_t,1,128,256,256,15.191000,14.983573,-1.37
MATVEC,uint32_t,1,128,512,8,36.977667,33.559664,-9.24
MATVEC,uint32_t,1,128,512,16,33.348333,31.825301,-4.57
MATVEC,uint32_t,1,128,512,32,31.767333,30.741616,-3.23
MATVEC,uint32_t,1,128,512,64,30.712333,30.233127,-1.56
MATVEC,uint32_t,1,128,512,128,30.237667,29.978005,-0.86
MATVEC,uint32_t,1,128,512,256,30.052333,29.872972,-0.60
MATVEC,uint32_t,1,128,1024,8,73.817000,67.025154,-9.20
MATVEC,uint32_t,1,128,1024,16,66.543000,63.556428,-4.49
MATVEC,uint32_t,1,128,1024,32,63.379000,61.389058,-3.14
MATVEC,uint32_t,1,128,1024,64,61.265000,60.372080,-1.46
MATVEC,uint32_t,1,128,1024,128,60.332667,59.861836,-0.78
MATVEC,uint32_t,1,128,1024,256,59.927000,59.651769,-0.46
MATVEC,uint32_t,1,128,2048,8,147.476000,133.956135,-9.17
MATVEC,uint32_t,1,128,2048,16,132.954000,127.018681,-4.46
MATVEC,uint32_t,1,128,2048,32,126.572333,122.683943,-3.07
MATVEC,uint32_t,1,128,2048,64,122.416667,120.649986,-1.44
MATVEC,uint32_t,1,128,2048,128,120.545333,119.629497,-0.76
MATVEC,uint32_t,1,128,2048,256,119.712667,119.209365,-0.42
MATVEC,uint32_t,1,128,4096,8,294.703000,267.818096,-9.12
MATVEC,uint32_t,1,128,4096,16,265.797667,253.943189,-4.46
MATVEC,uint32_t,1,128,4096,32,252.959333,245.273712,-3.04
MATVEC,uint32_t,1,128,4096,64,244.692000,241.205799,-1.42
MATVEC,uint32_t,1,128,4096,128,240.915333,239.164821,-0.73
MATVEC,uint32_t,1,128,4096,256,239.336000,238.324556,-0.42
MATVEC,uint32_t,1,128,8192,8,589.770333,535.542018,-9.19
MATVEC,uint32_t,1,128,8192,16,531.410667,507.792204,-4.44
MATVEC,uint32_t,1,128,8192,32,505.794333,490.453250,-3.03
MATVEC,uint32_t,1,128,8192,64,489.217000,482.317424,-1.41
MATVEC,uint32_t,1,128,8192,128,481.685333,478.235468,-0.72
MATVEC,uint32_t,1,128,8192,256,478.489667,476.554937,-0.40
MATVEC,uint32_t,1,256,16,8,2.544000,2.213927,-12.97
MATVEC,uint32_t,1,256,16,16,2.324000,2.105529,-9.40
MATVEC,uint32_t,1,256,32,8,4.855000,4.305520,-11.32
MATVEC,uint32_t,1,256,32,16,4.401000,4.088725,-7.10
MATVEC,uint32_t,1,256,32,32,4.177333,3.953264,-5.36
MATVEC,uint32_t,1,256,64,8,9.466667,8.488706,-10.33
MATVEC,uint32_t,1,256,64,16,8.545000,8.055116,-5.73
MATVEC,uint32_t,1,256,64,32,8.110333,7.784194,-4.02
MATVEC,uint32_t,1,256,64,64,7.885000,7.657072,-2.89
MATVEC,uint32_t,1,256,128,8,18.671333,16.855079,-9.73
MATVEC,uint32_t,1,256,128,16,16.847000,15.987897,-5.10
MATVEC,uint32_t,1,256,128,32,16.088333,15.446055,-3.99
MATVEC,uint32_t,1,256,128,64,15.551667,15.191810,-2.31
MATVEC,uint32_t,1,256,128,128,15.301333,15.064249,-1.55
MATVEC,uint32_t,1,256,256,8,37.081667,33.587824,-9.42
MATVEC,uint32_t,1,256,256,16,33.454000,31.853461,-4.78
MATVEC,uint32_t,1,256,256,32,31.982333,30.769776,-3.79
MATVEC,uint32_t,1,256,256,64,30.809000,30.261287,-1.78
MATVEC,uint32_t,1,256,256,128,30.349000,30.006165,-1.13
MATVEC,uint32_t,1,256,256,256,30.125667,29.901132,-0.75
MATVEC,uint32_t,1,256,512,8,73.957667,67.053314,-9.34
MATVEC,uint32_t,1,256,512,16,66.659667,63.584588,-4.61
MATVEC,uint32_t,1,256,512,32,63.465333,61.417218,-3.23
MATVEC,uint32_t,1,256,512,64,61.397000,60.400240,-1.62
MATVEC,uint32_t,1,256,512,128,60.440000,59.889996,-0.91
MATVEC,uint32_t,1,256,512,256,60.075667,59.679929,-0.66
MATVEC,uint32_t,1,256,1024,8,147.637667,133.984295,-9.25
MATVEC,uint32_t,1,256,1024,16,133.070667,127.046841,-4.53
MATVEC,uint32_t,1,256,1024,32,126.655333,122.712103,-3.11
MATVEC,uint32_t,1,256,1024,64,122.518000,120.678146,-1.50
MATVEC,uint32_t,1,256,1024,128,120.654000,119.657657,-0.83
MATVEC,uint32_t,1,256,1024,256,119.843000,119.237525,-0.51
MATVEC,uint32_t,1,256,2048,8,294.830333,267.846256,-9.15
MATVEC,uint32_t,1,256,2048,16,265.874333,253.971349,-4.48
MATVEC,uint32_t,1,256,2048,32,253.122333,245.301872,-3.09
MATVEC,uint32_t,1,256,2048,64,244.764667,241.233959,-1.44
MATVEC,uint32_t,1,256,2048,128,241.002333,239.192981,-0.75
MATVEC,uint32_t,1,256,2048,256,239.418667,238.352716,-0.45
MATVEC,uint32_t,1,256,4096,8,589.723333,535.570178,-9.18
MATVEC,uint32_t,1,256,4096,16,531.500667,507.820364,-4.46
MATVEC,uint32_t,1,256,4096,32,505.902000,490.481410,-3.05
MATVEC,uint32_t,1,256,4096,64,489.312000,482.345584,-1.42
MATVEC,uint32_t,1,256,4096,128,481.768000,478.263628,-0.73
MATVEC,uint32_t,1,256,4096,256,478.590667,476.583097,-0.42
MATVEC,uint32_t,1,256,8192,8,1179.486667,1071.018023,-9.20
MATVEC,uint32_t,1,256,8192,16,1062.710333,1015.518393,-4.44
MATVEC,uint32_t,1,256,8192,32,1011.466667,980.840487,-3.03
MATVEC,uint32_t,1,256,8192,64,978.485667,964.568834,-1.42
MATVEC,uint32_t,1,256,8192,128,963.340333,956.404921,-0.72
MATVEC,uint32_t,1,256,8192,256,956.998667,953.043861,-0.41
MATVEC,uint32_t,1,512,16,8,5.064000,4.361840,-13.87
MATVEC,uint32_t,1,512,16,16,4.625667,4.145045,-10.39
MATVEC,uint32_t,1,512,32,8,9.702333,8.545026,-11.93
MATVEC,uint32_t,1,512,32,16,8.775333,8.111436,-7.57
MATVEC,uint32_t,1,512,32,32,8.332333,7.840514,-5.90
MATVEC,uint32_t,1,512,64,8,18.914667,16.911399,-10.59
MATVEC,uint32_t,1,512,64,16,17.079667,16.044217,-6.06
MATVEC,uint32_t,1,512,64,32,16.188333,15.502375,-4.24
MATVEC,uint32_t,1,512,64,64,15.758000,15.248130,-3.24
MATVEC,uint32_t,1,512,128,8,37.337000,33.644144,-9.89
MATVEC,uint32_t,1,512,128,16,33.699000,31.909781,-5.31
MATVEC,uint32_t,1,512,128,32,32.090333,30.826096,-3.94
MATVEC,uint32_t,1,512,128,64,31.284333,30.317607,-3.09
MATVEC,uint32_t,1,512,128,128,30.586333,30.062485,-1.71
MATVEC,uint32_t,1,512,256,8,74.137333,67.109634,-9.48
MATVEC,uint32_t,1,512,256,16,66.877000,63.640908,-4.84
MATVEC,uint32_t,1,512,256,32,64.034000,61.473538,-4.00
MATVEC,uint32_t,1,512,256,64,61.609000,60.456560,-1.87
MATVEC,uint32_t,1,512,256,128,60.692000,59.946316,-1.23
MATVEC,uint32_t,1,512,256,256,60.236667,59.736249,-0.83
MATVEC,uint32_t,1,512,512,8,147.850667,134.040615,-9.34
MATVEC,uint32_t,1,512,512,16,133.354333,127.103161,-4.69
MATVEC,uint32_t,1,512,512,32,127.021333,122.768423,-3.35
MATVEC,uint32_t,1,512,512,64,122.796333,120.734466,-1.68
MATVEC,uint32_t,1,512,512,128,120.885667,119.713977,-0.97
MATVEC,uint32_t,1,512,512,256,120.170000,119.293845,-0.73
MATVEC,uint32_t,1,512,1024,8,295.275000,267.902576,-9.27
MATVEC,uint32_t,1,512,1024,16,266.180667,254.027669,-4.57
MATVEC,uint32_t,1,512,1024,32,253.407667,245.358192,-3.18
MATVEC,uint32_t,1,512,1024,64,245.026000,241.290279,-1.52
MATVEC,uint32_t,1,512,1024,128,241.264667,239.249301,-0.84
MATVEC,uint32_t,1,512,1024,256,239.690667,238.409036,-0.53
MATVEC,uint32_t,1,512,2048,8,590.076333,535.626498,-9.23
MATVEC,uint32_t,1,512,2048,16,531.634333,507.876684,-4.47
MATVEC,uint32_t,1,512,2048,32,506.221667,490.537730,-3.10
MATVEC,uint32_t,1,512,2048,64,489.596667,482.401904,-1.47
MATVEC,uint32_t,1,512,2048,128,481.979000,478.319948,-0.76
MATVEC,uint32_t,1,512,2048,256,478.806667,476.639417,-0.45
MATVEC,uint32_t,1,512,4096,8,1179.483667,1071.074343,-9.19
MATVEC,uint32_t,1,512,4096,16,1062.864000,1015.574713,-4.45
MATVEC,uint32_t,1,512,4096,32,1012.299667,980.896807,-3.10
MATVEC,uint32_t,1,512,4096,64,978.551667,964.625154,-1.42
MATVEC,uint32_t,1,512,4096,128,963.410667,956.461241,-0.72
MATVEC,uint32_t,1,512,4096,256,957.246000,953.100181,-0.43
MATVEC,uint32_t,1,512,8192,8,2358.183000,2141.970032,-9.17
MATVEC,uint32_t,1,512,8192,16,2125.280667,2030.970773,-4.44
MATVEC,uint32_t,1,512,8192,32,2023.115000,1961.614960,-3.04
MATVEC,uint32_t,1,512,8192,64,1956.749000,1929.071655,-1.41
MATVEC,uint32_t,1,512,8192,128,1926.531333,1912.743829,-0.72
MATVEC,uint32_t,1,512,8192,256,1913.557000,1906.021708,-0.39
MATVEC,uint32_t,1,1024,16,8,10.051667,8.657666,-13.87
MATVEC,uint32_t,1,1024,16,16,9.176333,8.224076,-10.38
MATVEC,uint32_t,1,1024,32,8,19.316667,17.024039,-11.87
MATVEC,uint32_t,1,1024,32,16,17.465333,16.156857,-7.49
MATVEC,uint32_t,1,1024,32,32,16.602333,15.615015,-5.95
MATVEC,uint32_t,1,1024,64,8,37.770667,33.756784,-10.63
MATVEC,uint32_t,1,1024,64,16,34.089000,32.022421,-6.06
MATVEC,uint32_t,1,1024,64,32,32.300667,30.938736,-4.22
MATVEC,uint32_t,1,1024,64,64,31.436667,30.430247,-3.20
MATVEC,uint32_t,1,1024,128,8,74.581667,67.222274,-9.87
MATVEC,uint32_t,1,1024,128,16,67.305667,63.753548,-5.28
MATVEC,uint32_t,1,1024,128,32,64.112333,61.586178,-3.94
MATVEC,uint32_t,1,1024,128,64,62.106333,60.569200,-2.48
MATVEC,uint32_t,1,1024,128,128,61.087000,60.058956,-1.68
MATVEC,uint32_t,1,1024,256,8,148.234667,134.153255,-9.50
MATVEC,uint32_t,1,1024,256,16,133.733667,127.215801,-4.87
MATVEC,uint32_t,1,1024,256,32,127.908667,122.881063,-3.93
MATVEC,uint32_t,1,1024,256,64,123.151333,120.847106,-1.87
MATVEC,uint32_t,1,1024,256,128,121.304667,119.826617,-1.22
MATVEC,uint32_t,1,1024,256,256,120.391667,119.406485,-0.82
MATVEC,uint32_t,1,1024,512,8,295.498667,268.015216,-9.30
MATVEC,uint32_t,1,1024,512,16,266.504000,254.140309,-4.64
MATVEC,uint32_t,1,1024,512,32,253.897000,245.470832,-3.32
MATVEC,uint32_t,1,1024,512,64,245.448333,241.402919,-1.65
MATVEC,uint32_t,1,1024,512,128,241.691333,239.361941,-0.96
MATVEC,uint32_t,1,1024,512,256,240.188333,238.521676,-0.69
MATVEC,uint32_t,1,1024,1024,8,590.348667,535.739138,-9.25
MATVEC,uint32_t,1,1024,1024,16,532.211333,507.989324,-4.55
MATVEC,uint32_t,1,1024,1024,32,506.922333,490.650370,-3.21
MATVEC,uint32_t,1,1024,1024,64,489.974333,482.514544,-1.52
MATVEC,uint32_t,1,1024,1024,128,482.460333,478.432588,-0.83
MATVEC,uint32_t,1,1024,1024,256,479.211333,476.752057,-0.51
MATVEC,uint32_t,1,1024,2048,8,1179.714333,1071.186983,-9.20
MATVEC,uint32_t,1,1024,2048,16,1063.495000,1015.687353,-4.50
MATVEC,uint32_t,1,1024,2048,32,1012.761667,981.009447,-3.14
MATVEC,uint32_t,1,1024,2048,64,979.081333,964.737794,-1.46
MATVEC,uint32_t,1,1024,2048,128,964.010000,956.573881,-0.77
MATVEC,uint32_t,1,1024,2048,256,957.594000,953.212821,-0.46
MATVEC,uint32_t,1,1024,4096,8,2358.150000,2142.082672,-9.16
MATVEC,uint32_t,1,1024,4096,16,2126.188667,2031.083413,-4.47
MATVEC,uint32_t,1,1024,4096,32,2021.647667,1961.727600,-2.96
MATVEC,uint32_t,1,1024,4096,64,1958.431333,1929.184295,-1.49
MATVEC,uint32_t,1,1024,4096,128,1925.324333,1912.856469,-0.65
MATVEC,uint32_t,1,1024,4096,256,1913.382333,1906.134348,-0.38
MATVEC,uint32_t,1,1024,8192,8,4710.534000,4283.874050,-9.06
MATVEC,uint32_t,1,1024,8192,16,4247.768667,4061.875532,-4.38
MATVEC,uint32_t,1,1024,8192,32,4052.625000,3923.163906,-3.19
MATVEC,uint32_t,1,1024,8192,64,3922.231667,3858.077296,-1.64
MATVEC,uint32_t,1,1024,8192,128,3849.058667,3825.421644,-0.61
MATVEC,uint32_t,1,1024,8192,256,3827.321000,3811.977401,-0.40
MATVEC,uint32_t,1,2048,16,8,20.068333,17.249319,-14.05
MATVEC,uint32_t,1,2048,16,16,18.344333,16.382137,-10.70
MATVEC,uint32_t,1,2048,32,8,38.632333,33.982064,-12.04
MATVEC,uint32_t,1,2048,32,16,34.926000,32.247701,-7.67
MATVEC,uint32_t,1,2048,32,32,33.167667,31.164016,-6.04
MATVEC,uint32_t,1,2048,64,8,75.496000,67.447554,-10.66
MATVEC,uint32_t,1,2048,64,16,68.122000,63.978828,-6.08
MATVEC,uint32_t,1,2048,64,32,64.547333,61.811458,-4.24
MATVEC,uint32_t,1,2048,64,64,62.830000,60.794480,-3.24
MATVEC,uint32_t,1,2048,128,8,149.139667,134.378535,-9.90
MATVEC,uint32_t,1,2048,128,16,134.566667,127.441081,-5.30
MATVEC,uint32_t,1,2048,128,32,128.178667,123.106343,-3.96
MATVEC,uint32_t,1,2048,128,64,124.154667,121.072386,-2.48
MATVEC,uint32_t,1,2048,128,128,122.141333,120.051897,-1.71
MATVEC,uint32_t,1,2048,256,8,296.368000,268.240496,-9.49
MATVEC,uint32_t,1,2048,256,16,267.397667,254.365589,-4.87
MATVEC,uint32_t,1,2048,256,32,255.751667,245.696112,-3.93
MATVEC,uint32_t,1,2048,256,64,246.254667,241.628199,-1.88
MATVEC,uint32_t,1,2048,256,128,242.570667,239.587221,-1.23
MATVEC,uint32_t,1,2048,256,256,240.752667,238.746956,-0.83
MATVEC,uint32_t,1,2048,512,8,591.141000,535.964418,-9.33
MATVEC,uint32_t,1,2048,512,16,532.954667,508.214604,-4.64
MATVEC,uint32_t,1,2048,512,32,508.229333,490.875650,-3.41
MATVEC,uint32_t,1,2048,512,64,490.954667,482.739824,-1.67
MATVEC,uint32_t,1,2048,512,128,483.346667,478.657868,-0.97
MATVEC,uint32_t,1,2048,512,256,480.449000,476.977337,-0.72
MATVEC,uint32_t,1,2048,1024,8,1180.917667,1071.412263,-9.27
MATVEC,uint32_t,1,2048,1024,16,1064.099333,1015.912633,-4.53
MATVEC,uint32_t,1,2048,1024,32,1013.932000,981.234727,-3.22
MATVEC,uint32_t,1,2048,1024,64,979.804333,964.963074,-1.51
MATVEC,uint32_t,1,2048,1024,128,964.851667,956.799161,-0.83
MATVEC,uint32_t,1,2048,1024,256,958.481000,953.438101,-0.53
MATVEC,uint32_t,1,2048,2048,8,2359.340667,2142.307952,-9.20
MATVEC,uint32_t,1,2048,2048,16,2126.766667,2031.308693,-4.49
MATVEC,uint32_t,1,2048,2048,32,2025.716333,1961.952880,-3.15
MATVEC,uint32_t,1,2048,2048,64,1957.984667,1929.409575,-1.46
MATVEC,uint32_t,1,2048,2048,128,1927.813667,1913.081749,-0.76
MATVEC,uint32_t,1,2048,2048,256,1915.036667,1906.359628,-0.45
MATVEC,uint32_t,1,2048,4096,8,4716.748333,4284.099330,-9.17
MATVEC,uint32_t,1,2048,4096,16,4252.157667,4062.100812,-4.47
MATVEC,uint32_t,1,2048,4096,32,4047.721333,3923.389186,-3.07
MATVEC,uint32_t,1,2048,4096,64,3911.986333,3858.302576,-1.37
MATVEC,uint32_t,1,2048,4096,128,3850.579667,3825.646924,-0.65
MATVEC,uint32_t,1,2048,4096,256,3827.236000,3812.202681,-0.39
MATVEC,uint32_t,1,4096,16,8,40.095333,34.432624,-14.12
MATVEC,uint32_t,1,4096,16,16,36.613667,32.698261,-10.69
MATVEC,uint32_t,1,4096,32,8,77.219333,67.898114,-12.07
MATVEC,uint32_t,1,4096,32,16,69.790333,64.429388,-7.68
MATVEC,uint32_t,1,4096,32,32,66.227667,62.262018,-5.99
MATVEC,uint32_t,1,4096,64,8,150.872000,134.829095,-10.63
MATVEC,uint32_t,1,4096,64,16,136.193333,127.891641,-6.10
MATVEC,uint32_t,1,4096,64,32,129.055667,123.556903,-4.26
MATVEC,uint32_t,1,4096,64,64,125.602333,121.522946,-3.25
MATVEC,uint32_t,1,4096,128,8,298.221333,268.691056,-9.90
MATVEC,uint32_t,1,4096,128,16,269.112000,254.816149,-5.31
MATVEC,uint32_t,1,4096,128,32,256.287667,246.146672,-3.96
MATVEC,uint32_t,1,4096,128,64,248.267000,242.078759,-2.49
MATVEC,uint32_t,1,4096,128,128,244.192667,240.037781,-1.70
MATVEC,uint32_t,1,4096,256,8,592.740000,536.414978,-9.50
MATVEC,uint32_t,1,4096,256,16,534.679333,508.665164,-4.87
MATVEC,uint32_t,1,4096,256,32,508.893000,491.326210,-3.45
MATVEC,uint32_t,1,4096,256,64,491.712000,483.190384,-1.73
MATVEC,uint32_t,1,4096,256,128,484.530333,479.108428,-1.12
MATVEC,uint32_t,1,4096,256,256,480.608333,477.427897,-0.66
MATVEC,uint32_t,1,4096,512,8,1177.890333,1071.862823,-9.00
MATVEC,uint32_t,1,4096,512,16,1066.025667,1016.363193,-4.66
MATVEC,uint32_t,1,4096,512,32,1015.957667,981.685287,-3.37
MATVEC,uint32_t,1,4096,512,64,981.860667,965.413634,-1.68
MATVEC,uint32_t,1,4096,512,128,966.506000,957.249721,-0.96
MATVEC,uint32_t,1,4096,512,256,978.521667,953.888661,-2.52
MATVEC,uint32_t,1,4096,1024,8,2363.119000,2142.758512,-9.32
MATVEC,uint32_t,1,4096,1024,16,2128.772000,2031.759253,-4.56
MATVEC,uint32_t,1,4096,1024,32,2026.452667,1962.403440,-3.16
MATVEC,uint32_t,1,4096,1024,64,1959.708333,1929.860135,-1.52
MATVEC,uint32_t,1,4096,1024,128,1929.674000,1913.532309,-0.84
MATVEC,uint32_t,1,4096,1024,256,1916.429333,1906.810188,-0.50
MATVEC,uint32_t,1,4096,2048,8,4718.191333,4284.549890,-9.19
MATVEC,uint32_t,1,4096,2048,16,4253.851667,4062.551372,-4.50
MATVEC,uint32_t,1,4096,2048,32,4049.106333,3923.839746,-3.09
MATVEC,uint32_t,1,4096,2048,64,3915.156000,3858.753136,-1.44
MATVEC,uint32_t,1,4096,2048,128,3854.028333,3826.097484,-0.72
MATVEC,uint32_t,1,4096,2048,256,3828.555333,3812.653241,-0.42
MATVEC,uint32_t,1,8192,16,8,80.189333,68.799234,-14.20
MATVEC,uint32_t,1,8192,16,16,73.204000,65.330508,-10.76
MATVEC,uint32_t,1,8192,32,8,154.314667,135.730215,-12.04
MATVEC,uint32_t,1,8192,32,16,139.524333,128.792761,-7.69
MATVEC,uint32_t,1,8192,32,32,132.453667,124.458023,-6.04
MATVEC,uint32_t,1,8192,64,8,302.744333,269.592176,-10.95
MATVEC,uint32_t,1,8192,64,16,272.348333,255.717269,-6.11
MATVEC,uint32_t,1,8192,64,32,258.036333,247.047792,-4.26
MATVEC,uint32_t,1,8192,64,64,251.079333,242.979879,-3.23
MATVEC,uint32_t,1,8192,128,8,596.006000,537.316098,-9.85
MATVEC,uint32_t,1,8192,128,16,539.235000,509.566284,-5.50
MATVEC,uint32_t,1,8192,128,32,512.525000,492.227330,-3.96
MATVEC,uint32_t,1,8192,128,64,496.354667,484.091504,-2.47
MATVEC,uint32_t,1,8192,128,128,488.197000,480.009548,-1.68
MATVEC,uint32_t,1,8192,256,8,1184.816000,1072.763943,-9.46
MATVEC,uint32_t,1,8192,256,16,1068.934333,1017.264313,-4.83
MATVEC,uint32_t,1,8192,256,32,1021.185667,982.586407,-3.78
MATVEC,uint32_t,1,8192,256,64,984.421667,966.314754,-1.84
MATVEC,uint32_t,1,8192,256,128,969.807333,958.150841,-1.20
MATVEC,uint32_t,1,8192,256,256,962.350333,954.789781,-0.79
MATVEC,uint32_t,1,8192,512,8,2363.036667,2143.659632,-9.28
MATVEC,uint32_t,1,8192,512,16,2130.861333,2032.660373,-4.61
MATVEC,uint32_t,1,8192,512,32,2029.453667,1963.304560,-3.26
MATVEC,uint32_t,1,8192,512,64,1962.679667,1930.761255,-1.63
MATVEC,uint32_t,1,8192,512,128,1932.545000,1914.433429,-0.94
MATVEC,uint32_t,1,8192,512,256,1920.127000,1907.711308,-0.65
MATVEC,uint32_t,1,8192,1024,8,4719.044000,4285.451010,-9.19
MATVEC,uint32_t,1,8192,1024,16,4255.605000,4063.452492,-4.52
MATVEC,uint32_t,1,8192,1024,32,4050.894000,3924.740866,-3.11
MATVEC,uint32_t,1,8192,1024,64,3917.754667,3859.654256,-1.48
MATVEC,uint32_t,1,8192,1024,128,3858.602333,3826.998604,-0.82
MATVEC,uint32_t,1,8192,1024,256,3832.408000,3813.554361,-0.49
MATVEC,uint32_t,2,16,16,8,0.225333,0.200625,-10.96
MATVEC,uint32_t,2,16,16,16,0.204333,0.195559,-4.29
MATVEC,uint32_t,2,16,32,8,0.364000,0.331350,-8.97
MATVEC,uint32_t,2,16,32,16,0.337000,0.321368,-4.64
MATVEC,uint32_t,2,16,32,32,0.328333,0.314353,-4.26
MATVEC,uint32_t,2,16,64,8,0.652000,0.592799,-9.08
MATVEC,uint32_t,2,16,64,16,0.582556,0.572985,-1.64
MATVEC,uint32_t,2,16,64,32,0.564333,0.558835,-0.97
MATVEC,uint32_t,2,16,64,64,0.553333,0.548300,-0.91
MATVEC,uint32_t,2,16,128,8,1.224000,1.115697,-8.85
MATVEC,uint32_t,2,16,128,16,1.111667,1.076219,-3.19
MATVEC,uint32_t,2,16,128,32,1.069000,1.047800,-1.98
MATVEC,uint32_t,2,16,128,64,1.039667,1.026560,-1.26
MATVEC,uint32_t,2,16,128,128,1.019000,1.018054,-0.09
MATVEC,uint32_t,2,16,256,8,2.370667,2.161494,-8.82
MATVEC,uint32_t,2,16,256,16,2.155000,2.082686,-3.36
MATVEC,uint32_t,2,16,256,32,2.067000,2.025729,-2.00
MATVEC,uint32_t,2,16,256,64,1.993000,1.983081,-0.50
MATVEC,uint32_t,2,16,256,128,1.990667,1.965674,-1.26
MATVEC,uint32_t,2,16,256,256,1.943000,1.946574,0.18
MATVEC,uint32_t,2,16,512,8,4.682333,4.253087,-9.17
MATVEC,uint32_t,2,16,512,16,4.221000,4.095622,-2.97
MATVEC,uint32_t,2,16,512,32,4.026667,3.981587,-1.12
MATVEC,uint32_t,2,16,512,64,3.903000,3.896124,-0.18
MATVEC,uint32_t,2,16,512,128,3.885333,3.860915,-0.63
MATVEC,uint32_t,2,16,512,256,3.807000,3.822282,0.40
MATVEC,uint32_t,2,16,1024,8,9.276333,8.436273,-9.06
MATVEC,uint32_t,2,16,1024,16,8.386000,8.121492,-3.15
MATVEC,uint32_t,2,16,1024,32,8.247333,7.893304,-4.29
MATVEC,uint32_t,2,16,1024,64,7.714000,7.722208,0.11
MATVEC,uint32_t,2,16,1024,128,7.621333,7.651398,0.39
MATVEC,uint32_t,2,16,1024,256,7.554667,7.573696,0.25
MATVEC,uint32_t,2,16,2048,8,18.494000,16.802646,-9.15
MATVEC,uint32_t,2,16,2048,16,16.699000,16.173234,-3.15
MATVEC,uint32_t,2,16,2048,32,17.115667,15.716737,-8.17
MATVEC,uint32_t,2,16,2048,64,15.374000,15.374377,0.00
MATVEC,uint32_t,2,16,2048,128,15.133333,15.232362,0.65
MATVEC,uint32_t,2,16,2048,256,15.033000,15.076526,0.29
MATVEC,uint32_t,2,16,4096,8,36.922667,33.535391,-9.17
MATVEC,uint32_t,2,16,4096,16,33.319333,32.276716,-3.13
MATVEC,uint32_t,2,16,4096,32,32.787000,31.363603,-4.34
MATVEC,uint32_t,2,16,4096,64,30.660667,30.678716,0.06
MATVEC,uint32_t,2,16,4096,128,30.554333,30.394291,-0.52
MATVEC,uint32_t,2,16,4096,256,29.997000,30.082186,0.28
MATVEC,uint32_t,2,16,8192,8,73.797667,67.000881,-9.21
MATVEC,uint32_t,2,16,8192,16,66.515667,64.483681,-3.05
MATVEC,uint32_t,2,16,8192,32,63.659667,62.657336,-1.57
MATVEC,uint32_t,2,16,8192,64,61.237000,61.287392,0.08
MATVEC,uint32_t,2,16,8192,128,60.275667,60.718150,0.73
MATVEC,uint32_t,2,16,8192,256,59.891667,60.093504,0.34
MATVEC,uint32_t,2,32,16,8,0.374333,0.334870,-10.54
MATVEC,uint32_t,2,32,16,16,0.344333,0.324888,-5.65
MATVEC,uint32_t,2,32,32,8,0.663000,0.596319,-10.06
MATVEC,uint32_t,2,32,32,16,0.606111,0.576505,-4.88
MATVEC,uint32_t,2,32,32,32,0.572000,0.562355,-1.69
MATVEC,uint32_t,2,32,64,8,1.237111,1.119217,-9.53
MATVEC,uint32_t,2,32,64,16,1.124111,1.079739,-3.95
MATVEC,uint32_t,2,32,64,32,1.076000,1.051320,-2.29
MATVEC,uint32_t,2,32,64,64,1.030000,1.030080,0.01
MATVEC,uint32_t,2,32,128,8,2.394000,2.165014,-9.57
MATVEC,uint32_t,2,32,128,16,2.180333,2.086206,-4.32
MATVEC,uint32_t,2,32,128,32,2.064445,2.029249,-1.70
MATVEC,uint32_t,2,32,128,64,2.017667,1.986601,-1.54
MATVEC,uint32_t,2,32,128,128,1.972667,1.969194,-0.18
MATVEC,uint32_t,2,32,256,8,4.723333,4.256607,-9.88
MATVEC,uint32_t,2,32,256,16,4.428000,4.099142,-7.43
MATVEC,uint32_t,2,32,256,32,4.059333,3.985107,-1.83
MATVEC,uint32_t,2,32,256,64,3.901000,3.899644,-0.03
MATVEC,uint32_t,2,32,256,128,3.868000,3.864435,-0.09
MATVEC,uint32_t,2,32,256,256,3.835000,3.825802,-0.24
MATVEC,uint32_t,2,32,512,8,9.307000,8.439793,-9.32
MATVEC,uint32_t,2,32,512,16,8.400000,8.125012,-3.27
MATVEC,uint32_t,2,32,512,32,8.029556,7.896824,-1.65
MATVEC,uint32_t,2,32,512,64,7.720000,7.725728,0.07
MATVEC,uint32_t,2,32,512,128,7.611111,7.654918,0.58
MATVEC,uint32_t,2,32,512,256,7.560889,7.577216,0.22
MATVEC,uint32_t,2,32,1024,8,18.512667,16.806166,-9.22
MATVEC,uint32_t,2,32,1024,16,16.688333,16.176754,-3.07
MATVEC,uint32_t,2,32,1024,32,15.968667,15.720257,-1.56
MATVEC,uint32_t,2,32,1024,64,15.370667,15.377897,0.05
MATVEC,uint32_t,2,32,1024,128,15.163667,15.235882,0.48
MATVEC,uint32_t,2,32,1024,256,15.352667,15.080046,-1.78
MATVEC,uint32_t,2,32,2048,8,36.945000,33.538911,-9.22
MATVEC,uint32_t,2,32,2048,16,33.323333,32.280236,-3.13
MATVEC,uint32_t,2,32,2048,32,33.014667,31.367123,-4.99
MATVEC,uint32_t,2,32,2048,64,30.656000,30.682236,0.09
MATVEC,uint32_t,2,32,2048,128,30.191333,30.397811,0.68
MATVEC,uint32_t,2,32,2048,256,30.005333,30.085706,0.27
MATVEC,uint32_t,2,32,4096,8,73.767000,67.004401,-9.17
MATVEC,uint32_t,2,32,4096,16,66.520667,64.487201,-3.06
MATVEC,uint32_t,2,32,4096,32,63.619667,62.660856,-1.51
MATVEC,uint32_t,2,32,4096,64,61.238333,61.290912,0.09
MATVEC,uint32_t,2,32,4096,128,60.306667,60.721670,0.69
MATVEC,uint32_t,2,32,4096,256,59.910000,60.097024,0.31
MATVEC,uint32_t,2,32,8192,8,147.489667,133.935382,-9.19
MATVEC,uint32_t,2,32,8192,16,132.930333,128.901131,-3.03
MATVEC,uint32_t,2,32,8192,32,127.020333,125.248321,-1.40
MATVEC,uint32_t,2,32,8192,64,122.362000,122.508265,0.12
MATVEC,uint32_t,2,32,8192,128,120.477000,121.369386,0.74
MATVEC,uint32_t,2,32,8192,256,119.673333,120.119662,0.37
MATVEC,uint32_t,2,64,16,8,0.681444,0.603359,-11.46
MATVEC,uint32_t,2,64,16,16,0.701333,0.583545,-16.79
MATVEC,uint32_t,2,64,32,8,1.257333,1.126257,-10.42
MATVEC,uint32_t,2,64,32,16,1.161000,1.086779,-6.39
MATVEC,uint32_t,2,64,32,32,1.095000,1.058360,-3.35
MATVEC,uint32_t,2,64,64,8,2.423333,2.172054,-10.37
MATVEC,uint32_t,2,64,64,16,2.188667,2.093246,-4.36
MATVEC,uint32_t,2,64,64,32,2.077333,2.036289,-1.98
MATVEC,uint32_t,2,64,64,64,2.040333,1.993641,-2.29
MATVEC,uint32_t,2,64,128,8,4.717333,4.263647,-9.62
MATVEC,uint32_t,2,64,128,16,4.284667,4.106182,-4.17
MATVEC,uint32_t,2,64,128,32,4.075333,3.992147,-2.04
MATVEC,uint32_t,2,64,128,64,3.945667,3.906684,-0.99
MATVEC,uint32_t,2,64,128,128,3.885667,3.871475,-0.37
MATVEC,uint32_t,2,64,256,8,9.322333,8.446833,-9.39
MATVEC,uint32_t,2,64,256,16,8.414222,8.132052,-3.35
MATVEC,uint32_t,2,64,256,32,8.085000,7.903864,-2.24
MATVEC,uint32_t,2,64,256,64,7.756333,7.732768,-0.30
MATVEC,uint32_t,2,64,256,128,7.639333,7.661958,0.30
MATVEC,uint32_t,2,64,256,256,8.177000,7.584256,-7.25
MATVEC,uint32_t,2,64,512,8,18.551333,16.813206,-9.37
MATVEC,uint32_t,2,64,512,16,16.725000,16.183794,-3.24
MATVEC,uint32_t,2,64,512,32,15.932667,15.727297,-1.29
MATVEC,uint32_t,2,64,512,64,15.418000,15.384937,-0.21
MATVEC,uint32_t,2,64,512,128,15.193000,15.242922,0.33
MATVEC,uint32_t,2,64,512,256,15.116000,15.087086,-0.19
MATVEC,uint32_t,2,64,1024,8,36.990000,33.545951,-9.31
MATVEC,uint32_t,2,64,1024,16,33.350333,32.287276,-3.19
MATVEC,uint32_t,2,64,1024,32,31.847333,31.374163,-1.49
MATVEC,uint32_t,2,64,1024,64,30.721333,30.689276,-0.10
MATVEC,uint32_t,2,64,1024,128,30.251667,30.404851,0.51
MATVEC,uint32_t,2,64,1024,256,30.033000,30.092746,0.20
MATVEC,uint32_t,2,64,2048,8,73.846667,67.011441,-9.26
MATVEC,uint32_t,2,64,2048,16,66.560667,64.494241,-3.10
MATVEC,uint32_t,2,64,2048,32,63.645667,62.667896,-1.54
MATVEC,uint32_t,2,64,2048,64,61.279667,61.297952,0.03
MATVEC,uint32_t,2,64,2048,128,60.334667,60.728710,0.65
MATVEC,uint32_t,2,64,2048,256,59.929000,60.104064,0.29
MATVEC,uint32_t,2,64,4096,8,147.525000,133.942422,-9.21
MATVEC,uint32_t,2,64,4096,16,132.970667,128.908171,-3.06
MATVEC,uint32_t,2,64,4096,32,127.248333,125.255361,-1.57
MATVEC,uint32_t,2,64,4096,64,122.387333,122.515305,0.10
MATVEC,uint32_t,2,64,4096,128,120.534333,121.376426,0.70
MATVEC,uint32_t,2,64,4096,256,119.723667,120.126702,0.34
MATVEC,uint32_t,2,64,8192,8,294.843667,267.804383,-9.17
MATVEC,uint32_t,2,64,8192,16,265.753667,257.736031,-3.02
MATVEC,uint32_t,2,64,8192,32,253.493000,250.430291,-1.21
MATVEC,uint32_t,2,64,8192,64,244.628000,244.950012,0.13
MATVEC,uint32_t,2,64,8192,128,240.823333,242.671859,0.77
MATVEC,uint32_t,2,64,8192,256,239.250667,240.171978,0.39
MATVEC,uint32_t,2,128,16,8,1.320333,1.140337,-13.63
MATVEC,uint32_t,2,128,16,16,1.220667,1.100859,-9.81
MATVEC,uint32_t,2,128,32,8,2.503000,2.186134,-12.66
MATVEC,uint32_t,2,128,32,16,2.254667,2.107326,-6.53
MATVEC,uint32_t,2,128,32,32,2.145000,2.050369,-4.41
MATVEC,uint32_t,2,128,64,8,4.809000,4.277727,-11.05
MATVEC,uint32_t,2,128,64,16,4.335667,4.120262,-4.97
MATVEC,uint32_t,2,128,64,32,4.109333,4.006227,-2.51
MATVEC,uint32_t,2,128,64,64,4.006667,3.920764,-2.14
MATVEC,uint32_t,2,128,128,8,9.398000,8.460913,-9.97
MATVEC,uint32_t,2,128,128,16,9.041000,8.146132,-9.90
MATVEC,uint32_t,2,128,128,32,8.111667,7.917944,-2.39
MATVEC,uint32_t,2,128,128,64,7.853667,7.746848,-1.36
MATVEC,uint32_t,2,128,128,128,7.724667,7.676038,-0.63
MATVEC,uint32_t,2,128,256,8,18.612333,16.827286,-9.59
MATVEC,uint32_t,2,128,256,16,16.803333,16.197874,-3.60
MATVEC,uint32_t,2,128,256,32,16.100667,15.741377,-2.23
MATVEC,uint32_t,2,128,256,64,15.470333,15.399017,-0.46
MATVEC,uint32_t,2,128,256,128,15.269667,15.257002,-0.08
MATVEC,uint32_t,2,128,256,256,15.144667,15.101166,-0.29
MATVEC,uint32_t,2,128,512,8,37.082333,33.560031,-9.50
MATVEC,uint32_t,2,128,512,16,33.404667,32.301356,-3.30
MATVEC,uint32_t,2,128,512,32,31.859333,31.388243,-1.48
MATVEC,uint32_t,2,128,512,64,30.772667,30.703356,-0.23
MATVEC,uint32_t,2,128,512,128,30.383667,30.418931,0.12
MATVEC,uint32_t,2,128,512,256,30.132333,30.106826,-0.08
MATVEC,uint32_t,2,128,1024,8,73.884333,67.025521,-9.28
MATVEC,uint32_t,2,128,1024,16,66.612000,64.508321,-3.16
MATVEC,uint32_t,2,128,1024,32,63.635333,62.681976,-1.50
MATVEC,uint32_t,2,128,1024,64,61.335333,61.312032,-0.04
MATVEC,uint32_t,2,128,1024,128,60.418000,60.742790,0.54
MATVEC,uint32_t,2,128,1024,256,60.002000,60.118144,0.19
MATVEC,uint32_t,2,128,2048,8,147.592667,133.956502,-9.24
MATVEC,uint32_t,2,128,2048,16,133.026000,128.922251,-3.08
MATVEC,uint32_t,2,128,2048,32,126.921667,125.269441,-1.30
MATVEC,uint32_t,2,128,2048,64,125.861000,122.529385,-2.65
MATVEC,uint32_t,2,128,2048,128,120.577667,121.390506,0.67
MATVEC,uint32_t,2,128,2048,256,119.778000,120.140782,0.30
MATVEC,uint32_t,2,128,4096,8,294.881667,267.818463,-9.18
MATVEC,uint32_t,2,128,4096,16,265.840000,257.750111,-3.04
MATVEC,uint32_t,2,128,4096,32,253.471000,250.444371,-1.19
MATVEC,uint32_t,2,128,4096,64,244.678333,244.964092,0.12
MATVEC,uint32_t,2,128,4096,128,240.895667,242.685939,0.74
MATVEC,uint32_t,2,128,4096,256,239.330667,240.186058,0.36
MATVEC,uint32_t,2,128,8192,8,589.560000,535.542385,-9.16
MATVEC,uint32_t,2,128,8192,16,531.411000,515.405831,-3.01
MATVEC,uint32_t,2,128,8192,32,507.656333,500.794232,-1.35
MATVEC,uint32_t,2,128,8192,64,489.100333,489.833504,0.15
MATVEC,uint32_t,2,128,8192,128,481.572667,485.276806,0.77
MATVEC,uint32_t,2,128,8192,256,478.421667,480.276608,0.39
MATVEC,uint32_t,2,256,16,8,2.640000,2.214297,-16.13
MATVEC,uint32_t,2,256,16,16,2.347667,2.135489,-9.04
MATVEC,uint32_t,2,256,32,8,4.899667,4.305890,-12.12
MATVEC,uint32_t,2,256,32,16,4.433333,4.148424,-6.43
MATVEC,uint32_t,2,256,32,32,4.214000,4.034390,-4.26
MATVEC,uint32_t,2,256,64,8,9.503333,8.489076,-10.67
MATVEC,uint32_t,2,256,64,16,8.586667,8.174295,-4.80
MATVEC,uint32_t,2,256,64,32,8.131667,7.946107,-2.28
MATVEC,uint32_t,2,256,64,64,7.933667,7.775011,-2.00
MATVEC,uint32_t,2,256,128,8,18.727000,16.855449,-9.99
MATVEC,uint32_t,2,256,128,16,16.905000,16.226036,-4.02
MATVEC,uint32_t,2,256,128,32,16.113333,15.769540,-2.13
MATVEC,uint32_t,2,256,128,64,15.926333,15.427180,-3.13
MATVEC,uint32_t,2,256,128,128,15.321444,15.285165,-0.24
MATVEC,uint32_t,2,256,256,8,37.163000,33.588194,-9.62
MATVEC,uint32_t,2,256,256,16,34.985667,32.329519,-7.59
MATVEC,uint32_t,2,256,256,32,32.112000,31.416406,-2.17
MATVEC,uint32_t,2,256,256,64,30.914667,30.731519,-0.59
MATVEC,uint32_t,2,256,256,128,30.394667,30.447094,0.17
MATVEC,uint32_t,2,256,256,256,30.162333,30.134988,-0.09
MATVEC,uint32_t,2,256,512,8,74.002000,67.053684,-9.39
MATVEC,uint32_t,2,256,512,16,67.079333,64.536484,-3.79
MATVEC,uint32_t,2,256,512,32,63.598000,62.710139,-1.40
MATVEC,uint32_t,2,256,512,64,61.414333,61.340195,-0.12
MATVEC,uint32_t,2,256,512,128,60.488333,60.770953,0.47
MATVEC,uint32_t,2,256,512,256,60.110333,60.146307,0.06
MATVEC,uint32_t,2,256,1024,8,147.651667,133.984665,-9.26
MATVEC,uint32_t,2,256,1024,16,133.122333,128.950414,-3.13
MATVEC,uint32_t,2,256,1024,32,127.206000,125.297604,-1.50
MATVEC,uint32_t,2,256,1024,64,122.550333,122.557548,0.01
MATVEC,uint32_t,2,256,1024,128,120.691667,121.418669,0.60
MATVEC,uint32_t,2,256,1024,256,119.876667,120.168945,0.24
MATVEC,uint32_t,2,256,2048,8,295.036333,267.846626,-9.22
MATVEC,uint32_t,2,256,2048,16,265.907333,257.778274,-3.06
MATVEC,uint32_t,2,256,2048,32,254.054000,250.472534,-1.41
MATVEC,uint32_t,2,256,2048,64,244.772667,244.992255,0.09
MATVEC,uint32_t,2,256,2048,128,241.028333,242.714102,0.70
MATVEC,uint32_t,2,256,2048,256,239.393000,240.214220,0.34
MATVEC,uint32_t,2,256,4096,8,589.621333,535.570548,-9.17
MATVEC,uint32_t,2,256,4096,16,531.561000,515.433994,-3.03
MATVEC,uint32_t,2,256,4096,32,508.744333,500.822395,-1.56
MATVEC,uint32_t,2,256,4096,64,489.252667,489.861667,0.12
MATVEC,uint32_t,2,256,4096,128,481.623333,485.304969,0.76
MATVEC,uint32_t,2,256,4096,256,478.495000,480.304771,0.38
MATVEC,uint32_t,2,256,8192,8,1179.065000,1071.018393,-9.16
MATVEC,uint32_t,2,256,8192,16,1062.676667,1030.745435,-3.00
MATVEC,uint32_t,2,256,8192,32,1014.257000,1001.522116,-1.26
MATVEC,uint32_t,2,256,8192,64,978.071000,979.600492,0.16
MATVEC,uint32_t,2,256,8192,128,962.982333,970.486701,0.78
MATVEC,uint32_t,2,256,8192,256,956.676333,960.485873,0.40
MATVEC,uint32_t,2,512,16,8,5.099000,4.362210,-14.45
MATVEC,uint32_t,2,512,16,16,4.671667,4.204744,-9.99
MATVEC,uint32_t,2,512,32,8,9.727000,8.545396,-12.15
MATVEC,uint32_t,2,512,32,16,8.794333,8.230615,-6.41
MATVEC,uint32_t,2,512,32,32,8.357000,8.002427,-4.24
MATVEC,uint32_t,2,512,64,8,18.940000,16.911769,-10.71
MATVEC,uint32_t,2,512,64,16,17.106000,16.282356,-4.81
MATVEC,uint32_t,2,512,64,32,16.227667,15.825860,-2.48
MATVEC,uint32_t,2,512,64,64,15.797667,15.483500,-1.99
MATVEC,uint32_t,2,512,128,8,37.377667,33.644514,-9.99
MATVEC,uint32_t,2,512,128,16,33.741667,32.385839,-4.02
MATVEC,uint32_t,2,512,128,32,32.133000,31.472726,-2.05
MATVEC,uint32_t,2,512,128,64,31.137333,30.787839,-1.12
MATVEC,uint32_t,2,512,128,128,30.620000,30.503414,-0.38
MATVEC,uint32_t,2,512,256,8,74.209667,67.110004,-9.57
MATVEC,uint32_t,2,512,256,16,66.945000,64.592804,-3.51
MATVEC,uint32_t,2,512,256,32,64.127000,62.766459,-2.12
MATVEC,uint32_t,2,512,256,64,61.629333,61.396515,-0.38
MATVEC,uint32_t,2,512,256,128,60.721667,60.827273,0.17
MATVEC,uint32_t,2,512,256,256,60.243000,60.202627,-0.07
MATVEC,uint32_t,2,512,512,8,147.881333,134.040985,-9.36
MATVEC,uint32_t,2,512,512,16,133.342667,129.006734,-3.25
MATVEC,uint32_t,2,512,512,32,127.076333,125.353924,-1.36
MATVEC,uint32_t,2,512,512,64,122.760667,122.613868,-0.12
MATVEC,uint32_t,2,512,512,128,120.890333,121.474989,0.48
MATVEC,uint32_t,2,512,512,256,120.118000,120.225265,0.09
MATVEC,uint32_t,2,512,1024,8,295.205333,267.902946,-9.25
MATVEC,uint32_t,2,512,1024,16,266.127333,257.834594,-3.12
MATVEC,uint32_t,2,512,1024,32,254.048333,250.528854,-1.39
MATVEC,uint32_t,2,512,1024,64,244.962000,245.048575,0.04
MATVEC,uint32_t,2,512,1024,128,241.278000,242.770422,0.62
MATVEC,uint32_t,2,512,1024,256,239.646333,240.270540,0.26
MATVEC,uint32_t,2,512,2048,8,589.898667,535.626868,-9.20
MATVEC,uint32_t,2,512,2048,16,531.738333,515.490314,-3.06
MATVEC,uint32_t,2,512,2048,32,507.634333,500.878715,-1.33
MATVEC,uint32_t,2,512,2048,64,489.436000,489.917987,0.10
MATVEC,uint32_t,2,512,2048,128,481.909333,485.361289,0.72
MATVEC,uint32_t,2,512,2048,256,478.697333,480.361091,0.35
MATVEC,uint32_t,2,512,4096,8,1179.345333,1071.074713,-9.18
MATVEC,uint32_t,2,512,4096,16,1062.888333,1030.801755,-3.02
MATVEC,uint32_t,2,512,4096,32,1013.923333,1001.578436,-1.22
MATVEC,uint32_t,2,512,4096,64,978.315333,979.656812,0.14
MATVEC,uint32_t,2,512,4096,128,963.256333,970.543021,0.76
MATVEC,uint32_t,2,512,4096,256,956.889333,960.542193,0.38
MATVEC,uint32_t,2,512,8192,8,2357.956333,2141.970402,-9.16
MATVEC,uint32_t,2,512,8192,16,2125.254667,2061.424636,-3.00
MATVEC,uint32_t,2,512,8192,32,2032.264667,2002.977878,-1.44
MATVEC,uint32_t,2,512,8192,64,1958.347333,1959.134463,0.04
MATVEC,uint32_t,2,512,8192,128,1925.830333,1940.906486,0.78
MATVEC,uint32_t,2,512,8192,256,1913.187667,1920.904396,0.40
MATVEC,uint32_t,2,1024,16,8,10.073000,8.658036,-14.05
MATVEC,uint32_t,2,1024,16,16,9.498333,8.343255,-12.16
MATVEC,uint32_t,2,1024,32,8,19.369667,17.024409,-12.11
MATVEC,uint32_t,2,1024,32,16,17.501000,16.394996,-6.32
MATVEC,uint32_t,2,1024,32,32,16.607667,15.938500,-4.03
MATVEC,uint32_t,2,1024,64,8,37.798333,33.757154,-10.69
MATVEC,uint32_t,2,1024,64,16,34.118000,32.498479,-4.75
MATVEC,uint32_t,2,1024,64,32,32.321000,31.585366,-2.28
MATVEC,uint32_t,2,1024,64,64,31.476333,30.900479,-1.83
MATVEC,uint32_t,2,1024,128,8,74.616000,67.222644,-9.91
MATVEC,uint32_t,2,1024,128,16,67.327000,64.705444,-3.89
MATVEC,uint32_t,2,1024,128,32,64.140333,62.879099,-1.97
MATVEC,uint32_t,2,1024,128,64,62.155000,61.509155,-1.04
MATVEC,uint32_t,2,1024,128,128,61.110333,60.939913,-0.28
MATVEC,uint32_t,2,1024,256,8,148.301667,134.153625,-9.54
MATVEC,uint32_t,2,1024,256,16,133.748667,129.119374,-3.46
MATVEC,uint32_t,2,1024,256,32,128.121000,125.466564,-2.07
MATVEC,uint32_t,2,1024,256,64,123.158333,122.726508,-0.35
MATVEC,uint32_t,2,1024,256,128,121.321000,121.587629,0.22
MATVEC,uint32_t,2,1024,256,256,120.415667,120.337905,-0.06
MATVEC,uint32_t,2,1024,512,8,295.713000,268.015586,-9.37
MATVEC,uint32_t,2,1024,512,16,266.545333,257.947234,-3.23
MATVEC,uint32_t,2,1024,512,32,253.963333,250.641494,-1.31
MATVEC,uint32_t,2,1024,512,64,245.455333,245.161215,-0.12
MATVEC,uint32_t,2,1024,512,128,241.672667,242.883062,0.50
MATVEC,uint32_t,2,1024,512,256,240.143333,240.383180,0.10
MATVEC,uint32_t,2,1024,1024,8,590.449000,535.739508,-9.27
MATVEC,uint32_t,2,1024,1024,16,532.227000,515.602954,-3.12
MATVEC,uint32_t,2,1024,1024,32,507.324333,500.991355,-1.25
MATVEC,uint32_t,2,1024,1024,64,489.852000,490.030627,0.04
MATVEC,uint32_t,2,1024,1024,128,482.427333,485.473929,0.63
MATVEC,uint32_t,2,1024,1024,256,479.123333,480.473731,0.28
MATVEC,uint32_t,2,1024,2048,8,1179.785333,1071.187353,-9.20
MATVEC,uint32_t,2,1024,2048,16,1063.405000,1030.914395,-3.06
MATVEC,uint32_t,2,1024,2048,32,1013.798333,1001.691076,-1.19
MATVEC,uint32_t,2,1024,2048,64,978.835333,979.769452,0.10
MATVEC,uint32_t,2,1024,2048,128,963.747333,970.655661,0.72
MATVEC,uint32_t,2,1024,2048,256,957.349333,960.654833,0.35
MATVEC,uint32_t,2,1024,4096,8,2358.728333,2142.083042,-9.18
MATVEC,uint32_t,2,1024,4096,16,2125.969333,2061.537276,-3.03
MATVEC,uint32_t,2,1024,4096,32,2027.024000,2003.090518,-1.18
MATVEC,uint32_t,2,1024,4096,64,1956.656333,1959.247103,0.13
MATVEC,uint32_t,2,1024,4096,128,1926.166667,1941.019126,0.77
MATVEC,uint32_t,2,1024,4096,256,1913.720333,1921.017036,0.38
MATVEC,uint32_t,2,2048,16,8,21.323000,17.249689,-19.10
MATVEC,uint32_t,2,2048,16,16,18.351333,16.620276,-9.43
MATVEC,uint32_t,2,2048,32,8,38.678000,33.982434,-12.14
MATVEC,uint32_t,2,2048,32,16,34.957667,32.723759,-6.39
MATVEC,uint32_t,2,2048,32,32,33.202000,31.810646,-4.19
MATVEC,uint32_t,2,2048,64,8,75.515667,67.447924,-10.68
MATVEC,uint32_t,2,2048,64,16,68.160000,64.930724,-4.74
MATVEC,uint32_t,2,2048,64,32,64.564667,63.104379,-2.26
MATVEC,uint32_t,2,2048,64,64,62.839000,61.734435,-1.76
MATVEC,uint32_t,2,2048,128,8,149.164000,134.378905,-9.91
MATVEC,uint32_t,2,2048,128,16,134.600000,129.344654,-3.90
MATVEC,uint32_t,2,2048,128,32,128.204333,125.691844,-1.96
MATVEC,uint32_t,2,2048,128,64,124.180667,122.951788,-0.99
MATVEC,uint32_t,2,2048,128,128,122.146000,121.812909,-0.27
MATVEC,uint32_t,2,2048,256,8,296.512333,268.240866,-9.53
MATVEC,uint32_t,2,2048,256,16,267.422000,258.172514,-3.46
MATVEC,uint32_t,2,2048,256,32,256.249333,250.866774,-2.10
MATVEC,uint32_t,2,2048,256,64,246.188000,245.386495,-0.33
MATVEC,uint32_t,2,2048,256,128,242.546333,243.108342,0.23
MATVEC,uint32_t,2,2048,256,256,240.703000,240.608460,-0.04
MATVEC,uint32_t,2,2048,512,8,591.178333,535.964788,-9.34
MATVEC,uint32_t,2,2048,512,16,532.939333,515.828234,-3.21
MATVEC,uint32_t,2,2048,512,32,508.280667,501.216635,-1.39
MATVEC,uint32_t,2,2048,512,64,490.720333,490.255907,-0.09
MATVEC,uint32_t,2,2048,512,128,483.191000,485.699209,0.52
MATVEC,uint32_t,2,2048,512,256,480.155000,480.699011,0.11
MATVEC,uint32_t,2,2048,1024,8,1180.883667,1071.412633,-9.27
MATVEC,uint32_t,2,2048,1024,16,1064.151000,1031.139675,-3.10
MATVEC,uint32_t,2,2048,1024,32,1015.433667,1001.916356,-1.33
MATVEC,uint32_t,2,2048,1024,64,979.576333,979.994732,0.04
MATVEC,uint32_t,2,2048,1024,128,964.703333,970.880941,0.64
MATVEC,uint32_t,2,2048,1024,256,960.379333,960.880113,0.05
MATVEC,uint32_t,2,2048,2048,8,2359.367333,2142.308322,-9.20
MATVEC,uint32_t,2,2048,2048,16,2127.387333,2061.762556,-3.08
MATVEC,uint32_t,2,2048,2048,32,2030.390000,2003.315798,-1.33
MATVEC,uint32_t,2,2048,2048,64,1957.854000,1959.472383,0.08
MATVEC,uint32_t,2,2048,2048,128,1928.232000,1941.244406,0.67
MATVEC,uint32_t,2,2048,2048,256,1915.149667,1921.242316,0.32
MATVEC,uint32_t,2,4096,16,8,40.094667,34.432994,-14.12
MATVEC,uint32_t,2,4096,16,16,36.648667,33.174319,-9.48
MATVEC,uint32_t,2,4096,32,8,77.274000,67.898484,-12.13
MATVEC,uint32_t,2,4096,32,16,69.808333,65.381284,-6.34
MATVEC,uint32_t,2,4096,32,32,66.240333,63.554939,-4.05
MATVEC,uint32_t,2,4096,64,8,151.105000,134.829465,-10.77
MATVEC,uint32_t,2,4096,64,16,136.186667,129.795214,-4.69
MATVEC,uint32_t,2,4096,64,32,129.067333,126.142404,-2.27
MATVEC,uint32_t,2,4096,64,64,125.618333,123.402348,-1.76
MATVEC,uint32_t,2,4096,128,8,298.206667,268.691426,-9.90
MATVEC,uint32_t,2,4096,128,16,269.032333,258.623074,-3.87
MATVEC,uint32_t,2,4096,128,32,256.354333,251.317334,-1.96
MATVEC,uint32_t,2,4096,128,64,248.242000,245.837055,-0.97
MATVEC,uint32_t,2,4096,128,128,244.173667,243.558902,-0.25
MATVEC,uint32_t,2,4096,256,8,593.222333,536.415348,-9.58
MATVEC,uint32_t,2,4096,256,16,534.702667,516.278794,-3.45
MATVEC,uint32_t,2,4096,256,32,512.397333,501.667195,-2.09
MATVEC,uint32_t,2,4096,256,64,492.301000,490.706467,-0.32
MATVEC,uint32_t,2,4096,256,128,484.971333,486.149769,0.24
MATVEC,uint32_t,2,4096,256,256,481.332667,481.149571,-0.04
MATVEC,uint32_t,2,4096,512,8,1182.571333,1071.863193,-9.36
MATVEC,uint32_t,2,4096,512,16,1065.864000,1031.590235,-3.22
MATVEC,uint32_t,2,4096,512,32,1017.185333,1002.366916,-1.46
MATVEC,uint32_t,2,4096,512,64,981.534667,980.445292,-0.11
MATVEC,uint32_t,2,4096,512,128,966.318333,971.331501,0.52
MATVEC,uint32_t,2,4096,512,256,960.339000,961.330673,0.10
MATVEC,uint32_t,2,4096,1024,8,2361.464000,2142.758882,-9.26
MATVEC,uint32_t,2,4096,1024,16,2128.600667,2062.213116,-3.12
MATVEC,uint32_t,2,4096,1024,32,2029.098000,2003.766358,-1.25
MATVEC,uint32_t,2,4096,1024,64,1959.111667,1959.922943,0.04
MATVEC,uint32_t,2,4096,1024,128,1929.507000,1941.694966,0.63
MATVEC,uint32_t,2,4096,1024,256,1916.331000,1921.692876,0.28
MATVEC,uint32_t,2,8192,16,8,80.156000,68.799604,-14.17
MATVEC,uint32_t,2,8192,16,16,73.220333,66.282404,-9.48
MATVEC,uint32_t,2,8192,32,8,154.441000,135.730585,-12.11
MATVEC,uint32_t,2,8192,32,16,139.524000,130.696334,-6.33
MATVEC,uint32_t,2,8192,32,32,132.445333,127.043524,-4.08
MATVEC,uint32_t,2,8192,64,8,302.209333,269.592546,-10.79
MATVEC,uint32_t,2,8192,64,16,272.320000,259.524194,-4.70
MATVEC,uint32_t,2,8192,64,32,257.996333,252.218454,-2.24
MATVEC,uint32_t,2,8192,64,64,251.077667,246.738175,-1.73
MATVEC,uint32_t,2,8192,128,8,596.494333,537.316468,-9.92
MATVEC,uint32_t,2,8192,128,16,538.047333,517.179914,-3.88
MATVEC,uint32_t,2,8192,128,32,512.496333,502.568315,-1.94
MATVEC,uint32_t,2,8192,128,64,496.397333,491.607587,-0.96
MATVEC,uint32_t,2,8192,128,128,488.278000,487.050889,-0.25
MATVEC,uint32_t,2,8192,256,8,1186.158000,1072.764313,-9.56
MATVEC,uint32_t,2,8192,256,16,1069.274000,1032.491355,-3.44
MATVEC,uint32_t,2,8192,256,32,1024.599667,1003.268036,-2.08
MATVEC,uint32_t,2,8192,256,64,984.483667,981.346412,-0.32
MATVEC,uint32_t,2,8192,256,128,969.883667,972.232621,0.24
MATVEC,uint32_t,2,8192,256,256,962.524667,962.231793,-0.03
MATVEC,uint32_t,2,8192,512,8,2365.172333,2143.660002,-9.37
MATVEC,uint32_t,2,8192,512,16,2131.689667,2063.114236,-3.22
MATVEC,uint32_t,2,8192,512,32,2035.806000,2004.667478,-1.53
MATVEC,uint32_t,2,8192,512,64,1962.914667,1960.824063,-0.11
MATVEC,uint32_t,2,8192,512,128,1932.561667,1942.596086,0.52
MATVEC,uint32_t,2,8192,512,256,1920.832333,1922.593996,0.09
MATVEC,uint32_t,4,16,16,8,0.212333,0.205366,-3.28
MATVEC,uint32_t,4,16,16,16,0.198222,0.196701,-0.77
MATVEC,uint32_t,4,16,32,8,0.358667,0.340168,-5.16
MATVEC,uint32_t,4,16,32,16,0.335333,0.322538,-3.82
MATVEC,uint32_t,4,16,32,32,0.322000,0.316439,-1.73
MATVEC,uint32_t,4,16,64,8,0.660000,0.609773,-7.61
MATVEC,uint32_t,4,16,64,16,0.594000,0.574198,-3.33
MATVEC,uint32_t,4,16,64,32,0.572000,0.560921,-1.94
MATVEC,uint32_t,4,16,64,64,0.559222,0.551460,-1.39
MATVEC,uint32_t,4,16,128,8,1.227000,1.148983,-6.36
MATVEC,uint32_t,4,16,128,16,1.121667,1.077493,-3.94
MATVEC,uint32_t,4,16,128,32,1.066667,1.049886,-1.57
MATVEC,uint32_t,4,16,128,64,1.034667,1.029724,-0.48
MATVEC,uint32_t,4,16,128,128,1.015667,1.023584,0.78
MATVEC,uint32_t,4,16,256,8,2.383000,2.227404,-6.53
MATVEC,uint32_t,4,16,256,16,2.161000,2.084054,-3.56
MATVEC,uint32_t,4,16,256,32,2.058667,2.027815,-1.50
MATVEC,uint32_t,4,16,256,64,1.991556,1.986251,-0.27
MATVEC,uint32_t,4,16,256,128,1.963333,1.971239,0.40
MATVEC,uint32_t,4,16,256,256,1.966333,1.955457,-0.55
MATVEC,uint32_t,4,16,512,8,4.924667,4.384246,-10.97
MATVEC,uint32_t,4,16,512,16,4.235000,4.097160,-3.25
MATVEC,uint32_t,4,16,512,32,4.077000,3.983673,-2.29
MATVEC,uint32_t,4,16,512,64,3.903000,3.899326,-0.09
MATVEC,uint32_t,4,16,512,128,3.995000,3.866550,-3.22
MATVEC,uint32_t,4,16,512,256,3.832000,3.831164,-0.02
MATVEC,uint32_t,4,16,1024,8,10.225000,8.697930,-14.93
MATVEC,uint32_t,4,16,1024,16,8.402000,8.123373,-3.32
MATVEC,uint32_t,4,16,1024,32,8.063667,7.895390,-2.09
MATVEC,uint32_t,4,16,1024,64,7.722000,7.725483,0.05
MATVEC,uint32_t,4,16,1024,128,7.622667,7.657131,0.45
MATVEC,uint32_t,4,16,1024,256,8.205667,7.582579,-7.59
MATVEC,uint32_t,4,16,2048,8,18.548333,17.325297,-6.59
MATVEC,uint32_t,4,16,2048,16,18.642000,16.175868,-13.23
MATVEC,uint32_t,4,16,2048,32,17.165667,15.718823,-8.43
MATVEC,uint32_t,4,16,2048,64,15.369333,15.377797,0.06
MATVEC,uint32_t,4,16,2048,128,15.146333,15.238199,0.61
MATVEC,uint32_t,4,16,2048,256,15.130667,15.085469,-0.30
MATVEC,uint32_t,4,16,4096,8,36.987000,34.580031,-6.51
MATVEC,uint32_t,4,16,4096,16,33.322667,32.282670,-3.12
MATVEC,uint32_t,4,16,4096,32,32.124333,31.365732,-2.36
MATVEC,uint32_t,4,16,4096,64,30.672667,30.682426,0.03
MATVEC,uint32_t,4,16,4096,128,30.196000,30.400333,0.68
MATVEC,uint32_t,4,16,4096,256,29.989000,30.091372,0.34
MATVEC,uint32_t,4,16,8192,8,73.878333,69.089500,-6.48
MATVEC,uint32_t,4,16,8192,16,66.553667,64.501909,-3.08
MATVEC,uint32_t,4,16,8192,32,64.145667,62.659672,-2.32
MATVEC,uint32_t,4,16,8192,64,61.234000,61.291506,0.09
MATVEC,uint32_t,4,16,8192,128,60.300333,60.724603,0.70
MATVEC,uint32_t,4,16,8192,256,59.919000,60.103176,0.31
MATVEC,uint32_t,4,32,16,8,0.374333,0.343688,-8.19
MATVEC,uint32_t,4,32,16,16,0.345667,0.326058,-5.67
MATVEC,uint32_t,4,32,32,8,0.669667,0.613293,-8.42
MATVEC,uint32_t,4,32,32,16,0.603333,0.577719,-4.25
MATVEC,uint32_t,4,32,32,32,0.580667,0.564441,-2.79
MATVEC,uint32_t,4,32,64,8,1.245667,1.152502,-7.48
MATVEC,uint32_t,4,32,64,16,1.126667,1.081013,-4.05
MATVEC,uint32_t,4,32,64,32,1.072667,1.053406,-1.80
MATVEC,uint32_t,4,32,64,64,1.047333,1.033244,-1.35
MATVEC,uint32_t,4,32,128,8,2.400333,2.230924,-7.06
MATVEC,uint32_t,4,32,128,16,2.165334,2.087566,-3.59
MATVEC,uint32_t,4,32,128,32,2.071667,2.031335,-1.95
MATVEC,uint32_t,4,32,128,64,2.004333,1.989771,-0.73
MATVEC,uint32_t,4,32,128,128,1.978667,1.974759,-0.20
MATVEC,uint32_t,4,32,256,8,4.712333,4.387766,-6.89
MATVEC,uint32_t,4,32,256,16,4.250667,4.100680,-3.53
MATVEC,uint32_t,4,32,256,32,4.063000,3.987193,-1.87
MATVEC,uint32_t,4,32,256,64,3.918333,3.902849,-0.40
MATVEC,uint32_t,4,32,256,128,3.875333,3.870070,-0.14
MATVEC,uint32_t,4,32,256,256,3.852333,3.834684,-0.46
MATVEC,uint32_t,4,32,512,8,9.320667,8.701450,-6.64
MATVEC,uint32_t,4,32,512,16,8.405000,8.126893,-3.31
MATVEC,uint32_t,4,32,512,32,8.331000,7.898910,-5.19
MATVEC,uint32_t,4,32,512,64,7.742000,7.729003,-0.17
MATVEC,uint32_t,4,32,512,128,7.631889,7.660651,0.38
MATVEC,uint32_t,4,32,512,256,7.608333,7.586099,-0.29
MATVEC,uint32_t,4,32,1024,8,18.549667,17.328817,-6.58
MATVEC,uint32_t,4,32,1024,16,16.716667,16.179319,-3.21
MATVEC,uint32_t,4,32,1024,32,16.081000,15.722343,-2.23
MATVEC,uint32_t,4,32,1024,64,17.036667,15.381317,-9.72
MATVEC,uint32_t,4,32,1024,128,15.165667,15.241719,0.50
MATVEC,uint32_t,4,32,1024,256,15.058000,15.088989,0.21
MATVEC,uint32_t,4,32,2048,8,36.991000,34.583551,-6.51
MATVEC,uint32_t,4,32,2048,16,33.698000,32.284235,-4.20
MATVEC,uint32_t,4,32,2048,32,32.126333,31.369209,-2.36
MATVEC,uint32_t,4,32,2048,64,30.694667,30.685946,-0.03
MATVEC,uint32_t,4,32,2048,128,31.292667,30.403853,-2.84
MATVEC,uint32_t,4,32,2048,256,30.852333,30.094892,-2.46
MATVEC,uint32_t,4,32,4096,8,73.790667,69.093020,-6.37
MATVEC,uint32_t,4,32,4096,16,66.554667,64.497838,-3.09
MATVEC,uint32_t,4,32,4096,32,64.120667,62.662985,-2.27
MATVEC,uint32_t,4,32,4096,64,61.260333,61.295203,0.06
MATVEC,uint32_t,4,32,4096,128,60.288667,60.728123,0.73
MATVEC,uint32_t,4,32,4096,256,59.913000,60.106696,0.32
MATVEC,uint32_t,4,32,8192,8,147.670667,138.111957,-6.47
MATVEC,uint32_t,4,32,8192,16,133.004333,128.936496,-3.06
MATVEC,uint32_t,4,32,8192,32,128.188333,125.250778,-2.29
MATVEC,uint32_t,4,32,8192,64,122.380333,122.513363,0.11
MATVEC,uint32_t,4,32,8192,128,120.481333,121.376662,0.74
MATVEC,uint32_t,4,32,8192,256,119.681667,120.130305,0.37
MATVEC,uint32_t,4,64,16,8,0.692667,0.620333,-10.44
MATVEC,uint32_t,4,64,16,16,0.644667,0.584766,-9.29
MATVEC,uint32_t,4,64,32,8,1.262333,1.159542,-8.14
MATVEC,uint32_t,4,64,32,16,1.167667,1.088054,-6.82
MATVEC,uint32_t,4,64,32,32,1.096667,1.060446,-3.30
MATVEC,uint32_t,4,64,64,8,2.425000,2.237960,-7.71
MATVEC,uint32_t,4,64,64,16,2.204667,2.094606,-4.99
MATVEC,uint32_t,4,64,64,32,2.138667,2.038375,-4.69
MATVEC,uint32_t,4,64,64,64,2.024667,1.996811,-1.38
MATVEC,uint32_t,4,64,128,8,4.729667,4.394806,-7.08
MATVEC,uint32_t,4,64,128,16,4.284333,4.107712,-4.12
MATVEC,uint32_t,4,64,128,32,4.082000,3.994233,-2.15
MATVEC,uint32_t,4,64,128,64,3.953667,3.909889,-1.11
MATVEC,uint32_t,4,64,128,128,3.906000,3.877110,-0.74
MATVEC,uint32_t,4,64,256,8,9.335333,8.708490,-6.71
MATVEC,uint32_t,4,64,256,16,8.426445,8.133933,-3.47
MATVEC,uint32_t,4,64,256,32,8.099889,7.905950,-2.39
MATVEC,uint32_t,4,64,256,64,7.758778,7.736049,-0.29
MATVEC,uint32_t,4,64,256,128,7.663333,7.667691,0.06
MATVEC,uint32_t,4,64,256,256,7.609667,7.593139,-0.22
MATVEC,uint32_t,4,64,512,8,18.573778,17.335857,-6.66
MATVEC,uint32_t,4,64,512,16,16.741667,16.186359,-3.32
MATVEC,uint32_t,4,64,512,32,17.383333,15.729383,-9.51
MATVEC,uint32_t,4,64,512,64,15.406889,15.388357,-0.12
MATVEC,uint32_t,4,64,512,128,15.186333,15.248759,0.41
MATVEC,uint32_t,4,64,512,256,15.091333,15.096029,0.03
MATVEC,uint32_t,4,64,1024,8,37.035000,34.590591,-6.60
MATVEC,uint32_t,4,64,1024,16,33.374000,32.291210,-3.24
MATVEC,uint32_t,4,64,1024,32,32.081667,31.376249,-2.20
MATVEC,uint32_t,4,64,1024,64,30.701333,30.692986,-0.03
MATVEC,uint32_t,4,64,1024,128,30.252667,30.410893,0.52
MATVEC,uint32_t,4,64,1024,256,30.050000,30.101932,0.17
MATVEC,uint32_t,4,64,2048,8,73.887667,69.100060,-6.48
MATVEC,uint32_t,4,64,2048,16,66.586000,64.500968,-3.13
MATVEC,uint32_t,4,64,2048,32,64.090333,62.669982,-2.22
MATVEC,uint32_t,4,64,2048,64,61.284333,61.302243,0.03
MATVEC,uint32_t,4,64,2048,128,60.346000,60.735163,0.64
MATVEC,uint32_t,4,64,2048,256,59.935000,60.113736,0.30
MATVEC,uint32_t,4,64,4096,8,147.708667,138.118997,-6.49
MATVEC,uint32_t,4,64,4096,16,133.047333,128.928176,-3.10
MATVEC,uint32_t,4,64,4096,32,128.208667,125.257490,-2.30
MATVEC,uint32_t,4,64,4096,64,122.404333,122.520757,0.10
MATVEC,uint32_t,4,64,4096,128,120.528667,121.383702,0.71
MATVEC,uint32_t,4,64,4096,256,119.737667,120.137345,0.33
MATVEC,uint32_t,4,64,8192,8,295.251333,276.156872,-6.47
MATVEC,uint32_t,4,64,8192,16,265.901000,257.805671,-3.04
MATVEC,uint32_t,4,64,8192,32,256.226333,250.432992,-2.26
MATVEC,uint32_t,4,64,8192,64,244.640667,244.957077,0.13
MATVEC,uint32_t,4,64,8192,128,240.861000,242.680780,0.76
MATVEC,uint32_t,4,64,8192,256,239.283000,240.184564,0.38
MATVEC,uint32_t,4,128,16,8,1.322667,1.173622,-11.27
MATVEC,uint32_t,4,128,16,16,1.208000,1.101875,-8.79
MATVEC,uint32_t,4,128,32,8,2.476000,2.252040,-9.05
MATVEC,uint32_t,4,128,32,16,2.257667,2.108687,-6.60
MATVEC,uint32_t,4,128,32,32,2.134667,2.052455,-3.85
MATVEC,uint32_t,4,128,64,8,4.806333,4.408877,-8.27
MATVEC,uint32_t,4,128,64,16,4.354667,4.121792,-5.35
MATVEC,uint32_t,4,128,64,32,4.279333,4.008313,-6.33
MATVEC,uint32_t,4,128,64,64,3.999000,3.922169,-1.92
MATVEC,uint32_t,4,128,128,8,9.418000,8.722570,-7.38
MATVEC,uint32_t,4,128,128,16,8.479667,8.148003,-3.91
MATVEC,uint32_t,4,128,128,32,8.079333,7.920030,-1.97
MATVEC,uint32_t,4,128,128,64,7.814333,7.750129,-0.82
MATVEC,uint32_t,4,128,128,128,7.699667,7.677385,-0.29
MATVEC,uint32_t,4,128,256,8,18.676667,17.349937,-7.10
MATVEC,uint32_t,4,128,256,16,16.781667,16.200439,-3.46
MATVEC,uint32_t,4,128,256,32,16.069333,15.743463,-2.03
MATVEC,uint32_t,4,128,256,64,15.446000,15.402450,-0.28
MATVEC,uint32_t,4,128,256,128,15.214667,15.262840,0.32
MATVEC,uint32_t,4,128,256,256,15.106333,15.095638,-0.07
MATVEC,uint32_t,4,128,512,8,37.063333,34.604671,-6.63
MATVEC,uint32_t,4,128,512,16,33.406333,32.305290,-3.30
MATVEC,uint32_t,4,128,512,32,32.014000,31.390329,-1.95
MATVEC,uint32_t,4,128,512,64,30.768000,30.707066,-0.20
MATVEC,uint32_t,4,128,512,128,30.286000,30.424973,0.46
MATVEC,uint32_t,4,128,512,256,30.127000,30.108685,-0.06
MATVEC,uint32_t,4,128,1024,8,73.962000,69.114140,-6.55
MATVEC,uint32_t,4,128,1024,16,67.468333,64.514992,-4.38
MATVEC,uint32_t,4,128,1024,32,64.048333,62.684062,-2.13
MATVEC,uint32_t,4,128,1024,64,61.282333,61.316323,0.06
MATVEC,uint32_t,4,128,1024,128,60.362000,60.749243,0.64
MATVEC,uint32_t,4,128,1024,256,59.963333,60.127793,0.27
MATVEC,uint32_t,4,128,2048,8,147.715000,138.132765,-6.49
MATVEC,uint32_t,4,128,2048,16,133.116000,128.934436,-3.14
MATVEC,uint32_t,4,128,2048,32,128.090000,125.271527,-2.20
MATVEC,uint32_t,4,128,2048,64,122.456000,122.534837,0.06
MATVEC,uint32_t,4,128,2048,128,120.547667,121.397782,0.71
MATVEC,uint32_t,4,128,2048,256,119.762000,120.137102,0.31
MATVEC,uint32_t,4,128,4096,8,295.321333,276.168913,-6.49
MATVEC,uint32_t,4,128,4096,16,265.966000,257.790789,-3.07
MATVEC,uint32_t,4,128,4096,32,256.184000,250.446500,-2.24
MATVEC,uint32_t,4,128,4096,64,244.617667,244.971866,0.14
MATVEC,uint32_t,4,128,4096,128,240.830667,242.694860,0.77
MATVEC,uint32_t,4,128,4096,256,239.295333,240.184090,0.37
MATVEC,uint32_t,4,128,8192,8,590.289000,552.244663,-6.45
MATVEC,uint32_t,4,128,8192,16,531.682333,515.542161,-3.04
MATVEC,uint32_t,4,128,8192,32,512.353667,500.795240,-2.26
MATVEC,uint32_t,4,128,8192,64,489.119333,489.844506,0.15
MATVEC,uint32_t,4,128,8192,128,481.640000,485.289016,0.76
MATVEC,uint32_t,4,128,8192,256,478.456667,480.278526,0.38
MATVEC,uint32_t,4,256,16,8,2.572000,2.280200,-11.35
MATVEC,uint32_t,4,256,16,16,2.347333,2.135411,-9.03
MATVEC,uint32_t,4,256,32,8,4.885333,4.437037,-9.18
MATVEC,uint32_t,4,256,32,16,4.418667,4.149955,-6.08
MATVEC,uint32_t,4,256,32,32,4.194000,4.036473,-3.76
MATVEC,uint32_t,4,256,64,8,9.484667,8.750710,-7.74
MATVEC,uint32_t,4,256,64,16,8.604333,8.176163,-4.98
MATVEC,uint32_t,4,256,64,32,8.124000,7.948190,-2.16
MATVEC,uint32_t,4,256,64,64,7.912667,7.769330,-1.81
MATVEC,uint32_t,4,256,128,8,18.721667,17.378097,-7.18
MATVEC,uint32_t,4,256,128,16,16.914667,16.228587,-4.06
MATVEC,uint32_t,4,256,128,32,17.397333,15.771623,-9.34
MATVEC,uint32_t,4,256,128,64,15.602667,15.430610,-1.10
MATVEC,uint32_t,4,256,128,128,15.348667,15.268972,-0.52
MATVEC,uint32_t,4,256,256,8,37.219333,34.632831,-6.95
MATVEC,uint32_t,4,256,256,16,33.537667,32.333450,-3.59
MATVEC,uint32_t,4,256,256,32,32.096000,31.418489,-2.11
MATVEC,uint32_t,4,256,256,64,30.832333,30.735251,-0.31
MATVEC,uint32_t,4,256,256,128,30.382333,30.453140,0.23
MATVEC,uint32_t,4,256,256,256,30.149667,30.071812,-0.26
MATVEC,uint32_t,4,256,512,8,74.018333,69.142300,-6.59
MATVEC,uint32_t,4,256,512,16,66.717333,64.543152,-3.26
MATVEC,uint32_t,4,256,512,32,64.101333,62.712222,-2.17
MATVEC,uint32_t,4,256,512,64,61.433000,61.344483,-0.14
MATVEC,uint32_t,4,256,512,128,60.552333,60.777403,0.37
MATVEC,uint32_t,4,256,512,256,60.108667,60.119341,0.02
MATVEC,uint32_t,4,256,1024,8,147.873000,138.161237,-6.57
MATVEC,uint32_t,4,256,1024,16,133.154333,128.962557,-3.15
MATVEC,uint32_t,4,256,1024,32,127.943667,125.299687,-2.07
MATVEC,uint32_t,4,256,1024,64,122.499667,122.562997,0.05
MATVEC,uint32_t,4,256,1024,128,120.680000,121.425942,0.62
MATVEC,uint32_t,4,256,1024,256,119.884667,120.179471,0.25
MATVEC,uint32_t,4,256,2048,8,295.375667,276.193947,-6.49
MATVEC,uint32_t,4,256,2048,16,266.073333,257.801370,-3.11
MATVEC,uint32_t,4,256,2048,32,256.075000,250.474617,-2.19
MATVEC,uint32_t,4,256,2048,64,244.781667,245.000026,0.09
MATVEC,uint32_t,4,256,2048,128,241.035000,242.723020,0.70
MATVEC,uint32_t,4,256,2048,256,239.430000,240.155186,0.30
MATVEC,uint32_t,4,256,4096,8,590.481333,552.264667,-6.47
MATVEC,uint32_t,4,256,4096,16,532.044667,515.509820,-3.11
MATVEC,uint32_t,4,256,4096,32,512.225667,500.824521,-2.23
MATVEC,uint32_t,4,256,4096,64,489.276667,489.874084,0.12
MATVEC,uint32_t,4,256,4096,128,481.698333,485.317176,0.75
MATVEC,uint32_t,4,256,4096,256,478.556667,480.248470,0.35
MATVEC,uint32_t,4,256,8192,8,1180.576667,1104.416167,-6.45
MATVEC,uint32_t,4,256,8192,16,1063.205000,1031.011424,-3.03
MATVEC,uint32_t,4,256,8192,32,1024.532333,1001.515384,-2.25
MATVEC,uint32_t,4,256,8192,64,978.182333,979.619363,0.15
MATVEC,uint32_t,4,256,8192,128,963.129000,970.505489,0.77
MATVEC,uint32_t,4,256,8192,256,956.692667,960.437340,0.39
MATVEC,uint32_t,4,512,16,8,5.096667,4.493360,-11.84
MATVEC,uint32_t,4,512,16,16,4.644667,4.202487,-9.52
MATVEC,uint32_t,4,512,32,8,9.712667,8.807033,-9.32
MATVEC,uint32_t,4,512,32,16,8.783778,8.232493,-6.28
MATVEC,uint32_t,4,512,32,32,8.330667,8.004513,-3.92
MATVEC,uint32_t,4,512,64,8,18.926000,17.434379,-7.88
MATVEC,uint32_t,4,512,64,16,17.077000,16.284910,-4.64
MATVEC,uint32_t,4,512,64,32,16.179333,15.827946,-2.17
MATVEC,uint32_t,4,512,64,64,15.767667,15.463655,-1.93
MATVEC,uint32_t,4,512,128,8,37.497333,34.689154,-7.49
MATVEC,uint32_t,4,512,128,16,33.734000,32.389757,-3.98
MATVEC,uint32_t,4,512,128,32,32.132000,31.474812,-2.05
MATVEC,uint32_t,4,512,128,64,32.988333,30.791574,-6.66
MATVEC,uint32_t,4,512,128,128,30.605333,30.452150,-0.50
MATVEC,uint32_t,4,512,256,8,74.301333,69.198623,-6.87
MATVEC,uint32_t,4,512,256,16,66.949667,64.599475,-3.51
MATVEC,uint32_t,4,512,256,32,64.152000,62.768545,-2.16
MATVEC,uint32_t,4,512,256,64,61.645333,61.400856,-0.40
MATVEC,uint32_t,4,512,256,128,60.736667,60.833744,0.16
MATVEC,uint32_t,4,512,256,256,60.259333,60.024165,-0.39
MATVEC,uint32_t,4,512,512,8,148.098000,138.217560,-6.67
MATVEC,uint32_t,4,512,512,16,133.407333,129.018880,-3.29
MATVEC,uint32_t,4,512,512,32,127.777333,125.356010,-1.89
MATVEC,uint32_t,4,512,512,64,122.778333,122.619320,-0.13
MATVEC,uint32_t,4,512,512,128,120.890000,121.482265,0.49
MATVEC,uint32_t,4,512,512,256,120.154333,120.140657,-0.01
MATVEC,uint32_t,4,512,1024,8,295.644000,276.255435,-6.56
MATVEC,uint32_t,4,512,1024,16,266.323333,257.857691,-3.18
MATVEC,uint32_t,4,512,1024,32,255.657000,250.530940,-2.01
MATVEC,uint32_t,4,512,1024,64,244.975000,245.056349,0.03
MATVEC,uint32_t,4,512,1024,128,241.270000,242.779343,0.63
MATVEC,uint32_t,4,512,1024,256,239.652333,240.282829,0.26
MATVEC,uint32_t,4,512,2048,8,590.668667,552.316313,-6.49
MATVEC,uint32_t,4,512,2048,16,532.015667,515.535242,-3.10
MATVEC,uint32_t,4,512,2048,32,511.956000,500.880801,-2.16
MATVEC,uint32_t,4,512,2048,64,489.461000,489.930406,0.10
MATVEC,uint32_t,4,512,2048,128,481.889667,485.373499,0.72
MATVEC,uint32_t,4,512,2048,256,478.748000,480.191356,0.30
MATVEC,uint32_t,4,512,4096,8,1180.957667,1104.456179,-6.48
MATVEC,uint32_t,4,512,4096,16,1063.518000,1030.947884,-3.06
MATVEC,uint32_t,4,512,4096,32,1024.164667,1001.580565,-2.21
MATVEC,uint32_t,4,512,4096,64,978.490667,979.678521,0.12
MATVEC,uint32_t,4,512,4096,128,963.359667,970.561812,0.75
MATVEC,uint32_t,4,512,4096,256,956.976000,960.377234,0.36
MATVEC,uint32_t,4,1024,16,8,10.133667,8.919673,-11.98
MATVEC,uint32_t,4,1024,16,16,9.218333,8.336633,-9.56
MATVEC,uint32_t,4,1024,32,8,19.403000,17.547019,-9.57
MATVEC,uint32_t,4,1024,32,16,17.535000,16.397563,-6.49
MATVEC,uint32_t,4,1024,32,32,18.107333,15.940586,-11.97
MATVEC,uint32_t,4,1024,64,8,37.875000,34.801712,-8.11
MATVEC,uint32_t,4,1024,64,16,34.129667,32.502397,-4.77
MATVEC,uint32_t,4,1024,64,32,32.318000,31.587452,-2.26
MATVEC,uint32_t,4,1024,64,64,31.454667,30.852299,-1.92
MATVEC,uint32_t,4,1024,128,8,74.763333,69.311263,-7.29
MATVEC,uint32_t,4,1024,128,16,67.359667,64.712090,-3.93
MATVEC,uint32_t,4,1024,128,32,64.134667,62.881185,-1.95
MATVEC,uint32_t,4,1024,128,64,62.131000,61.513496,-0.99
MATVEC,uint32_t,4,1024,128,128,61.121667,60.818499,-0.50
MATVEC,uint32_t,4,1024,256,8,148.550333,138.330200,-6.88
MATVEC,uint32_t,4,1024,256,16,133.833000,129.131520,-3.51
MATVEC,uint32_t,4,1024,256,32,128.194333,125.468650,-2.13
MATVEC,uint32_t,4,1024,256,64,123.165667,122.732060,-0.35
MATVEC,uint32_t,4,1024,256,128,121.336333,121.594945,0.21
MATVEC,uint32_t,4,1024,256,256,120.830000,119.928864,-0.75
MATVEC,uint32_t,4,1024,512,8,296.195000,276.368075,-6.69
MATVEC,uint32_t,4,1024,512,16,266.720667,257.970331,-3.28
MATVEC,uint32_t,4,1024,512,32,255.616667,250.643580,-1.95
MATVEC,uint32_t,4,1024,512,64,245.462000,245.168989,-0.12
MATVEC,uint32_t,4,1024,512,128,241.691333,242.891983,0.50
MATVEC,uint32_t,4,1024,512,256,240.145333,240.183283,0.02
MATVEC,uint32_t,4,1024,1024,8,591.206667,552.443825,-6.56
MATVEC,uint32_t,4,1024,1024,16,532.541667,515.647951,-3.17
MATVEC,uint32_t,4,1024,1024,32,511.149667,500.993441,-1.99
MATVEC,uint32_t,4,1024,1024,64,489.896333,490.043046,0.03
MATVEC,uint32_t,4,1024,1024,128,482.458333,485.486139,0.63
MATVEC,uint32_t,4,1024,1024,256,479.211667,480.489540,0.27
MATVEC,uint32_t,4,1024,2048,8,1182.715333,1104.561041,-6.61
MATVEC,uint32_t,4,1024,2048,16,1063.981667,1031.002980,-3.10
MATVEC,uint32_t,4,1024,2048,32,1022.648667,1001.693162,-2.05
MATVEC,uint32_t,4,1024,2048,64,979.010667,979.791161,0.08
MATVEC,uint32_t,4,1024,2048,128,963.746333,970.674452,0.72
MATVEC,uint32_t,4,1024,2048,256,957.340333,960.263691,0.31
MATVEC,uint32_t,4,2048,16,8,20.229667,17.772299,-12.15
MATVEC,uint32_t,4,2048,16,16,20.261000,16.604924,-18.04
MATVEC,uint32_t,4,2048,32,8,40.854667,35.026992,-14.26
MATVEC,uint32_t,4,2048,32,16,34.961000,32.727703,-6.39
MATVEC,uint32_t,4,2048,32,32,33.179667,31.812732,-4.12
MATVEC,uint32_t,4,2048,64,8,75.752667,69.536377,-8.21
MATVEC,uint32_t,4,2048,64,16,68.172000,64.937370,-4.74
MATVEC,uint32_t,4,2048,64,32,64.604333,63.106465,-2.32
MATVEC,uint32_t,4,2048,64,64,62.847333,61.629589,-1.94
MATVEC,uint32_t,4,2048,128,8,149.469000,138.555480,-7.30
MATVEC,uint32_t,4,2048,128,16,134.694667,129.356757,-3.96
MATVEC,uint32_t,4,2048,128,32,128.203667,125.693930,-1.96
MATVEC,uint32_t,4,2048,128,64,124.180000,122.957340,-0.98
MATVEC,uint32_t,4,2048,128,128,122.168667,121.551198,-0.51
MATVEC,uint32_t,4,2048,256,8,297.240333,276.593355,-6.95
MATVEC,uint32_t,4,2048,256,16,267.555667,258.195611,-3.50
MATVEC,uint32_t,4,2048,256,32,256.287667,250.868860,-2.11
MATVEC,uint32_t,4,2048,256,64,246.183000,245.394469,-0.32
MATVEC,uint32_t,4,2048,256,128,242.576667,243.117347,0.22
MATVEC,uint32_t,4,2048,256,256,240.737667,239.738263,-0.42
MATVEC,uint32_t,4,2048,512,8,592.115000,552.669105,-6.66
MATVEC,uint32_t,4,2048,512,16,533.340000,515.873231,-3.27
MATVEC,uint32_t,4,2048,512,32,511.256000,501.218721,-1.96
MATVEC,uint32_t,4,2048,512,64,490.854333,490.268326,-0.12
MATVEC,uint32_t,4,2048,512,128,483.257333,485.711419,0.51
MATVEC,uint32_t,4,2048,512,256,480.203000,480.268535,0.01
MATVEC,uint32_t,4,2048,1024,8,1182.391667,1104.820604,-6.56
MATVEC,uint32_t,4,2048,1024,16,1064.974667,1031.228472,-3.17
MATVEC,uint32_t,4,2048,1024,32,1020.942667,1001.918442,-1.86
MATVEC,uint32_t,4,2048,1024,64,979.645000,980.016441,0.04
MATVEC,uint32_t,4,2048,1024,128,964.851667,970.899732,0.63
MATVEC,uint32_t,4,2048,1024,256,958.340333,960.902962,0.27
MATVEC,uint32_t,4,4096,16,8,40.277000,35.477552,-11.92
MATVEC,uint32_t,4,4096,16,16,36.707000,33.141507,-9.71
MATVEC,uint32_t,4,4096,32,8,77.444333,69.986937,-9.63
MATVEC,uint32_t,4,4096,32,16,69.831333,65.387984,-6.36
MATVEC,uint32_t,4,4096,32,32,66.275000,63.557025,-4.10
MATVEC,uint32_t,4,4096,64,8,151.540333,139.005707,-8.27
MATVEC,uint32_t,4,4096,64,16,136.611667,129.807317,-4.98
MATVEC,uint32_t,4,4096,64,32,129.080333,126.144490,-2.27
MATVEC,uint32_t,4,4096,64,64,125.596667,123.184167,-1.92
MATVEC,uint32_t,4,4096,128,8,298.703333,277.043915,-7.25
MATVEC,uint32_t,4,4096,128,16,269.288000,258.646092,-3.95
MATVEC,uint32_t,4,4096,128,32,256.301333,251.319420,-1.94
MATVEC,uint32_t,4,4096,128,64,248.271667,245.845029,-0.98
MATVEC,uint32_t,4,4096,128,128,244.182667,243.016596,-0.48
MATVEC,uint32_t,4,4096,256,8,594.720333,553.119665,-6.99
MATVEC,uint32_t,4,4096,256,16,535.057333,516.323791,-3.50
MATVEC,uint32_t,4,4096,256,32,512.477333,501.669281,-2.11
MATVEC,uint32_t,4,4096,256,64,492.321667,490.719286,-0.33
MATVEC,uint32_t,4,4096,256,128,485.079667,486.162150,0.22
MATVEC,uint32_t,4,4096,256,256,481.311667,479.357061,-0.41
MATVEC,uint32_t,4,4096,512,8,1184.438667,1105.271164,-6.68
MATVEC,uint32_t,4,4096,512,16,1066.604333,1031.679032,-3.27
MATVEC,uint32_t,4,4096,512,32,1022.400000,1002.369002,-1.96
MATVEC,uint32_t,4,4096,512,64,981.553000,980.467001,-0.11
MATVEC,uint32_t,4,4096,512,128,966.359333,971.350292,0.52
MATVEC,uint32_t,4,4096,512,256,960.278333,960.439039,0.02
MATVEC,uint32_t,4,8192,16,8,81.856000,70.888057,-13.40
MATVEC,uint32_t,4,8192,16,16,73.320333,66.214672,-9.69
MATVEC,uint32_t,4,8192,32,8,154.716333,139.906827,-9.57
MATVEC,uint32_t,4,8192,32,16,139.607667,130.708545,-6.37
MATVEC,uint32_t,4,8192,32,32,132.490333,127.045610,-4.11
MATVEC,uint32_t,4,8192,64,8,303.274333,277.944368,-8.35
MATVEC,uint32_t,4,8192,64,16,272.376667,259.547212,-4.71
MATVEC,uint32_t,4,8192,64,32,258.082333,252.220540,-2.27
MATVEC,uint32_t,4,8192,64,64,251.086333,246.293324,-1.91
MATVEC,uint32_t,4,8192,128,8,597.763000,554.020785,-7.32
MATVEC,uint32_t,4,8192,128,16,538.430667,517.224761,-3.94
MATVEC,uint32_t,4,8192,128,32,512.510000,502.570401,-1.94
MATVEC,uint32_t,4,8192,128,64,496.438000,491.620406,-0.97
MATVEC,uint32_t,4,8192,128,128,488.315000,485.947391,-0.48
MATVEC,uint32_t,4,8192,256,8,1189.628667,1106.172284,-7.02
MATVEC,uint32_t,4,8192,256,16,1069.982667,1032.580152,-3.50
MATVEC,uint32_t,4,8192,256,32,1024.878000,1003.270122,-2.11
MATVEC,uint32_t,4,8192,256,64,984.584667,981.368921,-0.33
MATVEC,uint32_t,4,8192,256,128,970.137333,972.251758,0.22
MATVEC,uint32_t,4,8192,256,256,962.883000,958.594656,-0.45
MATVEC,uint32_t,8,16,16,8,0.217000,0.207672,-4.30
MATVEC,uint32_t,8,16,16,16,0.206000,0.199600,-3.11
MATVEC,uint32_t,8,16,32,8,0.374000,0.342915,-8.31
MATVEC,uint32_t,8,16,32,16,0.341000,0.325634,-4.51
MATVEC,uint32_t,8,16,32,32,0.326000,0.320956,-1.55
MATVEC,uint32_t,8,16,64,8,0.660333,0.612548,-7.24
MATVEC,uint32_t,8,16,64,16,0.605667,0.577626,-4.63
MATVEC,uint32_t,8,16,64,32,0.571333,0.565511,-1.02
MATVEC,uint32_t,8,16,64,64,0.567000,0.558738,-1.46
MATVEC,uint32_t,8,16,128,8,1.236333,1.152286,-6.80
MATVEC,uint32_t,8,16,128,16,1.126000,1.081301,-3.97
MATVEC,uint32_t,8,16,128,32,1.072333,1.054619,-1.65
MATVEC,uint32_t,8,16,128,64,1.038667,1.037066,-0.15
MATVEC,uint32_t,8,16,128,128,1.032667,1.036386,0.36
MATVEC,uint32_t,8,16,256,8,2.396000,2.232159,-6.84
MATVEC,uint32_t,8,16,256,16,2.178000,2.088202,-4.12
MATVEC,uint32_t,8,16,256,32,2.063333,2.032766,-1.48
MATVEC,uint32_t,8,16,256,64,2.105000,1.993720,-5.29
MATVEC,uint32_t,8,16,256,128,1.972667,1.984189,0.58
MATVEC,uint32_t,8,16,256,256,1.979333,1.974644,-0.24
MATVEC,uint32_t,8,16,512,8,4.728333,4.391669,-7.12
MATVEC,uint32_t,8,16,512,16,4.269667,4.101762,-3.93
MATVEC,uint32_t,8,16,512,32,4.067667,3.989092,-1.93
MATVEC,uint32_t,8,16,512,64,3.911333,3.906949,-0.11
MATVEC,uint32_t,8,16,512,128,3.861667,3.879794,0.47
MATVEC,uint32_t,8,16,512,256,3.856333,3.850412,-0.15
MATVEC,uint32_t,8,16,1024,8,9.384667,8.711799,-7.17
MATVEC,uint32_t,8,16,1024,16,8.415000,8.129297,-3.40
MATVEC,uint32_t,8,16,1024,32,8.083333,7.901743,-2.25
MATVEC,uint32_t,8,16,1024,64,7.745000,7.733242,-0.15
MATVEC,uint32_t,8,16,1024,128,7.628000,7.670893,0.56
MATVEC,uint32_t,8,16,1024,256,7.599333,7.601949,0.03
MATVEC,uint32_t,8,16,2048,8,18.630333,17.350395,-6.87
MATVEC,uint32_t,8,16,2048,16,16.734000,16.183551,-3.29
MATVEC,uint32_t,8,16,2048,32,16.096000,15.726192,-2.30
MATVEC,uint32_t,8,16,2048,64,15.377667,15.386018,0.05
MATVEC,uint32_t,8,16,2048,128,15.153667,15.252842,0.65
MATVEC,uint32_t,8,16,2048,256,15.067333,15.104997,0.25
MATVEC,uint32_t,8,16,4096,8,37.218333,34.628006,-6.96
MATVEC,uint32_t,8,16,4096,16,33.368000,32.292105,-3.22
MATVEC,uint32_t,8,16,4096,32,32.090667,31.375004,-2.23
MATVEC,uint32_t,8,16,4096,64,30.666000,30.692222,0.09
MATVEC,uint32_t,8,16,4096,128,30.198000,30.416741,0.72
MATVEC,uint32_t,8,16,4096,256,30.018667,30.111043,0.31
MATVEC,uint32_t,8,16,8192,8,74.274667,69.183225,-6.85
MATVEC,uint32_t,8,16,8192,16,66.612333,64.509685,-3.16
MATVEC,uint32_t,8,16,8192,32,64.128667,62.673469,-2.27
MATVEC,uint32_t,8,16,8192,64,61.257333,61.301660,0.07
MATVEC,uint32_t,8,16,8192,128,60.307333,60.744540,0.72
MATVEC,uint32_t,8,16,8192,256,59.929667,60.123146,0.32
MATVEC,uint32_t,8,32,16,8,0.379889,0.346158,-8.88
MATVEC,uint32_t,8,32,16,16,0.353000,0.329154,-6.76
MATVEC,uint32_t,8,32,32,8,0.671333,0.616521,-8.16
MATVEC,uint32_t,8,32,32,16,0.611333,0.581159,-4.94
MATVEC,uint32_t,8,32,32,32,0.585333,0.569031,-2.78
MATVEC,uint32_t,8,32,64,8,1.253000,1.155806,-7.76
MATVEC,uint32_t,8,32,64,16,1.141333,1.084842,-4.95
MATVEC,uint32_t,8,32,64,32,1.079333,1.058139,-1.96
MATVEC,uint32_t,8,32,64,64,1.069333,1.040586,-2.69
MATVEC,uint32_t,8,32,128,8,2.415333,2.235476,-7.45
MATVEC,uint32_t,8,32,128,16,2.182000,2.091644,-4.14
MATVEC,uint32_t,8,32,128,32,2.083667,2.036286,-2.27
MATVEC,uint32_t,8,32,128,64,2.018333,1.997240,-1.05
MATVEC,uint32_t,8,32,128,128,1.991000,1.987709,-0.17
MATVEC,uint32_t,8,32,256,8,4.745333,4.395001,-7.38
MATVEC,uint32_t,8,32,256,16,4.261667,4.105536,-3.66
MATVEC,uint32_t,8,32,256,32,4.069667,3.992612,-1.89
MATVEC,uint32_t,8,32,256,64,3.919333,3.910469,-0.23
MATVEC,uint32_t,8,32,256,128,3.873333,3.883314,0.26
MATVEC,uint32_t,8,32,256,256,3.866667,3.853932,-0.33
MATVEC,uint32_t,8,32,512,8,9.379667,8.714033,-7.10
MATVEC,uint32_t,8,32,512,16,8.434333,8.132543,-3.58
MATVEC,uint32_t,8,32,512,32,8.068667,7.905263,-2.03
MATVEC,uint32_t,8,32,512,64,7.747667,7.736762,-0.14
MATVEC,uint32_t,8,32,512,128,7.640000,7.674413,0.45
MATVEC,uint32_t,8,32,512,256,7.608000,7.605469,-0.03
MATVEC,uint32_t,8,32,1024,8,18.649667,17.354124,-6.95
MATVEC,uint32_t,8,32,1024,16,16.750000,16.187344,-3.36
MATVEC,uint32_t,8,32,1024,32,16.074000,15.730553,-2.14
MATVEC,uint32_t,8,32,1024,64,15.393000,15.389348,-0.02
MATVEC,uint32_t,8,32,1024,128,15.162000,15.256362,0.62
MATVEC,uint32_t,8,32,1024,256,15.084000,15.108517,0.16
MATVEC,uint32_t,8,32,2048,8,37.214000,34.631525,-6.94
MATVEC,uint32_t,8,32,2048,16,33.391667,32.295862,-3.28
MATVEC,uint32_t,8,32,2048,32,32.088000,31.379297,-2.21
MATVEC,uint32_t,8,32,2048,64,30.691667,30.694727,0.01
MATVEC,uint32_t,8,32,2048,128,30.217333,30.420261,0.67
MATVEC,uint32_t,8,32,2048,256,30.029000,30.114563,0.28
MATVEC,uint32_t,8,32,4096,8,74.290667,69.188200,-6.87
MATVEC,uint32_t,8,32,4096,16,66.637000,64.513213,-3.19
MATVEC,uint32_t,8,32,4096,32,64.123333,62.676806,-2.26
MATVEC,uint32_t,8,32,4096,64,61.277667,61.307527,0.05
MATVEC,uint32_t,8,32,4096,128,60.313667,60.748060,0.72
MATVEC,uint32_t,8,32,4096,256,59.914667,60.126666,0.35
MATVEC,uint32_t,8,32,8192,8,148.617000,138.297185,-6.94
MATVEC,uint32_t,8,32,8192,16,133.162333,128.948370,-3.16
MATVEC,uint32_t,8,32,8192,32,128.188000,125.273553,-2.27
MATVEC,uint32_t,8,32,8192,64,122.462000,122.526001,0.05
MATVEC,uint32_t,8,32,8192,128,120.553667,121.403656,0.71
MATVEC,uint32_t,8,32,8192,256,119.747333,120.150857,0.34
MATVEC,uint32_t,8,64,16,8,0.704667,0.623102,-11.58
MATVEC,uint32_t,8,64,16,16,0.638000,0.588199,-7.81
MATVEC,uint32_t,8,64,32,8,1.279333,1.163466,-9.06
MATVEC,uint32_t,8,64,32,16,1.161667,1.091895,-6.01
MATVEC,uint32_t,8,64,32,32,1.105333,1.065205,-3.63
MATVEC,uint32_t,8,64,64,8,2.454333,2.242519,-8.63
MATVEC,uint32_t,8,64,64,16,2.223000,2.098690,-5.59
MATVEC,uint32_t,8,64,64,32,2.090333,2.043326,-2.25
MATVEC,uint32_t,8,64,64,64,2.120667,2.004281,-5.49
MATVEC,uint32_t,8,64,128,8,4.783667,4.402179,-7.97
MATVEC,uint32_t,8,64,128,16,4.311667,4.112527,-4.62
MATVEC,uint32_t,8,64,128,32,4.091333,3.999652,-2.24
MATVEC,uint32_t,8,64,128,64,3.952000,3.917509,-0.87
MATVEC,uint32_t,8,64,128,128,3.900000,3.890354,-0.25
MATVEC,uint32_t,8,64,256,8,9.435000,8.720687,-7.57
MATVEC,uint32_t,8,64,256,16,8.473333,8.139868,-3.94
MATVEC,uint32_t,8,64,256,32,8.081667,7.912303,-2.10
MATVEC,uint32_t,8,64,256,64,7.776667,7.743802,-0.42
MATVEC,uint32_t,8,64,256,128,7.665000,7.681453,0.21
MATVEC,uint32_t,8,64,256,256,7.626000,7.612509,-0.18
MATVEC,uint32_t,8,64,512,8,18.707667,17.358759,-7.21
MATVEC,uint32_t,8,64,512,16,16.786667,16.194093,-3.53
MATVEC,uint32_t,8,64,512,32,16.077667,15.737582,-2.12
MATVEC,uint32_t,8,64,512,64,15.420333,15.396499,-0.15
MATVEC,uint32_t,8,64,512,128,15.186000,15.263583,0.51
MATVEC,uint32_t,8,64,512,256,15.106000,15.115556,0.06
MATVEC,uint32_t,8,64,1024,8,37.224667,34.638774,-6.95
MATVEC,uint32_t,8,64,1024,16,33.409667,32.303415,-3.31
MATVEC,uint32_t,8,64,1024,32,32.083000,31.388151,-2.17
MATVEC,uint32_t,8,64,1024,64,30.726000,30.701559,-0.08
MATVEC,uint32_t,8,64,1024,128,30.235333,30.427301,0.63
MATVEC,uint32_t,8,64,1024,256,30.067333,30.121603,0.18
MATVEC,uint32_t,8,64,2048,8,74.335000,69.193785,-6.92
MATVEC,uint32_t,8,64,2048,16,66.675000,64.520575,-3.23
MATVEC,uint32_t,8,64,2048,32,64.107667,62.685507,-2.22
MATVEC,uint32_t,8,64,2048,64,61.293000,61.312178,0.03
MATVEC,uint32_t,8,64,2048,128,60.355000,60.755100,0.66
MATVEC,uint32_t,8,64,2048,256,59.967667,60.133706,0.28
MATVEC,uint32_t,8,64,4096,8,148.461667,138.309090,-6.84
MATVEC,uint32_t,8,64,4096,16,133.216333,128.955425,-3.20
MATVEC,uint32_t,8,64,4096,32,128.155000,125.280410,-2.24
MATVEC,uint32_t,8,64,4096,64,122.467667,122.538137,0.06
MATVEC,uint32_t,8,64,4096,128,120.574000,121.410696,0.69
MATVEC,uint32_t,8,64,4096,256,119.767000,120.157897,0.33
MATVEC,uint32_t,8,64,8192,8,296.765333,276.525104,-6.82
MATVEC,uint32_t,8,64,8192,16,266.248000,257.827706,-3.16
MATVEC,uint32_t,8,64,8192,32,256.251667,250.473722,-2.25
MATVEC,uint32_t,8,64,8192,64,244.842667,244.974682,0.05
MATVEC,uint32_t,8,64,8192,128,240.995000,242.721890,0.72
MATVEC,uint32_t,8,64,8192,256,239.399333,240.206295,0.34
MATVEC,uint32_t,8,128,16,8,1.337333,1.176918,-12.00
MATVEC,uint32_t,8,128,16,16,1.217667,1.106251,-9.15
MATVEC,uint32_t,8,128,32,8,2.497667,2.257355,-9.62
MATVEC,uint32_t,8,128,32,16,2.261000,2.112689,-6.56
MATVEC,uint32_t,8,128,32,32,2.135333,2.057551,-3.64
MATVEC,uint32_t,8,128,64,8,4.835000,4.416136,-8.66
MATVEC,uint32_t,8,128,64,16,4.357000,4.126574,-5.29
MATVEC,uint32_t,8,128,64,32,4.103667,4.013720,-2.19
MATVEC,uint32_t,8,128,64,64,3.996333,3.931324,-1.63
MATVEC,uint32_t,8,128,128,8,9.510000,8.735567,-8.14
MATVEC,uint32_t,8,128,128,16,8.510000,8.154278,-4.18
MATVEC,uint32_t,8,128,128,32,8.116333,7.926383,-2.34
MATVEC,uint32_t,8,128,128,64,7.838667,7.757885,-1.03
MATVEC,uint32_t,8,128,128,128,7.716333,7.692889,-0.30
MATVEC,uint32_t,8,128,256,8,18.805333,17.372062,-7.62
MATVEC,uint32_t,8,128,256,16,16.864667,16.208557,-3.89
MATVEC,uint32_t,8,128,256,32,16.086667,15.751685,-2.08
MATVEC,uint32_t,8,128,256,64,15.466000,15.410468,-0.36
MATVEC,uint32_t,8,128,256,128,15.248000,15.277494,0.19
MATVEC,uint32_t,8,128,256,256,15.146333,15.107854,-0.25
MATVEC,uint32_t,8,128,512,8,37.359333,34.648243,-7.26
MATVEC,uint32_t,8,128,512,16,33.474667,32.317197,-3.46
MATVEC,uint32_t,8,128,512,32,32.068333,31.402209,-2.08
MATVEC,uint32_t,8,128,512,64,30.768333,30.716457,-0.17
MATVEC,uint32_t,8,128,512,128,30.309333,30.441930,0.44
MATVEC,uint32_t,8,128,512,256,30.114000,30.131427,0.06
MATVEC,uint32_t,8,128,1024,8,74.461000,69.208074,-7.05
MATVEC,uint32_t,8,128,1024,16,66.764667,64.535558,-3.34
MATVEC,uint32_t,8,128,1024,32,64.109000,62.703392,-2.19
MATVEC,uint32_t,8,128,1024,64,61.366000,61.325981,-0.07
MATVEC,uint32_t,8,128,1024,128,60.408000,60.769180,0.60
MATVEC,uint32_t,8,128,1024,256,60.015000,60.147763,0.22
MATVEC,uint32_t,8,128,2048,8,148.607000,138.318339,-6.92
MATVEC,uint32_t,8,128,2048,16,133.312333,128.970002,-3.26
MATVEC,uint32_t,8,128,2048,32,128.154000,125.297927,-2.23
MATVEC,uint32_t,8,128,2048,64,122.535667,122.547087,0.01
MATVEC,uint32_t,8,128,2048,128,120.605333,121.424776,0.68
MATVEC,uint32_t,8,128,2048,256,119.837667,120.171967,0.28
MATVEC,uint32_t,8,128,4096,8,297.050000,276.547924,-6.90
MATVEC,uint32_t,8,128,4096,16,266.395333,257.840015,-3.21
MATVEC,uint32_t,8,128,4096,32,256.252333,250.487619,-2.25
MATVEC,uint32_t,8,128,4096,64,244.860333,244.999421,0.06
MATVEC,uint32_t,8,128,4096,128,241.005667,242.735970,0.72
MATVEC,uint32_t,8,128,4096,256,239.427333,240.198909,0.32
MATVEC,uint32_t,8,128,8192,8,594.356667,552.977884,-6.96
MATVEC,uint32_t,8,128,8192,16,532.424000,515.582014,-3.16
MATVEC,uint32_t,8,128,8192,32,512.444667,500.874122,-2.26
MATVEC,uint32_t,8,128,8192,64,489.464333,489.872067,0.08
MATVEC,uint32_t,8,128,8192,128,481.857333,485.358356,0.73
MATVEC,uint32_t,8,128,8192,256,478.717333,480.295361,0.33
MATVEC,uint32_t,8,256,16,8,2.630000,2.284547,-13.14
MATVEC,uint32_t,8,256,16,16,2.371000,2.142338,-9.64
MATVEC,uint32_t,8,256,32,8,4.947000,4.445132,-10.14
MATVEC,uint32_t,8,256,32,16,4.459000,4.154306,-6.83
MATVEC,uint32_t,8,256,32,32,4.230000,4.042244,-4.44
MATVEC,uint32_t,8,256,64,8,9.622000,8.763440,-8.92
MATVEC,uint32_t,8,256,64,16,8.653333,8.182342,-5.44
MATVEC,uint32_t,8,256,64,32,8.149667,7.954486,-2.39
MATVEC,uint32_t,8,256,64,64,7.971000,7.784718,-2.34
MATVEC,uint32_t,8,256,128,8,18.921667,17.402405,-8.03
MATVEC,uint32_t,8,256,128,16,16.934333,16.237785,-4.11
MATVEC,uint32_t,8,256,128,32,16.146000,15.779845,-2.27
MATVEC,uint32_t,8,256,128,64,15.596333,15.438642,-1.01
MATVEC,uint32_t,8,256,128,128,15.349333,15.292447,-0.37
MATVEC,uint32_t,8,256,256,8,37.501333,34.674821,-7.54
MATVEC,uint32_t,8,256,256,16,33.672333,32.346001,-3.94
MATVEC,uint32_t,8,256,256,32,32.102667,31.430448,-2.09
MATVEC,uint32_t,8,256,256,64,30.875000,30.743799,-0.42
MATVEC,uint32_t,8,256,256,128,30.413333,30.469600,0.19
MATVEC,uint32_t,8,256,256,256,30.181333,30.054930,-0.42
MATVEC,uint32_t,8,256,512,8,74.617333,69.227269,-7.22
MATVEC,uint32_t,8,256,512,16,66.923333,64.563413,-3.53
MATVEC,uint32_t,8,256,512,32,64.094667,62.731532,-2.13
MATVEC,uint32_t,8,256,512,64,61.467333,61.356322,-0.18
MATVEC,uint32_t,8,256,512,128,60.523000,60.798622,0.46
MATVEC,uint32_t,8,256,512,256,60.153333,60.154661,0.00
MATVEC,uint32_t,8,256,1024,8,148.855667,138.346674,-7.06
MATVEC,uint32_t,8,256,1024,16,133.520333,128.999843,-3.39
MATVEC,uint32_t,8,256,1024,32,128.125333,125.333927,-2.18
MATVEC,uint32_t,8,256,1024,64,122.624667,122.574825,-0.04
MATVEC,uint32_t,8,256,1024,128,120.723333,121.452936,0.60
MATVEC,uint32_t,8,256,1024,256,119.936333,120.200062,0.22
MATVEC,uint32_t,8,256,2048,8,297.269000,276.567516,-6.96
MATVEC,uint32_t,8,256,2048,16,266.508667,257.868856,-3.24
MATVEC,uint32_t,8,256,2048,32,256.224000,250.522766,-2.23
MATVEC,uint32_t,8,256,2048,64,244.947333,245.016914,0.03
MATVEC,uint32_t,8,256,2048,128,241.204000,242.764130,0.65
MATVEC,uint32_t,8,256,2048,256,239.515333,240.248480,0.31
MATVEC,uint32_t,8,256,4096,8,593.893333,553.019705,-6.88
MATVEC,uint32_t,8,256,4096,16,532.612333,515.609527,-3.19
MATVEC,uint32_t,8,256,4096,32,512.363333,500.902037,-2.24
MATVEC,uint32_t,8,256,4096,64,489.548333,489.922015,0.08
MATVEC,uint32_t,8,256,4096,128,481.962667,485.386516,0.71
MATVEC,uint32_t,8,256,4096,256,478.741000,480.238001,0.31
MATVEC,uint32_t,8,512,16,8,5.170333,4.499805,-12.97
MATVEC,uint32_t,8,512,16,16,4.670333,4.214510,-9.76
MATVEC,uint32_t,8,512,32,8,9.840000,8.820688,-10.36
MATVEC,uint32_t,8,512,32,16,8.854333,8.237539,-6.97
MATVEC,uint32_t,8,512,32,32,8.437333,8.011629,-5.05
MATVEC,uint32_t,8,512,64,8,19.182667,17.458046,-8.99
MATVEC,uint32_t,8,512,64,16,17.245000,16.293878,-5.52
MATVEC,uint32_t,8,512,64,32,16.210333,15.836018,-2.31
MATVEC,uint32_t,8,512,64,64,15.828000,15.491506,-2.13
MATVEC,uint32_t,8,512,128,8,37.806000,34.736079,-8.12
MATVEC,uint32_t,8,512,128,16,33.812000,32.404799,-4.16
MATVEC,uint32_t,8,512,128,32,32.196000,31.486768,-2.20
MATVEC,uint32_t,8,512,128,64,31.108667,30.800157,-0.99
MATVEC,uint32_t,8,512,128,128,30.616667,30.491562,-0.41
MATVEC,uint32_t,8,512,256,8,74.994000,69.280340,-7.62
MATVEC,uint32_t,8,512,256,16,67.231333,64.620890,-3.88
MATVEC,uint32_t,8,512,256,32,64.129333,62.787976,-2.09
MATVEC,uint32_t,8,512,256,64,61.657000,61.410461,-0.40
MATVEC,uint32_t,8,512,256,128,60.732667,60.853811,0.20
MATVEC,uint32_t,8,512,256,256,60.293333,59.949082,-0.57
MATVEC,uint32_t,8,512,512,8,149.213000,138.385321,-7.26
MATVEC,uint32_t,8,512,512,16,133.837667,129.055845,-3.57
MATVEC,uint32_t,8,512,512,32,128.119333,125.390178,-2.13
MATVEC,uint32_t,8,512,512,64,122.854000,122.636054,-0.18
MATVEC,uint32_t,8,512,512,128,120.955333,121.512008,0.46
MATVEC,uint32_t,8,512,512,256,120.213000,120.201129,-0.01
MATVEC,uint32_t,8,512,1024,8,297.984333,276.623873,-7.17
MATVEC,uint32_t,8,512,1024,16,266.921000,257.928414,-3.37
MATVEC,uint32_t,8,512,1024,32,256.161000,250.594997,-2.17
MATVEC,uint32_t,8,512,1024,64,245.089000,245.072515,-0.01
MATVEC,uint32_t,8,512,1024,128,241.317000,242.820450,0.62
MATVEC,uint32_t,8,512,1024,256,239.773667,240.304658,0.22
MATVEC,uint32_t,8,512,2048,8,594.657000,553.065869,-6.99
MATVEC,uint32_t,8,512,2048,16,532.846333,515.666564,-3.22
MATVEC,uint32_t,8,512,2048,32,512.416667,500.972445,-2.23
MATVEC,uint32_t,8,512,2048,64,489.737333,489.956570,0.04
MATVEC,uint32_t,8,512,2048,128,482.194333,485.442836,0.67
MATVEC,uint32_t,8,512,2048,256,478.890333,480.401508,0.32
MATVEC,uint32_t,8,1024,16,8,10.270000,8.930323,-13.04
MATVEC,uint32_t,8,1024,16,16,9.273667,8.358858,-9.86
MATVEC,uint32_t,8,1024,32,8,19.575000,17.571801,-10.23
MATVEC,uint32_t,8,1024,32,16,17.637667,16.404010,-6.99
MATVEC,uint32_t,8,1024,32,32,16.645000,15.950403,-4.17
MATVEC,uint32_t,8,1024,64,8,38.297333,34.847263,-9.01
MATVEC,uint32_t,8,1024,64,16,34.420000,32.516952,-5.53
MATVEC,uint32_t,8,1024,64,32,32.368333,31.599084,-2.38
MATVEC,uint32_t,8,1024,64,64,31.494000,30.905086,-1.87
MATVEC,uint32_t,8,1024,128,8,75.546000,69.403431,-8.13
MATVEC,uint32_t,8,1024,128,16,67.525000,64.738828,-4.13
MATVEC,uint32_t,8,1024,128,32,64.350667,62.900619,-2.25
MATVEC,uint32_t,8,1024,128,64,62.138000,61.523190,-0.99
MATVEC,uint32_t,8,1024,128,128,61.142000,60.889795,-0.41
MATVEC,uint32_t,8,1024,256,8,150.215667,138.491381,-7.80
MATVEC,uint32_t,8,1024,256,16,134.396333,129.170670,-3.89
MATVEC,uint32_t,8,1024,256,32,128.190333,125.503035,-2.10
MATVEC,uint32_t,8,1024,256,64,123.222667,122.743788,-0.39
MATVEC,uint32_t,8,1024,256,128,121.390667,121.622236,0.19
MATVEC,uint32_t,8,1024,256,256,120.479667,119.737389,-0.62
MATVEC,uint32_t,8,1024,512,8,299.001000,276.701428,-7.46
MATVEC,uint32_t,8,1024,512,16,267.498333,258.040712,-3.54
MATVEC,uint32_t,8,1024,512,32,256.106000,250.707473,-2.11
MATVEC,uint32_t,8,1024,512,64,245.626333,245.195520,-0.18
MATVEC,uint32_t,8,1024,512,128,241.793333,242.938781,0.47
MATVEC,uint32_t,8,1024,512,256,240.315667,240.294068,-0.01
MATVEC,uint32_t,8,1024,1024,8,595.789000,553.178274,-7.15
MATVEC,uint32_t,8,1024,1024,16,533.598333,515.785558,-3.34
MATVEC,uint32_t,8,1024,1024,32,512.182333,501.117139,-2.16
MATVEC,uint32_t,8,1024,1024,64,490.234333,490.067896,-0.03
MATVEC,uint32_t,8,1024,1024,128,482.529000,485.555479,0.63
MATVEC,uint32_t,8,1024,1024,256,479.454000,480.513855,0.22
MATVEC,uint32_t,8,2048,16,8,20.471667,17.791354,-13.09
MATVEC,uint32_t,8,2048,16,16,18.499000,16.647547,-10.01
MATVEC,uint32_t,8,2048,32,8,39.210333,35.074022,-10.55
MATVEC,uint32_t,8,2048,32,16,35.250667,32.736944,-7.13
MATVEC,uint32_t,8,2048,32,32,33.222667,31.827945,-4.20
MATVEC,uint32_t,8,2048,64,8,76.507333,69.625690,-8.99
MATVEC,uint32_t,8,2048,64,16,68.753333,64.963095,-5.51
MATVEC,uint32_t,8,2048,64,32,64.659333,63.125211,-2.37
MATVEC,uint32_t,8,2048,64,64,62.920000,61.732239,-1.89
MATVEC,uint32_t,8,2048,128,8,151.169333,138.738130,-8.22
MATVEC,uint32_t,8,2048,128,16,135.044667,129.406882,-4.17
MATVEC,uint32_t,8,2048,128,32,128.561667,125.728315,-2.20
MATVEC,uint32_t,8,2048,128,64,124.184667,122.969250,-0.98
MATVEC,uint32_t,8,2048,128,128,122.207333,121.686255,-0.43
MATVEC,uint32_t,8,2048,256,8,300.474333,276.913456,-7.84
MATVEC,uint32_t,8,2048,256,16,268.747000,258.270224,-3.90
MATVEC,uint32_t,8,2048,256,32,256.292667,250.933147,-2.09
MATVEC,uint32_t,8,2048,256,64,246.342000,245.410437,-0.38
MATVEC,uint32_t,8,2048,256,128,242.723000,243.159081,0.18
MATVEC,uint32_t,8,2048,256,256,240.786000,239.313997,-0.61
MATVEC,uint32_t,8,2048,512,8,598.328333,553.333636,-7.52
MATVEC,uint32_t,8,2048,512,16,534.850333,516.010440,-3.52
MATVEC,uint32_t,8,2048,512,32,512.160667,501.342058,-2.11
MATVEC,uint32_t,8,2048,512,64,491.167333,490.314446,-0.17
MATVEC,uint32_t,8,2048,512,128,483.528333,485.792323,0.47
MATVEC,uint32_t,8,2048,512,256,480.517333,480.479940,-0.01
MATVEC,uint32_t,8,4096,16,8,40.874667,35.513416,-13.12
MATVEC,uint32_t,8,4096,16,16,36.938000,33.224926,-10.05
MATVEC,uint32_t,8,4096,32,8,78.291000,70.078465,-10.49
MATVEC,uint32_t,8,4096,32,16,70.449333,65.402814,-7.16
MATVEC,uint32_t,8,4096,32,32,66.343333,63.583028,-4.16
MATVEC,uint32_t,8,4096,64,8,153.059667,139.182545,-9.07
MATVEC,uint32_t,8,4096,64,16,137.451000,129.855380,-5.53
MATVEC,uint32_t,8,4096,64,32,129.222667,126.177465,-2.36
MATVEC,uint32_t,8,4096,64,64,125.726000,123.386546,-1.86
MATVEC,uint32_t,8,4096,128,8,302.471333,277.407527,-8.29
MATVEC,uint32_t,8,4096,128,16,269.978000,258.742990,-4.16
MATVEC,uint32_t,8,4096,128,32,257.170000,251.383707,-2.25
MATVEC,uint32_t,8,4096,128,64,248.270667,245.861369,-0.97
MATVEC,uint32_t,8,4096,128,128,244.343000,243.279176,-0.44
MATVEC,uint32_t,8,4096,256,8,600.788333,553.757607,-7.83
MATVEC,uint32_t,8,4096,256,16,537.352000,516.469332,-3.89
MATVEC,uint32_t,8,4096,256,32,512.486333,501.793370,-2.09
MATVEC,uint32_t,8,4096,256,64,492.611667,490.743736,-0.38
MATVEC,uint32_t,8,4096,256,128,485.345000,486.232770,0.18
MATVEC,uint32_t,8,4096,256,256,481.462000,478.467212,-0.62
MATVEC,uint32_t,8,8192,16,8,81.662667,70.957540,-13.11
MATVEC,uint32_t,8,8192,16,16,73.751667,66.379684,-10.00
MATVEC,uint32_t,8,8192,32,8,156.540667,140.087350,-10.51
MATVEC,uint32_t,8,8192,32,16,140.814000,130.734553,-7.16
MATVEC,uint32_t,8,8192,32,32,132.620333,127.093195,-4.17
MATVEC,uint32_t,8,8192,64,8,306.095000,278.296255,-9.08
MATVEC,uint32_t,8,8192,64,16,274.719333,259.639951,-5.49
MATVEC,uint32_t,8,8192,64,32,258.398333,252.281972,-2.37
MATVEC,uint32_t,8,8192,64,64,251.351667,246.695159,-1.85
MATVEC,uint32_t,8,8192,128,8,604.855000,554.746322,-8.28
MATVEC,uint32_t,8,8192,128,16,539.601333,517.415205,-4.11
MATVEC,uint32_t,8,8192,128,32,514.310667,502.694490,-2.26
MATVEC,uint32_t,8,8192,128,64,496.481667,491.645607,-0.97
MATVEC,uint32_t,8,8192,128,128,488.581667,486.465018,-0.43
MATVEC,uint32_t,16,16,16,8,0.293000,0.250693,-14.44
MATVEC,uint32_t,16,16,16,16,0.276667,0.247890,-10.40
MATVEC,uint32_t,16,16,32,8,0.496333,0.424650,-14.44
MATVEC,uint32_t,16,16,32,16,0.459445,0.417278,-9.18
MATVEC,uint32_t,16,16,32,32,0.446667,0.418302,-6.35
MATVEC,uint32_t,16,16,64,8,0.885333,0.771850,-12.82
MATVEC,uint32_t,16,16,64,16,0.824333,0.755398,-8.36
MATVEC,uint32_t,16,16,64,32,0.789333,0.750162,-4.96
MATVEC,uint32_t,16,16,64,64,0.781667,0.754152,-3.52
MATVEC,uint32_t,16,16,128,8,1.671667,1.459701,-12.68
MATVEC,uint32_t,16,16,128,16,1.546333,1.427680,-7.67
MATVEC,uint32_t,16,16,128,32,1.488333,1.411604,-5.16
MATVEC,uint32_t,16,16,128,64,1.460000,1.413220,-3.20
MATVEC,uint32_t,16,16,128,128,1.451333,1.418964,-2.23
MATVEC,uint32_t,16,16,256,8,3.236000,2.836475,-12.35
MATVEC,uint32_t,16,16,256,16,2.982000,2.765480,-7.26
MATVEC,uint32_t,16,16,256,32,2.861667,2.727753,-4.68
MATVEC,uint32_t,16,16,256,64,2.798667,2.716892,-2.92
MATVEC,uint32_t,16,16,256,128,2.779000,2.720576,-2.10
MATVEC,uint32_t,16,16,512,8,6.367000,5.590513,-12.20
MATVEC,uint32_t,16,16,512,16,5.864667,5.441868,-7.21
MATVEC,uint32_t,16,16,512,32,5.619667,5.357577,-4.66
MATVEC,uint32_t,16,16,512,64,5.489667,5.341486,-2.70
MATVEC,uint32_t,16,16,512,128,5.446000,5.342517,-1.90
MATVEC,uint32_t,16,16,1024,8,12.630000,11.098818,-12.12
MATVEC,uint32_t,16,16,1024,16,11.600667,10.795854,-6.94
MATVEC,uint32_t,16,16,1024,32,11.118333,10.603570,-4.63
MATVEC,uint32_t,16,16,1024,64,10.875667,10.610932,-2.43
MATVEC,uint32_t,16,16,1024,128,10.756667,10.585234,-1.59
MATVEC,uint32_t,16,16,2048,8,25.150333,22.115769,-12.07
MATVEC,uint32_t,16,16,2048,16,23.113333,21.497422,-6.99
MATVEC,uint32_t,16,16,2048,32,22.123000,21.080662,-4.71
MATVEC,uint32_t,16,16,2048,64,21.625333,21.150575,-2.20
MATVEC,uint32_t,16,16,2048,128,21.390333,21.068123,-1.51
MATVEC,uint32_t,16,16,4096,8,50.190000,44.149838,-12.03
MATVEC,uint32_t,16,16,4096,16,46.129333,42.904651,-6.99
MATVEC,uint32_t,16,16,4096,32,44.141000,42.061984,-4.71
MATVEC,uint32_t,16,16,4096,64,43.140667,42.230530,-2.11
MATVEC,uint32_t,16,16,4096,128,42.656000,42.034138,-1.46
MATVEC,uint32_t,16,16,8192,8,100.260000,88.218024,-12.01
MATVEC,uint32_t,16,16,8192,16,92.152333,85.721327,-6.98
MATVEC,uint32_t,16,16,8192,32,88.155333,84.024670,-4.69
MATVEC,uint32_t,16,16,8192,64,86.181000,84.392438,-2.08
MATVEC,uint32_t,16,16,8192,128,85.176333,83.966168,-1.42
MATVEC,uint32_t,16,32,16,8,0.517000,0.429868,-16.85
MATVEC,uint32_t,16,32,16,16,0.476000,0.422490,-11.24
MATVEC,uint32_t,16,32,32,8,0.902333,0.776433,-13.95
MATVEC,uint32_t,16,32,32,16,0.837333,0.760518,-9.17
MATVEC,uint32_t,16,32,32,32,0.817667,0.758319,-7.26
MATVEC,uint32_t,16,32,64,8,1.685000,1.463690,-13.13
MATVEC,uint32_t,16,32,64,16,1.561333,1.431797,-8.30
MATVEC,uint32_t,16,32,64,32,1.499333,1.416423,-5.53
MATVEC,uint32_t,16,32,64,64,1.477000,1.418019,-3.99
MATVEC,uint32_t,16,32,128,8,3.249667,2.840089,-12.60
MATVEC,uint32_t,16,32,128,16,3.000000,2.769839,-7.67
MATVEC,uint32_t,16,32,128,32,2.872333,2.732125,-4.88
MATVEC,uint32_t,16,32,128,64,2.829667,2.721208,-3.83
MATVEC,uint32_t,16,32,128,128,2.798333,2.724758,-2.63
MATVEC,uint32_t,16,32,256,8,6.392333,5.593984,-12.49
MATVEC,uint32_t,16,32,256,16,5.882000,5.445896,-7.41
MATVEC,uint32_t,16,32,256,32,5.630000,5.361601,-4.77
MATVEC,uint32_t,16,32,256,64,5.512000,5.345454,-3.02
MATVEC,uint32_t,16,32,256,128,5.467667,5.346343,-2.22
MATVEC,uint32_t,16,32,512,8,12.638000,11.102118,-12.15
MATVEC,uint32_t,16,32,512,16,11.630000,10.798924,-7.15
MATVEC,uint32_t,16,32,512,32,11.139333,10.621510,-4.65
MATVEC,uint32_t,16,32,512,64,10.887667,10.615894,-2.50
MATVEC,uint32_t,16,32,512,128,10.770667,10.590661,-1.67
MATVEC,uint32_t,16,32,1024,8,25.170333,22.118792,-12.12
MATVEC,uint32_t,16,32,1024,16,23.132667,21.508193,-7.02
MATVEC,uint32_t,16,32,1024,32,22.129667,21.111895,-4.60
MATVEC,uint32_t,16,32,1024,64,21.646000,21.154628,-2.27
MATVEC,uint32_t,16,32,1024,128,21.409333,21.071841,-1.58
MATVEC,uint32_t,16,32,2048,8,50.198000,44.152812,-12.04
MATVEC,uint32_t,16,32,2048,16,46.139333,42.910744,-7.00
MATVEC,uint32_t,16,32,2048,32,44.152000,42.065499,-4.73
MATVEC,uint32_t,16,32,2048,64,43.166000,42.234054,-2.16
MATVEC,uint32_t,16,32,2048,128,42.675333,42.037658,-1.49
MATVEC,uint32_t,16,32,4096,8,100.288000,88.221095,-12.03
MATVEC,uint32_t,16,32,4096,16,92.167333,85.724839,-6.99
MATVEC,uint32_t,16,32,4096,32,88.200667,84.028143,-4.73
MATVEC,uint32_t,16,32,4096,64,86.209333,84.393969,-2.11
MATVEC,uint32_t,16,32,4096,128,85.227667,83.969688,-1.48
MATVEC,uint32_t,16,32,8192,8,200.396000,176.357359,-12.00
MATVEC,uint32_t,16,32,8192,16,184.225000,171.358197,-6.98
MATVEC,uint32_t,16,32,8192,32,176.202667,167.953542,-4.68
MATVEC,uint32_t,16,32,8192,64,172.239667,168.718697,-2.04
MATVEC,uint32_t,16,32,8192,128,170.251000,167.833749,-1.42
MATVEC,uint32_t,16,64,16,8,0.938333,0.787083,-16.12
MATVEC,uint32_t,16,64,16,16,0.874667,0.770650,-11.89
MATVEC,uint32_t,16,64,32,8,1.732333,1.471107,-15.08
MATVEC,uint32_t,16,64,32,16,1.599000,1.442298,-9.80
MATVEC,uint32_t,16,64,32,32,1.534667,1.424204,-7.20
MATVEC,uint32_t,16,64,64,8,3.293000,2.847370,-13.53
MATVEC,uint32_t,16,64,64,16,3.047000,2.780931,-8.73
MATVEC,uint32_t,16,64,64,32,2.911000,2.740859,-5.84
MATVEC,uint32_t,16,64,64,64,2.856333,2.729842,-4.43
MATVEC,uint32_t,16,64,128,8,6.420333,5.600866,-12.76
MATVEC,uint32_t,16,64,128,16,5.921333,5.454157,-7.89
MATVEC,uint32_t,16,64,128,32,5.671667,5.369864,-5.32
MATVEC,uint32_t,16,64,128,64,5.550000,5.353506,-3.54
MATVEC,uint32_t,16,64,128,128,5.493000,5.354045,-2.53
MATVEC,uint32_t,16,64,256,8,12.671667,11.108730,-12.33
MATVEC,uint32_t,16,64,256,16,11.665667,10.806727,-7.36
MATVEC,uint32_t,16,64,256,32,11.170667,10.629296,-4.85
MATVEC,uint32_t,16,64,256,64,10.928333,10.623466,-2.79
MATVEC,uint32_t,16,64,256,128,10.809000,10.598023,-1.95
MATVEC,uint32_t,16,64,512,8,25.195667,22.124970,-12.19
MATVEC,uint32_t,16,64,512,16,23.174333,21.514135,-7.16
MATVEC,uint32_t,16,64,512,32,22.169667,21.149375,-4.60
MATVEC,uint32_t,16,64,512,64,21.687667,21.164708,-2.41
MATVEC,uint32_t,16,64,512,128,21.434667,21.082501,-1.64
MATVEC,uint32_t,16,64,1024,8,50.234000,44.158752,-12.09
MATVEC,uint32_t,16,64,1024,16,46.175333,42.933740,-7.02
MATVEC,uint32_t,16,64,1024,32,44.194333,42.128545,-4.67
MATVEC,uint32_t,16,64,1024,64,43.201000,42.242018,-2.22
MATVEC,uint32_t,16,64,1024,128,42.714333,42.045054,-1.57
MATVEC,uint32_t,16,64,2048,8,100.308667,88.226920,-12.04
MATVEC,uint32_t,16,64,2048,16,92.206000,85.737401,-7.02
MATVEC,uint32_t,16,64,2048,32,88.250000,84.035171,-4.78
MATVEC,uint32_t,16,64,2048,64,86.240000,84.401013,-2.13
MATVEC,uint32_t,16,64,2048,128,85.257667,83.976728,-1.50
MATVEC,uint32_t,16,64,4096,8,200.478333,176.363610,-12.03
MATVEC,uint32_t,16,64,4096,16,184.258333,171.365218,-7.00
MATVEC,uint32_t,16,64,4096,32,176.290333,167.960462,-4.73
MATVEC,uint32_t,16,64,4096,64,172.301667,168.720846,-2.08
MATVEC,uint32_t,16,64,4096,128,170.315667,167.841503,-1.45
MATVEC,uint32_t,16,64,8192,8,400.771000,352.636072,-12.01
MATVEC,uint32_t,16,64,8192,16,368.316000,342.631936,-6.97
MATVEC,uint32_t,16,64,8192,32,352.306667,335.811287,-4.68
MATVEC,uint32_t,16,64,8192,64,344.401667,337.371216,-2.04
MATVEC,uint32_t,16,64,8192,128,340.446000,335.568910,-1.43
MATVEC,uint32_t,16,128,16,8,1.808000,1.494100,-17.36
MATVEC,uint32_t,16,128,16,16,1.671667,1.464389,-12.40
MATVEC,uint32_t,16,128,32,8,3.381333,2.860449,-15.40
MATVEC,uint32_t,16,128,32,16,3.112000,2.801905,-9.96
MATVEC,uint32_t,16,128,32,32,2.984667,2.755183,-7.69
MATVEC,uint32_t,16,128,64,8,6.502000,5.614719,-13.65
MATVEC,uint32_t,16,128,64,16,6.004667,5.479189,-8.75
MATVEC,uint32_t,16,128,64,32,5.742333,5.386224,-6.20
MATVEC,uint32_t,16,128,64,64,5.630000,5.361854,-4.76
MATVEC,uint32_t,16,128,128,8,12.752667,11.122415,-12.78
MATVEC,uint32_t,16,128,128,16,11.747667,10.823052,-7.87
MATVEC,uint32_t,16,128,128,32,11.245333,10.645283,-5.34
MATVEC,uint32_t,16,128,128,64,10.994333,10.624589,-3.36
MATVEC,uint32_t,16,128,128,128,10.889667,10.611098,-2.56
MATVEC,uint32_t,16,128,256,8,25.282333,22.137346,-12.44
MATVEC,uint32_t,16,128,256,16,23.252333,21.528682,-7.41
MATVEC,uint32_t,16,128,256,32,22.250333,21.164574,-4.88
MATVEC,uint32_t,16,128,256,64,21.763333,21.179488,-2.68
MATVEC,uint32_t,16,128,256,128,21.517333,21.081910,-2.02
MATVEC,uint32_t,16,128,512,8,50.318333,44.170161,-12.22
MATVEC,uint32_t,16,128,512,16,46.262667,42.944996,-7.17
MATVEC,uint32_t,16,128,512,32,44.262667,42.204988,-4.65
MATVEC,uint32_t,16,128,512,64,43.272667,42.262337,-2.33
MATVEC,uint32_t,16,128,512,128,42.787333,42.066181,-1.69
MATVEC,uint32_t,16,128,1024,8,100.405333,88.238415,-12.12
MATVEC,uint32_t,16,128,1024,16,92.280000,85.784380,-7.04
MATVEC,uint32_t,16,128,1024,32,88.317667,84.161839,-4.71
MATVEC,uint32_t,16,128,1024,64,86.321000,84.416800,-2.21
MATVEC,uint32_t,16,128,1024,128,85.319667,83.991482,-1.56
MATVEC,uint32_t,16,128,2048,8,200.526000,176.374859,-12.04
MATVEC,uint32_t,16,128,2048,16,184.329667,171.390710,-7.02
MATVEC,uint32_t,16,128,2048,32,176.370333,167.974517,-4.76
MATVEC,uint32_t,16,128,2048,64,172.373333,168.734946,-2.11
MATVEC,uint32_t,16,128,2048,128,170.376667,167.855595,-1.48
MATVEC,uint32_t,16,128,4096,8,400.895000,352.648383,-12.03
MATVEC,uint32_t,16,128,4096,16,368.360333,342.646041,-6.98
MATVEC,uint32_t,16,128,4096,32,352.432667,335.825099,-4.71
MATVEC,uint32_t,16,128,4096,64,344.473333,337.374619,-2.06
MATVEC,uint32_t,16,128,4096,128,340.497667,335.584864,-1.44
MATVEC,uint32_t,16,256,16,8,3.521333,2.908083,-17.42
MATVEC,uint32_t,16,256,16,16,3.255333,2.845692,-12.58
MATVEC,uint32_t,16,256,32,8,6.665000,5.639118,-15.39
MATVEC,uint32_t,16,256,32,16,6.145333,5.519474,-10.18
MATVEC,uint32_t,16,256,32,32,5.890000,5.415376,-8.06
MATVEC,uint32_t,16,256,64,8,12.918000,11.149396,-13.69
MATVEC,uint32_t,16,256,64,16,11.900333,10.875703,-8.61
MATVEC,uint32_t,16,256,64,32,11.398667,10.677054,-6.33
MATVEC,uint32_t,16,256,64,64,11.149000,10.631475,-4.64
MATVEC,uint32_t,16,256,128,8,25.423000,22.165501,-12.81
MATVEC,uint32_t,16,256,128,16,23.411000,21.561360,-7.90
MATVEC,uint32_t,16,256,128,32,22.398667,21.196008,-5.37
MATVEC,uint32_t,16,256,128,64,21.904667,21.138319,-3.50
MATVEC,uint32_t,16,256,128,128,21.660333,21.122165,-2.48
MATVEC,uint32_t,16,256,256,8,50.480667,44.193994,-12.45
MATVEC,uint32_t,16,256,256,16,46.410333,42.973182,-7.41
MATVEC,uint32_t,16,256,256,32,44.419667,42.234900,-4.92
MATVEC,uint32_t,16,256,256,64,43.422000,42.291532,-2.60
MATVEC,uint32_t,16,256,256,128,42.927333,42.019539,-2.11
MATVEC,uint32_t,16,256,512,8,100.535333,88.259516,-12.21
MATVEC,uint32_t,16,256,512,16,92.445667,85.806198,-7.18
MATVEC,uint32_t,16,256,512,32,88.459000,84.315976,-4.68
MATVEC,uint32_t,16,256,512,64,86.454333,84.457595,-2.31
MATVEC,uint32_t,16,256,512,128,85.471667,84.033543,-1.68
MATVEC,uint32_t,16,256,1024,8,200.683333,176.397178,-12.10
MATVEC,uint32_t,16,256,1024,16,184.482667,171.484753,-7.05
MATVEC,uint32_t,16,256,1024,32,176.493000,168.228415,-4.68
MATVEC,uint32_t,16,256,1024,64,172.491000,168.766363,-2.16
MATVEC,uint32_t,16,256,1024,128,170.526333,167.884338,-1.55
MATVEC,uint32_t,16,256,2048,8,401.030000,352.670181,-12.06
MATVEC,uint32_t,16,256,2048,16,368.506667,342.697323,-7.00
MATVEC,uint32_t,16,256,2048,32,352.610333,335.853209,-4.75
MATVEC,uint32_t,16,256,2048,64,344.579667,337.402844,-2.08
MATVEC,uint32_t,16,256,2048,128,340.642667,335.613044,-1.48
MATVEC,uint32_t,16,512,16,8,6.963667,5.736049,-17.63
MATVEC,uint32_t,16,512,16,16,6.439000,5.608299,-12.90
MATVEC,uint32_t,16,512,32,8,13.228333,11.196457,-15.36
MATVEC,uint32_t,16,512,32,16,12.198000,10.954611,-10.19
MATVEC,uint32_t,16,512,32,32,11.684000,10.735763,-8.12
MATVEC,uint32_t,16,512,64,8,25.751667,22.218751,-13.72
MATVEC,uint32_t,16,512,64,16,23.696333,21.668732,-8.56
MATVEC,uint32_t,16,512,64,32,22.697000,21.258713,-6.34
MATVEC,uint32_t,16,512,64,64,22.198333,21.170718,-4.63
MATVEC,uint32_t,16,512,128,8,50.795667,44.251673,-12.88
MATVEC,uint32_t,16,512,128,16,46.723333,43.037975,-7.89
MATVEC,uint32_t,16,512,128,32,44.735000,42.297457,-5.45
MATVEC,uint32_t,16,512,128,64,43.705667,42.165777,-3.52
MATVEC,uint32_t,16,512,128,128,43.222000,42.144299,-2.49
MATVEC,uint32_t,16,512,256,8,100.886667,88.307290,-12.47
MATVEC,uint32_t,16,512,256,16,92.747333,85.862180,-7.42
MATVEC,uint32_t,16,512,256,32,88.771333,84.375551,-4.95
MATVEC,uint32_t,16,512,256,64,86.767333,84.515621,-2.60
MATVEC,uint32_t,16,512,256,128,85.760000,83.894798,-2.17
MATVEC,uint32_t,16,512,512,8,200.995000,176.438226,-12.22
MATVEC,uint32_t,16,512,512,16,184.797000,171.528601,-7.18
MATVEC,uint32_t,16,512,512,32,176.819667,168.537953,-4.68
MATVEC,uint32_t,16,512,512,64,172.785333,168.848111,-2.28
MATVEC,uint32_t,16,512,512,128,170.805333,167.968265,-1.66
MATVEC,uint32_t,16,512,1024,8,401.340333,352.714706,-12.12
MATVEC,uint32_t,16,512,1024,16,368.839667,342.885499,-7.04
MATVEC,uint32_t,16,512,1024,32,352.930667,336.361568,-4.69
MATVEC,uint32_t,16,512,1024,64,344.853333,337.465489,-2.14
MATVEC,uint32_t,16,512,1024,128,340.967667,335.670048,-1.55
MATVEC,uint32_t,16,1024,16,8,13.826000,11.391980,-17.60
MATVEC,uint32_t,16,1024,16,16,12.781000,11.133512,-12.89
MATVEC,uint32_t,16,1024,32,8,26.370667,22.311135,-15.39
MATVEC,uint32_t,16,1024,32,16,24.298000,21.824886,-10.18
MATVEC,uint32_t,16,1024,32,32,23.285333,21.376538,-8.20
MATVEC,uint32_t,16,1024,64,8,51.419000,44.357459,-13.73
MATVEC,uint32_t,16,1024,64,16,47.306667,43.254790,-8.57
MATVEC,uint32_t,16,1024,64,32,45.310000,42.422032,-6.37
MATVEC,uint32_t,16,1024,64,64,44.315667,42.249203,-4.66
MATVEC,uint32_t,16,1024,128,8,101.525667,88.424016,-12.90
MATVEC,uint32_t,16,1024,128,16,93.317333,85.991205,-7.85
MATVEC,uint32_t,16,1024,128,32,89.361333,84.500355,-5.44
MATVEC,uint32_t,16,1024,128,64,87.354333,84.220695,-3.59
MATVEC,uint32_t,16,1024,128,128,86.357000,84.188566,-2.51
MATVEC,uint32_t,16,1024,256,8,201.654667,176.533881,-12.46
MATVEC,uint32_t,16,1024,256,16,185.381667,171.640176,-7.41
MATVEC,uint32_t,16,1024,256,32,177.409667,168.656855,-4.93
MATVEC,uint32_t,16,1024,256,64,173.389333,168.963798,-2.55
MATVEC,uint32_t,16,1024,256,128,171.414667,167.645316,-2.20
MATVEC,uint32_t,16,1024,512,8,401.909000,352.795645,-12.22
MATVEC,uint32_t,16,1024,512,16,369.404333,342.973408,-7.16
MATVEC,uint32_t,16,1024,512,32,353.499667,336.981906,-4.67
MATVEC,uint32_t,16,1024,512,64,345.514333,337.629143,-2.28
MATVEC,uint32_t,16,1024,512,128,341.482333,335.837710,-1.65
MATVEC,uint32_t,16,2048,16,8,27.569333,22.703845,-17.65
MATVEC,uint32_t,16,2048,16,16,25.476333,22.183941,-12.92
MATVEC,uint32_t,16,2048,32,8,52.639000,44.540493,-15.38
MATVEC,uint32_t,16,2048,32,16,48.504333,43.565439,-10.18
MATVEC,uint32_t,16,2048,32,32,46.481333,42.658090,-8.23
MATVEC,uint32_t,16,2048,64,8,102.747333,88.634880,-13.74
MATVEC,uint32_t,16,2048,64,16,94.536000,86.426908,-8.58
MATVEC,uint32_t,16,2048,64,32,90.542000,84.748672,-6.40
MATVEC,uint32_t,16,2048,64,64,88.507667,84.406177,-4.63
MATVEC,uint32_t,16,2048,128,8,202.857333,176.768706,-12.86
MATVEC,uint32_t,16,2048,128,16,186.587667,171.897668,-7.87
MATVEC,uint32_t,16,2048,128,32,178.588000,168.906154,-5.42
MATVEC,uint32_t,16,2048,128,64,174.548667,168.330532,-3.56
MATVEC,uint32_t,16,2048,128,128,172.553333,168.277103,-2.48
MATVEC,uint32_t,16,2048,256,8,403.161667,352.987066,-12.45
MATVEC,uint32_t,16,2048,256,16,370.651000,343.196172,-7.41
MATVEC,uint32_t,16,2048,256,32,354.736000,337.219465,-4.94
MATVEC,uint32_t,16,2048,256,64,346.688000,337.860156,-2.55
MATVEC,uint32_t,16,2048,256,128,342.721333,335.146355,-2.21
MATVEC,uint32_t,16,4096,16,8,55.055000,45.327569,-17.67
MATVEC,uint32_t,16,4096,16,16,50.894333,44.284794,-12.99
MATVEC,uint32_t,16,4096,32,8,105.219000,88.999204,-15.42
MATVEC,uint32_t,16,4096,32,16,96.912000,87.046539,-10.18
MATVEC,uint32_t,16,4096,32,32,92.892000,85.221188,-8.26
MATVEC,uint32_t,16,4096,64,8,205.415333,177.189714,-13.74
MATVEC,uint32_t,16,4096,64,16,188.926333,172.771138,-8.55
MATVEC,uint32_t,16,4096,64,32,180.938667,169.401947,-6.38
MATVEC,uint32_t,16,4096,64,64,176.900333,168.720119,-4.62
MATVEC,uint32_t,16,4096,128,8,405.656333,353.458079,-12.87
MATVEC,uint32_t,16,4096,128,16,372.965000,343.710588,-7.84
MATVEC,uint32_t,16,4096,128,32,357.068667,337.717746,-5.42
MATVEC,uint32_t,16,4096,128,64,348.977333,336.550201,-3.56
MATVEC,uint32_t,16,4096,128,128,345.049667,336.454172,-2.49
MATVEC,uint32_t,16,8192,16,8,110.030000,90.575017,-17.68
MATVEC,uint32_t,16,8192,16,16,101.703667,88.486499,-13.00
MATVEC,uint32_t,16,8192,32,8,210.281000,177.916625,-15.39
MATVEC,uint32_t,16,8192,32,16,193.687667,174.008738,-10.16
MATVEC,uint32_t,16,8192,32,32,185.688667,170.347385,-8.26
MATVEC,uint32_t,16,8192,64,8,410.662333,354.299384,-13.72
MATVEC,uint32_t,16,8192,64,16,377.801333,345.459600,-8.56
MATVEC,uint32_t,16,8192,64,32,361.793333,338.708496,-6.38
MATVEC,uint32_t,16,8192,64,64,353.713000,337.348003,-4.63
