operation,data_type,thread,iteration,vec_length,buffer_size,measured,predicted,error_percent
MATVEC,uint32_t,1,16,16,8,0.219000,0.220486,0.68
MATVEC,uint32_t,1,16,16,16,0.197000,0.207933,5.55
MATVEC,uint32_t,1,16,32,8,0.352667,0.362273,2.72
MATVEC,uint32_t,1,16,32,16,0.326667,0.337414,3.29
MATVEC,uint32_t,1,16,32,32,0.311667,0.323513,3.80
MATVEC,uint32_t,1,16,64,8,0.644000,0.645848,0.29
MATVEC,uint32_t,1,16,64,16,0.580333,0.596376,2.76
MATVEC,uint32_t,1,16,64,32,0.553000,0.568478,2.80
MATVEC,uint32_t,1,16,64,64,0.536667,0.555001,3.42
MATVEC,uint32_t,1,16,128,8,1.214333,1.212998,-0.11
MATVEC,uint32_t,1,16,128,16,1.095667,1.114301,1.70
MATVEC,uint32_t,1,16,128,32,1.065334,1.058407,-0.65
MATVEC,uint32_t,1,16,128,64,1.034555,1.031454,-0.30
MATVEC,uint32_t,1,16,128,128,1.013000,1.017950,0.49
MATVEC,uint32_t,1,16,256,8,2.369667,2.347297,-0.94
MATVEC,uint32_t,1,16,256,16,2.143333,2.150150,0.32
MATVEC,uint32_t,1,16,256,32,2.048000,2.038265,-0.48
MATVEC,uint32_t,1,16,256,64,1.974333,1.984359,0.51
MATVEC,uint32_t,1,16,256,128,1.964889,1.957351,-0.38
MATVEC,uint32_t,1,16,256,256,1.929333,1.945255,0.83
MATVEC,uint32_t,1,16,512,8,4.669667,4.615896,-1.15
MATVEC,uint32_t,1,16,512,16,4.216333,4.221848,0.13
MATVEC,uint32_t,1,16,512,32,4.017333,3.997982,-0.48
MATVEC,uint32_t,1,16,512,64,3.886667,3.890169,0.09
MATVEC,uint32_t,1,16,512,128,3.829333,3.836153,0.18
MATVEC,uint32_t,1,16,512,256,3.806000,3.811961,0.16
MATVEC,uint32_t,1,16,1024,8,9.252000,9.153094,-1.07
MATVEC,uint32_t,1,16,1024,16,8.379444,8.365245,-0.17
MATVEC,uint32_t,1,16,1024,32,7.980556,7.917415,-0.79
MATVEC,uint32_t,1,16,1024,64,7.709667,7.701790,-0.10
MATVEC,uint32_t,1,16,1024,128,7.605222,7.593758,-0.15
MATVEC,uint32_t,1,16,1024,256,7.538000,7.545374,0.10
MATVEC,uint32_t,1,16,2048,8,18.442667,18.227489,-1.17
MATVEC,uint32_t,1,16,2048,16,16.652667,16.652038,-0.00
MATVEC,uint32_t,1,16,2048,32,16.034333,15.756281,-1.73
MATVEC,uint32_t,1,16,2048,64,15.345333,15.325031,-0.13
MATVEC,uint32_t,1,16,2048,128,15.128700,15.108967,-0.13
MATVEC,uint32_t,1,16,2048,256,15.007333,15.012199,0.03
MATVEC,uint32_t,1,16,4096,8,36.860333,36.376280,-1.31
MATVEC,uint32_t,1,16,4096,16,33.262667,33.225624,-0.11
MATVEC,uint32_t,1,16,4096,32,31.652333,31.434014,-0.69
MATVEC,uint32_t,1,16,4096,64,30.627000,30.571513,-0.18
MATVEC,uint32_t,1,16,4096,128,30.141667,30.139385,-0.01
MATVEC,uint32_t,1,16,4096,256,29.945000,29.945849,0.00
MATVEC,uint32_t,1,16,8192,8,73.647333,72.673862,-1.32
MATVEC,uint32_t,1,16,8192,16,68.476667,66.372797,-3.07
MATVEC,uint32_t,1,16,8192,32,63.221000,62.789479,-0.68
MATVEC,uint32_t,1,16,8192,64,61.196000,61.064478,-0.21
MATVEC,uint32_t,1,16,8192,128,60.218000,60.200222,-0.03
MATVEC,uint32_t,1,16,8192,256,59.829000,59.813150,-0.03
MATVEC,uint32_t,1,32,16,8,0.364333,0.374961,2.92
MATVEC,uint32_t,1,32,16,16,0.337333,0.349854,3.71
MATVEC,uint32_t,1,32,32,8,0.665444,0.658536,-1.04
MATVEC,uint32_t,1,32,32,16,0.594333,0.608817,2.44
MATVEC,uint32_t,1,32,32,32,0.569333,0.580544,1.97
MATVEC,uint32_t,1,32,64,8,1.229667,1.225685,-0.32
MATVEC,uint32_t,1,32,64,16,1.117333,1.126741,0.84
MATVEC,uint32_t,1,32,64,32,1.064778,1.070473,0.53
MATVEC,uint32_t,1,32,64,64,1.077667,1.043617,-3.16
MATVEC,uint32_t,1,32,128,8,2.380000,2.359985,-0.84
MATVEC,uint32_t,1,32,128,16,2.152000,2.162590,0.49
MATVEC,uint32_t,1,32,128,32,2.049667,2.050331,0.03
MATVEC,uint32_t,1,32,128,64,2.004000,1.996522,-0.37
MATVEC,uint32_t,1,32,128,128,1.956333,1.969514,0.67
MATVEC,uint32_t,1,32,256,8,4.683667,4.628584,-1.18
MATVEC,uint32_t,1,32,256,16,4.224667,4.234289,0.23
MATVEC,uint32_t,1,32,256,32,4.041667,4.010048,-0.78
MATVEC,uint32_t,1,32,256,64,3.895667,3.902332,0.17
MATVEC,uint32_t,1,32,256,128,3.838667,3.848316,0.25
MATVEC,uint32_t,1,32,256,256,3.812000,3.824124,0.32
MATVEC,uint32_t,1,32,512,8,9.296000,9.165781,-1.40
MATVEC,uint32_t,1,32,512,16,8.374000,8.377685,0.04
MATVEC,uint32_t,1,32,512,32,7.978000,7.929481,-0.61
MATVEC,uint32_t,1,32,512,64,7.722000,7.713953,-0.10
MATVEC,uint32_t,1,32,512,128,7.601333,7.605921,0.06
MATVEC,uint32_t,1,32,512,256,7.556333,7.557537,0.02
MATVEC,uint32_t,1,32,1024,8,18.496000,18.240177,-1.38
MATVEC,uint32_t,1,32,1024,16,16.687667,16.664478,-0.14
MATVEC,uint32_t,1,32,1024,32,15.897333,15.768347,-0.81
MATVEC,uint32_t,1,32,1024,64,15.380333,15.337194,-0.28
MATVEC,uint32_t,1,32,1024,128,15.140555,15.121130,-0.13
MATVEC,uint32_t,1,32,1024,256,15.038555,15.024362,-0.09
MATVEC,uint32_t,1,32,2048,8,36.939333,36.388968,-1.49
MATVEC,uint32_t,1,32,2048,16,33.292333,33.238065,-0.16
MATVEC,uint32_t,1,32,2048,32,31.683667,31.446080,-0.75
MATVEC,uint32_t,1,32,2048,64,30.644000,30.583676,-0.20
MATVEC,uint32_t,1,32,2048,128,30.193333,30.151548,-0.14
MATVEC,uint32_t,1,32,2048,256,29.969000,29.958012,-0.04
MATVEC,uint32_t,1,32,4096,8,73.793333,72.686549,-1.50
MATVEC,uint32_t,1,32,4096,16,66.496667,66.385237,-0.17
MATVEC,uint32_t,1,32,4096,32,63.250333,62.801545,-0.71
MATVEC,uint32_t,1,32,4096,64,61.196333,61.076641,-0.20
MATVEC,uint32_t,1,32,4096,128,60.245333,60.212385,-0.05
MATVEC,uint32_t,1,32,4096,256,59.857333,59.825313,-0.05
MATVEC,uint32_t,1,32,8192,8,147.431667,145.281713,-1.46
MATVEC,uint32_t,1,32,8192,16,132.921333,132.679582,-0.18
MATVEC,uint32_t,1,32,8192,32,126.541667,125.512475,-0.81
MATVEC,uint32_t,1,32,8192,64,122.351667,122.062570,-0.24
MATVEC,uint32_t,1,32,8192,128,120.462333,120.334058,-0.11
MATVEC,uint32_t,1,32,8192,256,119.638667,119.559914,-0.07
MATVEC,uint32_t,1,64,16,8,0.669000,0.683910,2.23
MATVEC,uint32_t,1,64,16,16,0.613667,0.633698,3.26
MATVEC,uint32_t,1,64,32,8,1.241667,1.251060,0.76
MATVEC,uint32_t,1,64,32,16,1.123000,1.151622,2.55
MATVEC,uint32_t,1,64,32,32,1.073000,1.095077,2.06
MATVEC,uint32_t,1,64,64,8,2.396667,2.385360,-0.47
MATVEC,uint32_t,1,64,64,16,2.170333,2.187472,0.79
MATVEC,uint32_t,1,64,64,32,2.050667,2.074935,1.18
MATVEC,uint32_t,1,64,64,64,1.994333,2.020756,1.32
MATVEC,uint32_t,1,64,128,8,4.691000,4.653958,-0.79
MATVEC,uint32_t,1,64,128,16,4.238333,4.259170,0.49
MATVEC,uint32_t,1,64,128,32,4.041333,4.034652,-0.17
MATVEC,uint32_t,1,64,128,64,3.913667,3.926567,0.33
MATVEC,uint32_t,1,64,128,128,3.897333,3.872648,-0.63
MATVEC,uint32_t,1,64,256,8,9.299000,9.191156,-1.16
MATVEC,uint32_t,1,64,256,16,8.394333,8.402566,0.10
MATVEC,uint32_t,1,64,256,32,8.030667,7.954085,-0.95
MATVEC,uint32_t,1,64,256,64,7.729667,7.738187,0.11
MATVEC,uint32_t,1,64,256,128,7.619333,7.630252,0.14
MATVEC,uint32_t,1,64,256,256,7.561000,7.581868,0.28
MATVEC,uint32_t,1,64,512,8,18.497667,18.265552,-1.25
MATVEC,uint32_t,1,64,512,16,16.694667,16.689360,-0.03
MATVEC,uint32_t,1,64,512,32,15.890333,15.792951,-0.61
MATVEC,uint32_t,1,64,512,64,15.372333,15.361428,-0.07
MATVEC,uint32_t,1,64,512,128,15.139333,15.145462,0.04
MATVEC,uint32_t,1,64,512,256,15.049333,15.048694,-0.00
MATVEC,uint32_t,1,64,1024,8,36.927667,36.414342,-1.39
MATVEC,uint32_t,1,64,1024,16,33.300667,33.262946,-0.11
MATVEC,uint32_t,1,64,1024,32,31.739000,31.470684,-0.85
MATVEC,uint32_t,1,64,1024,64,30.654667,30.607911,-0.15
MATVEC,uint32_t,1,64,1024,128,30.192333,30.175880,-0.05
MATVEC,uint32_t,1,64,1024,256,29.984000,29.982344,-0.01
MATVEC,uint32_t,1,64,2048,8,73.755000,72.711924,-1.41
MATVEC,uint32_t,1,64,2048,16,66.509667,66.410118,-0.15
MATVEC,uint32_t,1,64,2048,32,63.319000,62.826149,-0.78
MATVEC,uint32_t,1,64,2048,64,61.216667,61.100875,-0.19
MATVEC,uint32_t,1,64,2048,128,60.287000,60.236716,-0.08
MATVEC,uint32_t,1,64,2048,256,59.884333,59.849644,-0.06
MATVEC,uint32_t,1,64,4096,8,147.419333,145.307088,-1.43
MATVEC,uint32_t,1,64,4096,16,132.921000,132.704464,-0.16
MATVEC,uint32_t,1,64,4096,32,126.534000,125.537079,-0.79
MATVEC,uint32_t,1,64,4096,64,122.366667,122.086804,-0.23
MATVEC,uint32_t,1,64,4096,128,120.454667,120.358390,-0.08
MATVEC,uint32_t,1,64,4096,256,119.646333,119.584246,-0.05
MATVEC,uint32_t,1,64,8192,8,294.809000,290.497414,-1.46
MATVEC,uint32_t,1,64,8192,16,265.713000,265.293154,-0.16
MATVEC,uint32_t,1,64,8192,32,252.955667,250.958940,-0.79
MATVEC,uint32_t,1,64,8192,64,244.582667,244.058663,-0.21
MATVEC,uint32_t,1,64,8192,128,240.850000,240.601736,-0.10
MATVEC,uint32_t,1,64,8192,256,239.253333,239.053448,-0.08
MATVEC,uint32_t,1,128,16,8,1.353333,1.301810,-3.81
MATVEC,uint32_t,1,128,16,16,1.176333,1.201385,2.13
MATVEC,uint32_t,1,128,32,8,2.445333,2.436109,-0.38
MATVEC,uint32_t,1,128,32,16,2.215667,2.237234,0.97
MATVEC,uint32_t,1,128,32,32,2.113333,2.124142,0.51
MATVEC,uint32_t,1,128,64,8,4.752333,4.704708,-1.00
MATVEC,uint32_t,1,128,64,16,4.293333,4.308932,0.36
MATVEC,uint32_t,1,128,64,32,4.066000,4.083859,0.44
MATVEC,uint32_t,1,128,64,64,3.959000,3.975502,0.42
MATVEC,uint32_t,1,128,128,8,9.352667,9.241906,-1.18
MATVEC,uint32_t,1,128,128,16,8.441667,8.452329,0.13
MATVEC,uint32_t,1,128,128,32,8.048000,8.003292,-0.56
MATVEC,uint32_t,1,128,128,64,7.795000,7.787122,-0.10
MATVEC,uint32_t,1,128,128,128,7.666000,7.678824,0.17
MATVEC,uint32_t,1,128,256,8,18.552333,18.316301,-1.27
MATVEC,uint32_t,1,128,256,16,16.734667,16.739122,0.03
MATVEC,uint32_t,1,128,256,32,16.005333,15.842158,-1.02
MATVEC,uint32_t,1,128,256,64,15.419000,15.410364,-0.06
MATVEC,uint32_t,1,128,256,128,15.195000,15.194034,-0.01
MATVEC,uint32_t,1,128,256,256,15.191000,15.097363,-0.62
MATVEC,uint32_t,1,128,512,8,36.977667,36.465092,-1.39
MATVEC,uint32_t,1,128,512,16,33.348333,33.312708,-0.11
MATVEC,uint32_t,1,128,512,32,31.767333,31.519891,-0.78
MATVEC,uint32_t,1,128,512,64,30.712333,30.656846,-0.18
MATVEC,uint32_t,1,128,512,128,30.237667,30.224452,-0.04
MATVEC,uint32_t,1,128,512,256,30.052333,30.031013,-0.07
MATVEC,uint32_t,1,128,1024,8,73.817000,72.762674,-1.43
MATVEC,uint32_t,1,128,1024,16,66.543000,66.459881,-0.12
MATVEC,uint32_t,1,128,1024,32,63.379000,62.875356,-0.79
MATVEC,uint32_t,1,128,1024,64,61.265000,61.149810,-0.19
MATVEC,uint32_t,1,128,1024,128,60.332667,60.285288,-0.08
MATVEC,uint32_t,1,128,1024,256,59.927000,59.898314,-0.05
MATVEC,uint32_t,1,128,2048,8,147.476000,145.357837,-1.44
MATVEC,uint32_t,1,128,2048,16,132.954000,132.754226,-0.15
MATVEC,uint32_t,1,128,2048,32,126.572333,125.586286,-0.78
MATVEC,uint32_t,1,128,2048,64,122.416667,122.135740,-0.23
MATVEC,uint32_t,1,128,2048,128,120.545333,120.406962,-0.11
MATVEC,uint32_t,1,128,2048,256,119.712667,119.632915,-0.07
MATVEC,uint32_t,1,128,4096,8,294.703000,290.548164,-1.41
MATVEC,uint32_t,1,128,4096,16,265.797667,265.342916,-0.17
MATVEC,uint32_t,1,128,4096,32,252.959333,251.008147,-0.77
MATVEC,uint32_t,1,128,4096,64,244.692000,244.107598,-0.24
MATVEC,uint32_t,1,128,4096,128,240.915333,240.650308,-0.11
MATVEC,uint32_t,1,128,4096,256,239.336000,239.102117,-0.10
MATVEC,uint32_t,1,128,8192,8,589.770333,580.928818,-1.50
MATVEC,uint32_t,1,128,8192,16,531.410667,530.520297,-0.17
MATVEC,uint32_t,1,128,8192,32,505.794333,501.851868,-0.78
MATVEC,uint32_t,1,128,8192,64,489.217000,488.051314,-0.24
MATVEC,uint32_t,1,128,8192,128,481.685333,481.137000,-0.11
MATVEC,uint32_t,1,128,8192,256,478.489667,478.040522,-0.09
MATVEC,uint32_t,1,256,16,8,2.544000,2.537609,-0.25
MATVEC,uint32_t,1,256,16,16,2.324000,2.336758,0.55
MATVEC,uint32_t,1,256,32,8,4.855000,4.806208,-1.00
MATVEC,uint32_t,1,256,32,16,4.401000,4.408457,0.17
MATVEC,uint32_t,1,256,32,32,4.177333,4.182274,0.12
MATVEC,uint32_t,1,256,64,8,9.466667,9.343405,-1.30
MATVEC,uint32_t,1,256,64,16,8.545000,8.551853,0.08
MATVEC,uint32_t,1,256,64,32,8.110333,8.101707,-0.11
MATVEC,uint32_t,1,256,64,64,7.885000,7.884993,-0.00
MATVEC,uint32_t,1,256,128,8,18.671333,18.417801,-1.36
MATVEC,uint32_t,1,256,128,16,16.847000,16.838646,-0.05
MATVEC,uint32_t,1,256,128,32,16.088333,15.940573,-0.92
MATVEC,uint32_t,1,256,128,64,15.551667,15.508234,-0.28
MATVEC,uint32_t,1,256,128,128,15.301333,15.291638,-0.06
MATVEC,uint32_t,1,256,256,8,37.081667,36.566592,-1.39
MATVEC,uint32_t,1,256,256,16,33.454000,33.412233,-0.12
MATVEC,uint32_t,1,256,256,32,31.982333,31.618306,-1.14
MATVEC,uint32_t,1,256,256,64,30.809000,30.754716,-0.18
MATVEC,uint32_t,1,256,256,128,30.349000,30.322306,-0.09
MATVEC,uint32_t,1,256,256,256,30.125667,30.128293,0.01
MATVEC,uint32_t,1,256,512,8,73.957667,72.864173,-1.48
MATVEC,uint32_t,1,256,512,16,66.659667,66.559405,-0.15
MATVEC,uint32_t,1,256,512,32,63.465333,62.973771,-0.77
MATVEC,uint32_t,1,256,512,64,61.397000,61.247681,-0.24
MATVEC,uint32_t,1,256,512,128,60.440000,60.382893,-0.09
MATVEC,uint32_t,1,256,512,256,60.075667,59.995594,-0.13
MATVEC,uint32_t,1,256,1024,8,147.637667,145.459337,-1.48
MATVEC,uint32_t,1,256,1024,16,133.070667,132.853750,-0.16
MATVEC,uint32_t,1,256,1024,32,126.655333,125.684701,-0.77
MATVEC,uint32_t,1,256,1024,64,122.518000,122.233610,-0.23
MATVEC,uint32_t,1,256,1024,128,120.654000,120.504566,-0.12
MATVEC,uint32_t,1,256,1024,256,119.843000,119.730195,-0.09
MATVEC,uint32_t,1,256,2048,8,294.830333,290.649664,-1.42
MATVEC,uint32_t,1,256,2048,16,265.874333,265.442441,-0.16
MATVEC,uint32_t,1,256,2048,32,253.122333,251.106562,-0.80
MATVEC,uint32_t,1,256,2048,64,244.764667,244.205468,-0.23
MATVEC,uint32_t,1,256,2048,128,241.002333,240.747912,-0.11
MATVEC,uint32_t,1,256,2048,256,239.418667,239.199397,-0.09
MATVEC,uint32_t,1,256,4096,8,589.723333,581.030317,-1.47
MATVEC,uint32_t,1,256,4096,16,531.500667,530.619821,-0.17
MATVEC,uint32_t,1,256,4096,32,505.902000,501.950283,-0.78
MATVEC,uint32_t,1,256,4096,64,489.312000,488.149185,-0.24
MATVEC,uint32_t,1,256,4096,128,481.768000,481.234605,-0.11
MATVEC,uint32_t,1,256,4096,256,478.590667,478.137802,-0.09
MATVEC,uint32_t,1,256,8192,8,1179.486667,1161.791625,-1.50
MATVEC,uint32_t,1,256,8192,16,1062.710333,1060.974582,-0.16
MATVEC,uint32_t,1,256,8192,32,1011.466667,1003.637725,-0.77
MATVEC,uint32_t,1,256,8192,64,978.485667,976.036618,-0.25
MATVEC,uint32_t,1,256,8192,128,963.340333,962.207990,-0.12
MATVEC,uint32_t,1,256,8192,256,956.998667,956.014611,-0.10
MATVEC,uint32_t,1,512,16,8,5.064000,5.009206,-1.08
MATVEC,uint32_t,1,512,16,16,4.625667,4.607506,-0.39
MATVEC,uint32_t,1,512,32,8,9.702333,9.546404,-1.61
MATVEC,uint32_t,1,512,32,16,8.775333,8.750902,-0.28
MATVEC,uint32_t,1,512,32,32,8.332333,8.298537,-0.41
MATVEC,uint32_t,1,512,64,8,18.914667,18.620800,-1.55
MATVEC,uint32_t,1,512,64,16,17.079667,17.037696,-0.25
MATVEC,uint32_t,1,512,64,32,16.188333,16.137403,-0.31
MATVEC,uint32_t,1,512,64,64,15.758000,15.703974,-0.34
MATVEC,uint32_t,1,512,128,8,37.337000,36.769590,-1.52
MATVEC,uint32_t,1,512,128,16,33.699000,33.611282,-0.26
MATVEC,uint32_t,1,512,128,32,32.090333,31.815136,-0.86
MATVEC,uint32_t,1,512,128,64,31.284333,30.950457,-1.07
MATVEC,uint32_t,1,512,128,128,30.586333,30.517265,-0.23
MATVEC,uint32_t,1,512,256,8,74.137333,73.067172,-1.44
MATVEC,uint32_t,1,512,256,16,66.877000,66.758454,-0.18
MATVEC,uint32_t,1,512,256,32,64.034000,63.170601,-1.35
MATVEC,uint32_t,1,512,256,64,61.609000,61.443421,-0.27
MATVEC,uint32_t,1,512,256,128,60.692000,60.578851,-0.19
MATVEC,uint32_t,1,512,256,256,60.236667,60.190576,-0.08
MATVEC,uint32_t,1,512,512,8,147.850667,145.662336,-1.48
MATVEC,uint32_t,1,512,512,16,133.354333,133.052800,-0.23
MATVEC,uint32_t,1,512,512,32,127.021333,125.881531,-0.90
MATVEC,uint32_t,1,512,512,64,122.796333,122.429350,-0.30
MATVEC,uint32_t,1,512,512,128,120.885667,120.699774,-0.15
MATVEC,uint32_t,1,512,512,256,120.170000,119.926033,-0.20
MATVEC,uint32_t,1,512,1024,8,295.275000,290.852662,-1.50
MATVEC,uint32_t,1,512,1024,16,266.180667,265.641490,-0.20
MATVEC,uint32_t,1,512,1024,32,253.407667,251.303392,-0.83
MATVEC,uint32_t,1,512,1024,64,245.026000,244.401209,-0.25
MATVEC,uint32_t,1,512,1024,128,241.264667,240.943121,-0.13
MATVEC,uint32_t,1,512,1024,256,239.690667,239.394379,-0.12
MATVEC,uint32_t,1,512,2048,8,590.076333,581.233316,-1.50
MATVEC,uint32_t,1,512,2048,16,531.634333,530.818870,-0.15
MATVEC,uint32_t,1,512,2048,32,506.221667,502.147113,-0.80
MATVEC,uint32_t,1,512,2048,64,489.596667,488.344925,-0.26
MATVEC,uint32_t,1,512,2048,128,481.979000,481.429813,-0.11
MATVEC,uint32_t,1,512,2048,256,478.806667,478.332784,-0.10
MATVEC,uint32_t,1,512,4096,8,1179.483667,1161.994624,-1.48
MATVEC,uint32_t,1,512,4096,16,1062.864000,1061.173632,-0.16
MATVEC,uint32_t,1,512,4096,32,1012.299667,1003.834555,-0.84
MATVEC,uint32_t,1,512,4096,64,978.551667,976.232358,-0.24
MATVEC,uint32_t,1,512,4096,128,963.410667,962.403198,-0.10
MATVEC,uint32_t,1,512,4096,256,957.246000,956.209593,-0.11
MATVEC,uint32_t,1,512,8192,8,2358.183000,2323.517238,-1.47
MATVEC,uint32_t,1,512,8192,16,2125.280667,2121.883154,-0.16
MATVEC,uint32_t,1,512,8192,32,2023.115000,2007.209440,-0.79
MATVEC,uint32_t,1,512,8192,64,1956.749000,1952.007225,-0.24
MATVEC,uint32_t,1,512,8192,128,1926.531333,1924.349969,-0.11
MATVEC,uint32_t,1,512,8192,256,1913.557000,1911.963211,-0.08
MATVEC,uint32_t,1,1024,16,8,10.051667,9.952405,-0.99
MATVEC,uint32_t,1,1024,16,16,9.176333,9.149001,-0.30
MATVEC,uint32_t,1,1024,32,8,19.316667,19.026800,-1.50
MATVEC,uint32_t,1,1024,32,16,17.465333,17.435794,-0.17
MATVEC,uint32_t,1,1024,32,32,16.602333,16.531062,-0.43
MATVEC,uint32_t,1,1024,64,8,37.770667,37.175591,-1.58
MATVEC,uint32_t,1,1024,64,16,34.089000,34.009380,-0.23
MATVEC,uint32_t,1,1024,64,32,32.300667,32.208795,-0.28
MATVEC,uint32_t,1,1024,64,64,31.436667,31.341938,-0.30
MATVEC,uint32_t,1,1024,128,8,74.581667,73.473173,-1.49
MATVEC,uint32_t,1,1024,128,16,67.305667,67.156553,-0.22
MATVEC,uint32_t,1,1024,128,32,64.112333,63.564260,-0.85
MATVEC,uint32_t,1,1024,128,64,62.106333,61.834902,-0.44
MATVEC,uint32_t,1,1024,128,128,61.087000,60.968518,-0.19
MATVEC,uint32_t,1,1024,256,8,148.234667,146.068336,-1.46
MATVEC,uint32_t,1,1024,256,16,133.733667,133.450898,-0.21
MATVEC,uint32_t,1,1024,256,32,127.908667,126.275190,-1.28
MATVEC,uint32_t,1,1024,256,64,123.151333,122.820832,-0.27
MATVEC,uint32_t,1,1024,256,128,121.304667,121.091942,-0.18
MATVEC,uint32_t,1,1024,256,256,120.391667,120.315140,-0.06
MATVEC,uint32_t,1,1024,512,8,295.498667,291.258663,-1.43
MATVEC,uint32_t,1,1024,512,16,266.504000,266.039588,-0.17
MATVEC,uint32_t,1,1024,512,32,253.897000,251.697051,-0.87
MATVEC,uint32_t,1,1024,512,64,245.448333,244.792690,-0.27
MATVEC,uint32_t,1,1024,512,128,241.691333,241.333538,-0.15
MATVEC,uint32_t,1,1024,512,256,240.188333,239.786911,-0.17
MATVEC,uint32_t,1,1024,1024,8,590.348667,581.639317,-1.48
MATVEC,uint32_t,1,1024,1024,16,532.211333,531.216969,-0.19
MATVEC,uint32_t,1,1024,1024,32,506.922333,502.540772,-0.86
MATVEC,uint32_t,1,1024,1024,64,489.974333,488.736406,-0.25
MATVEC,uint32_t,1,1024,1024,128,482.460333,481.820230,-0.13
MATVEC,uint32_t,1,1024,1024,256,479.211333,478.722747,-0.10
MATVEC,uint32_t,1,1024,2048,8,1179.714333,1162.400624,-1.47
MATVEC,uint32_t,1,1024,2048,16,1063.495000,1061.571730,-0.18
MATVEC,uint32_t,1,1024,2048,32,1012.761667,1004.228214,-0.84
MATVEC,uint32_t,1,1024,2048,64,979.081333,976.623840,-0.25
MATVEC,uint32_t,1,1024,2048,128,964.010000,962.793616,-0.13
MATVEC,uint32_t,1,1024,2048,256,957.594000,956.599556,-0.10
MATVEC,uint32_t,1,1024,4096,8,2358.150000,2323.923239,-1.45
MATVEC,uint32_t,1,1024,4096,16,2126.188667,2122.281252,-0.18
MATVEC,uint32_t,1,1024,4096,32,2021.647667,2007.603099,-0.69
MATVEC,uint32_t,1,1024,4096,64,1958.431333,1952.398706,-0.31
MATVEC,uint32_t,1,1024,4096,128,1925.324333,1924.740386,-0.03
MATVEC,uint32_t,1,1024,4096,256,1913.382333,1912.353174,-0.05
MATVEC,uint32_t,1,1024,8192,8,4710.534000,4646.968469,-1.35
MATVEC,uint32_t,1,1024,8192,16,4247.768667,4243.700297,-0.10
MATVEC,uint32_t,1,1024,8192,32,4052.625000,4014.352868,-0.94
MATVEC,uint32_t,1,1024,8192,64,3922.231667,3903.948438,-0.47
MATVEC,uint32_t,1,1024,8192,128,3849.058667,3848.633926,-0.01
MATVEC,uint32_t,1,1024,8192,256,3827.321000,3823.860411,-0.09
MATVEC,uint32_t,1,2048,16,8,20.068333,19.838796,-1.14
MATVEC,uint32_t,1,2048,16,16,18.344333,18.231993,-0.61
MATVEC,uint32_t,1,2048,32,8,38.632333,37.987586,-1.67
MATVEC,uint32_t,1,2048,32,16,34.926000,34.805580,-0.34
MATVEC,uint32_t,1,2048,32,32,33.167667,32.996114,-0.52
MATVEC,uint32_t,1,2048,64,8,75.496000,74.285168,-1.60
MATVEC,uint32_t,1,2048,64,16,68.122000,67.952752,-0.25
MATVEC,uint32_t,1,2048,64,32,64.547333,64.351579,-0.30
MATVEC,uint32_t,1,2048,64,64,62.830000,62.617865,-0.34
MATVEC,uint32_t,1,2048,128,8,149.139667,146.880332,-1.51
MATVEC,uint32_t,1,2048,128,16,134.566667,134.247097,-0.24
MATVEC,uint32_t,1,2048,128,32,128.178667,127.062509,-0.87
MATVEC,uint32_t,1,2048,128,64,124.154667,123.603794,-0.44
MATVEC,uint32_t,1,2048,128,128,122.141333,121.871026,-0.22
MATVEC,uint32_t,1,2048,256,8,296.368000,292.070658,-1.45
MATVEC,uint32_t,1,2048,256,16,267.397667,266.835788,-0.21
MATVEC,uint32_t,1,2048,256,32,255.751667,252.484370,-1.28
MATVEC,uint32_t,1,2048,256,64,246.254667,245.575652,-0.28
MATVEC,uint32_t,1,2048,256,128,242.570667,242.118122,-0.19
MATVEC,uint32_t,1,2048,256,256,240.752667,240.564269,-0.08
MATVEC,uint32_t,1,2048,512,8,591.141000,582.451312,-1.47
MATVEC,uint32_t,1,2048,512,16,532.954667,532.013168,-0.18
MATVEC,uint32_t,1,2048,512,32,508.229333,503.328091,-0.96
MATVEC,uint32_t,1,2048,512,64,490.954667,489.519369,-0.29
MATVEC,uint32_t,1,2048,512,128,483.346667,482.601065,-0.15
MATVEC,uint32_t,1,2048,512,256,480.449000,479.508667,-0.20
MATVEC,uint32_t,1,2048,1024,8,1180.917667,1163.212620,-1.50
MATVEC,uint32_t,1,2048,1024,16,1064.099333,1062.367929,-0.16
MATVEC,uint32_t,1,2048,1024,32,1013.932000,1005.015533,-0.88
MATVEC,uint32_t,1,2048,1024,64,979.804333,977.406802,-0.24
MATVEC,uint32_t,1,2048,1024,128,964.851667,963.574450,-0.13
MATVEC,uint32_t,1,2048,1024,256,958.481000,957.379483,-0.11
MATVEC,uint32_t,1,2048,2048,8,2359.340667,2324.735234,-1.47
MATVEC,uint32_t,1,2048,2048,16,2126.766667,2123.077452,-0.17
MATVEC,uint32_t,1,2048,2048,32,2025.716333,2008.390418,-0.86
MATVEC,uint32_t,1,2048,2048,64,1957.984667,1953.181668,-0.25
MATVEC,uint32_t,1,2048,2048,128,1927.813667,1925.521220,-0.12
MATVEC,uint32_t,1,2048,2048,256,1915.036667,1913.133101,-0.10
MATVEC,uint32_t,1,2048,4096,8,4716.748333,4647.780464,-1.46
MATVEC,uint32_t,1,2048,4096,16,4252.157667,4244.496496,-0.18
MATVEC,uint32_t,1,2048,4096,32,4047.721333,4015.140187,-0.80
MATVEC,uint32_t,1,2048,4096,64,3911.986333,3904.731401,-0.19
MATVEC,uint32_t,1,2048,4096,128,3850.579667,3849.414761,-0.03
MATVEC,uint32_t,1,2048,4096,256,3827.236000,3824.640338,-0.07
MATVEC,uint32_t,1,4096,16,8,40.095333,39.611577,-1.21
MATVEC,uint32_t,1,4096,16,16,36.613667,36.397973,-0.59
MATVEC,uint32_t,1,4096,32,8,77.219333,75.909159,-1.70
MATVEC,uint32_t,1,4096,32,16,69.790333,69.545145,-0.35
MATVEC,uint32_t,1,4096,32,32,66.227667,65.926220,-0.46
MATVEC,uint32_t,1,4096,64,8,150.872000,148.504322,-1.57
MATVEC,uint32_t,1,4096,64,16,136.193333,135.839490,-0.26
MATVEC,uint32_t,1,4096,64,32,129.055667,128.637150,-0.32
MATVEC,uint32_t,1,4096,64,64,125.602333,125.169718,-0.34
MATVEC,uint32_t,1,4096,128,8,298.221333,293.694649,-1.52
MATVEC,uint32_t,1,4096,128,16,269.112000,268.428181,-0.25
MATVEC,uint32_t,1,4096,128,32,256.287667,254.059010,-0.87
MATVEC,uint32_t,1,4096,128,64,248.267000,247.141577,-0.45
MATVEC,uint32_t,1,4096,128,128,244.192667,243.676041,-0.21
MATVEC,uint32_t,1,4096,256,8,592.740000,584.075303,-1.46
MATVEC,uint32_t,1,4096,256,16,534.679333,533.605561,-0.20
MATVEC,uint32_t,1,4096,256,32,508.893000,504.902732,-0.78
MATVEC,uint32_t,1,4096,256,64,491.712000,491.085293,-0.13
MATVEC,uint32_t,1,4096,256,128,484.530333,484.170483,-0.07
MATVEC,uint32_t,1,4096,256,256,480.608333,481.062528,0.09
MATVEC,uint32_t,1,4096,512,8,1177.890333,1164.836610,-1.11
MATVEC,uint32_t,1,4096,512,16,1066.025667,1063.960322,-0.19
MATVEC,uint32_t,1,4096,512,32,1015.957667,1006.590174,-0.92
MATVEC,uint32_t,1,4096,512,64,981.860667,978.972726,-0.29
MATVEC,uint32_t,1,4096,512,128,966.506000,965.136118,-0.14
MATVEC,uint32_t,1,4096,512,256,978.521667,958.952179,-2.00
MATVEC,uint32_t,1,4096,1024,8,2363.119000,2326.359225,-1.56
MATVEC,uint32_t,1,4096,1024,16,2128.772000,2124.669845,-0.19
MATVEC,uint32_t,1,4096,1024,32,2026.452667,2009.965058,-0.81
MATVEC,uint32_t,1,4096,1024,64,1959.708333,1954.747593,-0.25
MATVEC,uint32_t,1,4096,1024,128,1929.674000,1927.082889,-0.13
MATVEC,uint32_t,1,4096,1024,256,1916.429333,1914.692955,-0.09
MATVEC,uint32_t,1,4096,2048,8,4718.191333,4649.404455,-1.46
MATVEC,uint32_t,1,4096,2048,16,4253.851667,4246.088889,-0.18
MATVEC,uint32_t,1,4096,2048,32,4049.106333,4016.714828,-0.80
MATVEC,uint32_t,1,4096,2048,64,3915.156000,3906.297325,-0.23
MATVEC,uint32_t,1,4096,2048,128,3854.028333,3850.976429,-0.08
MATVEC,uint32_t,1,4096,2048,256,3828.555333,3826.200192,-0.06
MATVEC,uint32_t,1,8192,16,8,80.189333,79.157141,-1.29
MATVEC,uint32_t,1,8192,16,16,73.204000,72.729932,-0.65
MATVEC,uint32_t,1,8192,32,8,154.314667,151.752304,-1.66
MATVEC,uint32_t,1,8192,32,16,139.524333,139.024277,-0.36
MATVEC,uint32_t,1,8192,32,32,132.453667,131.786425,-0.50
MATVEC,uint32_t,1,8192,64,8,302.744333,296.942631,-1.92
MATVEC,uint32_t,1,8192,64,16,272.348333,271.612967,-0.27
MATVEC,uint32_t,1,8192,64,32,258.036333,257.208286,-0.32
MATVEC,uint32_t,1,8192,64,64,251.079333,250.273429,-0.32
MATVEC,uint32_t,1,8192,128,8,596.006000,587.323285,-1.46
MATVEC,uint32_t,1,8192,128,16,539.235000,536.790348,-0.45
MATVEC,uint32_t,1,8192,128,32,512.525000,508.052007,-0.87
MATVEC,uint32_t,1,8192,128,64,496.354667,494.217145,-0.43
MATVEC,uint32_t,1,8192,128,128,488.197000,487.286070,-0.19
MATVEC,uint32_t,1,8192,256,8,1184.816000,1168.084592,-1.41
MATVEC,uint32_t,1,8192,256,16,1068.934333,1067.145109,-0.17
MATVEC,uint32_t,1,8192,256,32,1021.185667,1009.739449,-1.12
MATVEC,uint32_t,1,8192,256,64,984.421667,982.104578,-0.24
MATVEC,uint32_t,1,8192,256,128,969.807333,968.277206,-0.16
MATVEC,uint32_t,1,8192,256,256,962.350333,962.059044,-0.03
MATVEC,uint32_t,1,8192,512,8,2363.036667,2329.607207,-1.41
MATVEC,uint32_t,1,8192,512,16,2130.861333,2127.854631,-0.14
MATVEC,uint32_t,1,8192,512,32,2029.453667,2013.114334,-0.81
MATVEC,uint32_t,1,8192,512,64,1962.679667,1957.879445,-0.24
MATVEC,uint32_t,1,8192,512,128,1932.545000,1930.206226,-0.12
MATVEC,uint32_t,1,8192,512,256,1920.127000,1917.839203,-0.12
MATVEC,uint32_t,1,8192,1024,8,4719.044000,4652.652437,-1.41
MATVEC,uint32_t,1,8192,1024,16,4255.605000,4249.273676,-0.15
MATVEC,uint32_t,1,8192,1024,32,4050.894000,4019.864103,-0.77
MATVEC,uint32_t,1,8192,1024,64,3917.754667,3909.429177,-0.21
MATVEC,uint32_t,1,8192,1024,128,3858.602333,3854.099766,-0.12
MATVEC,uint32_t,1,8192,1024,256,3832.408000,3829.319899,-0.08
MATVEC,uint32_t,2,16,16,8,0.225333,0.223778,-0.69
MATVEC,uint32_t,2,16,16,16,0.204333,0.209509,2.53
MATVEC,uint32_t,2,16,32,8,0.364000,0.368637,1.27
MATVEC,uint32_t,2,16,32,16,0.337000,0.340346,0.99
MATVEC,uint32_t,2,16,32,32,0.328333,0.328402,0.02
MATVEC,uint32_t,2,16,64,8,0.652000,0.658356,0.97
MATVEC,uint32_t,2,16,64,16,0.582556,0.602020,3.34
MATVEC,uint32_t,2,16,64,32,0.564333,0.577913,2.41
MATVEC,uint32_t,2,16,64,64,0.553333,0.562349,1.63
MATVEC,uint32_t,2,16,128,8,1.224000,1.237794,1.13
MATVEC,uint32_t,2,16,128,16,1.111667,1.125368,1.23
MATVEC,uint32_t,2,16,128,32,1.069000,1.076935,0.74
MATVEC,uint32_t,2,16,128,64,1.039667,1.045638,0.57
MATVEC,uint32_t,2,16,128,128,1.019000,1.032103,1.29
MATVEC,uint32_t,2,16,256,8,2.370667,2.396669,1.10
MATVEC,uint32_t,2,16,256,16,2.155000,2.172064,0.79
MATVEC,uint32_t,2,16,256,32,2.067000,2.074978,0.39
MATVEC,uint32_t,2,16,256,64,1.993000,2.012216,0.96
MATVEC,uint32_t,2,16,256,128,1.990667,1.984752,-0.30
MATVEC,uint32_t,2,16,256,256,1.943000,1.960623,0.91
MATVEC,uint32_t,2,16,512,8,4.682333,4.714420,0.69
MATVEC,uint32_t,2,16,512,16,4.221000,4.265456,1.05
MATVEC,uint32_t,2,16,512,32,4.026667,4.071065,1.10
MATVEC,uint32_t,2,16,512,64,3.903000,3.945373,1.09
MATVEC,uint32_t,2,16,512,128,3.885333,3.890050,0.12
MATVEC,uint32_t,2,16,512,256,3.807000,3.841359,0.90
MATVEC,uint32_t,2,16,1024,8,9.276333,9.349922,0.79
MATVEC,uint32_t,2,16,1024,16,8.386000,8.452241,0.79
MATVEC,uint32_t,2,16,1024,32,8.247333,8.063239,-2.23
MATVEC,uint32_t,2,16,1024,64,7.714000,7.811686,1.27
MATVEC,uint32_t,2,16,1024,128,7.621333,7.700647,1.04
MATVEC,uint32_t,2,16,1024,256,7.554667,7.602831,0.64
MATVEC,uint32_t,2,16,2048,8,18.494000,18.620925,0.69
MATVEC,uint32_t,2,16,2048,16,16.699000,16.825811,0.76
MATVEC,uint32_t,2,16,2048,32,17.115667,16.047586,-6.24
MATVEC,uint32_t,2,16,2048,64,15.374000,15.544312,1.11
MATVEC,uint32_t,2,16,2048,128,15.133333,15.321840,1.25
MATVEC,uint32_t,2,16,2048,256,15.033000,15.125775,0.62
MATVEC,uint32_t,2,16,4096,8,36.922667,37.162932,0.65
MATVEC,uint32_t,2,16,4096,16,33.319333,33.572951,0.76
MATVEC,uint32_t,2,16,4096,32,32.787000,32.016281,-2.35
MATVEC,uint32_t,2,16,4096,64,30.660667,31.009565,1.14
MATVEC,uint32_t,2,16,4096,128,30.554333,30.564226,0.03
MATVEC,uint32_t,2,16,4096,256,29.997000,30.171663,0.58
MATVEC,uint32_t,2,16,8192,8,73.797667,74.246946,0.61
MATVEC,uint32_t,2,16,8192,16,66.515667,67.067230,0.83
MATVEC,uint32_t,2,16,8192,32,63.659667,63.953671,0.46
MATVEC,uint32_t,2,16,8192,64,61.237000,61.940070,1.15
MATVEC,uint32_t,2,16,8192,128,60.275667,61.048999,1.28
MATVEC,uint32_t,2,16,8192,256,59.891667,60.263439,0.62
MATVEC,uint32_t,2,32,16,8,0.374333,0.381325,1.87
MATVEC,uint32_t,2,32,16,16,0.344333,0.352786,2.45
MATVEC,uint32_t,2,32,32,8,0.663000,0.671044,1.21
MATVEC,uint32_t,2,32,32,16,0.606111,0.614460,1.38
MATVEC,uint32_t,2,32,32,32,0.572000,0.589979,3.14
MATVEC,uint32_t,2,32,64,8,1.237111,1.250481,1.08
MATVEC,uint32_t,2,32,64,16,1.124111,1.137808,1.22
MATVEC,uint32_t,2,32,64,32,1.076000,1.089001,1.21
MATVEC,uint32_t,2,32,64,64,1.030000,1.057801,2.70
MATVEC,uint32_t,2,32,128,8,2.394000,2.409357,0.64
MATVEC,uint32_t,2,32,128,16,2.180333,2.184505,0.19
MATVEC,uint32_t,2,32,128,32,2.064445,2.087044,1.09
MATVEC,uint32_t,2,32,128,64,2.017667,2.024379,0.33
MATVEC,uint32_t,2,32,128,128,1.972667,1.996915,1.23
MATVEC,uint32_t,2,32,256,8,4.723333,4.727108,0.08
MATVEC,uint32_t,2,32,256,16,4.428000,4.277897,-3.39
MATVEC,uint32_t,2,32,256,32,4.059333,4.083131,0.59
MATVEC,uint32_t,2,32,256,64,3.901000,3.957536,1.45
MATVEC,uint32_t,2,32,256,128,3.868000,3.902213,0.88
MATVEC,uint32_t,2,32,256,256,3.835000,3.853522,0.48
MATVEC,uint32_t,2,32,512,8,9.307000,9.362609,0.60
MATVEC,uint32_t,2,32,512,16,8.400000,8.464682,0.77
MATVEC,uint32_t,2,32,512,32,8.029556,8.075305,0.57
MATVEC,uint32_t,2,32,512,64,7.720000,7.823849,1.35
MATVEC,uint32_t,2,32,512,128,7.611111,7.712810,1.34
MATVEC,uint32_t,2,32,512,256,7.560889,7.614994,0.72
MATVEC,uint32_t,2,32,1024,8,18.512667,18.633613,0.65
MATVEC,uint32_t,2,32,1024,16,16.688333,16.838252,0.90
MATVEC,uint32_t,2,32,1024,32,15.968667,16.059652,0.57
MATVEC,uint32_t,2,32,1024,64,15.370667,15.556475,1.21
MATVEC,uint32_t,2,32,1024,128,15.163667,15.334003,1.12
MATVEC,uint32_t,2,32,1024,256,15.352667,15.137938,-1.40
MATVEC,uint32_t,2,32,2048,8,36.945000,37.175620,0.62
MATVEC,uint32_t,2,32,2048,16,33.323333,33.585391,0.79
MATVEC,uint32_t,2,32,2048,32,33.014667,32.028347,-2.99
MATVEC,uint32_t,2,32,2048,64,30.656000,31.021728,1.19
MATVEC,uint32_t,2,32,2048,128,30.191333,30.576389,1.28
MATVEC,uint32_t,2,32,2048,256,30.005333,30.183826,0.59
MATVEC,uint32_t,2,32,4096,8,73.767000,74.259633,0.67
MATVEC,uint32_t,2,32,4096,16,66.520667,67.079671,0.84
MATVEC,uint32_t,2,32,4096,32,63.619667,63.965737,0.54
MATVEC,uint32_t,2,32,4096,64,61.238333,61.952233,1.17
MATVEC,uint32_t,2,32,4096,128,60.306667,61.061162,1.25
MATVEC,uint32_t,2,32,4096,256,59.910000,60.275602,0.61
MATVEC,uint32_t,2,32,8192,8,147.489667,148.427661,0.64
MATVEC,uint32_t,2,32,8192,16,132.930333,134.068229,0.86
MATVEC,uint32_t,2,32,8192,32,127.020333,127.840516,0.65
MATVEC,uint32_t,2,32,8192,64,122.362000,123.813243,1.19
MATVEC,uint32_t,2,32,8192,128,120.477000,122.030707,1.29
MATVEC,uint32_t,2,32,8192,256,119.673333,120.459154,0.66
MATVEC,uint32_t,2,64,16,8,0.681444,0.696418,2.20
MATVEC,uint32_t,2,64,16,16,0.701333,0.639341,-8.84
MATVEC,uint32_t,2,64,32,8,1.257333,1.275856,1.47
MATVEC,uint32_t,2,64,32,16,1.161000,1.162690,0.15
MATVEC,uint32_t,2,64,32,32,1.095000,1.113606,1.70
MATVEC,uint32_t,2,64,64,8,2.423333,2.434732,0.47
MATVEC,uint32_t,2,64,64,16,2.188667,2.209386,0.95
MATVEC,uint32_t,2,64,64,32,2.077333,2.111649,1.65
MATVEC,uint32_t,2,64,64,64,2.040333,2.048614,0.41
MATVEC,uint32_t,2,64,128,8,4.717333,4.752482,0.75
MATVEC,uint32_t,2,64,128,16,4.284667,4.302778,0.42
MATVEC,uint32_t,2,64,128,32,4.075333,4.107737,0.80
MATVEC,uint32_t,2,64,128,64,3.945667,3.981770,0.92
MATVEC,uint32_t,2,64,128,128,3.885667,3.926545,1.05
MATVEC,uint32_t,2,64,256,8,9.322333,9.387984,0.70
MATVEC,uint32_t,2,64,256,16,8.414222,8.489563,0.90
MATVEC,uint32_t,2,64,256,32,8.085000,8.099910,0.18
MATVEC,uint32_t,2,64,256,64,7.756333,7.848083,1.18
MATVEC,uint32_t,2,64,256,128,7.639333,7.737141,1.28
MATVEC,uint32_t,2,64,256,256,8.177000,7.639326,-6.58
MATVEC,uint32_t,2,64,512,8,18.551333,18.658988,0.58
MATVEC,uint32_t,2,64,512,16,16.725000,16.863133,0.83
MATVEC,uint32_t,2,64,512,32,15.932667,16.084257,0.95
MATVEC,uint32_t,2,64,512,64,15.418000,15.580710,1.06
MATVEC,uint32_t,2,64,512,128,15.193000,15.358335,1.09
MATVEC,uint32_t,2,64,512,256,15.116000,15.162270,0.31
MATVEC,uint32_t,2,64,1024,8,36.990000,37.200994,0.57
MATVEC,uint32_t,2,64,1024,16,33.350333,33.610273,0.78
MATVEC,uint32_t,2,64,1024,32,31.847333,32.052952,0.65
MATVEC,uint32_t,2,64,1024,64,30.721333,31.045962,1.06
MATVEC,uint32_t,2,64,1024,128,30.251667,30.600721,1.15
MATVEC,uint32_t,2,64,1024,256,30.033000,30.208158,0.58
MATVEC,uint32_t,2,64,2048,8,73.846667,74.285008,0.59
MATVEC,uint32_t,2,64,2048,16,66.560667,67.104552,0.82
MATVEC,uint32_t,2,64,2048,32,63.645667,63.990342,0.54
MATVEC,uint32_t,2,64,2048,64,61.279667,61.976467,1.14
MATVEC,uint32_t,2,64,2048,128,60.334667,61.085493,1.24
MATVEC,uint32_t,2,64,2048,256,59.929000,60.299934,0.62
MATVEC,uint32_t,2,64,4096,8,147.525000,148.453036,0.63
MATVEC,uint32_t,2,64,4096,16,132.970667,134.093111,0.84
MATVEC,uint32_t,2,64,4096,32,127.248333,127.865121,0.48
MATVEC,uint32_t,2,64,4096,64,122.387333,123.837478,1.18
MATVEC,uint32_t,2,64,4096,128,120.534333,122.055039,1.26
MATVEC,uint32_t,2,64,4096,256,119.723667,120.483486,0.63
MATVEC,uint32_t,2,64,8192,8,294.843667,296.789090,0.66
MATVEC,uint32_t,2,64,8192,16,265.753667,268.070228,0.87
MATVEC,uint32_t,2,64,8192,32,253.493000,255.614680,0.84
MATVEC,uint32_t,2,64,8192,64,244.628000,247.559498,1.20
MATVEC,uint32_t,2,64,8192,128,240.823333,243.994129,1.32
MATVEC,uint32_t,2,64,8192,256,239.250667,240.850590,0.67
MATVEC,uint32_t,2,128,16,8,1.320333,1.326606,0.48
MATVEC,uint32_t,2,128,16,16,1.220667,1.212452,-0.67
MATVEC,uint32_t,2,128,32,8,2.503000,2.485481,-0.70
MATVEC,uint32_t,2,128,32,16,2.254667,2.259148,0.20
MATVEC,uint32_t,2,128,32,32,2.145000,2.160861,0.74
MATVEC,uint32_t,2,128,64,8,4.809000,4.803232,-0.12
MATVEC,uint32_t,2,128,64,16,4.335667,4.352540,0.39
MATVEC,uint32_t,2,128,64,32,4.109333,4.156948,1.16
MATVEC,uint32_t,2,128,64,64,4.006667,4.030705,0.60
MATVEC,uint32_t,2,128,128,8,9.398000,9.438734,0.43
MATVEC,uint32_t,2,128,128,16,9.041000,8.539325,-5.55
MATVEC,uint32_t,2,128,128,32,8.111667,8.149126,0.46
MATVEC,uint32_t,2,128,128,64,7.853667,7.897019,0.55
MATVEC,uint32_t,2,128,128,128,7.724667,7.785036,0.78
MATVEC,uint32_t,2,128,256,8,18.612333,18.709737,0.52
MATVEC,uint32_t,2,128,256,16,16.803333,16.912895,0.65
MATVEC,uint32_t,2,128,256,32,16.100667,16.133469,0.20
MATVEC,uint32_t,2,128,256,64,15.470333,15.629645,1.03
MATVEC,uint32_t,2,128,256,128,15.269667,15.405401,0.89
MATVEC,uint32_t,2,128,256,256,15.144667,15.210939,0.44
MATVEC,uint32_t,2,128,512,8,37.082333,37.251744,0.46
MATVEC,uint32_t,2,128,512,16,33.404667,33.660035,0.76
MATVEC,uint32_t,2,128,512,32,31.859333,32.102164,0.76
MATVEC,uint32_t,2,128,512,64,30.772667,31.094897,1.05
MATVEC,uint32_t,2,128,512,128,30.383667,30.649293,0.87
MATVEC,uint32_t,2,128,512,256,30.132333,30.256827,0.41
MATVEC,uint32_t,2,128,1024,8,73.884333,74.335758,0.61
MATVEC,uint32_t,2,128,1024,16,66.612000,67.154314,0.81
MATVEC,uint32_t,2,128,1024,32,63.635333,64.039554,0.64
MATVEC,uint32_t,2,128,1024,64,61.335333,62.025403,1.13
MATVEC,uint32_t,2,128,1024,128,60.418000,61.134065,1.19
MATVEC,uint32_t,2,128,1024,256,60.002000,60.348603,0.58
MATVEC,uint32_t,2,128,2048,8,147.592667,148.503785,0.62
MATVEC,uint32_t,2,128,2048,16,133.026000,134.142873,0.84
MATVEC,uint32_t,2,128,2048,32,126.921667,127.914333,0.78
MATVEC,uint32_t,2,128,2048,64,125.861000,123.886413,-1.57
MATVEC,uint32_t,2,128,2048,128,120.577667,122.103611,1.27
MATVEC,uint32_t,2,128,2048,256,119.778000,120.532155,0.63
MATVEC,uint32_t,2,128,4096,8,294.881667,296.839840,0.66
MATVEC,uint32_t,2,128,4096,16,265.840000,268.119990,0.86
MATVEC,uint32_t,2,128,4096,32,253.471000,255.663892,0.87
MATVEC,uint32_t,2,128,4096,64,244.678333,247.608433,1.20
MATVEC,uint32_t,2,128,4096,128,240.895667,244.042701,1.31
MATVEC,uint32_t,2,128,4096,256,239.330667,240.899259,0.66
MATVEC,uint32_t,2,128,8192,8,589.560000,593.511950,0.67
MATVEC,uint32_t,2,128,8192,16,531.411000,536.074225,0.88
MATVEC,uint32_t,2,128,8192,32,507.656333,511.163010,0.69
MATVEC,uint32_t,2,128,8192,64,489.100333,495.052475,1.22
MATVEC,uint32_t,2,128,8192,128,481.572667,487.920881,1.32
MATVEC,uint32_t,2,128,8192,256,478.421667,481.633467,0.67
MATVEC,uint32_t,2,256,16,8,2.640000,2.586981,-2.01
MATVEC,uint32_t,2,256,16,16,2.347667,2.358673,0.47
MATVEC,uint32_t,2,256,32,8,4.899667,4.904732,0.10
MATVEC,uint32_t,2,256,32,16,4.433333,4.452065,0.42
MATVEC,uint32_t,2,256,32,32,4.214000,4.255374,0.98
MATVEC,uint32_t,2,256,64,8,9.503333,9.540233,0.39
MATVEC,uint32_t,2,256,64,16,8.586667,8.638850,0.61
MATVEC,uint32_t,2,256,64,32,8.131667,8.247547,1.43
MATVEC,uint32_t,2,256,64,64,7.933667,7.994889,0.77
MATVEC,uint32_t,2,256,128,8,18.727000,18.811237,0.45
MATVEC,uint32_t,2,256,128,16,16.905000,17.012420,0.64
MATVEC,uint32_t,2,256,128,32,16.113333,16.231905,0.74
MATVEC,uint32_t,2,256,128,64,15.926333,15.727515,-1.25
MATVEC,uint32_t,2,256,128,128,15.321444,15.503006,1.19
MATVEC,uint32_t,2,256,256,8,37.163000,37.353244,0.51
MATVEC,uint32_t,2,256,256,16,34.985667,33.759559,-3.50
MATVEC,uint32_t,2,256,256,32,32.112000,32.200590,0.28
MATVEC,uint32_t,2,256,256,64,30.914667,31.192768,0.90
MATVEC,uint32_t,2,256,256,128,30.394667,30.743736,1.15
MATVEC,uint32_t,2,256,256,256,30.162333,30.353573,0.63
MATVEC,uint32_t,2,256,512,8,74.002000,74.437257,0.59
MATVEC,uint32_t,2,256,512,16,67.079333,67.253839,0.26
MATVEC,uint32_t,2,256,512,32,63.598000,64.137979,0.85
MATVEC,uint32_t,2,256,512,64,61.414333,62.123273,1.15
MATVEC,uint32_t,2,256,512,128,60.488333,61.231670,1.23
MATVEC,uint32_t,2,256,512,256,60.110333,60.444472,0.56
MATVEC,uint32_t,2,256,1024,8,147.651667,148.605285,0.65
MATVEC,uint32_t,2,256,1024,16,133.122333,134.242397,0.84
MATVEC,uint32_t,2,256,1024,32,127.206000,128.012761,0.63
MATVEC,uint32_t,2,256,1024,64,122.550333,123.984283,1.17
MATVEC,uint32_t,2,256,1024,128,120.691667,122.201215,1.25
MATVEC,uint32_t,2,256,1024,256,119.876667,120.629435,0.63
MATVEC,uint32_t,2,256,2048,8,295.036333,296.941340,0.65
MATVEC,uint32_t,2,256,2048,16,265.907333,268.219515,0.87
MATVEC,uint32_t,2,256,2048,32,254.054000,255.762318,0.67
MATVEC,uint32_t,2,256,2048,64,244.772667,247.706304,1.20
MATVEC,uint32_t,2,256,2048,128,241.028333,244.140305,1.29
MATVEC,uint32_t,2,256,2048,256,239.393000,240.996539,0.67
MATVEC,uint32_t,2,256,4096,8,589.621333,593.613449,0.68
MATVEC,uint32_t,2,256,4096,16,531.561000,536.173749,0.87
MATVEC,uint32_t,2,256,4096,32,508.744333,511.261435,0.49
MATVEC,uint32_t,2,256,4096,64,489.252667,495.150345,1.21
MATVEC,uint32_t,2,256,4096,128,481.623333,488.018486,1.33
MATVEC,uint32_t,2,256,4096,256,478.495000,481.730747,0.68
MATVEC,uint32_t,2,256,8192,8,1179.065000,1186.957669,0.67
MATVEC,uint32_t,2,256,8192,16,1062.676667,1072.082218,0.89
MATVEC,uint32_t,2,256,8192,32,1014.257000,1022.259671,0.79
MATVEC,uint32_t,2,256,8192,64,978.071000,990.038427,1.22
MATVEC,uint32_t,2,256,8192,128,962.982333,975.774847,1.33
MATVEC,uint32_t,2,256,8192,256,956.676333,963.199163,0.68
MATVEC,uint32_t,2,512,16,8,5.099000,5.107730,0.17
MATVEC,uint32_t,2,512,16,16,4.671667,4.651114,-0.44
MATVEC,uint32_t,2,512,32,8,9.727000,9.743232,0.17
MATVEC,uint32_t,2,512,32,16,8.794333,8.837899,0.50
MATVEC,uint32_t,2,512,32,32,8.357000,8.444399,1.05
MATVEC,uint32_t,2,512,64,8,18.940000,19.014236,0.39
MATVEC,uint32_t,2,512,64,16,17.106000,17.211469,0.62
MATVEC,uint32_t,2,512,64,32,16.227667,16.428746,1.24
MATVEC,uint32_t,2,512,64,64,15.797667,15.923256,0.79
MATVEC,uint32_t,2,512,128,8,37.377667,37.556242,0.48
MATVEC,uint32_t,2,512,128,16,33.741667,33.958609,0.64
MATVEC,uint32_t,2,512,128,32,32.133000,32.397463,0.82
MATVEC,uint32_t,2,512,128,64,31.137333,31.388508,0.81
MATVEC,uint32_t,2,512,128,128,30.620000,30.938944,1.04
MATVEC,uint32_t,2,512,256,8,74.209667,74.640256,0.58
MATVEC,uint32_t,2,512,256,16,66.945000,67.452888,0.76
MATVEC,uint32_t,2,512,256,32,64.127000,64.334831,0.32
MATVEC,uint32_t,2,512,256,64,61.629333,62.319013,1.12
MATVEC,uint32_t,2,512,256,128,60.721667,61.420405,1.15
MATVEC,uint32_t,2,512,256,256,60.243000,60.639454,0.66
MATVEC,uint32_t,2,512,512,8,147.881333,148.808284,0.63
MATVEC,uint32_t,2,512,512,16,133.342667,134.441447,0.82
MATVEC,uint32_t,2,512,512,32,127.076333,128.209621,0.89
MATVEC,uint32_t,2,512,512,64,122.760667,124.180024,1.16
MATVEC,uint32_t,2,512,512,128,120.890333,122.396423,1.25
MATVEC,uint32_t,2,512,512,256,120.118000,120.821252,0.59
MATVEC,uint32_t,2,512,1024,8,295.205333,297.144338,0.66
MATVEC,uint32_t,2,512,1024,16,266.127333,268.418564,0.86
MATVEC,uint32_t,2,512,1024,32,254.048333,255.959180,0.75
MATVEC,uint32_t,2,512,1024,64,244.962000,247.902044,1.20
MATVEC,uint32_t,2,512,1024,128,241.278000,244.335514,1.27
MATVEC,uint32_t,2,512,1024,256,239.646333,241.191521,0.64
MATVEC,uint32_t,2,512,2048,8,589.898667,593.816448,0.66
MATVEC,uint32_t,2,512,2048,16,531.738333,536.372798,0.87
MATVEC,uint32_t,2,512,2048,32,507.634333,511.458287,0.75
MATVEC,uint32_t,2,512,2048,64,489.436000,495.346085,1.21
MATVEC,uint32_t,2,512,2048,128,481.909333,488.213694,1.31
MATVEC,uint32_t,2,512,2048,256,478.697333,481.925729,0.67
MATVEC,uint32_t,2,512,4096,8,1179.345333,1187.160668,0.66
MATVEC,uint32_t,2,512,4096,16,1062.888333,1072.281267,0.88
MATVEC,uint32_t,2,512,4096,32,1013.923333,1022.456522,0.84
MATVEC,uint32_t,2,512,4096,64,978.315333,990.234168,1.22
MATVEC,uint32_t,2,512,4096,128,963.256333,975.970055,1.32
MATVEC,uint32_t,2,512,4096,256,956.889333,963.394145,0.68
MATVEC,uint32_t,2,512,8192,8,2357.956333,2373.849106,0.67
MATVEC,uint32_t,2,512,8192,16,2125.254667,2144.098205,0.89
MATVEC,uint32_t,2,512,8192,32,2032.264667,2044.452993,0.60
MATVEC,uint32_t,2,512,8192,64,1958.347333,1980.010332,1.11
MATVEC,uint32_t,2,512,8192,128,1925.830333,1951.482778,1.33
MATVEC,uint32_t,2,512,8192,256,1913.187667,1926.330977,0.69
MATVEC,uint32_t,2,1024,16,8,10.073000,10.149230,0.76
MATVEC,uint32_t,2,1024,16,16,9.498333,9.235997,-2.76
MATVEC,uint32_t,2,1024,32,8,19.369667,19.420233,0.26
MATVEC,uint32_t,2,1024,32,16,17.501000,17.609567,0.62
MATVEC,uint32_t,2,1024,32,32,16.607667,16.822449,1.29
MATVEC,uint32_t,2,1024,64,8,37.798333,37.962240,0.43
MATVEC,uint32_t,2,1024,64,16,34.118000,34.356707,0.70
MATVEC,uint32_t,2,1024,64,32,32.321000,32.791144,1.45
MATVEC,uint32_t,2,1024,64,64,31.476333,31.779989,0.96
MATVEC,uint32_t,2,1024,128,8,74.616000,75.046254,0.58
MATVEC,uint32_t,2,1024,128,16,67.327000,67.850986,0.78
MATVEC,uint32_t,2,1024,128,32,64.140333,64.728580,0.92
MATVEC,uint32_t,2,1024,128,64,62.155000,62.710495,0.89
MATVEC,uint32_t,2,1024,128,128,61.110333,61.810822,1.15
MATVEC,uint32_t,2,1024,256,8,148.301667,149.214281,0.62
MATVEC,uint32_t,2,1024,256,16,133.748667,134.839545,0.82
MATVEC,uint32_t,2,1024,256,32,128.121000,128.603334,0.38
MATVEC,uint32_t,2,1024,256,64,123.158333,124.571505,1.15
MATVEC,uint32_t,2,1024,256,128,121.321000,122.773743,1.20
MATVEC,uint32_t,2,1024,256,256,120.415667,121.211215,0.66
MATVEC,uint32_t,2,1024,512,8,295.713000,297.550336,0.62
MATVEC,uint32_t,2,1024,512,16,266.545333,268.816662,0.85
MATVEC,uint32_t,2,1024,512,32,253.963333,256.352922,0.94
MATVEC,uint32_t,2,1024,512,64,245.455333,248.293525,1.16
MATVEC,uint32_t,2,1024,512,128,241.672667,244.725931,1.26
MATVEC,uint32_t,2,1024,512,256,240.143333,241.574812,0.60
MATVEC,uint32_t,2,1024,1024,8,590.449000,594.222446,0.64
MATVEC,uint32_t,2,1024,1024,16,532.227000,536.770897,0.85
MATVEC,uint32_t,2,1024,1024,32,507.324333,511.852017,0.89
MATVEC,uint32_t,2,1024,1024,64,489.852000,495.737567,1.20
MATVEC,uint32_t,2,1024,1024,128,482.427333,488.604111,1.28
MATVEC,uint32_t,2,1024,1024,256,479.123333,482.315692,0.67
MATVEC,uint32_t,2,1024,2048,8,1179.785333,1187.566665,0.66
MATVEC,uint32_t,2,1024,2048,16,1063.405000,1072.679366,0.87
MATVEC,uint32_t,2,1024,2048,32,1013.798333,1022.850225,0.89
MATVEC,uint32_t,2,1024,2048,64,978.835333,990.625649,1.20
MATVEC,uint32_t,2,1024,2048,128,963.747333,976.360473,1.31
MATVEC,uint32_t,2,1024,2048,256,957.349333,963.784108,0.67
MATVEC,uint32_t,2,1024,4096,8,2358.728333,2374.255104,0.66
MATVEC,uint32_t,2,1024,4096,16,2125.969333,2144.496304,0.87
MATVEC,uint32_t,2,1024,4096,32,2027.024000,2044.846696,0.88
MATVEC,uint32_t,2,1024,4096,64,1956.656333,1980.401813,1.21
MATVEC,uint32_t,2,1024,4096,128,1926.166667,1951.873195,1.33
MATVEC,uint32_t,2,1024,4096,256,1913.720333,1926.720940,0.68
MATVEC,uint32_t,2,2048,16,8,21.323000,20.232232,-5.12
MATVEC,uint32_t,2,2048,16,16,18.351333,18.405764,0.30
MATVEC,uint32_t,2,2048,32,8,38.678000,38.774238,0.25
MATVEC,uint32_t,2,2048,32,16,34.957667,35.152903,0.56
MATVEC,uint32_t,2,2048,32,32,33.202000,33.578549,1.13
MATVEC,uint32_t,2,2048,64,8,75.515667,75.858252,0.45
MATVEC,uint32_t,2,2048,64,16,68.160000,68.647183,0.71
MATVEC,uint32_t,2,2048,64,32,64.564667,65.515939,1.47
MATVEC,uint32_t,2,2048,64,64,62.839000,63.493457,1.04
MATVEC,uint32_t,2,2048,128,8,149.164000,150.026280,0.58
MATVEC,uint32_t,2,2048,128,16,134.600000,135.635741,0.77
MATVEC,uint32_t,2,2048,128,32,128.204333,129.390855,0.93
MATVEC,uint32_t,2,2048,128,64,124.180667,125.354467,0.95
MATVEC,uint32_t,2,2048,128,128,122.146000,123.554578,1.15
MATVEC,uint32_t,2,2048,256,8,296.512333,298.362334,0.62
MATVEC,uint32_t,2,2048,256,16,267.422000,269.612859,0.82
MATVEC,uint32_t,2,2048,256,32,256.249333,257.140376,0.35
MATVEC,uint32_t,2,2048,256,64,246.188000,249.076488,1.17
MATVEC,uint32_t,2,2048,256,128,242.546333,245.480420,1.21
MATVEC,uint32_t,2,2048,256,256,240.703000,242.354739,0.69
MATVEC,uint32_t,2,2048,512,8,591.178333,595.034444,0.65
MATVEC,uint32_t,2,2048,512,16,532.939333,537.567093,0.87
MATVEC,uint32_t,2,2048,512,32,508.280667,512.639523,0.86
MATVEC,uint32_t,2,2048,512,64,490.720333,496.520529,1.18
MATVEC,uint32_t,2,2048,512,128,483.191000,489.384946,1.28
MATVEC,uint32_t,2,2048,512,256,480.155000,483.081932,0.61
MATVEC,uint32_t,2,2048,1024,8,1180.883667,1188.378664,0.63
MATVEC,uint32_t,2,2048,1024,16,1064.151000,1073.475562,0.88
MATVEC,uint32_t,2,2048,1024,32,1015.433667,1023.637692,0.81
MATVEC,uint32_t,2,2048,1024,64,979.576333,991.408611,1.21
MATVEC,uint32_t,2,2048,1024,128,964.703333,977.141307,1.29
MATVEC,uint32_t,2,2048,1024,256,960.379333,964.564035,0.44
MATVEC,uint32_t,2,2048,2048,8,2359.367333,2375.067102,0.67
MATVEC,uint32_t,2,2048,2048,16,2127.387333,2145.292500,0.84
MATVEC,uint32_t,2,2048,2048,32,2030.390000,2045.634101,0.75
MATVEC,uint32_t,2,2048,2048,64,1957.854000,1981.184776,1.19
MATVEC,uint32_t,2,2048,2048,128,1928.232000,1952.654029,1.27
MATVEC,uint32_t,2,2048,2048,256,1915.149667,1927.500867,0.64
MATVEC,uint32_t,2,4096,16,8,40.094667,40.398229,0.76
MATVEC,uint32_t,2,4096,16,16,36.648667,36.745299,0.26
MATVEC,uint32_t,2,4096,32,8,77.274000,77.482243,0.27
MATVEC,uint32_t,2,4096,32,16,69.808333,70.239579,0.62
MATVEC,uint32_t,2,4096,32,32,66.240333,67.090723,1.28
MATVEC,uint32_t,2,4096,64,8,151.105000,151.650270,0.36
MATVEC,uint32_t,2,4096,64,16,136.186667,137.228137,0.76
MATVEC,uint32_t,2,4096,64,32,129.067333,130.965503,1.47
MATVEC,uint32_t,2,4096,64,64,125.618333,126.920392,1.04
MATVEC,uint32_t,2,4096,128,8,298.206667,299.986325,0.60
MATVEC,uint32_t,2,4096,128,16,269.032333,271.205255,0.81
MATVEC,uint32_t,2,4096,128,32,256.354333,258.715433,0.92
MATVEC,uint32_t,2,4096,128,64,248.242000,250.642412,0.97
MATVEC,uint32_t,2,4096,128,128,244.173667,247.042088,1.17
MATVEC,uint32_t,2,4096,256,8,593.222333,596.658435,0.58
MATVEC,uint32_t,2,4096,256,16,534.702667,539.159489,0.83
MATVEC,uint32_t,2,4096,256,32,512.397333,514.214418,0.35
MATVEC,uint32_t,2,4096,256,64,492.301000,498.086453,1.18
MATVEC,uint32_t,2,4096,256,128,484.971333,490.893773,1.22
MATVEC,uint32_t,2,4096,256,256,481.332667,484.641786,0.69
MATVEC,uint32_t,2,4096,512,8,1182.571333,1190.002654,0.63
MATVEC,uint32_t,2,4096,512,16,1065.864000,1075.067958,0.86
MATVEC,uint32_t,2,4096,512,32,1017.185333,1025.212684,0.79
MATVEC,uint32_t,2,4096,512,64,981.534667,992.974536,1.17
MATVEC,uint32_t,2,4096,512,128,966.318333,978.702975,1.28
MATVEC,uint32_t,2,4096,512,256,960.339000,966.096172,0.60
MATVEC,uint32_t,2,4096,1024,8,2361.464000,2376.691093,0.64
MATVEC,uint32_t,2,4096,1024,16,2128.600667,2146.884896,0.86
MATVEC,uint32_t,2,4096,1024,32,2029.098000,2047.208998,0.89
MATVEC,uint32_t,2,4096,1024,64,1959.111667,1982.750700,1.21
MATVEC,uint32_t,2,4096,1024,128,1929.507000,1954.215698,1.28
MATVEC,uint32_t,2,4096,1024,256,1916.331000,1929.060721,0.66
MATVEC,uint32_t,2,8192,16,8,80.156000,80.730225,0.72
MATVEC,uint32_t,2,8192,16,16,73.220333,73.424365,0.28
MATVEC,uint32_t,2,8192,32,8,154.441000,154.898252,0.30
MATVEC,uint32_t,2,8192,32,16,139.524000,140.412924,0.64
MATVEC,uint32_t,2,8192,32,32,132.445333,134.115022,1.26
MATVEC,uint32_t,2,8192,64,8,302.209333,303.234307,0.34
MATVEC,uint32_t,2,8192,64,16,272.320000,274.390041,0.76
MATVEC,uint32_t,2,8192,64,32,257.996333,261.864581,1.50
MATVEC,uint32_t,2,8192,64,64,251.077667,253.774261,1.07
MATVEC,uint32_t,2,8192,128,8,596.494333,599.906417,0.57
MATVEC,uint32_t,2,8192,128,16,538.047333,542.344275,0.80
MATVEC,uint32_t,2,8192,128,32,512.496333,517.364498,0.95
MATVEC,uint32_t,2,8192,128,64,496.397333,501.218303,0.97
MATVEC,uint32_t,2,8192,128,128,488.278000,494.017910,1.18
MATVEC,uint32_t,2,8192,256,8,1186.158000,1193.250636,0.60
MATVEC,uint32_t,2,8192,256,16,1069.274000,1078.252744,0.84
MATVEC,uint32_t,2,8192,256,32,1024.599667,1028.362420,0.37
MATVEC,uint32_t,2,8192,256,64,984.483667,996.106385,1.18
MATVEC,uint32_t,2,8192,256,128,969.883667,981.730415,1.22
MATVEC,uint32_t,2,8192,256,256,962.524667,969.215879,0.70
MATVEC,uint32_t,2,8192,512,8,2365.172333,2379.939075,0.62
MATVEC,uint32_t,2,8192,512,16,2131.689667,2150.069683,0.86
MATVEC,uint32_t,2,8192,512,32,2035.806000,2050.358928,0.71
MATVEC,uint32_t,2,8192,512,64,1962.914667,1985.882549,1.17
MATVEC,uint32_t,2,8192,512,128,1932.561667,1957.339035,1.28
MATVEC,uint32_t,2,8192,512,256,1920.832333,1932.124652,0.59
MATVEC,uint32_t,4,16,16,8,0.212333,0.224696,5.82
MATVEC,uint32_t,4,16,16,16,0.198222,0.210908,6.40
MATVEC,uint32_t,4,16,32,8,0.358667,0.369556,3.04
MATVEC,uint32_t,4,16,32,16,0.335333,0.341778,1.92
MATVEC,uint32_t,4,16,32,32,0.322000,0.330551,2.66
MATVEC,uint32_t,4,16,64,8,0.660000,0.659295,-0.11
MATVEC,uint32_t,4,16,64,16,0.594000,0.603489,1.60
MATVEC,uint32_t,4,16,64,32,0.572000,0.580062,1.41
MATVEC,uint32_t,4,16,64,64,0.559222,0.565572,1.14
MATVEC,uint32_t,4,16,128,8,1.227000,1.238751,0.96
MATVEC,uint32_t,4,16,128,16,1.121667,1.126956,0.47
MATVEC,uint32_t,4,16,128,32,1.066667,1.079086,1.16
MATVEC,uint32_t,4,16,128,64,1.034667,1.048865,1.37
MATVEC,uint32_t,4,16,128,128,1.015667,1.037680,2.17
MATVEC,uint32_t,4,16,256,8,2.383000,2.397654,0.61
MATVEC,uint32_t,4,16,256,16,2.161000,2.173765,0.59
MATVEC,uint32_t,4,16,256,32,2.058667,2.077129,0.90
MATVEC,uint32_t,4,16,256,64,1.991556,2.015449,1.20
MATVEC,uint32_t,4,16,256,128,1.963333,1.990380,1.38
MATVEC,uint32_t,4,16,256,256,1.966333,1.969569,0.16
MATVEC,uint32_t,4,16,512,8,4.924667,4.715471,-4.25
MATVEC,uint32_t,4,16,512,16,4.235000,4.265128,0.71
MATVEC,uint32_t,4,16,512,32,4.077000,4.073216,-0.09
MATVEC,uint32_t,4,16,512,64,3.903000,3.948638,1.17
MATVEC,uint32_t,4,16,512,128,3.995000,3.895748,-2.48
MATVEC,uint32_t,4,16,512,256,3.832000,3.850305,0.48
MATVEC,uint32_t,4,16,1024,8,10.225000,9.351098,-8.55
MATVEC,uint32_t,4,16,1024,16,8.402000,8.455057,0.63
MATVEC,uint32_t,4,16,1024,32,8.063667,8.065390,0.02
MATVEC,uint32_t,4,16,1024,64,7.722000,7.815024,1.20
MATVEC,uint32_t,4,16,1024,128,7.622667,7.706448,1.10
MATVEC,uint32_t,4,16,1024,256,8.205667,7.611777,-7.24
MATVEC,uint32_t,4,16,2048,8,18.548333,18.623250,0.40
MATVEC,uint32_t,4,16,2048,16,18.642000,16.829628,-9.72
MATVEC,uint32_t,4,16,2048,32,17.165667,16.049737,-6.50
MATVEC,uint32_t,4,16,2048,64,15.369333,15.547795,1.16
MATVEC,uint32_t,4,16,2048,128,15.146333,15.327751,1.20
MATVEC,uint32_t,4,16,2048,256,15.130667,15.134781,0.03
MATVEC,uint32_t,4,16,4096,8,36.987000,37.164375,0.48
MATVEC,uint32_t,4,16,4096,16,33.322667,33.580004,0.77
MATVEC,uint32_t,4,16,4096,32,32.124333,32.018478,-0.33
MATVEC,uint32_t,4,16,4096,64,30.672667,31.013338,1.11
MATVEC,uint32_t,4,16,4096,128,30.196000,30.570359,1.24
MATVEC,uint32_t,4,16,4096,256,29.989000,30.180912,0.64
MATVEC,uint32_t,4,16,8192,8,73.878333,74.251840,0.51
MATVEC,uint32_t,4,16,8192,16,66.553667,67.085968,0.80
MATVEC,uint32_t,4,16,8192,32,64.145667,63.955959,-0.30
MATVEC,uint32_t,4,16,8192,64,61.234000,61.944286,1.16
MATVEC,uint32_t,4,16,8192,128,60.300333,61.055541,1.25
MATVEC,uint32_t,4,16,8192,256,59.919000,60.273174,0.59
MATVEC,uint32_t,4,32,16,8,0.374333,0.382244,2.11
MATVEC,uint32_t,4,32,16,16,0.345667,0.354216,2.47
MATVEC,uint32_t,4,32,32,8,0.669667,0.671978,0.35
MATVEC,uint32_t,4,32,32,16,0.603333,0.615931,2.09
MATVEC,uint32_t,4,32,32,32,0.580667,0.592133,1.97
MATVEC,uint32_t,4,32,64,8,1.245667,1.251439,0.46
MATVEC,uint32_t,4,32,64,16,1.126667,1.139396,1.13
MATVEC,uint32_t,4,32,64,32,1.072667,1.091153,1.72
MATVEC,uint32_t,4,32,64,64,1.047333,1.061028,1.31
MATVEC,uint32_t,4,32,128,8,2.400333,2.410348,0.42
MATVEC,uint32_t,4,32,128,16,2.165334,2.186200,0.96
MATVEC,uint32_t,4,32,128,32,2.071667,2.089196,0.85
MATVEC,uint32_t,4,32,128,64,2.004333,2.027612,1.16
MATVEC,uint32_t,4,32,128,128,1.978667,2.002506,1.20
MATVEC,uint32_t,4,32,256,8,4.712333,4.728170,0.34
MATVEC,uint32_t,4,32,256,16,4.250667,4.280453,0.70
MATVEC,uint32_t,4,32,256,32,4.063000,4.085283,0.55
MATVEC,uint32_t,4,32,256,64,3.918333,3.960801,1.08
MATVEC,uint32_t,4,32,256,128,3.875333,3.907911,0.84
MATVEC,uint32_t,4,32,256,256,3.852333,3.862468,0.26
MATVEC,uint32_t,4,32,512,8,9.320667,9.363798,0.46
MATVEC,uint32_t,4,32,512,16,8.405000,8.460793,0.66
MATVEC,uint32_t,4,32,512,32,8.331000,8.077456,-3.04
MATVEC,uint32_t,4,32,512,64,7.742000,7.827187,1.10
MATVEC,uint32_t,4,32,512,128,7.631889,7.718608,1.14
MATVEC,uint32_t,4,32,512,256,7.608333,7.623940,0.21
MATVEC,uint32_t,4,32,1024,8,18.549667,18.635063,0.46
MATVEC,uint32_t,4,32,1024,16,16.716667,16.834996,0.71
MATVEC,uint32_t,4,32,1024,32,16.081000,16.061803,-0.12
MATVEC,uint32_t,4,32,1024,64,17.036667,15.559959,-8.67
MATVEC,uint32_t,4,32,1024,128,15.165667,15.339908,1.15
MATVEC,uint32_t,4,32,1024,256,15.058000,15.146945,0.59
MATVEC,uint32_t,4,32,2048,8,36.991000,37.178804,0.51
MATVEC,uint32_t,4,32,2048,16,33.698000,33.589522,-0.32
MATVEC,uint32_t,4,32,2048,32,32.126333,32.030498,-0.30
MATVEC,uint32_t,4,32,2048,64,30.694667,31.025501,1.08
MATVEC,uint32_t,4,32,2048,128,31.292667,30.582506,-2.27
MATVEC,uint32_t,4,32,2048,256,30.852333,30.193075,-2.14
MATVEC,uint32_t,4,32,4096,8,73.790667,74.260235,0.64
MATVEC,uint32_t,4,32,4096,16,66.554667,67.090518,0.81
MATVEC,uint32_t,4,32,4096,32,64.120667,63.967933,-0.24
MATVEC,uint32_t,4,32,4096,64,61.260333,61.956587,1.14
MATVEC,uint32_t,4,32,4096,128,60.288667,61.067706,1.29
MATVEC,uint32_t,4,32,4096,256,59.913000,60.285337,0.62
MATVEC,uint32_t,4,32,8192,8,147.670667,148.435295,0.52
MATVEC,uint32_t,4,32,8192,16,133.004333,134.103762,0.83
MATVEC,uint32_t,4,32,8192,32,128.188333,127.842809,-0.27
MATVEC,uint32_t,4,32,8192,64,122.380333,123.818444,1.18
MATVEC,uint32_t,4,32,8192,128,120.481333,122.038072,1.29
MATVEC,uint32_t,4,32,8192,256,119.681667,120.469861,0.66
MATVEC,uint32_t,4,64,16,8,0.692667,0.697354,0.68
MATVEC,uint32_t,4,64,16,16,0.644667,0.640805,-0.60
MATVEC,uint32_t,4,64,32,8,1.262333,1.276807,1.15
MATVEC,uint32_t,4,64,32,16,1.167667,1.164275,-0.29
MATVEC,uint32_t,4,64,32,32,1.096667,1.116058,1.77
MATVEC,uint32_t,4,64,64,8,2.425000,2.435723,0.44
MATVEC,uint32_t,4,64,64,16,2.204667,2.211077,0.29
MATVEC,uint32_t,4,64,64,32,2.138667,2.113803,-1.16
MATVEC,uint32_t,4,64,64,64,2.024667,2.051846,1.34
MATVEC,uint32_t,4,64,128,8,4.729667,4.753543,0.50
MATVEC,uint32_t,4,64,128,16,4.284333,4.305550,0.50
MATVEC,uint32_t,4,64,128,32,4.082000,4.109889,0.68
MATVEC,uint32_t,4,64,128,64,3.953667,3.985042,0.79
MATVEC,uint32_t,4,64,128,128,3.906000,3.932163,0.67
MATVEC,uint32_t,4,64,256,8,9.335333,9.389195,0.58
MATVEC,uint32_t,4,64,256,16,8.426445,8.490061,0.75
MATVEC,uint32_t,4,64,256,32,8.099889,8.102064,0.03
MATVEC,uint32_t,4,64,256,64,7.758778,7.851433,1.19
MATVEC,uint32_t,4,64,256,128,7.663333,7.742938,1.04
MATVEC,uint32_t,4,64,256,256,7.609667,7.648271,0.51
MATVEC,uint32_t,4,64,512,8,18.573778,18.660450,0.47
MATVEC,uint32_t,4,64,512,16,16.741667,16.860358,0.71
MATVEC,uint32_t,4,64,512,32,17.383333,16.086408,-7.46
MATVEC,uint32_t,4,64,512,64,15.406889,15.584213,1.15
MATVEC,uint32_t,4,64,512,128,15.186333,15.364236,1.17
MATVEC,uint32_t,4,64,512,256,15.091333,15.171276,0.53
MATVEC,uint32_t,4,64,1024,8,37.035000,37.202993,0.45
MATVEC,uint32_t,4,64,1024,16,33.374000,33.594857,0.66
MATVEC,uint32_t,4,64,1024,32,32.081667,32.055103,-0.08
MATVEC,uint32_t,4,64,1024,64,30.701333,31.049758,1.13
MATVEC,uint32_t,4,64,1024,128,30.252667,30.606831,1.17
MATVEC,uint32_t,4,64,1024,256,30.050000,30.217407,0.56
MATVEC,uint32_t,4,64,2048,8,73.887667,74.289910,0.54
MATVEC,uint32_t,4,64,2048,16,66.586000,67.101765,0.77
MATVEC,uint32_t,4,64,2048,32,64.090333,63.992493,-0.15
MATVEC,uint32_t,4,64,2048,64,61.284333,61.980849,1.14
MATVEC,uint32_t,4,64,2048,128,60.346000,61.092022,1.24
MATVEC,uint32_t,4,64,2048,256,59.935000,60.309669,0.63
MATVEC,uint32_t,4,64,4096,8,147.708667,148.452043,0.50
MATVEC,uint32_t,4,64,4096,16,133.047333,134.111417,0.80
MATVEC,uint32_t,4,64,4096,32,128.208667,127.867318,-0.27
MATVEC,uint32_t,4,64,4096,64,122.404333,123.843031,1.18
MATVEC,uint32_t,4,64,4096,128,120.528667,122.062405,1.27
MATVEC,uint32_t,4,64,4096,256,119.737667,120.494192,0.63
MATVEC,uint32_t,4,64,8192,8,295.251333,296.803792,0.53
MATVEC,uint32_t,4,64,8192,16,265.901000,268.139348,0.84
MATVEC,uint32_t,4,64,8192,32,256.226333,255.616973,-0.24
MATVEC,uint32_t,4,64,8192,64,244.640667,247.566634,1.20
MATVEC,uint32_t,4,64,8192,128,240.861000,244.003138,1.30
MATVEC,uint32_t,4,64,8192,256,239.283000,240.863239,0.66
MATVEC,uint32_t,4,128,16,8,1.322667,1.327555,0.37
MATVEC,uint32_t,4,128,16,16,1.208000,1.213789,0.48
MATVEC,uint32_t,4,128,32,8,2.476000,2.486463,0.42
MATVEC,uint32_t,4,128,32,16,2.257667,2.261429,0.17
MATVEC,uint32_t,4,128,32,32,2.134667,2.148110,0.63
MATVEC,uint32_t,4,128,64,8,4.806333,4.804292,-0.04
MATVEC,uint32_t,4,128,64,16,4.354667,4.354427,-0.01
MATVEC,uint32_t,4,128,64,32,4.279333,4.159104,-2.81
MATVEC,uint32_t,4,128,64,64,3.999000,4.032211,0.83
MATVEC,uint32_t,4,128,128,8,9.418000,9.439931,0.23
MATVEC,uint32_t,4,128,128,16,8.479667,8.535353,0.66
MATVEC,uint32_t,4,128,128,32,8.079333,8.151279,0.89
MATVEC,uint32_t,4,128,128,64,7.814333,7.900374,1.10
MATVEC,uint32_t,4,128,128,128,7.699667,7.786610,1.13
MATVEC,uint32_t,4,128,256,8,18.676667,18.711244,0.19
MATVEC,uint32_t,4,128,256,16,16.781667,16.903517,0.73
MATVEC,uint32_t,4,128,256,32,16.069333,16.135635,0.41
MATVEC,uint32_t,4,128,256,64,15.446000,15.633156,1.21
MATVEC,uint32_t,4,128,256,128,15.214667,15.411150,1.29
MATVEC,uint32_t,4,128,256,256,15.106333,15.205976,0.66
MATVEC,uint32_t,4,128,512,8,37.063333,37.253755,0.51
MATVEC,uint32_t,4,128,512,16,33.406333,33.659483,0.76
MATVEC,uint32_t,4,128,512,32,32.014000,32.104315,0.28
MATVEC,uint32_t,4,128,512,64,30.768000,31.098694,1.07
MATVEC,uint32_t,4,128,512,128,30.286000,30.652239,1.21
MATVEC,uint32_t,4,128,512,256,30.127000,30.257755,0.43
MATVEC,uint32_t,4,128,1024,8,73.962000,74.338853,0.51
MATVEC,uint32_t,4,128,1024,16,67.468333,67.114581,-0.52
MATVEC,uint32_t,4,128,1024,32,64.048333,64.041705,-0.01
MATVEC,uint32_t,4,128,1024,64,61.282333,62.029784,1.22
MATVEC,uint32_t,4,128,1024,128,60.362000,61.140580,1.29
MATVEC,uint32_t,4,128,1024,256,59.963333,60.358338,0.66
MATVEC,uint32_t,4,128,2048,8,147.715000,148.511586,0.54
MATVEC,uint32_t,4,128,2048,16,133.116000,134.140871,0.77
MATVEC,uint32_t,4,128,2048,32,128.090000,127.916484,-0.14
MATVEC,uint32_t,4,128,2048,64,122.456000,123.891966,1.17
MATVEC,uint32_t,4,128,2048,128,120.547667,122.110948,1.30
MATVEC,uint32_t,4,128,2048,256,119.762000,120.542861,0.65
MATVEC,uint32_t,4,128,4096,8,295.321333,296.838695,0.51
MATVEC,uint32_t,4,128,4096,16,265.966000,268.153197,0.82
MATVEC,uint32_t,4,128,4096,32,256.184000,255.666089,-0.20
MATVEC,uint32_t,4,128,4096,64,244.617667,247.616315,1.23
MATVEC,uint32_t,4,128,4096,128,240.830667,244.051686,1.34
MATVEC,uint32_t,4,128,4096,256,239.295333,240.911908,0.68
MATVEC,uint32_t,4,128,8192,8,590.289000,593.542129,0.55
MATVEC,uint32_t,4,128,8192,16,531.682333,536.209513,0.85
MATVEC,uint32_t,4,128,8192,32,512.353667,511.162989,-0.23
MATVEC,uint32_t,4,128,8192,64,489.119333,495.063508,1.22
MATVEC,uint32_t,4,128,8192,128,481.640000,487.933129,1.31
MATVEC,uint32_t,4,128,8192,256,478.456667,481.650002,0.67
MATVEC,uint32_t,4,256,16,8,2.572000,2.587957,0.62
MATVEC,uint32_t,4,256,16,16,2.347333,2.356383,0.39
MATVEC,uint32_t,4,256,32,8,4.885333,4.905775,0.42
MATVEC,uint32_t,4,256,32,16,4.418667,4.453329,0.78
MATVEC,uint32_t,4,256,32,32,4.194000,4.217652,0.56
MATVEC,uint32_t,4,256,64,8,9.484667,9.541430,0.60
MATVEC,uint32_t,4,256,64,16,8.604333,8.641061,0.43
MATVEC,uint32_t,4,256,64,32,8.124000,8.249711,1.55
MATVEC,uint32_t,4,256,64,64,7.912667,7.987030,0.94
MATVEC,uint32_t,4,256,128,8,18.721667,18.812708,0.49
MATVEC,uint32_t,4,256,128,16,16.914667,16.995328,0.48
MATVEC,uint32_t,4,256,128,32,17.397333,16.234067,-6.69
MATVEC,uint32_t,4,256,128,64,15.602667,15.731032,0.82
MATVEC,uint32_t,4,256,128,128,15.348667,15.484759,0.89
MATVEC,uint32_t,4,256,256,8,37.219333,37.355345,0.37
MATVEC,uint32_t,4,256,256,16,33.537667,33.730361,0.57
MATVEC,uint32_t,4,256,256,32,32.096000,32.202778,0.33
MATVEC,uint32_t,4,256,256,64,30.832333,31.196591,1.18
MATVEC,uint32_t,4,256,256,128,30.382333,30.749696,1.21
MATVEC,uint32_t,4,256,256,256,30.149667,30.293946,0.48
MATVEC,uint32_t,4,256,512,8,74.018333,74.440365,0.57
MATVEC,uint32_t,4,256,512,16,66.717333,67.257197,0.81
MATVEC,uint32_t,4,256,512,32,64.101333,64.140130,0.06
MATVEC,uint32_t,4,256,512,64,61.433000,62.127655,1.13
MATVEC,uint32_t,4,256,512,128,60.552333,61.231713,1.12
MATVEC,uint32_t,4,256,512,256,60.108667,60.412816,0.51
MATVEC,uint32_t,4,256,1024,8,147.873000,148.610573,0.50
MATVEC,uint32_t,4,256,1024,16,133.154333,134.154030,0.75
MATVEC,uint32_t,4,256,1024,32,127.943667,128.014910,0.06
MATVEC,uint32_t,4,256,1024,64,122.499667,123.989837,1.22
MATVEC,uint32_t,4,256,1024,128,120.680000,122.208546,1.27
MATVEC,uint32_t,4,256,1024,256,119.884667,120.637547,0.63
MATVEC,uint32_t,4,256,2048,8,295.375667,296.952327,0.53
MATVEC,uint32_t,4,256,2048,16,266.073333,268.220031,0.81
MATVEC,uint32_t,4,256,2048,32,256.075000,255.764471,-0.12
MATVEC,uint32_t,4,256,2048,64,244.781667,247.714186,1.20
MATVEC,uint32_t,4,256,2048,128,241.035000,244.149275,1.29
MATVEC,uint32_t,4,256,2048,256,239.430000,241.009173,0.66
MATVEC,uint32_t,4,256,4096,8,590.481333,593.611332,0.53
MATVEC,uint32_t,4,256,4096,16,532.044667,536.236675,0.79
MATVEC,uint32_t,4,256,4096,32,512.225667,511.263632,-0.19
MATVEC,uint32_t,4,256,4096,64,489.276667,495.162851,1.20
MATVEC,uint32_t,4,256,4096,128,481.698333,488.030735,1.31
MATVEC,uint32_t,4,256,4096,256,478.556667,481.747252,0.67
MATVEC,uint32_t,4,256,8192,8,1180.576667,1187.019903,0.55
MATVEC,uint32_t,4,256,8192,16,1063.205000,1072.346818,0.86
MATVEC,uint32_t,4,256,8192,32,1024.532333,1022.249407,-0.22
MATVEC,uint32_t,4,256,8192,64,978.182333,990.057254,1.21
MATVEC,uint32_t,4,256,8192,128,963.129000,975.793623,1.31
MATVEC,uint32_t,4,256,8192,256,956.692667,963.223409,0.68
MATVEC,uint32_t,4,512,16,8,5.096667,5.108762,0.24
MATVEC,uint32_t,4,512,16,16,4.644667,4.641568,-0.07
MATVEC,uint32_t,4,512,32,8,9.712667,9.744399,0.33
MATVEC,uint32_t,4,512,32,16,8.783778,8.836715,0.60
MATVEC,uint32_t,4,512,32,32,8.330667,8.356734,0.31
MATVEC,uint32_t,4,512,64,8,18.926000,19.015707,0.47
MATVEC,uint32_t,4,512,64,16,17.077000,17.214286,0.80
MATVEC,uint32_t,4,512,64,32,16.179333,16.430929,1.56
MATVEC,uint32_t,4,512,64,64,15.767667,15.896454,0.82
MATVEC,uint32_t,4,512,128,8,37.497333,37.558262,0.16
MATVEC,uint32_t,4,512,128,16,33.734000,33.915223,0.54
MATVEC,uint32_t,4,512,128,32,32.132000,32.399641,0.83
MATVEC,uint32_t,4,512,128,64,32.988333,31.392352,-4.84
MATVEC,uint32_t,4,512,128,128,30.605333,30.881054,0.90
MATVEC,uint32_t,4,512,256,8,74.301333,74.643561,0.46
MATVEC,uint32_t,4,512,256,16,66.949667,67.384050,0.65
MATVEC,uint32_t,4,512,256,32,64.152000,64.337056,0.29
MATVEC,uint32_t,4,512,256,64,61.645333,62.323460,1.10
MATVEC,uint32_t,4,512,256,128,60.736667,61.426785,1.14
MATVEC,uint32_t,4,512,256,256,60.259333,60.469874,0.35
MATVEC,uint32_t,4,512,512,8,148.098000,148.813585,0.48
MATVEC,uint32_t,4,512,512,16,133.407333,134.452712,0.78
MATVEC,uint32_t,4,512,512,32,127.777333,128.211761,0.34
MATVEC,uint32_t,4,512,512,64,122.778333,124.185579,1.15
MATVEC,uint32_t,4,512,512,128,120.890000,122.390661,1.24
MATVEC,uint32_t,4,512,512,256,120.154333,120.724254,0.47
MATVEC,uint32_t,4,512,1024,8,295.644000,297.154014,0.51
MATVEC,uint32_t,4,512,1024,16,266.323333,268.232928,0.72
MATVEC,uint32_t,4,512,1024,32,255.657000,255.961331,0.12
MATVEC,uint32_t,4,512,1024,64,244.975000,247.909927,1.20
MATVEC,uint32_t,4,512,1024,128,241.270000,244.344477,1.27
MATVEC,uint32_t,4,512,1024,256,239.652333,241.198060,0.64
MATVEC,uint32_t,4,512,2048,8,590.668667,593.833809,0.54
MATVEC,uint32_t,4,512,2048,16,532.015667,536.378350,0.82
MATVEC,uint32_t,4,512,2048,32,511.956000,511.460448,-0.10
MATVEC,uint32_t,4,512,2048,64,489.461000,495.358593,1.20
MATVEC,uint32_t,4,512,2048,128,481.889667,488.225928,1.31
MATVEC,uint32_t,4,512,2048,256,478.748000,481.942233,0.67
MATVEC,uint32_t,4,512,4096,8,1180.957667,1187.156605,0.52
MATVEC,uint32_t,4,512,4096,16,1063.518000,1072.403630,0.84
MATVEC,uint32_t,4,512,4096,32,1024.164667,1022.458719,-0.17
MATVEC,uint32_t,4,512,4096,64,978.490667,990.255925,1.20
MATVEC,uint32_t,4,512,4096,128,963.359667,975.988833,1.31
MATVEC,uint32_t,4,512,4096,256,956.976000,963.418390,0.67
MATVEC,uint32_t,4,1024,16,8,10.133667,10.150370,0.16
MATVEC,uint32_t,4,1024,16,16,9.218333,9.211936,-0.07
MATVEC,uint32_t,4,1024,32,8,19.403000,19.421647,0.10
MATVEC,uint32_t,4,1024,32,16,17.535000,17.603480,0.39
MATVEC,uint32_t,4,1024,32,32,18.107333,16.634896,-8.13
MATVEC,uint32_t,4,1024,64,8,37.875000,37.964260,0.24
MATVEC,uint32_t,4,1024,64,16,34.129667,34.360647,0.68
MATVEC,uint32_t,4,1024,64,32,32.318000,32.793365,1.47
MATVEC,uint32_t,4,1024,64,64,31.454667,31.715301,0.83
MATVEC,uint32_t,4,1024,128,8,74.763333,75.049370,0.38
MATVEC,uint32_t,4,1024,128,16,67.359667,67.755014,0.59
MATVEC,uint32_t,4,1024,128,32,64.134667,64.730776,0.93
MATVEC,uint32_t,4,1024,128,64,62.131000,62.714996,0.94
MATVEC,uint32_t,4,1024,128,128,61.121667,61.673648,0.90
MATVEC,uint32_t,4,1024,256,8,148.550333,149.219985,0.45
MATVEC,uint32_t,4,1024,256,16,133.833000,134.691428,0.64
MATVEC,uint32_t,4,1024,256,32,128.194333,128.605596,0.32
MATVEC,uint32_t,4,1024,256,64,123.165667,124.577198,1.15
MATVEC,uint32_t,4,1024,256,128,121.336333,122.780966,1.19
MATVEC,uint32_t,4,1024,256,256,120.830000,120.821726,-0.01
MATVEC,uint32_t,4,1024,512,8,296.195000,297.560024,0.46
MATVEC,uint32_t,4,1024,512,16,266.720667,268.843719,0.80
MATVEC,uint32_t,4,1024,512,32,255.616667,256.355044,0.29
MATVEC,uint32_t,4,1024,512,64,245.462000,248.301411,1.16
MATVEC,uint32_t,4,1024,512,128,241.691333,244.708557,1.25
MATVEC,uint32_t,4,1024,512,256,240.145333,241.347132,0.50
MATVEC,uint32_t,4,1024,1024,8,591.206667,594.240894,0.51
MATVEC,uint32_t,4,1024,1024,16,532.541667,536.390725,0.72
MATVEC,uint32_t,4,1024,1024,32,511.149667,511.854191,0.14
MATVEC,uint32_t,4,1024,1024,64,489.896333,495.750077,1.19
MATVEC,uint32_t,4,1024,1024,128,482.458333,488.616339,1.28
MATVEC,uint32_t,4,1024,1024,256,479.211667,482.319087,0.65
MATVEC,uint32_t,4,1024,2048,8,1182.715333,1187.556916,0.41
MATVEC,uint32_t,4,1024,2048,16,1063.981667,1072.694986,0.82
MATVEC,uint32_t,4,1024,2048,32,1022.648667,1022.852404,0.02
MATVEC,uint32_t,4,1024,2048,64,979.010667,990.647409,1.19
MATVEC,uint32_t,4,1024,2048,128,963.746333,976.379235,1.31
MATVEC,uint32_t,4,1024,2048,256,957.340333,963.808354,0.68
MATVEC,uint32_t,4,2048,16,8,20.229667,20.233588,0.02
MATVEC,uint32_t,4,2048,16,16,20.261000,18.350806,-9.43
MATVEC,uint32_t,4,2048,32,8,40.854667,38.776142,-5.09
MATVEC,uint32_t,4,2048,32,16,34.961000,35.136993,0.50
MATVEC,uint32_t,4,2048,32,32,33.179667,33.191223,0.03
MATVEC,uint32_t,4,2048,64,8,75.752667,75.861366,0.14
MATVEC,uint32_t,4,2048,64,16,68.172000,68.653369,0.71
MATVEC,uint32_t,4,2048,64,32,64.604333,65.518225,1.41
MATVEC,uint32_t,4,2048,64,64,62.847333,63.352994,0.80
MATVEC,uint32_t,4,2048,128,8,149.469000,150.031586,0.38
MATVEC,uint32_t,4,2048,128,16,134.694667,135.434594,0.55
MATVEC,uint32_t,4,2048,128,32,128.203667,129.393019,0.93
MATVEC,uint32_t,4,2048,128,64,124.180000,125.360283,0.95
MATVEC,uint32_t,4,2048,128,128,122.168667,123.258834,0.89
MATVEC,uint32_t,4,2048,256,8,297.240333,298.372820,0.38
MATVEC,uint32_t,4,2048,256,16,267.555667,269.306184,0.65
MATVEC,uint32_t,4,2048,256,32,256.287667,257.142716,0.33
MATVEC,uint32_t,4,2048,256,64,246.183000,249.084648,1.18
MATVEC,uint32_t,4,2048,256,128,242.576667,245.489329,1.20
MATVEC,uint32_t,4,2048,256,256,240.737667,241.525431,0.33
MATVEC,uint32_t,4,2048,512,8,592.115000,595.052902,0.50
MATVEC,uint32_t,4,2048,512,16,533.340000,537.625646,0.80
MATVEC,uint32_t,4,2048,512,32,511.256000,512.641644,0.27
MATVEC,uint32_t,4,2048,512,64,490.854333,496.533044,1.16
MATVEC,uint32_t,4,2048,512,128,483.257333,489.345165,1.26
MATVEC,uint32_t,4,2048,512,256,480.203000,482.592888,0.50
MATVEC,uint32_t,4,2048,1024,8,1182.391667,1188.414656,0.51
MATVEC,uint32_t,4,2048,1024,16,1064.974667,1072.706320,0.73
MATVEC,uint32_t,4,2048,1024,32,1020.942667,1023.639909,0.26
MATVEC,uint32_t,4,2048,1024,64,979.645000,991.430375,1.20
MATVEC,uint32_t,4,2048,1024,128,964.851667,977.160062,1.28
MATVEC,uint32_t,4,2048,1024,256,958.340333,964.561142,0.65
MATVEC,uint32_t,4,4096,16,8,40.277000,40.400026,0.31
MATVEC,uint32_t,4,4096,16,16,36.707000,36.624777,-0.22
MATVEC,uint32_t,4,4096,32,8,77.444333,77.485137,0.05
MATVEC,uint32_t,4,4096,32,16,69.831333,70.204020,0.53
MATVEC,uint32_t,4,4096,32,32,66.275000,66.300323,0.04
MATVEC,uint32_t,4,4096,64,8,151.540333,151.655580,0.08
MATVEC,uint32_t,4,4096,64,16,136.611667,137.238813,0.46
MATVEC,uint32_t,4,4096,64,32,129.080333,130.967895,1.46
MATVEC,uint32_t,4,4096,64,64,125.596667,126.628381,0.82
MATVEC,uint32_t,4,4096,128,8,298.703333,299.996022,0.43
MATVEC,uint32_t,4,4096,128,16,269.288000,270.793756,0.56
MATVEC,uint32_t,4,4096,128,32,256.301333,258.717478,0.94
MATVEC,uint32_t,4,4096,128,64,248.271667,250.650821,0.96
MATVEC,uint32_t,4,4096,128,128,244.182667,246.429207,0.92
MATVEC,uint32_t,4,4096,256,8,594.720333,596.678492,0.33
MATVEC,uint32_t,4,4096,256,16,535.057333,538.535695,0.65
MATVEC,uint32_t,4,4096,256,32,512.477333,514.216989,0.34
MATVEC,uint32_t,4,4096,256,64,492.321667,498.099493,1.17
MATVEC,uint32_t,4,4096,256,128,485.079667,490.907086,1.20
MATVEC,uint32_t,4,4096,256,256,481.311667,482.932839,0.34
MATVEC,uint32_t,4,4096,512,8,1184.438667,1190.038662,0.47
MATVEC,uint32_t,4,4096,512,16,1066.604333,1075.189331,0.80
MATVEC,uint32_t,4,4096,512,32,1022.400000,1025.214806,0.28
MATVEC,uint32_t,4,4096,512,64,981.553000,992.996309,1.17
MATVEC,uint32_t,4,4096,512,128,966.359333,978.669906,1.27
MATVEC,uint32_t,4,4096,512,256,960.278333,965.084399,0.50
MATVEC,uint32_t,4,8192,16,8,81.856000,80.732896,-1.37
MATVEC,uint32_t,4,8192,16,16,73.320333,73.172723,-0.20
MATVEC,uint32_t,4,8192,32,8,154.716333,154.903120,0.12
MATVEC,uint32_t,4,8192,32,16,139.607667,140.338078,0.52
MATVEC,uint32_t,4,8192,32,32,132.490333,132.511433,0.02
MATVEC,uint32_t,4,8192,64,8,303.274333,303.244003,-0.01
MATVEC,uint32_t,4,8192,64,16,272.376667,274.409704,0.75
MATVEC,uint32_t,4,8192,64,32,258.082333,261.867183,1.47
MATVEC,uint32_t,4,8192,64,64,251.086333,253.172206,0.83
MATVEC,uint32_t,4,8192,128,8,597.763000,599.924886,0.36
MATVEC,uint32_t,4,8192,128,16,538.430667,541.512082,0.57
MATVEC,uint32_t,4,8192,128,32,512.510000,517.366344,0.95
MATVEC,uint32_t,4,8192,128,64,496.438000,501.231824,0.97
MATVEC,uint32_t,4,8192,128,128,488.315000,492.769953,0.91
MATVEC,uint32_t,4,8192,256,8,1189.628667,1193.289829,0.31
MATVEC,uint32_t,4,8192,256,16,1069.982667,1076.994721,0.66
MATVEC,uint32_t,4,8192,256,32,1024.878000,1028.365448,0.34
MATVEC,uint32_t,4,8192,256,64,984.584667,996.129184,1.17
MATVEC,uint32_t,4,8192,256,128,970.137333,981.793698,1.20
MATVEC,uint32_t,4,8192,256,256,962.883000,965.747656,0.30
MATVEC,uint32_t,8,16,16,8,0.217000,0.227307,4.75
MATVEC,uint32_t,8,16,16,16,0.206000,0.213717,3.75
MATVEC,uint32_t,8,16,32,8,0.374000,0.372372,-0.44
MATVEC,uint32_t,8,16,32,16,0.341000,0.344825,1.12
MATVEC,uint32_t,8,16,32,32,0.326000,0.335458,2.90
MATVEC,uint32_t,8,16,64,8,0.660333,0.662608,0.34
MATVEC,uint32_t,8,16,64,16,0.605667,0.606851,0.20
MATVEC,uint32_t,8,16,64,32,0.571333,0.585031,2.40
MATVEC,uint32_t,8,16,64,64,0.567000,0.572882,1.04
MATVEC,uint32_t,8,16,128,8,1.236333,1.242411,0.49
MATVEC,uint32_t,8,16,128,16,1.126000,1.130286,0.38
MATVEC,uint32_t,8,16,128,32,1.072333,1.084105,1.10
MATVEC,uint32_t,8,16,128,64,1.038667,1.056238,1.69
MATVEC,uint32_t,8,16,128,128,1.032667,1.050523,1.73
MATVEC,uint32_t,8,16,256,8,2.396000,2.402282,0.26
MATVEC,uint32_t,8,16,256,16,2.178000,2.177085,-0.04
MATVEC,uint32_t,8,16,256,32,2.063333,2.082273,0.92
MATVEC,uint32_t,8,16,256,64,2.105000,2.022952,-3.90
MATVEC,uint32_t,8,16,256,128,1.972667,2.003344,1.56
MATVEC,uint32_t,8,16,256,256,1.979333,1.988788,0.48
MATVEC,uint32_t,8,16,512,8,4.728333,4.722763,-0.12
MATVEC,uint32_t,8,16,512,16,4.269667,4.270658,0.02
MATVEC,uint32_t,8,16,512,32,4.067667,4.078749,0.27
MATVEC,uint32_t,8,16,512,64,3.911333,3.956296,1.15
MATVEC,uint32_t,8,16,512,128,3.861667,3.908986,1.23
MATVEC,uint32_t,8,16,512,256,3.856333,3.869584,0.34
MATVEC,uint32_t,8,16,1024,8,9.384667,9.364406,-0.22
MATVEC,uint32_t,8,16,1024,16,8.415000,8.453603,0.46
MATVEC,uint32_t,8,16,1024,32,8.083333,8.071135,-0.15
MATVEC,uint32_t,8,16,1024,64,7.745000,7.822820,1.00
MATVEC,uint32_t,8,16,1024,128,7.628000,7.720238,1.21
MATVEC,uint32_t,8,16,1024,256,7.599333,7.631178,0.42
MATVEC,uint32_t,8,16,2048,8,18.630333,18.646645,0.09
MATVEC,uint32_t,8,16,2048,16,16.734000,16.832535,0.59
MATVEC,uint32_t,8,16,2048,32,16.096000,16.056339,-0.25
MATVEC,uint32_t,8,16,2048,64,15.377667,15.555871,1.16
MATVEC,uint32_t,8,16,2048,128,15.153667,15.342424,1.25
MATVEC,uint32_t,8,16,2048,256,15.067333,15.154339,0.58
MATVEC,uint32_t,8,16,4096,8,37.218333,37.214887,-0.01
MATVEC,uint32_t,8,16,4096,16,33.368000,33.580469,0.64
MATVEC,uint32_t,8,16,4096,32,32.090667,32.030484,-0.19
MATVEC,uint32_t,8,16,4096,64,30.666000,31.021973,1.16
MATVEC,uint32_t,8,16,4096,128,30.198000,30.586801,1.29
MATVEC,uint32_t,8,16,4096,256,30.018667,30.200610,0.61
MATVEC,uint32_t,8,16,8192,8,74.274667,74.361731,0.12
MATVEC,uint32_t,8,16,8192,16,66.612333,67.080050,0.70
MATVEC,uint32_t,8,16,8192,32,64.128667,63.975099,-0.24
MATVEC,uint32_t,8,16,8192,64,61.257333,61.954169,1.14
MATVEC,uint32_t,8,16,8192,128,60.307333,61.075552,1.27
MATVEC,uint32_t,8,16,8192,256,59.929667,60.293151,0.61
MATVEC,uint32_t,8,32,16,8,0.379889,0.385172,1.39
MATVEC,uint32_t,8,32,16,16,0.353000,0.357216,1.19
MATVEC,uint32_t,8,32,32,8,0.671333,0.675194,0.58
MATVEC,uint32_t,8,32,32,16,0.611333,0.619316,1.31
MATVEC,uint32_t,8,32,32,32,0.585333,0.597099,2.01
MATVEC,uint32_t,8,32,64,8,1.253000,1.255266,0.18
MATVEC,uint32_t,8,32,64,16,1.141333,1.142728,0.12
MATVEC,uint32_t,8,32,64,32,1.079333,1.096181,1.56
MATVEC,uint32_t,8,32,64,64,1.069333,1.068401,-0.09
MATVEC,uint32_t,8,32,128,8,2.415333,2.415285,-0.00
MATVEC,uint32_t,8,32,128,16,2.182000,2.189534,0.35
MATVEC,uint32_t,8,32,128,32,2.083667,2.094355,0.51
MATVEC,uint32_t,8,32,128,64,2.018333,2.035113,0.83
MATVEC,uint32_t,8,32,128,128,1.991000,2.015507,1.23
MATVEC,uint32_t,8,32,256,8,4.745333,4.735116,-0.22
MATVEC,uint32_t,8,32,256,16,4.261667,4.283117,0.50
MATVEC,uint32_t,8,32,256,32,4.069667,4.090924,0.52
MATVEC,uint32_t,8,32,256,64,3.919333,3.968458,1.25
MATVEC,uint32_t,8,32,256,128,3.873333,3.921149,1.23
MATVEC,uint32_t,8,32,256,256,3.866667,3.881748,0.39
MATVEC,uint32_t,8,32,512,8,9.379667,9.375734,-0.04
MATVEC,uint32_t,8,32,512,16,8.434333,8.470721,0.43
MATVEC,uint32_t,8,32,512,32,8.068667,8.083864,0.19
MATVEC,uint32_t,8,32,512,64,7.747667,7.834984,1.13
MATVEC,uint32_t,8,32,512,128,7.640000,7.732333,1.21
MATVEC,uint32_t,8,32,512,256,7.608000,7.643341,0.46
MATVEC,uint32_t,8,32,1024,8,18.649667,18.658214,0.05
MATVEC,uint32_t,8,32,1024,16,16.750000,16.840691,0.54
MATVEC,uint32_t,8,32,1024,32,16.074000,16.068475,-0.03
MATVEC,uint32_t,8,32,1024,64,15.393000,15.568034,1.14
MATVEC,uint32_t,8,32,1024,128,15.162000,15.354588,1.27
MATVEC,uint32_t,8,32,1024,256,15.084000,15.166502,0.55
MATVEC,uint32_t,8,32,2048,8,37.214000,37.221796,0.02
MATVEC,uint32_t,8,32,2048,16,33.391667,33.593496,0.60
MATVEC,uint32_t,8,32,2048,32,32.088000,32.038891,-0.15
MATVEC,uint32_t,8,32,2048,64,30.691667,31.034135,1.12
MATVEC,uint32_t,8,32,2048,128,30.217333,30.598960,1.26
MATVEC,uint32_t,8,32,2048,256,30.029000,30.212773,0.61
MATVEC,uint32_t,8,32,4096,8,74.290667,74.358438,0.09
MATVEC,uint32_t,8,32,4096,16,66.637000,67.087636,0.68
MATVEC,uint32_t,8,32,4096,32,64.123333,63.987530,-0.21
MATVEC,uint32_t,8,32,4096,64,61.277667,61.966340,1.12
MATVEC,uint32_t,8,32,4096,128,60.313667,61.087715,1.28
MATVEC,uint32_t,8,32,4096,256,59.914667,60.305314,0.65
MATVEC,uint32_t,8,32,8192,8,148.617000,148.653369,0.02
MATVEC,uint32_t,8,32,8192,16,133.162333,134.081776,0.69
MATVEC,uint32_t,8,32,8192,32,128.188000,127.876925,-0.24
MATVEC,uint32_t,8,32,8192,64,122.462000,123.830685,1.12
MATVEC,uint32_t,8,32,8192,128,120.553667,122.065216,1.25
MATVEC,uint32_t,8,32,8192,256,119.747333,120.490397,0.62
MATVEC,uint32_t,8,64,16,8,0.704667,0.700814,-0.55
MATVEC,uint32_t,8,64,16,16,0.638000,0.644528,1.02
MATVEC,uint32_t,8,64,32,8,1.279333,1.280719,0.11
MATVEC,uint32_t,8,64,32,16,1.161667,1.167963,0.54
MATVEC,uint32_t,8,64,32,32,1.105333,1.121080,1.42
MATVEC,uint32_t,8,64,64,8,2.454333,2.440800,-0.55
MATVEC,uint32_t,8,64,64,16,2.223000,2.214400,-0.39
MATVEC,uint32_t,8,64,64,32,2.090333,2.118937,1.37
MATVEC,uint32_t,8,64,64,64,2.120667,2.059835,-2.87
MATVEC,uint32_t,8,64,128,8,4.783667,4.760971,-0.47
MATVEC,uint32_t,8,64,128,16,4.311667,4.307981,-0.09
MATVEC,uint32_t,8,64,128,32,4.091333,4.115276,0.59
MATVEC,uint32_t,8,64,128,64,3.952000,3.992713,1.03
MATVEC,uint32_t,8,64,128,128,3.900000,3.945480,1.17
MATVEC,uint32_t,8,64,256,8,9.435000,9.400084,-0.37
MATVEC,uint32_t,8,64,256,16,8.473333,8.495055,0.26
MATVEC,uint32_t,8,64,256,32,8.081667,8.108154,0.33
MATVEC,uint32_t,8,64,256,64,7.776667,7.859252,1.06
MATVEC,uint32_t,8,64,256,128,7.665000,7.756653,1.20
MATVEC,uint32_t,8,64,256,256,7.626000,7.667672,0.55
MATVEC,uint32_t,8,64,512,8,18.707667,18.681585,-0.14
MATVEC,uint32_t,8,64,512,16,16.786667,16.867440,0.48
MATVEC,uint32_t,8,64,512,32,16.077667,16.094584,0.11
MATVEC,uint32_t,8,64,512,64,15.420333,15.592297,1.12
MATVEC,uint32_t,8,64,512,128,15.186000,15.378959,1.27
MATVEC,uint32_t,8,64,512,256,15.106000,15.190833,0.56
MATVEC,uint32_t,8,64,1024,8,37.224667,37.246701,0.06
MATVEC,uint32_t,8,64,1024,16,33.409667,33.609718,0.60
MATVEC,uint32_t,8,64,1024,32,32.083000,32.063484,-0.06
MATVEC,uint32_t,8,64,1024,64,30.726000,31.058423,1.08
MATVEC,uint32_t,8,64,1024,128,30.235333,30.623292,1.28
MATVEC,uint32_t,8,64,1024,256,30.067333,30.237104,0.56
MATVEC,uint32_t,8,64,2048,8,74.335000,74.374984,0.05
MATVEC,uint32_t,8,64,2048,16,66.675000,67.110462,0.65
MATVEC,uint32_t,8,64,2048,32,64.107667,64.004334,-0.16
MATVEC,uint32_t,8,64,2048,64,61.293000,61.990654,1.14
MATVEC,uint32_t,8,64,2048,128,60.355000,61.112037,1.25
MATVEC,uint32_t,8,64,2048,256,59.967667,60.329646,0.60
MATVEC,uint32_t,8,64,4096,8,148.461667,148.645460,0.12
MATVEC,uint32_t,8,64,4096,16,133.216333,134.102113,0.66
MATVEC,uint32_t,8,64,4096,32,128.155000,127.901676,-0.20
MATVEC,uint32_t,8,64,4096,64,122.467667,123.855123,1.13
MATVEC,uint32_t,8,64,4096,128,120.574000,122.089547,1.26
MATVEC,uint32_t,8,64,4096,256,119.767000,120.514728,0.62
MATVEC,uint32_t,8,64,8192,8,296.765333,297.236407,0.16
MATVEC,uint32_t,8,64,8192,16,266.248000,268.096468,0.69
MATVEC,uint32_t,8,64,8192,32,256.251667,255.680990,-0.22
MATVEC,uint32_t,8,64,8192,64,244.842667,247.584015,1.12
MATVEC,uint32_t,8,64,8192,128,240.995000,244.044549,1.27
MATVEC,uint32_t,8,64,8192,256,239.399333,240.884894,0.62
MATVEC,uint32_t,8,128,16,8,1.337333,1.331660,-0.42
MATVEC,uint32_t,8,128,16,16,1.217667,1.217629,-0.00
MATVEC,uint32_t,8,128,32,8,2.497667,2.491448,-0.25
MATVEC,uint32_t,8,128,32,16,2.261000,2.265144,0.18
MATVEC,uint32_t,8,128,32,32,2.135333,2.159371,1.13
MATVEC,uint32_t,8,128,64,8,4.835000,4.811469,-0.49
MATVEC,uint32_t,8,128,64,16,4.357000,4.357785,0.02
MATVEC,uint32_t,8,128,64,32,4.103667,4.164343,1.48
MATVEC,uint32_t,8,128,64,64,3.996333,4.022177,0.65
MATVEC,uint32_t,8,128,128,8,9.510000,9.452612,-0.60
MATVEC,uint32_t,8,128,128,16,8.510000,8.544869,0.41
MATVEC,uint32_t,8,128,128,32,8.116333,8.157005,0.50
MATVEC,uint32_t,8,128,128,64,7.838667,7.908287,0.89
MATVEC,uint32_t,8,128,128,128,7.716333,7.801890,1.11
MATVEC,uint32_t,8,128,256,8,18.805333,18.727709,-0.41
MATVEC,uint32_t,8,128,256,16,16.864667,16.913969,0.29
MATVEC,uint32_t,8,128,256,32,16.086667,16.142478,0.35
MATVEC,uint32_t,8,128,256,64,15.466000,15.641349,1.13
MATVEC,uint32_t,8,128,256,128,15.248000,15.425675,1.17
MATVEC,uint32_t,8,128,256,256,15.146333,15.218468,0.48
MATVEC,uint32_t,8,128,512,8,37.359333,37.291231,-0.18
MATVEC,uint32_t,8,128,512,16,33.474667,33.667350,0.58
MATVEC,uint32_t,8,128,512,32,32.068333,32.114550,0.14
MATVEC,uint32_t,8,128,512,64,30.768333,31.107507,1.10
MATVEC,uint32_t,8,128,512,128,30.309333,30.668880,1.19
MATVEC,uint32_t,8,128,512,256,30.114000,30.279761,0.55
MATVEC,uint32_t,8,128,1024,8,74.461000,74.421348,-0.05
MATVEC,uint32_t,8,128,1024,16,66.764667,67.149078,0.58
MATVEC,uint32_t,8,128,1024,32,64.109000,64.050292,-0.09
MATVEC,uint32_t,8,128,1024,64,61.366000,62.035881,1.09
MATVEC,uint32_t,8,128,1024,128,60.408000,61.154113,1.24
MATVEC,uint32_t,8,128,1024,256,60.015000,60.378315,0.61
MATVEC,uint32_t,8,128,2048,8,148.607000,148.680967,0.05
MATVEC,uint32_t,8,128,2048,16,133.312333,134.146836,0.63
MATVEC,uint32_t,8,128,2048,32,128.154000,127.932044,-0.17
MATVEC,uint32_t,8,128,2048,64,122.535667,123.900345,1.11
MATVEC,uint32_t,8,128,2048,128,120.605333,122.138052,1.27
MATVEC,uint32_t,8,128,2048,256,119.837667,120.563398,0.61
MATVEC,uint32_t,8,128,4096,8,297.050000,297.218211,0.06
MATVEC,uint32_t,8,128,4096,16,266.395333,268.131298,0.65
MATVEC,uint32_t,8,128,4096,32,256.252333,255.726721,-0.21
MATVEC,uint32_t,8,128,4096,64,244.860333,247.629238,1.13
MATVEC,uint32_t,8,128,4096,128,241.005667,244.093007,1.28
MATVEC,uint32_t,8,128,4096,256,239.427333,240.933563,0.63
MATVEC,uint32_t,8,128,8192,8,594.356667,594.401177,0.01
MATVEC,uint32_t,8,128,8192,16,532.424000,536.126112,0.70
MATVEC,uint32_t,8,128,8192,32,512.444667,511.285876,-0.23
MATVEC,uint32_t,8,128,8192,64,489.464333,495.086780,1.15
MATVEC,uint32_t,8,128,8192,128,481.857333,488.002880,1.28
MATVEC,uint32_t,8,128,8192,256,478.717333,481.673894,0.62
MATVEC,uint32_t,8,256,16,8,2.630000,2.592476,-1.43
MATVEC,uint32_t,8,256,16,16,2.371000,2.361670,-0.39
MATVEC,uint32_t,8,256,32,8,4.947000,4.911789,-0.71
MATVEC,uint32_t,8,256,32,16,4.459000,4.456729,-0.05
MATVEC,uint32_t,8,256,32,32,4.230000,4.245851,0.37
MATVEC,uint32_t,8,256,64,8,9.622000,9.551585,-0.73
MATVEC,uint32_t,8,256,64,16,8.653333,8.641522,-0.14
MATVEC,uint32_t,8,256,64,32,8.149667,8.254866,1.29
MATVEC,uint32_t,8,256,64,64,7.971000,7.960601,-0.13
MATVEC,uint32_t,8,256,128,8,18.921667,18.834785,-0.46
MATVEC,uint32_t,8,256,128,16,16.934333,17.018630,0.50
MATVEC,uint32_t,8,256,128,32,16.146000,16.240134,0.58
MATVEC,uint32_t,8,256,128,64,15.596333,15.739611,0.92
MATVEC,uint32_t,8,256,128,128,15.349333,15.506958,1.03
MATVEC,uint32_t,8,256,256,8,37.501333,37.382202,-0.32
MATVEC,uint32_t,8,256,256,16,33.672333,33.747214,0.22
MATVEC,uint32_t,8,256,256,32,32.102667,32.210745,0.34
MATVEC,uint32_t,8,256,256,64,30.875000,31.205694,1.07
MATVEC,uint32_t,8,256,256,128,30.413333,30.765851,1.16
MATVEC,uint32_t,8,256,256,256,30.181333,30.278540,0.32
MATVEC,uint32_t,8,256,512,8,74.617333,74.513190,-0.14
MATVEC,uint32_t,8,256,512,16,66.923333,67.263627,0.51
MATVEC,uint32_t,8,256,512,32,64.094667,64.151266,0.09
MATVEC,uint32_t,8,256,512,64,61.467333,62.138224,1.09
MATVEC,uint32_t,8,256,512,128,60.523000,61.252491,1.21
MATVEC,uint32_t,8,256,512,256,60.153333,60.444222,0.48
MATVEC,uint32_t,8,256,1024,8,148.855667,148.772157,-0.06
MATVEC,uint32_t,8,256,1024,16,133.520333,134.220638,0.52
MATVEC,uint32_t,8,256,1024,32,128.125333,128.016179,-0.09
MATVEC,uint32_t,8,256,1024,64,122.624667,123.982630,1.11
MATVEC,uint32_t,8,256,1024,128,120.723333,122.222572,1.24
MATVEC,uint32_t,8,256,1024,256,119.936333,120.657198,0.60
MATVEC,uint32_t,8,256,2048,8,297.269000,297.290932,0.01
MATVEC,uint32_t,8,256,2048,16,266.508667,268.221041,0.64
MATVEC,uint32_t,8,256,2048,32,256.224000,255.779803,-0.17
MATVEC,uint32_t,8,256,2048,64,244.947333,247.711515,1.13
MATVEC,uint32_t,8,256,2048,128,241.204000,244.190572,1.24
MATVEC,uint32_t,8,256,2048,256,239.515333,241.024758,0.63
MATVEC,uint32_t,8,256,4096,8,593.893333,594.368023,0.08
MATVEC,uint32_t,8,256,4096,16,532.612333,536.190979,0.67
MATVEC,uint32_t,8,256,4096,32,512.363333,511.368935,-0.19
MATVEC,uint32_t,8,256,4096,64,489.548333,495.169217,1.15
MATVEC,uint32_t,8,256,4096,128,481.962667,488.100484,1.27
MATVEC,uint32_t,8,256,4096,256,478.741000,481.771165,0.63
MATVEC,uint32_t,8,512,16,8,5.170333,5.114024,-1.09
MATVEC,uint32_t,8,512,16,16,4.670333,4.649771,-0.44
MATVEC,uint32_t,8,512,32,8,9.840000,9.752501,-0.89
MATVEC,uint32_t,8,512,32,16,8.854333,8.839629,-0.17
MATVEC,uint32_t,8,512,32,32,8.437333,8.420423,-0.20
MATVEC,uint32_t,8,512,64,8,19.182667,19.031817,-0.79
MATVEC,uint32_t,8,512,64,16,17.245000,17.213414,-0.18
MATVEC,uint32_t,8,512,64,32,16.210333,16.435894,1.39
MATVEC,uint32_t,8,512,64,64,15.828000,15.837432,0.06
MATVEC,uint32_t,8,512,128,8,37.806000,37.597530,-0.55
MATVEC,uint32_t,8,512,128,16,33.812000,33.966235,0.46
MATVEC,uint32_t,8,512,128,32,32.196000,32.406376,0.65
MATVEC,uint32_t,8,512,128,64,31.108667,31.402260,0.94
MATVEC,uint32_t,8,512,128,128,30.616667,30.917090,0.98
MATVEC,uint32_t,8,512,256,8,74.994000,74.690409,-0.40
MATVEC,uint32_t,8,512,256,16,67.231333,67.410490,0.27
MATVEC,uint32_t,8,512,256,32,64.129333,64.347233,0.34
MATVEC,uint32_t,8,512,256,64,61.657000,62.334372,1.10
MATVEC,uint32_t,8,512,256,128,60.732667,61.446194,1.17
MATVEC,uint32_t,8,512,256,256,60.293333,60.398441,0.17
MATVEC,uint32_t,8,512,512,8,149.213000,148.957098,-0.17
MATVEC,uint32_t,8,512,512,16,133.837667,134.456499,0.46
MATVEC,uint32_t,8,512,512,32,128.119333,128.224692,0.08
MATVEC,uint32_t,8,512,512,64,122.854000,124.199658,1.10
MATVEC,uint32_t,8,512,512,128,120.955333,122.419708,1.21
MATVEC,uint32_t,8,512,512,256,120.213000,120.774639,0.47
MATVEC,uint32_t,8,512,1024,8,297.984333,297.473771,-0.17
MATVEC,uint32_t,8,512,1024,16,266.921000,268.361366,0.54
MATVEC,uint32_t,8,512,1024,32,256.161000,255.948116,-0.08
MATVEC,uint32_t,8,512,1024,64,245.089000,247.876085,1.14
MATVEC,uint32_t,8,512,1024,128,241.317000,244.359489,1.26
MATVEC,uint32_t,8,512,1024,256,239.773667,241.218829,0.60
MATVEC,uint32_t,8,512,2048,8,594.657000,594.510860,-0.02
MATVEC,uint32_t,8,512,2048,16,532.846333,536.369452,0.66
MATVEC,uint32_t,8,512,2048,32,512.416667,511.475758,-0.18
MATVEC,uint32_t,8,512,2048,64,489.737333,495.333770,1.14
MATVEC,uint32_t,8,512,2048,128,482.194333,488.295613,1.27
MATVEC,uint32_t,8,512,2048,256,478.890333,481.953037,0.64
MATVEC,uint32_t,8,1024,16,8,10.270000,10.156961,-1.10
MATVEC,uint32_t,8,1024,16,16,9.273667,9.225948,-0.51
MATVEC,uint32_t,8,1024,32,8,19.575000,19.433909,-0.72
MATVEC,uint32_t,8,1024,32,16,17.637667,17.610613,-0.15
MATVEC,uint32_t,8,1024,32,32,16.645000,16.770870,0.76
MATVEC,uint32_t,8,1024,64,8,38.297333,37.992266,-0.80
MATVEC,uint32_t,8,1024,64,16,34.420000,34.359080,-0.18
MATVEC,uint32_t,8,1024,64,32,32.368333,32.797918,1.33
MATVEC,uint32_t,8,1024,64,64,31.494000,31.591100,0.31
MATVEC,uint32_t,8,1024,128,8,75.546000,75.123024,-0.56
MATVEC,uint32_t,8,1024,128,16,67.525000,67.861450,0.50
MATVEC,uint32_t,8,1024,128,32,64.350667,64.738859,0.60
MATVEC,uint32_t,8,1024,128,64,62.138000,62.727537,0.95
MATVEC,uint32_t,8,1024,128,128,61.142000,61.737365,0.97
MATVEC,uint32_t,8,1024,256,8,150.215667,149.306135,-0.61
MATVEC,uint32_t,8,1024,256,16,134.396333,134.737060,0.25
MATVEC,uint32_t,8,1024,256,32,128.190333,128.620147,0.34
MATVEC,uint32_t,8,1024,256,64,123.222667,124.591748,1.11
MATVEC,uint32_t,8,1024,256,128,121.390667,122.806875,1.17
MATVEC,uint32_t,8,1024,256,256,120.479667,120.638246,0.13
MATVEC,uint32_t,8,1024,512,8,299.001000,297.831972,-0.39
MATVEC,uint32_t,8,1024,512,16,267.498333,268.842613,0.50
MATVEC,uint32_t,8,1024,512,32,256.106000,256.371542,0.10
MATVEC,uint32_t,8,1024,512,64,245.626333,248.322467,1.10
MATVEC,uint32_t,8,1024,512,128,241.793333,244.754143,1.22
MATVEC,uint32_t,8,1024,512,256,240.315667,241.435463,0.47
MATVEC,uint32_t,8,1024,1024,8,595.789000,594.871071,-0.15
MATVEC,uint32_t,8,1024,1024,16,533.598333,536.642821,0.57
MATVEC,uint32_t,8,1024,1024,32,512.182333,511.812001,-0.07
MATVEC,uint32_t,8,1024,1024,64,490.234333,495.662908,1.11
MATVEC,uint32_t,8,1024,1024,128,482.529000,488.641241,1.27
MATVEC,uint32_t,8,1024,1024,256,479.454000,482.342091,0.60
MATVEC,uint32_t,8,2048,16,8,20.471667,20.242803,-1.12
MATVEC,uint32_t,8,2048,16,16,18.499000,18.377606,-0.66
MATVEC,uint32_t,8,2048,32,8,39.210333,38.796694,-1.05
MATVEC,uint32_t,8,2048,32,16,35.250667,35.152936,-0.28
MATVEC,uint32_t,8,2048,32,32,33.222667,33.471784,0.75
MATVEC,uint32_t,8,2048,64,8,76.507333,75.913131,-0.78
MATVEC,uint32_t,8,2048,64,16,68.753333,68.650361,-0.15
MATVEC,uint32_t,8,2048,64,32,64.659333,65.522014,1.33
MATVEC,uint32_t,8,2048,64,64,62.920000,63.098441,0.28
MATVEC,uint32_t,8,2048,128,8,151.169333,150.172406,-0.66
MATVEC,uint32_t,8,2048,128,16,135.044667,135.651872,0.45
MATVEC,uint32_t,8,2048,128,32,128.561667,129.403821,0.66
MATVEC,uint32_t,8,2048,128,64,124.184667,125.378091,0.96
MATVEC,uint32_t,8,2048,128,128,122.207333,123.377901,0.96
MATVEC,uint32_t,8,2048,256,8,300.474333,298.536218,-0.65
MATVEC,uint32_t,8,2048,256,16,268.747000,269.390139,0.24
MATVEC,uint32_t,8,2048,256,32,256.292667,257.165975,0.34
MATVEC,uint32_t,8,2048,256,64,246.342000,249.106445,1.12
MATVEC,uint32_t,8,2048,256,128,242.723000,245.528236,1.16
MATVEC,uint32_t,8,2048,256,256,240.786000,241.117847,0.14
MATVEC,uint32_t,8,2048,512,8,598.328333,595.555866,-0.46
MATVEC,uint32_t,8,2048,512,16,534.850333,537.613972,0.52
MATVEC,uint32_t,8,2048,512,32,512.160667,512.665285,0.10
MATVEC,uint32_t,8,2048,512,64,491.167333,496.567968,1.10
MATVEC,uint32_t,8,2048,512,128,483.528333,489.431558,1.22
MATVEC,uint32_t,8,2048,512,256,480.517333,482.757115,0.47
MATVEC,uint32_t,8,4096,16,8,40.874667,40.414486,-1.13
MATVEC,uint32_t,8,4096,16,16,36.938000,36.679257,-0.70
MATVEC,uint32_t,8,4096,32,8,78.291000,77.522262,-0.98
MATVEC,uint32_t,8,4096,32,16,70.449333,70.237450,-0.30
MATVEC,uint32_t,8,4096,32,32,66.343333,66.872463,0.80
MATVEC,uint32_t,8,4096,64,8,153.059667,151.754860,-0.85
MATVEC,uint32_t,8,4096,64,16,137.451000,137.232855,-0.16
MATVEC,uint32_t,8,4096,64,32,129.222667,130.970100,1.35
MATVEC,uint32_t,8,4096,64,64,125.726000,126.113122,0.31
MATVEC,uint32_t,8,4096,128,8,302.471333,300.271171,-0.73
MATVEC,uint32_t,8,4096,128,16,269.978000,271.232660,0.46
MATVEC,uint32_t,8,4096,128,32,257.170000,258.733720,0.61
MATVEC,uint32_t,8,4096,128,64,248.270667,250.679224,0.97
MATVEC,uint32_t,8,4096,128,128,244.343000,246.658974,0.95
MATVEC,uint32_t,8,4096,256,8,600.788333,596.996384,-0.63
MATVEC,uint32_t,8,4096,256,16,537.352000,538.696268,0.25
MATVEC,uint32_t,8,4096,256,32,512.486333,514.257605,0.35
MATVEC,uint32_t,8,4096,256,64,492.611667,498.135727,1.12
MATVEC,uint32_t,8,4096,256,128,485.345000,490.979443,1.16
MATVEC,uint32_t,8,4096,256,256,481.462000,482.077049,0.13
MATVEC,uint32_t,8,8192,16,8,81.662667,80.757856,-1.11
MATVEC,uint32_t,8,8192,16,16,73.751667,73.282559,-0.64
MATVEC,uint32_t,8,8192,32,8,156.540667,154.973402,-1.00
MATVEC,uint32_t,8,8192,32,16,140.814000,140.406479,-0.29
MATVEC,uint32_t,8,8192,32,32,132.620333,133.671522,0.79
MATVEC,uint32_t,8,8192,64,8,306.095000,303.438322,-0.87
MATVEC,uint32_t,8,8192,64,16,274.719333,274.397845,-0.12
MATVEC,uint32_t,8,8192,64,32,258.398333,261.866245,1.34
MATVEC,uint32_t,8,8192,64,64,251.351667,252.140130,0.31
MATVEC,uint32_t,8,8192,128,8,604.855000,600.468702,-0.73
MATVEC,uint32_t,8,8192,128,16,539.601333,542.394234,0.52
MATVEC,uint32_t,8,8192,128,32,514.310667,517.393468,0.60
MATVEC,uint32_t,8,8192,128,64,496.481667,501.281553,0.97
MATVEC,uint32_t,8,8192,128,128,488.581667,493.221120,0.95
MATVEC,uint32_t,16,16,16,8,0.293000,0.281992,-3.76
MATVEC,uint32_t,16,16,16,16,0.276667,0.268568,-2.93
MATVEC,uint32_t,16,16,32,8,0.496333,0.471831,-4.94
MATVEC,uint32_t,16,16,32,16,0.459445,0.446190,-2.89
MATVEC,uint32_t,16,16,32,32,0.446667,0.438980,-1.72
MATVEC,uint32_t,16,16,64,8,0.885333,0.849021,-4.10
MATVEC,uint32_t,16,16,64,16,0.824333,0.800336,-2.91
MATVEC,uint32_t,16,16,64,32,0.789333,0.782054,-0.92
MATVEC,uint32_t,16,16,64,64,0.781667,0.774760,-0.88
MATVEC,uint32_t,16,16,128,8,1.671667,1.587623,-5.03
MATVEC,uint32_t,16,16,128,16,1.546333,1.498965,-3.06
MATVEC,uint32_t,16,16,128,32,1.488333,1.454088,-2.30
MATVEC,uint32_t,16,16,128,64,1.460000,1.439741,-1.39
MATVEC,uint32_t,16,16,128,128,1.451333,1.438354,-0.89
MATVEC,uint32_t,16,16,256,8,3.236000,3.067828,-5.20
MATVEC,uint32_t,16,16,256,16,2.982000,2.887512,-3.17
MATVEC,uint32_t,16,16,256,32,2.861667,2.791352,-2.46
MATVEC,uint32_t,16,16,256,64,2.798667,2.754339,-1.58
MATVEC,uint32_t,16,16,256,128,2.779000,2.744398,-1.25
MATVEC,uint32_t,16,16,512,8,6.367000,6.022711,-5.41
MATVEC,uint32_t,16,16,512,16,5.864667,5.664860,-3.41
MATVEC,uint32_t,16,16,512,32,5.619667,5.466473,-2.73
MATVEC,uint32_t,16,16,512,64,5.489667,5.402907,-1.58
MATVEC,uint32_t,16,16,512,128,5.446000,5.374717,-1.31
MATVEC,uint32_t,16,16,1024,8,12.630000,11.918335,-5.63
MATVEC,uint32_t,16,16,1024,16,11.600667,11.219701,-3.28
MATVEC,uint32_t,16,16,1024,32,11.118333,10.812837,-2.75
MATVEC,uint32_t,16,16,1024,64,10.875667,10.714767,-1.48
MATVEC,uint32_t,16,16,1024,128,10.756667,10.642318,-1.06
MATVEC,uint32_t,16,16,2048,8,25.150333,23.714372,-5.71
MATVEC,uint32_t,16,16,2048,16,23.113333,22.321291,-3.43
MATVEC,uint32_t,16,16,2048,32,22.123000,21.498324,-2.82
MATVEC,uint32_t,16,16,2048,64,21.625333,21.340323,-1.32
MATVEC,uint32_t,16,16,2048,128,21.390333,21.168457,-1.04
MATVEC,uint32_t,16,16,4096,8,50.190000,47.321597,-5.72
MATVEC,uint32_t,16,16,4096,16,46.129333,44.511259,-3.51
MATVEC,uint32_t,16,16,4096,32,44.141000,42.882573,-2.85
MATVEC,uint32_t,16,16,4096,64,43.140667,42.593435,-1.27
MATVEC,uint32_t,16,16,4096,128,42.656000,42.223398,-1.01
MATVEC,uint32_t,16,16,8192,8,100.260000,94.483068,-5.76
MATVEC,uint32_t,16,16,8192,16,92.152333,88.900090,-3.53
MATVEC,uint32_t,16,16,8192,32,88.155333,85.651042,-2.84
MATVEC,uint32_t,16,16,8192,64,86.181000,85.099648,-1.25
MATVEC,uint32_t,16,16,8192,128,85.176333,84.333280,-0.99
MATVEC,uint32_t,16,32,16,8,0.517000,0.492324,-4.77
MATVEC,uint32_t,16,32,16,16,0.476000,0.463730,-2.58
MATVEC,uint32_t,16,32,32,8,0.902333,0.868173,-3.79
MATVEC,uint32_t,16,32,32,16,0.837333,0.817353,-2.39
MATVEC,uint32_t,16,32,32,32,0.817667,0.800112,-2.15
MATVEC,uint32_t,16,32,64,8,1.685000,1.601684,-4.94
MATVEC,uint32_t,16,32,64,16,1.561333,1.517674,-2.80
MATVEC,uint32_t,16,32,64,32,1.499333,1.468558,-2.05
MATVEC,uint32_t,16,32,64,64,1.477000,1.456018,-1.42
MATVEC,uint32_t,16,32,128,8,3.249667,3.086384,-5.02
MATVEC,uint32_t,16,32,128,16,3.000000,2.901632,-3.28
MATVEC,uint32_t,16,32,128,32,2.872333,2.806059,-2.31
MATVEC,uint32_t,16,32,128,64,2.829667,2.768560,-2.16
MATVEC,uint32_t,16,32,128,128,2.798333,2.760684,-1.35
MATVEC,uint32_t,16,32,256,8,6.392333,6.041567,-5.49
MATVEC,uint32_t,16,32,256,16,5.882000,5.677232,-3.48
MATVEC,uint32_t,16,32,256,32,5.630000,5.480957,-2.65
MATVEC,uint32_t,16,32,256,64,5.512000,5.416394,-1.73
MATVEC,uint32_t,16,32,256,128,5.467667,5.388447,-1.45
MATVEC,uint32_t,16,32,512,8,12.638000,11.936162,-5.55
MATVEC,uint32_t,16,32,512,16,11.630000,11.231322,-3.43
MATVEC,uint32_t,16,32,512,32,11.139333,10.836222,-2.72
MATVEC,uint32_t,16,32,512,64,10.887667,10.731494,-1.43
MATVEC,uint32_t,16,32,512,128,10.770667,10.653019,-1.09
MATVEC,uint32_t,16,32,1024,8,25.170333,23.728724,-5.73
MATVEC,uint32_t,16,32,1024,16,23.132667,22.331455,-3.46
MATVEC,uint32_t,16,32,1024,32,22.129667,21.538984,-2.67
MATVEC,uint32_t,16,32,1024,64,21.646000,21.354201,-1.35
MATVEC,uint32_t,16,32,1024,128,21.409333,21.182591,-1.06
MATVEC,uint32_t,16,32,2048,8,50.198000,47.319568,-5.73
MATVEC,uint32_t,16,32,2048,16,46.139333,44.526258,-3.50
MATVEC,uint32_t,16,32,2048,32,44.152000,42.910635,-2.81
MATVEC,uint32_t,16,32,2048,64,43.166000,42.605596,-1.30
MATVEC,uint32_t,16,32,2048,128,42.675333,42.235561,-1.03
MATVEC,uint32_t,16,32,4096,8,100.288000,94.534807,-5.74
MATVEC,uint32_t,16,32,4096,16,92.167333,88.903182,-3.54
MATVEC,uint32_t,16,32,4096,32,88.200667,85.670359,-2.87
MATVEC,uint32_t,16,32,4096,64,86.209333,85.111819,-1.27
MATVEC,uint32_t,16,32,4096,128,85.227667,84.345443,-1.04
MATVEC,uint32_t,16,32,8192,8,200.396000,188.857494,-5.76
MATVEC,uint32_t,16,32,8192,16,184.225000,177.683331,-3.55
MATVEC,uint32_t,16,32,8192,32,176.202667,171.188847,-2.85
MATVEC,uint32_t,16,32,8192,64,172.239667,170.124246,-1.23
MATVEC,uint32_t,16,32,8192,128,170.251000,168.565208,-0.99
MATVEC,uint32_t,16,64,16,8,0.938333,0.903193,-3.74
MATVEC,uint32_t,16,64,16,16,0.874667,0.853290,-2.44
MATVEC,uint32_t,16,64,32,8,1.732333,1.633205,-5.72
MATVEC,uint32_t,16,64,32,16,1.599000,1.550333,-3.04
MATVEC,uint32_t,16,64,32,32,1.534667,1.501283,-2.18
MATVEC,uint32_t,16,64,64,8,3.293000,3.107402,-5.64
MATVEC,uint32_t,16,64,64,16,3.047000,2.928145,-3.90
MATVEC,uint32_t,16,64,64,32,2.911000,2.830666,-2.76
MATVEC,uint32_t,16,64,64,64,2.856333,2.792968,-2.22
MATVEC,uint32_t,16,64,128,8,6.420333,6.074099,-5.39
MATVEC,uint32_t,16,64,128,16,5.921333,5.704094,-3.67
MATVEC,uint32_t,16,64,128,32,5.671667,5.509635,-2.86
MATVEC,uint32_t,16,64,128,64,5.550000,5.436292,-2.05
MATVEC,uint32_t,16,64,128,128,5.493000,5.421315,-1.31
MATVEC,uint32_t,16,64,256,8,12.671667,11.970969,-5.53
MATVEC,uint32_t,16,64,256,16,11.665667,11.255671,-3.51
MATVEC,uint32_t,16,64,256,32,11.170667,10.862192,-2.76
MATVEC,uint32_t,16,64,256,64,10.928333,10.746734,-1.66
MATVEC,uint32_t,16,64,256,128,10.809000,10.679411,-1.20
MATVEC,uint32_t,16,64,512,8,25.195667,23.763715,-5.68
MATVEC,uint32_t,16,64,512,16,23.174333,22.361052,-3.51
MATVEC,uint32_t,16,64,512,32,22.169667,21.570645,-2.70
MATVEC,uint32_t,16,64,512,64,21.687667,21.377745,-1.43
MATVEC,uint32_t,16,64,512,128,21.434667,21.211205,-1.04
MATVEC,uint32_t,16,64,1024,8,50.234000,47.348164,-5.74
MATVEC,uint32_t,16,64,1024,16,46.175333,44.544499,-3.53
MATVEC,uint32_t,16,64,1024,32,44.194333,42.960147,-2.79
MATVEC,uint32_t,16,64,1024,64,43.201000,42.623194,-1.34
MATVEC,uint32_t,16,64,1024,128,42.714333,42.263143,-1.06
MATVEC,uint32_t,16,64,2048,8,100.308667,94.529949,-5.76
MATVEC,uint32_t,16,64,2048,16,92.206000,88.936268,-3.55
MATVEC,uint32_t,16,64,2048,32,88.250000,85.697868,-2.89
MATVEC,uint32_t,16,64,2048,64,86.240000,85.117199,-1.30
MATVEC,uint32_t,16,64,2048,128,85.257667,84.369775,-1.04
MATVEC,uint32_t,16,64,4096,8,200.478333,188.959092,-5.75
MATVEC,uint32_t,16,64,4096,16,184.258333,177.691351,-3.56
MATVEC,uint32_t,16,64,4096,32,176.290333,171.218190,-2.88
MATVEC,uint32_t,16,64,4096,64,172.301667,170.119323,-1.27
MATVEC,uint32_t,16,64,4096,128,170.315667,168.589540,-1.01
MATVEC,uint32_t,16,64,8192,8,400.771000,377.606750,-5.78
MATVEC,uint32_t,16,64,8192,16,368.316000,355.247437,-3.55
MATVEC,uint32_t,16,64,8192,32,352.306667,342.258830,-2.85
MATVEC,uint32_t,16,64,8192,64,344.401667,340.139582,-1.24
MATVEC,uint32_t,16,64,8192,128,340.446000,337.029069,-1.00
MATVEC,uint32_t,16,128,16,8,1.808000,1.683152,-6.91
MATVEC,uint32_t,16,128,16,16,1.671667,1.619795,-3.10
MATVEC,uint32_t,16,128,32,8,3.381333,3.163048,-6.46
MATVEC,uint32_t,16,128,32,16,3.112000,2.981637,-4.19
MATVEC,uint32_t,16,128,32,32,2.984667,2.885943,-3.31
MATVEC,uint32_t,16,128,64,8,6.502000,6.111137,-6.01
MATVEC,uint32_t,16,128,64,16,6.004667,5.749557,-4.25
MATVEC,uint32_t,16,128,64,32,5.742333,5.546604,-3.41
MATVEC,uint32_t,16,128,64,64,5.630000,5.490964,-2.47
MATVEC,uint32_t,16,128,128,8,12.752667,12.030100,-5.67
MATVEC,uint32_t,16,128,128,16,11.747667,11.304926,-3.77
MATVEC,uint32_t,16,128,128,32,11.245333,10.905326,-3.02
MATVEC,uint32_t,16,128,128,64,10.994333,10.769891,-2.04
MATVEC,uint32_t,16,128,128,128,10.889667,10.730066,-1.47
MATVEC,uint32_t,16,128,256,8,25.282333,23.827951,-5.75
MATVEC,uint32_t,16,128,256,16,23.252333,22.400340,-3.66
MATVEC,uint32_t,16,128,256,32,22.250333,21.598233,-2.93
MATVEC,uint32_t,16,128,256,64,21.763333,21.396988,-1.68
MATVEC,uint32_t,16,128,256,128,21.517333,21.223105,-1.37
MATVEC,uint32_t,16,128,512,8,50.318333,47.413848,-5.77
MATVEC,uint32_t,16,128,512,16,46.262667,44.596045,-3.60
MATVEC,uint32_t,16,128,512,32,44.262667,43.016717,-2.81
MATVEC,uint32_t,16,128,512,64,43.272667,42.667664,-1.40
MATVEC,uint32_t,16,128,512,128,42.787333,42.308483,-1.12
MATVEC,uint32_t,16,128,1024,8,100.405333,94.583416,-5.80
MATVEC,uint32_t,16,128,1024,16,92.280000,88.964652,-3.59
MATVEC,uint32_t,16,128,1024,32,88.317667,85.770559,-2.88
MATVEC,uint32_t,16,128,1024,64,86.321000,85.143092,-1.36
MATVEC,uint32_t,16,128,1024,128,85.319667,84.409122,-1.07
MATVEC,uint32_t,16,128,2048,8,200.526000,188.951214,-5.77
MATVEC,uint32_t,16,128,2048,16,184.329667,177.754345,-3.57
MATVEC,uint32_t,16,128,2048,32,176.370333,171.267183,-2.89
MATVEC,uint32_t,16,128,2048,64,172.373333,170.164478,-1.28
MATVEC,uint32_t,16,128,2048,128,170.376667,168.627140,-1.03
MATVEC,uint32_t,16,128,4096,8,400.895000,377.808260,-5.76
MATVEC,uint32_t,16,128,4096,16,368.360333,355.266077,-3.55
MATVEC,uint32_t,16,128,4096,32,352.432667,342.306542,-2.87
MATVEC,uint32_t,16,128,4096,64,344.473333,340.194866,-1.24
MATVEC,uint32_t,16,128,4096,128,340.497667,337.024221,-1.02
MATVEC,uint32_t,16,256,16,8,3.521333,3.231726,-8.22
MATVEC,uint32_t,16,256,16,16,3.255333,3.119701,-4.17
MATVEC,uint32_t,16,256,32,8,6.665000,6.199886,-6.98
MATVEC,uint32_t,16,256,32,16,6.145333,5.836213,-5.03
MATVEC,uint32_t,16,256,32,32,5.890000,5.641018,-4.23
MATVEC,uint32_t,16,256,64,8,12.918000,12.093165,-6.39
MATVEC,uint32_t,16,256,64,16,11.900333,11.381525,-4.36
MATVEC,uint32_t,16,256,64,32,11.398667,10.972721,-3.74
MATVEC,uint32_t,16,256,64,64,11.149000,10.870967,-2.49
MATVEC,uint32_t,16,256,128,8,25.423000,23.935037,-5.85
MATVEC,uint32_t,16,256,128,16,23.411000,22.484013,-3.96
MATVEC,uint32_t,16,256,128,32,22.398667,21.678022,-3.22
MATVEC,uint32_t,16,256,128,64,21.904667,21.407745,-2.27
MATVEC,uint32_t,16,256,128,128,21.660333,21.353473,-1.42
MATVEC,uint32_t,16,256,256,8,50.480667,47.533307,-5.84
MATVEC,uint32_t,16,256,256,16,46.410333,44.667469,-3.76
MATVEC,uint32_t,16,256,256,32,44.419667,43.062851,-3.05
MATVEC,uint32_t,16,256,256,64,43.422000,42.697297,-1.67
MATVEC,uint32_t,16,256,256,128,42.927333,42.281755,-1.50
MATVEC,uint32_t,16,256,512,8,100.535333,94.705436,-5.80
MATVEC,uint32_t,16,256,512,16,92.445667,89.065394,-3.66
MATVEC,uint32_t,16,256,512,32,88.459000,85.881389,-2.91
MATVEC,uint32_t,16,256,512,64,86.454333,85.224907,-1.42
MATVEC,uint32_t,16,256,512,128,85.471667,84.512507,-1.12
MATVEC,uint32_t,16,256,1024,8,200.683333,189.049648,-5.80
MATVEC,uint32_t,16,256,1024,16,184.482667,177.799903,-3.62
MATVEC,uint32_t,16,256,1024,32,176.493000,171.389891,-2.89
MATVEC,uint32_t,16,256,1024,64,172.491000,170.185941,-1.34
MATVEC,uint32_t,16,256,1024,128,170.526333,168.615358,-1.12
MATVEC,uint32_t,16,256,2048,8,401.030000,377.788393,-5.80
MATVEC,uint32_t,16,256,2048,16,368.506667,355.391311,-3.56
MATVEC,uint32_t,16,256,2048,32,352.610333,342.396158,-2.90
MATVEC,uint32_t,16,256,2048,64,344.579667,340.264723,-1.25
MATVEC,uint32_t,16,256,2048,128,340.642667,337.131441,-1.03
MATVEC,uint32_t,16,512,16,8,6.963667,6.327578,-9.13
MATVEC,uint32_t,16,512,16,16,6.439000,6.114108,-5.05
MATVEC,uint32_t,16,512,32,8,13.228333,12.237068,-7.49
MATVEC,uint32_t,16,512,32,16,12.198000,11.532174,-5.46
MATVEC,uint32_t,16,512,32,32,11.684000,11.152001,-4.55
MATVEC,uint32_t,16,512,64,8,25.751667,24.057211,-6.58
MATVEC,uint32_t,16,512,64,16,23.696333,22.611734,-4.58
MATVEC,uint32_t,16,512,64,32,22.697000,21.816682,-3.88
MATVEC,uint32_t,16,512,64,64,22.198333,21.627952,-2.57
MATVEC,uint32_t,16,512,128,8,50.795667,47.745055,-6.01
MATVEC,uint32_t,16,512,128,16,46.723333,44.832686,-4.05
MATVEC,uint32_t,16,512,128,32,44.735000,43.211620,-3.41
MATVEC,uint32_t,16,512,128,64,43.705667,42.683230,-2.34
MATVEC,uint32_t,16,512,128,128,43.222000,42.597801,-1.44
MATVEC,uint32_t,16,512,256,8,100.886667,94.942553,-5.89
MATVEC,uint32_t,16,512,256,16,92.747333,89.207521,-3.82
MATVEC,uint32_t,16,512,256,32,88.771333,85.987844,-3.14
MATVEC,uint32_t,16,512,256,64,86.767333,85.294176,-1.70
MATVEC,uint32_t,16,512,256,128,85.760000,84.397053,-1.59
MATVEC,uint32_t,16,512,512,8,200.995000,189.290761,-5.82
MATVEC,uint32_t,16,512,512,16,184.797000,178.004210,-3.68
MATVEC,uint32_t,16,512,512,32,176.819667,171.627219,-2.94
MATVEC,uint32_t,16,512,512,64,172.785333,170.358318,-1.40
MATVEC,uint32_t,16,512,512,128,170.805333,168.878345,-1.13
MATVEC,uint32_t,16,512,1024,8,401.340333,377.982111,-5.82
MATVEC,uint32_t,16,512,1024,16,368.839667,355.471470,-3.62
MATVEC,uint32_t,16,512,1024,32,352.930667,342.643216,-2.91
MATVEC,uint32_t,16,512,1024,64,344.853333,340.244209,-1.34
MATVEC,uint32_t,16,512,1024,128,340.967667,337.173876,-1.11
MATVEC,uint32_t,16,1024,16,8,13.826000,12.511828,-9.51
MATVEC,uint32_t,16,1024,16,16,12.781000,12.101836,-5.31
MATVEC,uint32_t,16,1024,32,8,26.370667,24.302428,-7.84
MATVEC,uint32_t,16,1024,32,16,24.298000,22.903812,-5.74
MATVEC,uint32_t,16,1024,32,32,23.285333,22.176128,-4.76
MATVEC,uint32_t,16,1024,64,8,51.419000,47.984787,-6.68
MATVEC,uint32_t,16,1024,64,16,47.306667,44.998202,-4.88
MATVEC,uint32_t,16,1024,64,32,45.310000,43.483433,-4.03
MATVEC,uint32_t,16,1024,64,64,44.315667,43.131224,-2.67
MATVEC,uint32_t,16,1024,128,8,101.525667,95.363826,-6.07
MATVEC,uint32_t,16,1024,128,16,93.317333,89.529995,-4.06
MATVEC,uint32_t,16,1024,128,32,89.361333,86.276815,-3.45
MATVEC,uint32_t,16,1024,128,64,87.354333,85.221712,-2.44
MATVEC,uint32_t,16,1024,128,128,86.357000,85.073058,-1.49
MATVEC,uint32_t,16,1024,256,8,201.654667,189.760940,-5.90
MATVEC,uint32_t,16,1024,256,16,185.381667,178.287625,-3.83
MATVEC,uint32_t,16,1024,256,32,177.409667,171.840157,-3.14
MATVEC,uint32_t,16,1024,256,64,173.389333,170.487774,-1.67
MATVEC,uint32_t,16,1024,256,128,171.414667,168.625107,-1.63
MATVEC,uint32_t,16,1024,512,8,401.909000,378.460931,-5.83
MATVEC,uint32_t,16,1024,512,16,369.404333,355.880846,-3.66
MATVEC,uint32_t,16,1024,512,32,353.499667,343.118999,-2.94
MATVEC,uint32_t,16,1024,512,64,345.514333,340.551581,-1.44
MATVEC,uint32_t,16,1024,512,128,341.482333,337.686959,-1.11
MATVEC,uint32_t,16,2048,16,8,27.569333,24.875638,-9.77
MATVEC,uint32_t,16,2048,16,16,25.476333,24.075306,-5.50
MATVEC,uint32_t,16,2048,32,8,52.639000,48.428157,-8.00
MATVEC,uint32_t,16,2048,32,16,48.504333,45.625214,-5.94
MATVEC,uint32_t,16,2048,32,32,46.481333,44.224249,-4.86
MATVEC,uint32_t,16,2048,64,8,102.747333,95.838945,-6.72
MATVEC,uint32_t,16,2048,64,16,94.536000,89.613277,-5.21
MATVEC,uint32_t,16,2048,64,32,90.542000,86.785087,-4.15
MATVEC,uint32_t,16,2048,64,64,88.507667,86.133468,-2.68
MATVEC,uint32_t,16,2048,128,8,202.857333,190.598836,-6.04
MATVEC,uint32_t,16,2048,128,16,186.587667,178.924399,-4.11
MATVEC,uint32_t,16,2048,128,32,178.588000,172.378239,-3.48
MATVEC,uint32_t,16,2048,128,64,174.548667,170.299828,-2.43
MATVEC,uint32_t,16,2048,128,128,172.553333,170.000910,-1.48
MATVEC,uint32_t,16,2048,256,8,403.161667,379.392605,-5.90
MATVEC,uint32_t,16,2048,256,16,370.651000,356.447804,-3.83
MATVEC,uint32_t,16,2048,256,32,354.736000,343.544783,-3.15
MATVEC,uint32_t,16,2048,256,64,346.688000,340.880923,-1.68
MATVEC,uint32_t,16,2048,256,128,342.721333,337.084073,-1.64
MATVEC,uint32_t,16,4096,16,8,55.055000,49.603257,-9.90
MATVEC,uint32_t,16,4096,16,16,50.894333,48.018444,-5.65
MATVEC,uint32_t,16,4096,32,8,105.219000,96.679614,-8.12
MATVEC,uint32_t,16,4096,32,16,96.912000,91.067452,-6.03
MATVEC,uint32_t,16,4096,32,32,92.892000,88.317925,-4.92
MATVEC,uint32_t,16,4096,64,8,205.415333,191.547259,-6.75
MATVEC,uint32_t,16,4096,64,16,188.926333,178.869282,-5.32
MATVEC,uint32_t,16,4096,64,32,180.938667,173.370781,-4.18
MATVEC,uint32_t,16,4096,64,64,176.900333,172.136823,-2.69
MATVEC,uint32_t,16,4096,128,8,405.656333,381.068856,-6.06
MATVEC,uint32_t,16,4096,128,16,372.965000,357.712702,-4.09
MATVEC,uint32_t,16,4096,128,32,357.068667,344.576106,-3.50
MATVEC,uint32_t,16,4096,128,64,348.977333,340.466142,-2.44
MATVEC,uint32_t,16,4096,128,128,345.049667,339.830356,-1.51
MATVEC,uint32_t,16,8192,16,8,110.030000,99.058495,-9.97
MATVEC,uint32_t,16,8192,16,16,101.703667,95.904720,-5.70
MATVEC,uint32_t,16,8192,32,8,210.281000,193.182529,-8.13
MATVEC,uint32_t,16,8192,32,16,193.687667,181.951927,-6.06
MATVEC,uint32_t,16,8192,32,32,185.688667,176.500349,-4.95
MATVEC,uint32_t,16,8192,64,8,410.662333,382.963888,-6.74
MATVEC,uint32_t,16,8192,64,16,377.801333,357.381292,-5.40
MATVEC,uint32_t,16,8192,64,32,361.793333,346.537004,-4.22
MATVEC,uint32_t,16,8192,64,64,353.713000,344.140027,-2.71
